PC1_loading,PC2_loading,Ensembl_ID_versioned,Ensembl_ID,gene_symbol
-0.01211025087294016,0.007474071715550266,ENSG00000166509.12,ENSG00000166509,CLEC3A
-0.013372401323304238,0.015797006937524928,ENSG00000110484.7,ENSG00000110484,SCGB2A2
-0.01887302211597018,0.008255605742604552,ENSG00000153002.12,ENSG00000153002,CPB1
-0.0030415195299462517,0.004600602374247469,ENSG00000134184.13,ENSG00000134184,GSTM1
-0.02293059442793438,0.006938997072317941,ENSG00000162989.5,ENSG00000162989,KCNJ3
-0.0269681443076687,0.017531097785422927,ENSG00000160182.3,ENSG00000160182,TFF1
-0.013294917245176707,0.015045130232221182,ENSG00000124935.4,ENSG00000124935,SCGB1D2
0.014021612072319457,0.0001847186597479622,ENSG00000143556.9,ENSG00000143556,S100A7
-0.02267872360727577,0.021587955024411676,ENSG00000148513.18,ENSG00000148513,ANKRD30A
-0.0224622277342495,0.020716500761726153,ENSG00000235687.9,ENSG00000235687,LINC00993
-0.013018794630545175,0.009938808677381,ENSG00000244468.1,ENSG00000244468,AC093001.1
-0.0121259965612096,0.008524296256647936,ENSG00000170419.11,ENSG00000170419,VSTM2A
-0.017300629904267072,0.0072659108534956374,ENSG00000170099.6,ENSG00000170099,SERPINA6
-0.016565800736941173,0.00831387017375682,ENSG00000235123.5,ENSG00000235123,DSCAM-AS1
-0.026228364838359386,0.0135945115168564,ENSG00000256612.7,ENSG00000256612,CYP2B7P
-0.01623058081470033,0.0142635391395138,ENSG00000159763.4,ENSG00000159763,PIP
0.018870683117549587,-0.00623871477001493,ENSG00000185686.18,ENSG00000185686,PRAME
0.0011236022505637967,0.015807287250294393,ENSG00000172551.11,ENSG00000172551,MUCL1
0.0039729800589721415,-0.0050685481850136944,ENSG00000226278.1,ENSG00000226278,PSPHP1
-0.00866731798624635,0.012147429735849827,ENSG00000213759.10,ENSG00000213759,UGT2B11
-0.013710394752242516,0.018369544119698183,ENSG00000134240.12,ENSG00000134240,HMGCS2
0.010715524204155702,-0.007082196649081074,ENSG00000105141.6,ENSG00000105141,CASP14
-0.015740635486165933,0.010886024409605316,ENSG00000164756.12,ENSG00000164756,SLC30A8
-0.023509188441026074,0.00859141217612825,ENSG00000173335.5,ENSG00000173335,CST9
-0.0033294563354730293,0.010385209015264369,ENSG00000184956.16,ENSG00000184956,MUC6
-0.00553343286111253,0.019064686846687065,ENSG00000008196.13,ENSG00000008196,TFAP2B
0.009732378375073052,-0.0034693578275639086,ENSG00000159184.8,ENSG00000159184,HOXB13
-0.013575258901813117,0.01712113650389228,ENSG00000186160.5,ENSG00000186160,CYP4Z1
-0.02283770377282761,0.021105097960035343,ENSG00000234918.1,ENSG00000234918,AL157387.1
-0.03111036047645135,0.01747426579703867,ENSG00000173467.9,ENSG00000173467,AGR3
-0.025247823954099944,0.020164760989609967,ENSG00000286208.1,ENSG00000286208,AC093838.1
-0.02464587291284451,0.018091956301270213,ENSG00000169347.17,ENSG00000169347,GP2
0.02547854517531223,0.011311030743324577,ENSG00000181617.6,ENSG00000181617,FDCSP
-0.01298302992640063,0.005203929801223726,ENSG00000120251.21,ENSG00000120251,GRIA2
-0.0015410390744655003,0.02736657363466441,ENSG00000181092.10,ENSG00000181092,ADIPOQ
-0.000992517028290113,0.03007737773518956,ENSG00000196616.14,ENSG00000196616,ADH1B
0.0025398815291126343,0.005155151938863882,ENSG00000256870.3,ENSG00000256870,SLC5A8
-0.022347251807250633,0.009601500253976167,ENSG00000248779.1,ENSG00000248779,AC093297.1
-0.016464017827900513,0.00803683533117411,ENSG00000100867.15,ENSG00000100867,DHRS2
-0.021706378014539854,0.004969287833208532,ENSG00000287900.1,ENSG00000287900,AC061961.1
-0.014772635660585646,0.010844667764910146,ENSG00000166006.14,ENSG00000166006,KCNC2
-0.024277846264335077,0.010712065295176702,ENSG00000223808.1,ENSG00000223808,AC044784.1
0.00970329998416894,0.01348704735538802,ENSG00000167757.14,ENSG00000167757,KLK11
0.007139043373908979,0.005831353135388883,ENSG00000162670.11,ENSG00000162670,BRINP3
0.015918412281873177,-0.00025860480907108715,ENSG00000178372.8,ENSG00000178372,CALML5
-0.011888376805032706,0.004344932167155534,ENSG00000019505.8,ENSG00000019505,SYT13
-0.01868950095741454,0.009187238666086329,ENSG00000105388.16,ENSG00000105388,CEACAM5
-0.012910479630657725,-0.0014045610626950138,ENSG00000135346.9,ENSG00000135346,CGA
0.02644238488462665,0.0030219311699450037,ENSG00000164434.12,ENSG00000164434,FABP7
-0.024387575706112392,0.00948369630052449,ENSG00000249203.2,ENSG00000249203,LINC02224
-0.009476102599247272,0.011601739835263638,ENSG00000122584.13,ENSG00000122584,NXPH1
0.020948628242697394,0.01213363051555904,ENSG00000100146.18,ENSG00000100146,SOX10
-0.024598838731030775,0.02004726269000768,ENSG00000224559.2,ENSG00000224559,LINC01087
-0.00699431356867732,0.01680148142021877,ENSG00000198650.11,ENSG00000198650,TAT
-0.0027919598232280067,0.005548245643633584,ENSG00000096006.12,ENSG00000096006,CRISP3
-0.013915203403229668,0.006362862564601209,ENSG00000241361.8,ENSG00000241361,SLC25A24P1
-0.011997785084129846,0.016408275769063625,ENSG00000186526.13,ENSG00000186526,CYP4F8
0.007274403743446625,0.012687089061135566,ENSG00000196091.15,ENSG00000196091,MYBPC1
-0.0021771525802882106,0.002110851472061726,ENSG00000204792.2,ENSG00000204792,LINC01291
0.0022262045527432313,0.0026066747859747204,ENSG00000161634.12,ENSG00000161634,DCD
0.014288452361217582,0.015344237634679625,ENSG00000186847.6,ENSG00000186847,KRT14
-0.028380275085263803,0.015145627216121173,ENSG00000160180.15,ENSG00000160180,TFF3
0.027745295161007127,0.008159991993550742,ENSG00000094755.17,ENSG00000094755,GABRP
-0.0065648416239836695,0.016237048593429296,ENSG00000145451.13,ENSG00000145451,GLRA3
-0.019306428513745613,0.007599491543174577,ENSG00000138696.11,ENSG00000138696,BMPR1B
-0.01106361915247175,0.0014406391456459153,ENSG00000139352.4,ENSG00000139352,ASCL1
-0.007274643511466197,0.007937226888399304,ENSG00000133169.6,ENSG00000133169,BEX1
0.014609821881767121,0.013895425849360044,ENSG00000102837.7,ENSG00000102837,OLFM4
-0.013031122819581513,0.008973554038427515,ENSG00000100362.13,ENSG00000100362,PVALB
-0.018372683685274505,0.008589506177677361,ENSG00000170367.5,ENSG00000170367,CST5
0.01163316187339885,0.007774237583687979,ENSG00000171102.14,ENSG00000171102,OBP2B
-0.005994044850483414,0.012529733178790468,ENSG00000141668.10,ENSG00000141668,CBLN2
0.023256807067843856,0.0053574761338164535,ENSG00000185479.6,ENSG00000185479,KRT6B
-0.0006477872407256385,-0.0007484593351008199,ENSG00000139219.19,ENSG00000139219,COL2A1
-0.014024765026384348,0.011852015536597028,ENSG00000164128.7,ENSG00000164128,NPY1R
-0.027599284995025366,0.018481777550252505,ENSG00000183888.4,ENSG00000183888,SRARP
0.011066876244062412,0.0030168910974115106,ENSG00000117983.17,ENSG00000117983,MUC5B
0.0068915288618886265,0.00043587973013064504,ENSG00000123407.4,ENSG00000123407,HOXC12
-0.01738716543849961,0.013012183216893567,ENSG00000165863.17,ENSG00000165863,C10orf82
-0.027198990318665742,0.01590725663344541,ENSG00000186910.4,ENSG00000186910,SERPINA11
0.02040972604622458,-0.002145634329597262,ENSG00000166426.8,ENSG00000166426,CRABP1
0.02215389919856067,-0.0032670527245096627,ENSG00000205420.11,ENSG00000205420,KRT6A
0.0010553698695755706,0.017809495248551417,ENSG00000124143.10,ENSG00000124143,ARHGAP40
-0.028509746304770774,0.0159202692714658,ENSG00000235584.3,ENSG00000235584,AC008268.1
0.02028499607050424,0.009356628504397611,ENSG00000167754.13,ENSG00000167754,KLK5
0.021984022798133857,0.010460491193034787,ENSG00000157765.13,ENSG00000157765,SLC34A2
0.021237087362934462,0.011717552247952859,ENSG00000141750.7,ENSG00000141750,STAC2
-0.024642255148046254,0.020321267528068034,ENSG00000151892.15,ENSG00000151892,GFRA1
0.006600554669934219,0.014643391239066883,ENSG00000137975.8,ENSG00000137975,CLCA2
0.03135484275819825,1.1173184274648364e-05,ENSG00000102243.13,ENSG00000102243,VGLL1
-0.0010577867702366995,0.026790717923490852,ENSG00000184811.4,ENSG00000184811,TRARG1
-0.01203937743622961,0.012626115105871902,ENSG00000164287.13,ENSG00000164287,CDC20B
-0.01876324555563989,0.010665380277523192,ENSG00000078898.7,ENSG00000078898,BPIFB2
0.0169648464076005,-0.002119358035727818,ENSG00000130294.17,ENSG00000130294,KIF1A
0.018850625837218245,0.01354771047872828,ENSG00000134757.5,ENSG00000134757,DSG3
-0.01382965845472451,0.017526418490088593,ENSG00000114248.10,ENSG00000114248,LRRC31
0.02068789381273877,0.013292344799083542,ENSG00000186081.12,ENSG00000186081,KRT5
-0.0031433877504345098,0.00937629372784936,ENSG00000169900.8,ENSG00000169900,PYDC1
-0.0019302188428443555,0.016104337276810973,ENSG00000134827.8,ENSG00000134827,TCN1
0.01104797759415339,9.79375362450449e-05,ENSG00000184330.12,ENSG00000184330,S100A7A
-0.010734291637489797,0.0017631748743249425,ENSG00000253802.2,ENSG00000253802,SIRLNT
0.00704634206720035,0.015655963146982352,ENSG00000012223.13,ENSG00000012223,LTF
-0.01285123721415474,0.009998232580766443,ENSG00000086548.9,ENSG00000086548,CEACAM6
0.012977319559048073,0.01203188974691444,ENSG00000282122.1,ENSG00000282122,IGHV7-4-1
0.011497535217215086,-0.006343144622607906,ENSG00000221867.9,ENSG00000221867,MAGEA3
-0.009171520038956302,0.0050541180793971284,ENSG00000259527.2,ENSG00000259527,LINC00052
-0.025183583258106112,0.020764226658262403,ENSG00000082175.15,ENSG00000082175,PGR
-0.015490471694322553,0.0084940319894575,ENSG00000255974.8,ENSG00000255974,CYP2A6
0.012170506378507417,0.019335769606773922,ENSG00000282651.2,ENSG00000282651,IGHV5-10-1
-0.025050328239646962,0.01690830617418888,ENSG00000253768.1,ENSG00000253768,AC008663.1
-0.007025419020087838,-0.0036171550201832,ENSG00000198788.9,ENSG00000198788,MUC2
-0.014942712518669429,0.01218316590066875,ENSG00000243064.8,ENSG00000243064,ABCC13
-0.019715382707128505,0.014391524233512655,ENSG00000125999.11,ENSG00000125999,BPIFB1
-0.02268654025410881,0.021542546016896025,ENSG00000236313.1,ENSG00000236313,VN1R53P
-0.024125101746807917,0.01976611800625029,ENSG00000204434.6,ENSG00000204434,POTEKP
-0.02400403492498129,0.019328013878462738,ENSG00000170743.17,ENSG00000170743,SYT9
-0.014669219387454517,0.01616123657920342,ENSG00000237442.3,ENSG00000237442,HNRNPA1P57
0.013477749276800337,0.010523756307994878,ENSG00000281990.1,ENSG00000281990,IGHV1-69-2
-0.02522069052346688,0.01713072464154626,ENSG00000255774.2,ENSG00000255774,LINC02747
0.007751020617795794,-0.005405005688007798,ENSG00000204710.2,ENSG00000204710,SPDYC
0.02493333207694099,0.00450369957946572,ENSG00000135374.11,ENSG00000135374,ELF5
0.018485241066582992,0.0016036680649831236,ENSG00000161798.7,ENSG00000161798,AQP5
-0.01780647491438595,0.018158497101507253,ENSG00000179023.8,ENSG00000179023,KLHDC7A
0.02094988419567361,0.009449380701213974,ENSG00000169035.12,ENSG00000169035,KLK7
-0.009122098078415167,0.012080354708097202,ENSG00000226745.2,ENSG00000226745,OAZ1P1
0.0004155748295973144,0.006976452442500318,ENSG00000171564.12,ENSG00000171564,FGB
-0.014878570457607215,0.017923538736335738,ENSG00000108018.15,ENSG00000108018,SORCS1
-0.02894302998971459,0.016592480332637546,ENSG00000106541.12,ENSG00000106541,AGR2
-0.023790402154083245,0.016352621324797693,ENSG00000180777.14,ENSG00000180777,ANKRD30B
-0.022476133196061922,0.021887206330463545,ENSG00000252621.1,ENSG00000252621,Y_RNA
-0.012446903602591599,-0.00025182513243073425,ENSG00000164326.5,ENSG00000164326,CARTPT
0.022610274560516876,0.002191713417279948,ENSG00000205426.10,ENSG00000205426,KRT81
0.029780699422267777,0.004921227420814376,ENSG00000261175.6,ENSG00000261175,LINC02188
0.01195168612208599,-0.006573184169495925,ENSG00000197172.10,ENSG00000197172,MAGEA6
-0.014282566667552631,0.01535088874233843,ENSG00000081479.15,ENSG00000081479,LRP2
0.005522465201207724,0.020878893289020543,ENSG00000162896.6,ENSG00000162896,PIGR
0.01603293259153357,-0.0023708288674778202,ENSG00000259439.2,ENSG00000259439,LINC01833
-0.023003151291456313,0.022170928651460958,ENSG00000196090.12,ENSG00000196090,PTPRT
-0.013438584370040762,0.012650913362203125,ENSG00000184564.11,ENSG00000184564,SLITRK6
-0.019960367281589307,0.010709944131666135,ENSG00000101098.13,ENSG00000101098,RIMS4
0.0016091133649529198,0.019234548095522965,ENSG00000171199.11,ENSG00000171199,OPRPN
0.0029341888306286014,0.006991022163137084,ENSG00000168269.10,ENSG00000168269,FOXI1
0.026524348927926326,0.0081399007492651,ENSG00000268104.3,ENSG00000268104,SLC6A14
0.020287520387260175,0.007616946404451584,ENSG00000169550.14,ENSG00000169550,MUC15
-0.019952379532308603,0.0066234702541659385,ENSG00000180269.8,ENSG00000180269,GPR139
0.030086452904077597,0.0008476465201038828,ENSG00000065371.17,ENSG00000065371,ROPN1
-0.020142107753459447,0.021388948354304438,ENSG00000126010.6,ENSG00000126010,GRPR
0.008525794496924373,0.012131225030889517,ENSG00000185559.16,ENSG00000185559,DLK1
-0.003676791977127504,0.011375332869879887,ENSG00000170373.8,ENSG00000170373,CST1
0.027888102186731153,-0.0019254857776663122,ENSG00000186832.9,ENSG00000186832,KRT16
0.02517973003553021,0.005561292334957104,ENSG00000167755.15,ENSG00000167755,KLK6
0.0221151119159729,-0.003515977961554427,ENSG00000152977.10,ENSG00000152977,ZIC1
0.0077799981810808905,-0.002927349383811756,ENSG00000229314.5,ENSG00000229314,ORM1
0.016722234716081297,0.018974750317303703,ENSG00000211638.2,ENSG00000211638,IGLV8-61
-0.0074797058408833245,0.007979122072457136,ENSG00000166415.15,ENSG00000166415,WDR72
0.02218400119410969,-0.007773346962543598,ENSG00000102854.16,ENSG00000102854,MSLN
-0.018832517828274928,0.02121210047632167,ENSG00000154198.14,ENSG00000154198,CYP4Z2P
-0.0038796992247218877,0.003532914918956879,ENSG00000074211.14,ENSG00000074211,PPP2R2C
-0.03029296069122574,0.017868978155617575,ENSG00000287914.1,ENSG00000287914,AL078582.2
-0.008680791784255293,0.011176501757005965,ENSG00000124939.6,ENSG00000124939,SCGB2A1
0.024214506183925823,0.009508977786753837,ENSG00000007062.12,ENSG00000007062,PROM1
-0.01895569800668023,0.015349014548837109,ENSG00000121270.16,ENSG00000121270,ABCC11
-0.023767456154312566,0.016419024565606188,ENSG00000249346.7,ENSG00000249346,LINC01016
0.01637394821015494,0.019279528481261434,ENSG00000211935.3,ENSG00000211935,IGHV1-3
-0.018269329045787833,0.014523116161835221,ENSG00000238117.1,ENSG00000238117,AP000844.2
0.01666946767864038,-0.011443943164021387,ENSG00000117148.8,ENSG00000117148,ACTL8
-0.008689540767244562,0.004238267830335498,ENSG00000173404.5,ENSG00000173404,INSM1
-0.00725146152393056,0.009606274164208036,ENSG00000077327.16,ENSG00000077327,SPAG6
0.02086888165569593,0.004951101691577808,ENSG00000181143.15,ENSG00000181143,MUC16
-0.024697474030166002,0.011405003799734718,ENSG00000251141.6,ENSG00000251141,MRPS30-DT
0.0016351142581965696,0.025252816422746193,ENSG00000187288.12,ENSG00000187288,CIDEC
0.006209384975832829,0.008384360842949884,ENSG00000022556.16,ENSG00000022556,NLRP2
-0.0007541154277618104,0.004731861381674223,ENSG00000214263.2,ENSG00000214263,RPSAP53
0.020823142482016707,0.009754836154622313,ENSG00000129451.12,ENSG00000129451,KLK10
-0.020054139511228405,0.004908318235378895,ENSG00000249599.2,ENSG00000249599,BMPR1B-DT
-0.009993068307599884,0.013094440702014555,ENSG00000170786.12,ENSG00000170786,SDR16C5
0.018122502464263588,-0.015294434212827382,ENSG00000107159.13,ENSG00000107159,CA9
-0.0180263086091441,0.006696222559657807,ENSG00000170893.4,ENSG00000170893,TRH
-0.009171210192300251,0.0068672967009825395,ENSG00000166961.15,ENSG00000166961,MS4A15
-0.004590368261654983,0.018299501047175263,ENSG00000168702.18,ENSG00000168702,LRP1B
-0.010906455597736217,0.012791102947980868,ENSG00000099960.13,ENSG00000099960,SLC7A4
0.001123158902910207,0.0009124717344097422,ENSG00000009709.12,ENSG00000009709,PAX7
-0.0191183449760476,0.01621181884617662,ENSG00000233508.3,ENSG00000233508,AL021395.1
0.0006724088183041211,-0.0018022385830564387,ENSG00000043355.12,ENSG00000043355,ZIC2
0.017197239295615955,-0.0021433444311745567,ENSG00000179455.10,ENSG00000179455,MKRN3
0.01598545317302887,0.014062088308514187,ENSG00000156076.10,ENSG00000156076,WIF1
-0.02408404018576854,0.013327317515285217,ENSG00000285094.1,ENSG00000285094,LINC01488
-0.02646729661003282,0.018964605092853838,ENSG00000249661.1,ENSG00000249661,TNRC18P1
0.013762461436582277,0.007200922233372476,ENSG00000129988.6,ENSG00000129988,LBP
-0.03234826987072963,0.01616703318485411,ENSG00000091831.24,ENSG00000091831,ESR1
0.01798400932759294,0.021238422747590933,ENSG00000276775.1,ENSG00000276775,IGHV4-4
0.02574571269577594,-0.003296447738968953,ENSG00000167656.5,ENSG00000167656,LY6D
0.01795560729236426,0.007268284504210426,ENSG00000047457.14,ENSG00000047457,CP
-0.006517396928561526,0.006616365405588681,ENSG00000282933.2,ENSG00000282933,RHOXF1P3
-0.010802497010177482,0.01396145818563742,ENSG00000185352.8,ENSG00000185352,HS6ST3
0.01098854303073844,0.007205368726665345,ENSG00000131771.14,ENSG00000131771,PPP1R1B
-0.021718685583802477,0.01398819743625955,ENSG00000161031.13,ENSG00000161031,PGLYRP2
-0.02256365377727841,0.0034796680837252828,ENSG00000101210.13,ENSG00000101210,EEF1A2
-0.012309399612763026,0.013577291815532858,ENSG00000253154.2,ENSG00000253154,AC100801.1
0.008844068048153698,0.0058235160028538395,ENSG00000172478.18,ENSG00000172478,MAB21L4
0.0067594929793497165,0.007529094945530605,ENSG00000189377.9,ENSG00000189377,CXCL17
-0.003294507209774099,0.013572007985426422,ENSG00000147256.12,ENSG00000147256,ARHGAP36
0.007518308883805716,0.009357382684464594,ENSG00000242265.6,ENSG00000242265,PEG10
-0.014906255083099843,0.00822696776567824,ENSG00000196427.13,ENSG00000196427,NBPF4
-0.019467174560636943,0.02017645757012536,ENSG00000238178.7,ENSG00000238178,AC078993.1
0.003804483953145123,0.023141476084861813,ENSG00000174697.5,ENSG00000174697,LEP
-0.021239208200872675,0.021866447359058624,ENSG00000244402.3,ENSG00000244402,RN7SL314P
-0.011021393553652645,0.018178946625360265,ENSG00000159212.13,ENSG00000159212,CLIC6
-0.01828685209929822,0.01373787212945865,ENSG00000162891.10,ENSG00000162891,IL20
0.016547397842215688,-0.0002799365734001733,ENSG00000170477.13,ENSG00000170477,KRT4
0.020326025588495424,0.010870340516865404,ENSG00000128422.17,ENSG00000128422,KRT17
-0.00213863144783072,0.0003720753964357711,ENSG00000154478.4,ENSG00000154478,GPR26
-0.011915392012911067,0.009494010427729899,ENSG00000140798.16,ENSG00000140798,ABCC12
-0.015053039169356136,0.009295732855684188,ENSG00000198077.10,ENSG00000198077,CYP2A7
-0.013363356433509761,0.015074037797894638,ENSG00000108576.10,ENSG00000108576,SLC6A4
-0.0007605979546157071,0.02621779089976311,ENSG00000170323.9,ENSG00000170323,FABP4
-0.029472472090643173,0.016937097652028336,ENSG00000006071.15,ENSG00000006071,ABCC8
-0.02161598201018954,0.008238587412919843,ENSG00000233041.8,ENSG00000233041,PHGR1
0.005746644999279332,0.007329023772107215,ENSG00000150893.11,ENSG00000150893,FREM2
0.020123784756446803,0.02174065654154926,ENSG00000211934.3,ENSG00000211934,IGHV1-2
0.0231967252564316,0.012554661561456794,ENSG00000211896.7,ENSG00000211896,IGHG1
0.026013518378299245,-0.00022366695598564204,ENSG00000124102.5,ENSG00000124102,PI3
-0.011041883456701491,0.007587128519201656,ENSG00000174469.23,ENSG00000174469,CNTNAP2
0.02009097384439844,0.007656864785813763,ENSG00000110195.14,ENSG00000110195,FOLR1
0.02173897089411387,0.019850671133292537,ENSG00000211945.2,ENSG00000211945,IGHV1-18
0.027417959951252097,-0.005279559977906243,ENSG00000143452.16,ENSG00000143452,HORMAD1
0.0030879055843662543,0.004598044836736476,ENSG00000171557.17,ENSG00000171557,FGG
0.029523317334515676,-0.006794047060216217,ENSG00000166535.20,ENSG00000166535,A2ML1
-0.0008406518986974708,0.010454349646620238,ENSG00000164129.12,ENSG00000164129,NPY5R
0.019582599946700145,0.011550357503357932,ENSG00000134760.6,ENSG00000134760,DSG1
-0.023823696725836205,0.018231263479164928,ENSG00000253125.1,ENSG00000253125,AC055854.1
-0.025969448040033115,0.006156211596320417,ENSG00000287952.1,ENSG00000287952,AC105328.1
0.02535985661641436,0.007441288850503532,ENSG00000228639.8,ENSG00000228639,ROCR
0.021832177988936063,0.02011944324199187,ENSG00000211659.2,ENSG00000211659,IGLV3-25
-0.008447504639423698,0.011149389619344707,ENSG00000205592.15,ENSG00000205592,MUC19
0.0055327018102433465,0.009353694155466441,ENSG00000115616.3,ENSG00000115616,SLC9A2
-0.01047344130405652,0.005616113630191205,ENSG00000263639.7,ENSG00000263639,MSMB
-0.011415636822309899,0.007525293307513753,ENSG00000129654.8,ENSG00000129654,FOXJ1
0.010905317809750185,-0.0017380351705953815,ENSG00000159263.16,ENSG00000159263,SIM2
0.021552056480150697,0.014581694394728091,ENSG00000134762.17,ENSG00000134762,DSC3
0.012907497922617327,-0.0026351998557169517,ENSG00000119547.6,ENSG00000119547,ONECUT2
-0.0033208958932464607,0.002472500468859027,ENSG00000198681.7,ENSG00000198681,MAGEA1
-0.002502291897520096,0.012303520195242923,ENSG00000147255.19,ENSG00000147255,IGSF1
-0.0114923692603434,0.015304812685558467,ENSG00000101441.4,ENSG00000101441,CST4
0.03188277817392741,-0.0032088933818209377,ENSG00000156219.17,ENSG00000156219,ART3
0.01895730047297142,0.019742705623969275,ENSG00000211669.3,ENSG00000211669,IGLV3-10
-0.022034721234252767,0.018416409534030787,ENSG00000136457.10,ENSG00000136457,CHAD
0.0013427067723571857,0.024567254652833912,ENSG00000176194.18,ENSG00000176194,CIDEA
0.02153185242451328,0.020730656022310813,ENSG00000211959.2,ENSG00000211959,IGHV4-39
-0.028939261928075773,0.020385196426759372,ENSG00000178568.15,ENSG00000178568,ERBB4
0.020434817961611798,-0.0019401024606616102,ENSG00000132164.10,ENSG00000132164,SLC6A11
-0.007108482381305197,0.004257784147380013,ENSG00000165973.19,ENSG00000165973,NELL1
0.0005786502943853084,0.011062648510840283,ENSG00000161055.4,ENSG00000161055,SCGB3A1
-0.012692319866583241,0.011055728109863026,ENSG00000248771.5,ENSG00000248771,SMIM31
0.0005362219966779227,0.03444085073657479,ENSG00000112936.19,ENSG00000112936,C7
0.002153261142662896,0.0008960694144828126,ENSG00000260265.1,ENSG00000260265,LINC02562
0.019493797503162446,0.0050632772501220035,ENSG00000071991.9,ENSG00000071991,CDH19
0.008464413563572195,0.00677456795901079,ENSG00000228630.5,ENSG00000228630,HOTAIR
0.02258840883028081,0.018566773303331237,ENSG00000117322.18,ENSG00000117322,CR2
0.009986749132375346,0.010717815605272617,ENSG00000127324.9,ENSG00000127324,TSPAN8
-0.009683691359289766,0.0034704976638467214,ENSG00000198797.7,ENSG00000198797,BRINP2
0.011349112238029037,0.018620447841501075,ENSG00000124205.18,ENSG00000124205,EDN3
0.007272034603822303,0.01130291659364838,ENSG00000077279.19,ENSG00000077279,DCX
-0.016220185282800597,0.009628285715043133,ENSG00000287826.1,ENSG00000287826,AC090994.1
0.022793460240503233,0.019735445272025483,ENSG00000211673.2,ENSG00000211673,IGLV3-1
-0.016838638143420254,0.00368462696419561,ENSG00000211452.11,ENSG00000211452,DIO1
-0.0034345348607846796,0.008310490501744481,ENSG00000197888.2,ENSG00000197888,UGT2B17
-0.0001759385910879837,0.007129053217158287,ENSG00000286619.1,ENSG00000286619,AC119673.2
0.0209697154228914,0.021614032610605884,ENSG00000211947.2,ENSG00000211947,IGHV3-21
0.01273049636977084,0.009916418898351416,ENSG00000100170.10,ENSG00000100170,SLC5A1
0.01587837084329897,-0.008495208838130767,ENSG00000107807.13,ENSG00000107807,TLX1
-0.013950092624309886,0.0029455039765122156,ENSG00000240521.1,ENSG00000240521,AC092979.1
0.02201965349281361,0.01934852421565973,ENSG00000211640.4,ENSG00000211640,IGLV6-57
-0.014693502246563312,0.019193096641471927,ENSG00000178965.14,ENSG00000178965,ERICH3
-0.02728571376758593,0.021404170955663163,ENSG00000175356.14,ENSG00000175356,SCUBE2
-0.021480242579024422,0.012963008488487164,ENSG00000166959.8,ENSG00000166959,MS4A8
-0.013537339293912296,0.00999718824207183,ENSG00000265766.3,ENSG00000265766,CXADRP3
0.016349044551082083,0.02362112718328753,ENSG00000211898.7,ENSG00000211898,IGHD
0.020641915939415997,0.0012405334577816514,ENSG00000148346.12,ENSG00000148346,LCN2
0.021543258031284228,0.019824377523983427,ENSG00000280411.1,ENSG00000280411,IGHV1-69D
0.015042345128366887,0.013997494683748226,ENSG00000106278.12,ENSG00000106278,PTPRZ1
0.0011960177146439672,0.00308534616804431,ENSG00000137648.19,ENSG00000137648,TMPRSS4
-0.0007183968184718801,0.003428301451889661,ENSG00000181449.4,ENSG00000181449,SOX2
0.015329521143268026,0.022680426629463523,ENSG00000282639.1,ENSG00000282639,IGHV3-64D
0.021525578025690613,0.02366460769915827,ENSG00000211966.2,ENSG00000211966,IGHV5-51
-0.01654145361071066,0.018210908513602433,ENSG00000188175.10,ENSG00000188175,HEPACAM2
0.02160496656090484,0.0028760704019735735,ENSG00000072041.17,ENSG00000072041,SLC6A15
0.020889082322101727,0.022145967829014773,ENSG00000211964.3,ENSG00000211964,IGHV3-48
0.02096277718516518,0.020498291977912565,ENSG00000211663.2,ENSG00000211663,IGLV3-19
-0.011262235374400298,-0.00022668780153571252,ENSG00000105048.17,ENSG00000105048,TNNT1
-0.007262404451597982,0.012359301175964343,ENSG00000229453.2,ENSG00000229453,SPINK8
0.019531922720140704,0.021488275964645347,ENSG00000211951.2,ENSG00000211951,IGHV2-26
-0.0147432642984309,0.008001519032656338,ENSG00000186086.18,ENSG00000186086,NBPF6
-0.026255444350902525,0.021337924896430743,ENSG00000259459.6,ENSG00000259459,LINC02568
0.022096112073106435,0.008453064264250607,ENSG00000206075.14,ENSG00000206075,SERPINB5
-0.01720659243487696,0.011533589268597403,ENSG00000233622.3,ENSG00000233622,CYP2T1P
0.022373916786748382,0.01912642124717874,ENSG00000211662.2,ENSG00000211662,IGLV3-21
0.014841059310381105,0.013454474346178169,ENSG00000253998.3,ENSG00000253998,IGKV2-29
-0.006736714518025484,0.010362381619563635,ENSG00000135226.18,ENSG00000135226,UGT2B28
0.0270935683760403,0.00307249908068561,ENSG00000137440.5,ENSG00000137440,FGFBP1
-0.00474275256656488,0.001073467869117192,ENSG00000136574.18,ENSG00000136574,GATA4
0.026548635955626877,-0.0069196807865453125,ENSG00000258910.3,ENSG00000258910,LINC01956
0.01946631103991315,0.01952655450566377,ENSG00000274576.2,ENSG00000274576,IGHV2-70
0.017432926782630146,0.0019024353662409714,ENSG00000204644.10,ENSG00000204644,ZFP57
0.018279949168742746,0.006392159570202838,ENSG00000156689.7,ENSG00000156689,GLYATL2
0.009571314587193038,0.020458735055934246,ENSG00000188257.12,ENSG00000188257,PLA2G2A
0.03238118300211414,-0.00654280839558972,ENSG00000280916.2,ENSG00000280916,FOXCUT
-0.004952915831484396,0.011020063674388004,ENSG00000171798.18,ENSG00000171798,KNDC1
-0.017828577899281838,0.011611397096478003,ENSG00000218357.3,ENSG00000218357,LINC01644
0.021824473356606817,0.021438217429795934,ENSG00000211899.10,ENSG00000211899,IGHM
0.02006822129623746,0.02145032312169751,ENSG00000211950.2,ENSG00000211950,IGHV1-24
0.017735647175129165,0.012487751348048304,ENSG00000156234.7,ENSG00000156234,CXCL13
0.006542166936761527,0.026911472006597607,ENSG00000164530.15,ENSG00000164530,PI16
0.01916244288343641,0.01879819450284151,ENSG00000211973.2,ENSG00000211973,IGHV1-69
-0.019929925958206734,0.01258359086841957,ENSG00000249306.6,ENSG00000249306,LINC01411
0.021121772435017398,0.02054811758252269,ENSG00000211955.2,ENSG00000211955,IGHV3-33
-0.0242387867614048,0.011868608617446123,ENSG00000116176.6,ENSG00000116176,TPSG1
0.007131293195958545,0.005869203544190472,ENSG00000123388.4,ENSG00000123388,HOXC11
-0.015014469606812587,0.011644385045609927,ENSG00000185008.17,ENSG00000185008,ROBO2
-0.003113053063471666,0.00790434190109928,ENSG00000100078.4,ENSG00000100078,PLA2G3
0.020805140376433776,0.022079514555877443,ENSG00000211941.3,ENSG00000211941,IGHV3-11
0.020353068414502764,0.015013996857003543,ENSG00000077274.9,ENSG00000077274,CAPN6
-0.009266775227339711,0.01122662679760302,ENSG00000115844.11,ENSG00000115844,DLX2
-0.02006165697799549,0.008388559193068933,ENSG00000129951.19,ENSG00000129951,PLPPR3
-0.02627980999672908,0.01572158470786473,ENSG00000147041.12,ENSG00000147041,SYTL5
-0.006063492189541492,0.013443989559120137,ENSG00000237515.9,ENSG00000237515,SHISA9
-0.0038090141311846273,0.0025943945892346787,ENSG00000260318.1,ENSG00000260318,COX6CP1
-0.018131216867956088,0.014684538917463807,ENSG00000196620.10,ENSG00000196620,UGT2B15
-0.017529884887897713,0.015367276535890016,ENSG00000174498.14,ENSG00000174498,IGDCC3
-0.015535002575811412,0.010029461869723736,ENSG00000124302.13,ENSG00000124302,CHST8
0.027993792015648323,-0.004849153578893677,ENSG00000136928.7,ENSG00000136928,GABBR2
-0.008167321686284474,0.0018072896371730829,ENSG00000248663.6,ENSG00000248663,LINC00992
-0.0037279358765754124,0.007700436555881107,ENSG00000141744.4,ENSG00000141744,PNMT
-0.014279835672459652,0.007276592046879076,ENSG00000238118.1,ENSG00000238118,SLC25A24P2
0.002064090878378929,0.00988748809095112,ENSG00000198535.5,ENSG00000198535,C2CD4A
0.02240957838585713,-0.0024798303824358353,ENSG00000143546.10,ENSG00000143546,S100A8
-0.018532010594879834,0.01975279658898742,ENSG00000214100.8,ENSG00000214100,PLAC9P1
0.01982031860286843,0.024843406911399486,ENSG00000211965.4,ENSG00000211965,IGHV3-49
0.020082381056211643,0.009004357140755346,ENSG00000187527.11,ENSG00000187527,ATP13A5
0.021081875662497244,0.020765980378027214,ENSG00000211637.2,ENSG00000211637,IGLV4-69
0.0212353746258933,0.022333640962371906,ENSG00000224373.3,ENSG00000224373,IGHV4-59
0.01295626902779984,-0.007495205099553338,ENSG00000286042.1,ENSG00000286042,LCAL1
-0.020224242296366237,0.01300722558037328,ENSG00000188488.14,ENSG00000188488,SERPINA5
-0.017534683629744727,0.017110657233866372,ENSG00000197977.4,ENSG00000197977,ELOVL2
-0.019479838842470724,0.015555091424963,ENSG00000263618.5,ENSG00000263618,AP005121.1
0.02221310086704294,0.02009894551552287,ENSG00000211648.2,ENSG00000211648,IGLV1-47
0.02392070187994285,0.011759135434797464,ENSG00000256916.1,ENSG00000256916,AP000851.1
0.022450512474748194,0.022917528083107375,ENSG00000211598.2,ENSG00000211598,IGKV4-1
0.0019202424363626931,-0.0010929763990059134,ENSG00000258986.7,ENSG00000258986,TMEM179
-0.01945770357150416,0.016602584830098317,ENSG00000230314.7,ENSG00000230314,ELOVL2-AS1
0.020587480537140105,0.023497664365468563,ENSG00000211937.3,ENSG00000211937,IGHV2-5
0.016153307671621143,-0.005841930525549683,ENSG00000147381.11,ENSG00000147381,MAGEA4
0.016678977958975955,0.017950381125475496,ENSG00000211639.2,ENSG00000211639,IGLV4-60
-0.021703165793328042,0.016495220726056786,ENSG00000003989.18,ENSG00000003989,SLC7A2
0.021134601711932443,0.022760125176648355,ENSG00000211949.3,ENSG00000211949,IGHV3-23
0.022610254213849722,0.02057886080710462,ENSG00000211651.3,ENSG00000211651,IGLV1-44
-0.0015804207855240797,0.02306848298217184,ENSG00000124253.11,ENSG00000124253,PCK1
0.0026187919649214774,-0.0023024719640851814,ENSG00000225972.1,ENSG00000225972,MTND1P23
-0.0144102775121754,0.01630642263863613,ENSG00000204740.11,ENSG00000204740,MALRD1
0.020982290086434187,0.023341964228254904,ENSG00000211962.2,ENSG00000211962,IGHV1-46
0.02612407652075905,0.01605135276639088,ENSG00000104332.12,ENSG00000104332,SFRP1
-0.014667980483774731,0.019783492435585387,ENSG00000240216.7,ENSG00000240216,CPHL1P
-0.01846522062225446,0.0164275863283053,ENSG00000174827.14,ENSG00000174827,PDZK1
0.0037679530901529265,0.00016936248929735065,ENSG00000163993.7,ENSG00000163993,S100P
-0.0221932668708201,0.006404549544471311,ENSG00000084628.10,ENSG00000084628,NKAIN1
-0.008212063949764844,0.00807529362448532,ENSG00000169562.13,ENSG00000169562,GJB1
-0.025685054202249313,0.020078292536908435,ENSG00000203697.12,ENSG00000203697,CAPN8
0.0003521937185560224,0.003455004322811431,ENSG00000130700.7,ENSG00000130700,GATA5
0.019312507786008962,0.020073118945746492,ENSG00000211658.2,ENSG00000211658,IGLV3-27
0.0029493649092421845,0.014004283083206245,ENSG00000162631.19,ENSG00000162631,NTNG1
0.023026708146513905,0.00253788663353648,ENSG00000188505.5,ENSG00000188505,NCCRP1
-0.019049827767602764,0.013775699237841853,ENSG00000100095.19,ENSG00000100095,SEZ6L
-0.009970593601276827,0.01063186066117929,ENSG00000287550.1,ENSG00000287550,AL450345.2
-0.019692906623422008,0.016289024784618834,ENSG00000144891.18,ENSG00000144891,AGTR1
-0.007364201037943361,-0.0023214844244109686,ENSG00000145920.15,ENSG00000145920,CPLX2
0.02035828026455803,0.01924090282162586,ENSG00000211946.3,ENSG00000211946,IGHV3-20
-0.016460386907615983,0.015201588935353071,ENSG00000067715.14,ENSG00000067715,SYT1
0.01451460702874801,-0.00460427180363695,ENSG00000228278.5,ENSG00000228278,ORM2
0.020294545687572597,0.010781767134364276,ENSG00000171243.8,ENSG00000171243,SOSTDC1
0.017028613589609432,0.018052655946674014,ENSG00000211974.3,ENSG00000211974,IGHV2-70D
-0.002197927858899861,0.0005897048456593076,ENSG00000213058.3,ENSG00000213058,AL365357.1
-0.006284034019477764,0.010054756802129042,ENSG00000009765.15,ENSG00000009765,IYD
0.024124467169963415,0.010445170762326372,ENSG00000231826.6,ENSG00000231826,LINC01819
0.022316332539190645,0.022104593773898902,ENSG00000243466.1,ENSG00000243466,IGKV1-5
-0.012586037759062215,0.005967994045483685,ENSG00000081138.14,ENSG00000081138,CDH7
0.011670402055787725,0.026849963656825546,ENSG00000137077.8,ENSG00000137077,CCL21
0.021272221611646686,0.023032637459458605,ENSG00000211666.2,ENSG00000211666,IGLV2-14
0.030005989802163312,-0.006886254375622286,ENSG00000229544.9,ENSG00000229544,NKX1-2
-0.00047547312361882424,0.007571569169569846,ENSG00000089199.10,ENSG00000089199,CHGB
0.021455100465476284,0.022360929920292,ENSG00000241351.3,ENSG00000241351,IGKV3-11
0.014490535190341049,-0.006780344610182021,ENSG00000157851.17,ENSG00000157851,DPYSL5
-0.007591114155408616,0.006710327020015947,ENSG00000079689.14,ENSG00000079689,SCGN
-0.010996250564572374,0.0132695610159913,ENSG00000171487.15,ENSG00000171487,NLRP5
0.023326043689435905,0.0030087010607477522,ENSG00000141639.12,ENSG00000141639,MAPK4
0.015116611183679685,-0.007906976133360858,ENSG00000102109.9,ENSG00000102109,PCSK1N
0.023458768320276685,-0.013027634120652007,ENSG00000189001.11,ENSG00000189001,SBSN
-0.022882656434162367,0.017429306754746632,ENSG00000230873.9,ENSG00000230873,STMND1
-0.0036313147118564675,0.003296167379818668,ENSG00000130433.7,ENSG00000130433,CACNG6
0.020048887791856904,0.020617363162148638,ENSG00000211976.2,ENSG00000211976,IGHV3-73
0.020324839241342277,0.002715434517277551,ENSG00000243955.6,ENSG00000243955,GSTA1
0.0200304699135821,0.01999138703088086,ENSG00000211670.2,ENSG00000211670,IGLV3-9
0.02107079083065904,0.02319097952338004,ENSG00000270550.1,ENSG00000270550,IGHV3-30
-0.004502014041785005,0.010808726812455682,ENSG00000138650.9,ENSG00000138650,PCDH10
0.017432945904117834,0.01758695303524428,ENSG00000211685.3,ENSG00000211685,IGLC7
-0.011143611172190544,0.01331933963165925,ENSG00000107518.18,ENSG00000107518,ATRNL1
0.01397103099817896,0.004337750022928424,ENSG00000105929.16,ENSG00000105929,ATP6V0A4
-0.017140042553021186,0.017464108595386597,ENSG00000070193.5,ENSG00000070193,FGF10
0.02030911251047467,0.025972164463793464,ENSG00000211943.2,ENSG00000211943,IGHV3-15
0.014532360141841661,0.003026722568659765,ENSG00000109182.12,ENSG00000109182,CWH43
-0.0034807933725614078,0.014836360151016652,ENSG00000163631.17,ENSG00000163631,ALB
0.0030297613631023795,0.014759660793781397,ENSG00000258837.1,ENSG00000258837,AL133370.1
-0.005911366795521571,0.008653911004568068,ENSG00000119698.12,ENSG00000119698,PPP4R4
0.021651785162290823,-0.001123129215982458,ENSG00000163220.11,ENSG00000163220,S100A9
0.015803970387688826,-0.00505958416819718,ENSG00000196611.5,ENSG00000196611,MMP1
-0.0043983016596706144,0.010820772731833414,ENSG00000124479.11,ENSG00000124479,NDP
-0.005811452134482846,0.01763572206976791,ENSG00000007216.15,ENSG00000007216,SLC13A2
0.020858052600943453,0.02321245250778357,ENSG00000211933.2,ENSG00000211933,IGHV6-1
0.01992050099857812,0.024477634639599396,ENSG00000240864.3,ENSG00000240864,IGKV1-16
0.002909214501080842,0.008356389594204938,ENSG00000095627.9,ENSG00000095627,TDRD1
-0.02041141102675748,0.01863102902897926,ENSG00000126562.17,ENSG00000126562,WNK4
0.018537329896709195,0.027349359725765403,ENSG00000156738.18,ENSG00000156738,MS4A1
0.019627191098257474,0.0256879190375162,ENSG00000211938.2,ENSG00000211938,IGHV3-7
-0.031084661995493257,0.01880239853546222,ENSG00000225362.10,ENSG00000225362,CT62
0.018181877104281166,0.020776838522203942,ENSG00000243264.2,ENSG00000243264,IGKV2D-29
-0.028958369256366877,0.009954130792483697,ENSG00000197308.9,ENSG00000197308,GATA3-AS1
-0.01988319933205365,0.012566658800933354,ENSG00000135638.14,ENSG00000135638,EMX1
0.019148097838543654,0.01686934466766798,ENSG00000223350.2,ENSG00000223350,IGLV9-49
-0.021966941066528387,0.010441596130212788,ENSG00000204049.1,ENSG00000204049,AL391421.1
-0.01689614074201952,0.014518929970128297,ENSG00000264589.4,ENSG00000264589,MAPT-AS1
0.018255646376980406,0.025343282589906056,ENSG00000240382.3,ENSG00000240382,IGKV1-17
-0.016014554906715345,0.015840214165746304,ENSG00000112183.15,ENSG00000112183,RBM24
-0.023163412072138585,0.022643056327850616,ENSG00000225449.3,ENSG00000225449,RAB6C-AS1
0.020798655142412067,0.023026449124489912,ENSG00000211660.3,ENSG00000211660,IGLV2-23
0.00415341405131726,-3.1031158222038635e-05,ENSG00000171401.15,ENSG00000171401,KRT13
-0.00853434237204502,0.01728081333419676,ENSG00000081051.8,ENSG00000081051,AFP
-0.007409539385470526,0.008998386425576247,ENSG00000171759.10,ENSG00000171759,PAH
-0.004947384117715825,0.007541892423114232,ENSG00000101443.18,ENSG00000101443,WFDC2
-0.00857890529764842,0.016223450594673554,ENSG00000095917.14,ENSG00000095917,TPSD1
-0.018659446676178228,0.021258234343485685,ENSG00000103534.17,ENSG00000103534,TMC5
-0.00010153865530411116,0.004673311831314867,ENSG00000167080.9,ENSG00000167080,B4GALNT2
0.014764882823581267,0.022988054250113875,ENSG00000211642.3,ENSG00000211642,IGLV10-54
-0.014588692632985633,0.018450104220379657,ENSG00000171954.13,ENSG00000171954,CYP4F22
-0.02879553958260223,0.017799248632096618,ENSG00000204385.13,ENSG00000204385,SLC44A4
-0.00037567145424889295,0.005180505631518695,ENSG00000104321.11,ENSG00000104321,TRPA1
-0.0176235850953039,0.009669166243070357,ENSG00000272068.1,ENSG00000272068,AL365181.2
0.0109396225409171,0.01359669159886143,ENSG00000134258.17,ENSG00000134258,VTCN1
-0.014159877416114021,0.007860813626475562,ENSG00000254349.6,ENSG00000254349,MIR2052HG
0.017333802252024213,0.020044616266400056,ENSG00000251039.2,ENSG00000251039,IGKV2D-40
-0.020443474747592356,0.010404381422552246,ENSG00000269353.1,ENSG00000269353,AC092071.1
-0.0178660544460448,0.006872492965716089,ENSG00000198251.7,ENSG00000198251,CYP2A7P2
0.017617889333676143,-0.007685470112545338,ENSG00000183072.10,ENSG00000183072,NKX2-5
-0.01766407706858304,0.01410018358059752,ENSG00000265369.3,ENSG00000265369,PCAT18
0.008749162209220751,0.020786293366195183,ENSG00000228971.3,ENSG00000228971,LINC02607
0.018635030134114893,0.021814070218161195,ENSG00000211655.3,ENSG00000211655,IGLV1-36
0.020893722015353573,0.0208891033258926,ENSG00000211653.2,ENSG00000211653,IGLV1-40
0.014727206075199586,0.0047231650672619864,ENSG00000214128.11,ENSG00000214128,TMEM213
-0.013476113600995016,0.01262125716431346,ENSG00000145808.10,ENSG00000145808,ADAMTS19
0.0058355510946428825,0.00629374773272731,ENSG00000156413.14,ENSG00000156413,FUT6
0.02002701162526442,0.008718093880722427,ENSG00000149043.16,ENSG00000149043,SYT8
0.0254518202912616,0.012387994071337376,ENSG00000129151.9,ENSG00000129151,BBOX1
-0.01776471689661233,0.010109693045771058,ENSG00000075891.22,ENSG00000075891,PAX2
0.02204200770471541,0.021640527602629737,ENSG00000239951.1,ENSG00000239951,IGKV3-20
0.0018997640197196436,-0.001611946094400778,ENSG00000247627.2,ENSG00000247627,MTND4P12
0.023805483123086005,-0.0017822232069875197,ENSG00000136155.17,ENSG00000136155,SCEL
0.01348078604980374,0.028502153349679815,ENSG00000211890.4,ENSG00000211890,IGHA2
0.0226384300908626,0.021363026250091188,ENSG00000244437.1,ENSG00000244437,IGKV3-15
0.020869599737545565,-0.0014670012679162305,ENSG00000171124.13,ENSG00000171124,FUT3
0.018146501799235246,0.02444485134141603,ENSG00000211650.2,ENSG00000211650,IGLV5-45
0.0018762671792953497,0.008659569889123074,ENSG00000007038.11,ENSG00000007038,PRSS21
0.016194476863594584,0.028185373614836876,ENSG00000172724.12,ENSG00000172724,CCL19
-0.028965441613813748,0.015110510977439212,ENSG00000150667.8,ENSG00000150667,FSIP1
-0.0002475163764405155,0.011630582883239142,ENSG00000166206.15,ENSG00000166206,GABRB3
0.02067986324882328,0.014910960420402295,ENSG00000253755.1,ENSG00000253755,IGHGP
0.014171123282020007,-0.004512497199125271,ENSG00000011677.13,ENSG00000011677,GABRA3
-0.0007718065053977993,0.005425055205870564,ENSG00000125851.10,ENSG00000125851,PCSK2
-0.0256631000531226,0.01479824362163638,ENSG00000064787.13,ENSG00000064787,BCAS1
-0.026276837456084244,0.01991098333450361,ENSG00000171428.15,ENSG00000171428,NAT1
-0.0037926296936450677,0.002040794579017012,ENSG00000269416.6,ENSG00000269416,LINC01224
0.000949491566147322,0.015545078527779007,ENSG00000198300.14,ENSG00000198300,PEG3
-0.016522885195687502,0.013661223083251753,ENSG00000235436.10,ENSG00000235436,DPY19L2P4
-0.0033236289850662524,0.004787831095916394,ENSG00000224271.7,ENSG00000224271,AL117329.1
-0.03156666972559695,0.020067020097418013,ENSG00000248360.7,ENSG00000248360,LINC00504
0.017875606199339908,0.015210485543732912,ENSG00000276566.1,ENSG00000276566,IGKV1D-13
5.184554378125041e-05,0.01319346444849276,ENSG00000269138.1,ENSG00000269138,ZNF209P
0.01786534053222434,0.022699342606115325,ENSG00000211968.3,ENSG00000211968,IGHV1-58
-0.010717189917721068,0.006698589927621266,ENSG00000156096.14,ENSG00000156096,UGT2B4
0.01995243167253553,0.023863044715582756,ENSG00000241755.1,ENSG00000241755,IGKV1-9
0.025109986214883702,0.008279491014791609,ENSG00000081277.13,ENSG00000081277,PKP1
0.026883022101001252,-0.0018158621508109988,ENSG00000088386.17,ENSG00000088386,SLC15A1
-0.0006724173348864684,0.032396107819530305,ENSG00000181234.9,ENSG00000181234,TMEM132C
-0.007155489693721706,0.011791666367100813,ENSG00000144452.15,ENSG00000144452,ABCA12
0.005496957276114717,0.00038088481065686093,ENSG00000175497.17,ENSG00000175497,DPP10
-0.002589076718028386,0.009760957340779655,ENSG00000226383.7,ENSG00000226383,LINC01876
0.015119605225470048,0.023019127279807296,ENSG00000211942.3,ENSG00000211942,IGHV3-13
-0.03198834761697075,0.017413280541319145,ENSG00000129514.8,ENSG00000129514,FOXA1
-0.02449347446542963,0.003955043755178505,ENSG00000260284.1,ENSG00000260284,TPSP2
0.030917406849360857,0.0007409143364147224,ENSG00000198729.5,ENSG00000198729,PPP1R14C
-0.022530152197119294,0.02242885640245327,ENSG00000286379.1,ENSG00000286379,AL591845.1
-0.003617171949265594,0.013681992051582628,ENSG00000286381.1,ENSG00000286381,AL078622.1
0.01885941776218235,0.024903898389941788,ENSG00000239855.1,ENSG00000239855,IGKV1-6
0.020915243997415265,-0.0005464939802425139,ENSG00000262406.3,ENSG00000262406,MMP12
0.020379242663704836,0.023736650728633606,ENSG00000243290.3,ENSG00000243290,IGKV1-12
0.02290245819640197,0.020580973273022822,ENSG00000211592.8,ENSG00000211592,IGKC
0.008287970893707865,0.0032048022461424216,ENSG00000215808.4,ENSG00000215808,LINC01139
0.02551128751742065,0.0068033965133718404,ENSG00000132975.8,ENSG00000132975,GPR12
0.021754765501701852,0.019038643460173466,ENSG00000211679.2,ENSG00000211679,IGLC3
0.006247799376949238,-0.0030196327238200676,ENSG00000213401.10,ENSG00000213401,MAGEA12
0.016564822138563022,-0.0034170284808056474,ENSG00000163207.7,ENSG00000163207,IVL
-0.017596653168279446,0.016515143629791597,ENSG00000171236.10,ENSG00000171236,LRG1
-0.031186877769067443,0.01944639899126484,ENSG00000139865.16,ENSG00000139865,TTC6
-0.004246750410226914,0.005022532600119245,ENSG00000286015.1,ENSG00000286015,CR589904.2
0.021599843555033187,0.024217020835971527,ENSG00000211668.2,ENSG00000211668,IGLV2-11
-0.02143534648589986,0.015589036323063354,ENSG00000251095.7,ENSG00000251095,AC093866.1
0.018705724500741212,-0.0003065885048112918,ENSG00000138083.5,ENSG00000138083,SIX3
0.005594653765999507,6.50397739648736e-05,ENSG00000176406.23,ENSG00000176406,RIMS2
-0.017279459398004342,0.014250517920222385,ENSG00000218549.2,ENSG00000218549,OR4K12P
-0.0003739437858599258,0.011746872493860444,ENSG00000183844.17,ENSG00000183844,FAM3B
0.008572883041124305,0.0007750580984518864,ENSG00000167653.5,ENSG00000167653,PSCA
0.018258976228355154,0.02087031858058606,ENSG00000211611.2,ENSG00000211611,IGKV6-21
0.0013277888605466826,0.0063514621960634845,ENSG00000237667.7,ENSG00000237667,LINC01115
0.02092736178674244,0.021160996220011885,ENSG00000231475.3,ENSG00000231475,IGHV4-31
-0.02502656364127453,0.014111957974156665,ENSG00000279685.2,ENSG00000279685,MAPT-IT1
-0.021781566232338012,0.01579950204013351,ENSG00000142973.14,ENSG00000142973,CYP4B1
0.013788535792813932,0.005039134689568894,ENSG00000232044.7,ENSG00000232044,SILC1
0.01745704826532112,0.023993183171405436,ENSG00000211599.2,ENSG00000211599,IGKV5-2
-0.008059437785513568,0.015793107767171136,ENSG00000151365.2,ENSG00000151365,THRSP
-0.0021513040828508895,0.00558645753267702,ENSG00000004848.8,ENSG00000004848,ARX
0.005042796194511832,0.007627238458592213,ENSG00000105852.11,ENSG00000105852,PON3
0.007838552758979309,-0.0022581319344111904,ENSG00000147689.16,ENSG00000147689,FAM83A
-0.020162675672423892,0.017004949143328424,ENSG00000103460.17,ENSG00000103460,TOX3
-0.008654584109098435,0.011630452642163662,ENSG00000234602.9,ENSG00000234602,MCIDAS
0.020307139618861412,0.023754978448545978,ENSG00000244575.3,ENSG00000244575,IGKV1-27
0.021901829516976667,0.021874513161678176,ENSG00000211956.2,ENSG00000211956,IGHV4-34
-0.011020975245773498,0.00603452137249275,ENSG00000224223.1,ENSG00000224223,VSTM2A-OT1
0.0004950255391632192,0.015314163588002241,ENSG00000183778.17,ENSG00000183778,B3GALT5
0.021193956064327002,0.013696504302226652,ENSG00000211897.9,ENSG00000211897,IGHG3
-0.012032143808332401,0.011119550976837795,ENSG00000240253.6,ENSG00000240253,FAR2P3
-0.0003978680299677611,0.010882643684997858,ENSG00000204936.10,ENSG00000204936,CD177
-0.002103022394402257,0.027638739996786874,ENSG00000039537.14,ENSG00000039537,C6
-0.022094293306951073,0.01604183617300088,ENSG00000163873.10,ENSG00000163873,GRIK3
0.012349016139325134,-0.0006371302549815028,ENSG00000170454.6,ENSG00000170454,KRT75
0.019782619344714633,0.02334518164919524,ENSG00000211967.3,ENSG00000211967,IGHV3-53
0.024673558577215177,-0.0006531495191788356,ENSG00000179869.15,ENSG00000179869,ABCA13
-0.0029003633987220077,0.004627600554827949,ENSG00000144355.15,ENSG00000144355,DLX1
0.01926737675775789,0.025613181545459874,ENSG00000243238.1,ENSG00000243238,IGKV2-30
-0.013292478704434799,0.008271866932588459,ENSG00000166317.12,ENSG00000166317,SYNPO2L
-0.0004707319618248198,0.0072130482911345346,ENSG00000258616.5,ENSG00000258616,LINC02303
0.015572505366402355,0.0021384445609369945,ENSG00000160886.13,ENSG00000160886,LY6K
0.010589469753444169,0.028510426502146507,ENSG00000168079.17,ENSG00000168079,SCARA5
-0.022785949957727317,0.01969675028603567,ENSG00000057593.14,ENSG00000057593,F7
0.0052647970381818785,0.005423981516150776,ENSG00000142619.4,ENSG00000142619,PADI3
-0.021531323896251443,0.014811255824671927,ENSG00000254164.1,ENSG00000254164,AC008663.3
-0.010787108416452234,0.010295960681923335,ENSG00000196542.8,ENSG00000196542,SPTSSB
0.005539977979295994,-0.0038054737592262814,ENSG00000243479.3,ENSG00000243479,MNX1-AS1
0.02728430849510206,-0.0037485092011361318,ENSG00000140519.14,ENSG00000140519,RHCG
-0.01947318677054879,0.008358586730198774,ENSG00000188916.9,ENSG00000188916,INSYN2A
-0.01711786350092381,0.002862377592240443,ENSG00000196132.14,ENSG00000196132,MYT1
-0.013051982543095164,0.012864485515307245,ENSG00000155511.18,ENSG00000155511,GRIA1
-0.016321820296213048,0.01965085944494623,ENSG00000091138.13,ENSG00000091138,SLC26A3
0.004152968454811024,-0.002194256136517052,ENSG00000256417.1,ENSG00000256417,AC006206.2
0.01743278882722776,0.0256582177699214,ENSG00000211649.3,ENSG00000211649,IGLV7-46
0.006663320267053432,0.0014337258659466473,ENSG00000184937.16,ENSG00000184937,WT1
-0.000704826756755779,0.007769754650301491,ENSG00000133636.11,ENSG00000133636,NTS
0.009249657029046445,0.009691061234744289,ENSG00000172461.11,ENSG00000172461,FUT9
0.022170895360567995,0.0025930254754227837,ENSG00000124107.5,ENSG00000124107,SLPI
-0.011669234870425123,0.003516884759877739,ENSG00000225438.1,ENSG00000225438,KRT41P
0.018319054570951523,0.025771882276435166,ENSG00000241294.1,ENSG00000241294,IGKV2-24
0.002853843434104538,0.031324001403672024,ENSG00000213088.12,ENSG00000213088,ACKR1
0.025602643700206797,-0.0005448031954721513,ENSG00000114547.10,ENSG00000114547,ROPN1B
0.01851665076093474,0.024697896869486643,ENSG00000211652.2,ENSG00000211652,IGLV7-43
-0.005426238885928,0.0285842010477679,ENSG00000166819.12,ENSG00000166819,PLIN1
0.025252950053959975,0.010836091940142484,ENSG00000137699.17,ENSG00000137699,TRIM29
-0.0003840067138442548,0.005316525509032802,ENSG00000100604.13,ENSG00000100604,CHGA
0.004211131313132574,0.028275216947939618,ENSG00000065618.21,ENSG00000065618,COL17A1
0.01975522312164365,0.01307089304013309,ENSG00000257743.8,ENSG00000257743,MGAM2
0.02165837800757695,0.0005277634687708857,ENSG00000114805.18,ENSG00000114805,PLCH1
-0.02766493021658257,0.022240400570222762,ENSG00000232400.1,ENSG00000232400,RAD17P1
0.004967722477145276,-0.003518042676115062,ENSG00000230076.1,ENSG00000230076,RPL10P6
0.0050518173777351835,0.004187009133161388,ENSG00000204832.10,ENSG00000204832,ST8SIA6-AS1
-0.001619816091978259,0.00594978110359769,ENSG00000099954.18,ENSG00000099954,CECR2
0.0027664591230935373,0.0016582517969433623,ENSG00000198074.10,ENSG00000198074,AKR1B10
0.0011976007723373586,0.012861845072977092,ENSG00000124429.18,ENSG00000124429,POF1B
0.021255530817737154,-0.002435940347729122,ENSG00000170465.10,ENSG00000170465,KRT6C
-0.011121806967505652,0.013245158181948213,ENSG00000113924.12,ENSG00000113924,HGD
0.016787318065019128,0.010968481723153584,ENSG00000153292.16,ENSG00000153292,ADGRF1
0.0176330385567716,0.0019183019158147143,ENSG00000107984.10,ENSG00000107984,DKK1
-0.013276836079611684,0.01573691761375688,ENSG00000164199.18,ENSG00000164199,ADGRV1
0.011286037751352672,0.010371122194309301,ENSG00000124882.4,ENSG00000124882,EREG
-0.026676918870436928,0.020417341366251104,ENSG00000158258.16,ENSG00000158258,CLSTN2
0.0041902074579676565,-0.00012593682701520574,ENSG00000215182.8,ENSG00000215182,MUC5AC
-0.007847977122641818,0.0013133400161386426,ENSG00000166159.11,ENSG00000166159,LRTM2
-0.013317993423110802,0.00817056846582148,ENSG00000165078.13,ENSG00000165078,CPA6
0.00899350717769624,0.0047925537659777315,ENSG00000115290.10,ENSG00000115290,GRB14
-0.01909957934798744,0.013771428657046116,ENSG00000218416.4,ENSG00000218416,AC110619.1
0.010274506757030807,0.004896234128959535,ENSG00000019186.10,ENSG00000019186,CYP24A1
-0.016369761679358583,0.016173702961845168,ENSG00000186377.8,ENSG00000186377,CYP4X1
-0.014100716257199608,0.02233617227584607,ENSG00000198944.6,ENSG00000198944,SOWAHA
-0.02015771131367551,0.01849768825116873,ENSG00000132681.17,ENSG00000132681,ATP1A4
0.00804273304183202,0.012314814254262941,ENSG00000113430.10,ENSG00000113430,IRX4
0.02673215660829919,-0.0010947743015270973,ENSG00000188910.8,ENSG00000188910,GJB3
-0.006987069690865629,-0.000712393656049097,ENSG00000164796.18,ENSG00000164796,CSMD3
0.0013778551686344262,0.0056769309074120545,ENSG00000083782.8,ENSG00000083782,EPYC
-0.012659851923555707,0.007990238615293783,ENSG00000183206.17,ENSG00000183206,POTEC
-0.012552143389536462,0.010826395635293038,ENSG00000278484.1,ENSG00000278484,AC010998.3
-0.009102099121031581,0.009544675355962382,ENSG00000233101.10,ENSG00000233101,HOXB-AS3
0.016633002167049975,0.0012755256001686398,ENSG00000268089.3,ENSG00000268089,GABRQ
-0.010322049989957727,0.016979208410031307,ENSG00000146038.12,ENSG00000146038,DCDC2
-0.009162718628231892,0.012234263391770656,ENSG00000152669.9,ENSG00000152669,CCNO
-0.007936090532186649,0.01263630079536012,ENSG00000286058.1,ENSG00000286058,AC018865.2
-0.016420022670131797,0.016321569952190938,ENSG00000130612.16,ENSG00000130612,CYP2G1P
0.02198709670597607,-0.005003993350132245,ENSG00000240280.7,ENSG00000240280,TCAM1P
0.00246390112980646,0.0010956173660542795,ENSG00000125820.6,ENSG00000125820,NKX2-2
-0.009603239542723161,0.011067830654964585,ENSG00000105523.3,ENSG00000105523,FAM83E
-0.005307681201201047,0.010117928662972326,ENSG00000225768.1,ENSG00000225768,LINC02620
0.020651185067074727,0.02212987984181216,ENSG00000196092.14,ENSG00000196092,PAX5
0.00021858304705287609,0.01826645263071582,ENSG00000230937.12,ENSG00000230937,MIR205HG
0.012448729086700493,0.007883167844134514,ENSG00000171346.16,ENSG00000171346,KRT15
0.002613199406874782,9.709783911461259e-07,ENSG00000230798.5,ENSG00000230798,FOXD3-AS1
0.013834805316054643,0.01132313213654919,ENSG00000167759.13,ENSG00000167759,KLK13
-0.027929151594013178,0.018129315097388868,ENSG00000144218.19,ENSG00000144218,AFF3
-0.006303323371194377,0.007710007017904289,ENSG00000139304.16,ENSG00000139304,PTPRQ
0.016156599447813058,0.002526533510471879,ENSG00000152931.9,ENSG00000152931,PART1
0.013275392625500685,0.01720587312374292,ENSG00000115593.15,ENSG00000115593,SMYD1
0.026418192152384293,-0.0037074312461097673,ENSG00000026559.14,ENSG00000026559,KCNG1
-0.012002662019323478,0.0048531003787691115,ENSG00000162975.5,ENSG00000162975,KCNF1
0.020227852075126465,0.021882351239393756,ENSG00000211972.2,ENSG00000211972,IGHV3-66
0.004871647213000574,0.0038815272958958387,ENSG00000261104.1,ENSG00000261104,AC093904.4
-0.013295270082191097,0.003043968400827347,ENSG00000248431.2,ENSG00000248431,AC021134.1
-0.014787949624378299,0.014635243599562638,ENSG00000171903.16,ENSG00000171903,CYP4F11
0.021192901498000273,0.020676336456460723,ENSG00000117215.15,ENSG00000117215,PLA2G2D
-0.0026399160624446813,0.011872828649910886,ENSG00000249158.7,ENSG00000249158,PCDHA11
-0.024026182626119618,0.01266211570720353,ENSG00000285587.1,ENSG00000285587,AC012470.1
0.004622171633787671,-0.004619897705056226,ENSG00000127928.13,ENSG00000127928,GNGT1
0.02057098812412904,-0.0010555696361367424,ENSG00000174963.18,ENSG00000174963,ZIC4
0.023349009075609543,0.01916249745581055,ENSG00000211677.2,ENSG00000211677,IGLC2
0.014299000274572468,-0.0010314650013368617,ENSG00000214336.5,ENSG00000214336,FOXI3
-0.008757146969878615,0.008120498718699182,ENSG00000124237.6,ENSG00000124237,C20orf85
0.019592850484133933,0.024303673122068364,ENSG00000211625.2,ENSG00000211625,IGKV3D-20
0.013233092753070115,-0.005226354209801748,ENSG00000139800.8,ENSG00000139800,ZIC5
0.01940310837995941,0.025033092738300303,ENSG00000278196.3,ENSG00000278196,IGLV2-8
0.019277202909864694,0.023882705686476147,ENSG00000211970.3,ENSG00000211970,IGHV4-61
0.003668833720900663,0.007780465612601128,ENSG00000186474.15,ENSG00000186474,KLK12
-0.0058772110221444315,0.017046059873198353,ENSG00000109321.11,ENSG00000109321,AREG
0.01831020819552211,0.01939403024951975,ENSG00000223648.4,ENSG00000223648,IGHV3-64
0.02108064316581653,0.009093854499926585,ENSG00000265190.7,ENSG00000265190,ANXA8
0.004902313829597584,0.005488898199088355,ENSG00000268864.4,ENSG00000268864,AC011487.2
0.023166482704866403,0.005588706694090901,ENSG00000164825.4,ENSG00000164825,DEFB1
0.017032798438294576,0.024619733395349484,ENSG00000211664.3,ENSG00000211664,IGLV2-18
0.008228704818315198,-0.00631450689605004,ENSG00000170231.16,ENSG00000170231,FABP6
0.015523263249161184,0.0049623842297399625,ENSG00000108244.17,ENSG00000108244,KRT23
-0.003419331131393075,0.025204724243439582,ENSG00000167676.4,ENSG00000167676,PLIN4
-0.010016824673481922,0.018997196386756506,ENSG00000144331.20,ENSG00000144331,ZNF385B
0.0017057608237537748,0.007936299958787012,ENSG00000189431.8,ENSG00000189431,RASSF10
-0.0019057694363059407,0.014523999521234988,ENSG00000179593.16,ENSG00000179593,ALOX15B
0.0013197445332468348,0.030581027806682228,ENSG00000161649.13,ENSG00000161649,CD300LG
0.018718841523430885,0.022056634930773058,ENSG00000232216.1,ENSG00000232216,IGHV3-43
-0.015385243357115382,0.005597177586224795,ENSG00000254080.1,ENSG00000254080,AC115837.1
0.015616986832393704,0.007406915160904001,ENSG00000229754.1,ENSG00000229754,CXCR2P1
-0.015486085819897888,0.005588478475096493,ENSG00000257986.3,ENSG00000257986,LINC02306
-0.008639583034694778,0.01787425545999712,ENSG00000168004.10,ENSG00000168004,PLAAT5
0.004421424059800953,0.008939113328885645,ENSG00000137558.9,ENSG00000137558,PI15
0.025498327333942993,0.008036930485357374,ENSG00000165186.12,ENSG00000165186,PTCHD1
0.000616052147969204,-0.0010226154986713522,ENSG00000224237.1,ENSG00000224237,MICOS10P3
-0.003226247222640771,0.006040267154840527,ENSG00000135413.9,ENSG00000135413,LACRT
-0.018469909723426582,0.013578944349327784,ENSG00000075461.6,ENSG00000075461,CACNG4
-0.025200310765471294,0.0084706160589869,ENSG00000162482.5,ENSG00000162482,AKR7A3
-0.025691066582075605,0.008370005757280575,ENSG00000187045.19,ENSG00000187045,TMPRSS6
0.004823149094941233,-0.00015665113835844813,ENSG00000130675.15,ENSG00000130675,MNX1
0.01401634028128897,0.00596917116627014,ENSG00000171517.6,ENSG00000171517,LPAR3
0.026474220607265758,-0.0013599223187112635,ENSG00000019169.10,ENSG00000019169,MARCO
0.0004137122930595015,-0.0017065261596960017,ENSG00000046774.10,ENSG00000046774,MAGEC2
0.028310632066415174,0.0037952985295090134,ENSG00000174607.11,ENSG00000174607,UGT8
0.001578814845808375,0.0017680960714750633,ENSG00000188620.11,ENSG00000188620,HMX3
0.004694682126352843,0.01841461146447599,ENSG00000105825.14,ENSG00000105825,TFPI2
-0.008320004723540983,0.016667226192665172,ENSG00000153446.16,ENSG00000153446,C16orf89
-0.002599472350035947,0.010292285359879947,ENSG00000213225.7,ENSG00000213225,NOC2LP1
-0.018218752067324623,0.00828309798037683,ENSG00000287226.1,ENSG00000287226,AC084740.1
0.022083297672779244,0.006880010523394528,ENSG00000129455.15,ENSG00000129455,KLK8
-0.009677391710616188,0.018939551944914736,ENSG00000180730.5,ENSG00000180730,SHISA2
-0.00018079177612232951,0.025685138793632434,ENSG00000167588.13,ENSG00000167588,GPD1
0.012276821017587166,-0.0058705867041707735,ENSG00000198930.13,ENSG00000198930,CSAG1
-0.0032979534832397327,0.013795781225477179,ENSG00000278530.4,ENSG00000278530,CHMP1B2P
0.016149137719028307,-0.0007897107497030962,ENSG00000257588.1,ENSG00000257588,AC025154.2
0.016631980712600483,0.0022306782136052887,ENSG00000171209.3,ENSG00000171209,CSN3
0.018466920294743602,0.02551761657570166,ENSG00000224650.2,ENSG00000224650,IGHV3-74
-0.004473449530142314,0.0032222748272708137,ENSG00000287448.1,ENSG00000287448,AC018558.7
-0.02232071433636124,0.011015161648932096,ENSG00000152086.9,ENSG00000152086,TUBA3E
-0.02610109456141465,0.015842194332476668,ENSG00000132554.20,ENSG00000132554,RGS22
-0.013304623846631104,0.00990251470396847,ENSG00000056487.16,ENSG00000056487,PHF21B
0.022701976162085524,0.008355489018068235,ENSG00000179913.11,ENSG00000179913,B3GNT3
0.007553113108042144,-0.0014601551969072957,ENSG00000130540.14,ENSG00000130540,SULT4A1
0.021151842869935645,0.010682601683886956,ENSG00000264230.9,ENSG00000264230,ANXA8L1
0.01014503166633791,-0.0026512904862449702,ENSG00000178445.10,ENSG00000178445,GLDC
-0.011708443591228603,0.0003497685177455203,ENSG00000094796.5,ENSG00000094796,KRT31
0.013008903303443986,-0.0008382490590171522,ENSG00000166396.13,ENSG00000166396,SERPINB7
-0.017565245562095398,0.008615890392265601,ENSG00000147724.12,ENSG00000147724,FAM135B
-0.022026640393124537,0.023481523467751994,ENSG00000163491.16,ENSG00000163491,NEK10
-0.01509890913406688,0.009675507093486663,ENSG00000237423.3,ENSG00000237423,LINC01522
0.005695941246223894,0.0036585908966589383,ENSG00000142178.9,ENSG00000142178,SIK1
0.0015254858690281056,0.022735916106971888,ENSG00000185149.6,ENSG00000185149,NPY2R
0.021688534515747877,0.019573592873673093,ENSG00000100721.11,ENSG00000100721,TCL1A
0.0025080102394694904,0.01289452356945369,ENSG00000100033.16,ENSG00000100033,PRODH
0.020088105510312603,0.021967473364160148,ENSG00000240671.4,ENSG00000240671,IGKV1-8
0.0023829744157140387,0.010553230139988767,ENSG00000134343.14,ENSG00000134343,ANO3
0.019859981887512795,0.004412216187286738,ENSG00000168539.4,ENSG00000168539,CHRM1
0.009842823440502593,0.016390993759900382,ENSG00000133063.16,ENSG00000133063,CHIT1
0.017917688664109695,0.026751375606259755,ENSG00000211895.5,ENSG00000211895,IGHA1
0.001494922685369323,0.0072543025795299915,ENSG00000243137.8,ENSG00000243137,PSG4
-0.014604383100403514,0.013312475240898888,ENSG00000258414.1,ENSG00000258414,AL121790.1
0.006893731530643425,0.0061943516195087246,ENSG00000261520.5,ENSG00000261520,DLGAP1-AS5
0.014695276593554954,-0.003117412214408229,ENSG00000240086.7,ENSG00000240086,AC092969.1
-0.01584331932210447,0.011110421306008223,ENSG00000145832.14,ENSG00000145832,SLC25A48
0.019215104795608673,0.013606245075249128,ENSG00000256124.6,ENSG00000256124,LINC01152
-0.005653749294515912,0.013995168215470056,ENSG00000150051.14,ENSG00000150051,MKX
-0.02017953931166704,0.012773170151869306,ENSG00000175302.5,ENSG00000175302,ANKRD30BP1
-0.019742852970765782,0.011526754150645715,ENSG00000283413.1,ENSG00000283413,AC008703.1
-0.01289837398697786,0.011569883795603038,ENSG00000204511.3,ENSG00000204511,MCCD1
0.017656597555330576,0.030753051994825274,ENSG00000132465.12,ENSG00000132465,JCHAIN
0.013772822585190568,0.01577777903186749,ENSG00000154080.14,ENSG00000154080,CHST9
-0.007519118729252715,0.010519951273127878,ENSG00000165061.15,ENSG00000165061,ZMAT4
0.0232216514521077,-0.000708174516106013,ENSG00000187957.8,ENSG00000187957,DNER
0.019932317076647117,0.021728475508140076,ENSG00000242371.1,ENSG00000242371,IGKV1-39
-0.01625111713890198,0.00628858565262497,ENSG00000235978.6,ENSG00000235978,AC018816.1
0.028941569721039253,-0.0036354910118288676,ENSG00000186007.10,ENSG00000186007,LEMD1
0.029388826275836007,0.004473596446852758,ENSG00000281406.2,ENSG00000281406,BLACAT1
0.020700841478413615,0.003615841859072552,ENSG00000165125.22,ENSG00000165125,TRPV6
0.007135295382974727,0.01676076687648667,ENSG00000257017.9,ENSG00000257017,HP
-0.022385522601205236,0.008355284235179136,ENSG00000207422.1,ENSG00000207422,RNU6-813P
0.013622758412190131,0.0025241460611586494,ENSG00000255836.1,ENSG00000255836,AC131206.1
0.009621449072896894,0.01182254342415452,ENSG00000211892.4,ENSG00000211892,IGHG4
0.021354125798360088,0.00757182017465866,ENSG00000180347.13,ENSG00000180347,ITPRID1
0.004333447708130048,0.012397067733999331,ENSG00000232040.4,ENSG00000232040,ZBED9
0.006664903567737231,-0.0015282875537826676,ENSG00000163209.15,ENSG00000163209,SPRR3
0.004019658423262344,0.0042004348861407964,ENSG00000254851.1,ENSG00000254851,AP005018.2
-0.017343465993024314,0.012201597271302139,ENSG00000287048.1,ENSG00000287048,AC096589.2
-0.0020424795721822354,0.007114098355941472,ENSG00000186529.16,ENSG00000186529,CYP4F3
0.007093568702879551,0.008160555134260658,ENSG00000071909.19,ENSG00000071909,MYO3B
0.0033544037078797554,0.0023037009144220117,ENSG00000196353.11,ENSG00000196353,CPNE4
0.002375361359252913,0.0018726844447317897,ENSG00000275896.6,ENSG00000275896,PRSS2
-0.010654266755605416,0.015248011644452577,ENSG00000184613.11,ENSG00000184613,NELL2
-0.0004196897384863835,0.006604192984127984,ENSG00000137745.12,ENSG00000137745,MMP13
0.021942180437202207,-0.0014137096143616065,ENSG00000121742.19,ENSG00000121742,GJB6
-0.004107926666911134,-0.00045254875153159015,ENSG00000130720.13,ENSG00000130720,FIBCD1
0.0037957152983974355,0.013225606683588721,ENSG00000171195.11,ENSG00000171195,MUC7
0.014863258704768177,0.009156822034511193,ENSG00000168143.9,ENSG00000168143,FAM83B
0.020650350552899252,0.002609034460959065,ENSG00000224259.7,ENSG00000224259,LINC01133
-0.008100245986345697,0.0032563818253014717,ENSG00000174343.6,ENSG00000174343,CHRNA9
0.017687185071985294,0.017673837179050553,ENSG00000173432.12,ENSG00000173432,SAA1
0.023888053811897004,0.02349011597355615,ENSG00000143297.19,ENSG00000143297,FCRL5
0.006964909594853836,0.015953562390872394,ENSG00000160183.17,ENSG00000160183,TMPRSS3
0.009496606560938783,0.01235474365965479,ENSG00000112175.8,ENSG00000112175,BMP5
-0.005598360727148268,0.01893648045604826,ENSG00000150625.16,ENSG00000150625,GPM6A
-0.010410671525268755,0.007553301520219926,ENSG00000261776.1,ENSG00000261776,AC079414.2
0.021074004685440254,-0.00016937771270471698,ENSG00000204542.3,ENSG00000204542,C6orf15
0.007988741484878884,0.011238208884028704,ENSG00000122756.15,ENSG00000122756,CNTFR
0.007860756415184088,0.005348382725959618,ENSG00000287609.1,ENSG00000287609,AL589787.2
0.011685881682127178,0.001801731526619861,ENSG00000197632.9,ENSG00000197632,SERPINB2
-0.008908731136601646,0.00799476127659694,ENSG00000079841.18,ENSG00000079841,RIMS1
0.001313379832638091,-0.007598171532438741,ENSG00000145681.11,ENSG00000145681,HAPLN1
-0.007712757062367374,0.011752699092795743,ENSG00000204335.4,ENSG00000204335,SP5
-0.019743464930569686,0.017342726673227785,ENSG00000171811.14,ENSG00000171811,CFAP46
0.0005645844698398153,0.0003845679658954927,ENSG00000273706.5,ENSG00000273706,LHX1
-0.024513463360699577,0.01649845477485402,ENSG00000188001.10,ENSG00000188001,TPRG1
0.01669316688851111,0.02779747507969136,ENSG00000225698.3,ENSG00000225698,IGHV3-72
-0.019016449073399392,0.012111627799545034,ENSG00000108878.5,ENSG00000108878,CACNG1
-0.017159586711459257,0.016762592678052107,ENSG00000237940.3,ENSG00000237940,LINC01238
0.012485070700663965,0.031235602152187198,ENSG00000101938.15,ENSG00000101938,CHRDL1
0.011411970088055286,0.022387474516825278,ENSG00000135917.16,ENSG00000135917,SLC19A3
0.022168869587842577,-0.0013026902405734956,ENSG00000142449.13,ENSG00000142449,FBN3
0.019885867697684714,0.005156852332360093,ENSG00000204175.5,ENSG00000204175,GPRIN2
-0.0157868941217021,0.008360991538964503,ENSG00000260573.4,ENSG00000260573,AC007493.1
0.006583749875593761,0.01385696818642006,ENSG00000127249.15,ENSG00000127249,ATP13A4
0.012135596009583156,0.017741245777454454,ENSG00000139144.11,ENSG00000139144,PIK3C2G
0.008216388291963831,0.002172113935847091,ENSG00000173702.7,ENSG00000173702,MUC13
0.007999126230024252,0.0101421414607689,ENSG00000166391.15,ENSG00000166391,MOGAT2
0.02026096631328832,0.02312634478062992,ENSG00000224041.3,ENSG00000224041,IGKV3D-15
0.01844321242130605,0.0030748355591197225,ENSG00000177359.20,ENSG00000177359,AC024940.1
-0.027396872236290865,0.017084365360516027,ENSG00000186868.16,ENSG00000186868,MAPT
0.02615377120924982,0.009818483486301679,ENSG00000137673.9,ENSG00000137673,MMP7
-0.015931590637259012,0.010897316751562455,ENSG00000272405.1,ENSG00000272405,AL365181.3
0.02543695363548566,-0.009540401680506657,ENSG00000103355.13,ENSG00000103355,PRSS33
-0.026999257228929482,0.017910420222874146,ENSG00000276644.5,ENSG00000276644,DACH1
-0.022223809962486272,0.019523483368068962,ENSG00000270930.1,ENSG00000270930,GRAMD4P8
-0.009791926722717215,0.010943277400778198,ENSG00000166840.13,ENSG00000166840,GLYATL1
-0.027635325136156977,0.008491364593775082,ENSG00000260710.1,ENSG00000260710,AC120498.4
-0.006251740601477544,-0.0007342630878250197,ENSG00000129991.13,ENSG00000129991,TNNI3
-0.020348718482575846,0.007432753920540041,ENSG00000175920.18,ENSG00000175920,DOK7
-0.009489499782594321,0.022496247546514272,ENSG00000145824.13,ENSG00000145824,CXCL14
-0.013128083043344667,0.00600884748889935,ENSG00000226080.1,ENSG00000226080,RPL6P4
0.023935457821130254,0.00479028419286163,ENSG00000275385.2,ENSG00000275385,CCL18
-0.02271056710139631,0.019940171928905518,ENSG00000253973.3,ENSG00000253973,AC079296.1
-3.32521871913173e-05,0.0050762956006797305,ENSG00000107165.13,ENSG00000107165,TYRP1
0.0033597928463073613,0.0013847983387293736,ENSG00000196436.8,ENSG00000196436,NPIPB15
-0.008189251194664795,0.01652259650246779,ENSG00000160339.16,ENSG00000160339,FCN2
0.00037503499473114457,0.0012171156871004175,ENSG00000166828.3,ENSG00000166828,SCNN1G
0.015411226019149099,0.005683868277505685,ENSG00000146530.14,ENSG00000146530,VWDE
0.019661258304118797,0.004989220663842587,ENSG00000165621.8,ENSG00000165621,OXGR1
-0.015573016814128999,0.015440179142468096,ENSG00000228314.1,ENSG00000228314,CYP4F29P
-0.005516156467423797,0.013713044731811343,ENSG00000166670.10,ENSG00000166670,MMP10
0.00813024985345176,0.0014405676962507042,ENSG00000251151.2,ENSG00000251151,HOXC-AS3
0.020432536237633577,0.005082689189357455,ENSG00000086696.11,ENSG00000086696,HSD17B2
0.026269490615297455,0.0037912042863214326,ENSG00000104044.16,ENSG00000104044,OCA2
-0.002252341242074186,0.01526722113045067,ENSG00000165188.13,ENSG00000165188,RNF183
-0.017973755441897648,0.005451105139907246,ENSG00000107954.10,ENSG00000107954,NEURL1
-0.014861204589227343,0.011457760490012127,ENSG00000184709.7,ENSG00000184709,LRRC26
-0.012720609055656211,0.007866924726819716,ENSG00000253203.6,ENSG00000253203,GUSBP3
-0.008731586514974165,0.012019881144342458,ENSG00000180178.11,ENSG00000180178,FAR2P1
-0.002941109362542866,0.006700049316269117,ENSG00000096088.16,ENSG00000096088,PGC
0.017927998743314282,0.015065481011034226,ENSG00000091513.16,ENSG00000091513,TF
0.025874735909206036,0.0009691336869273546,ENSG00000163362.11,ENSG00000163362,INAVA
0.01585716834429474,0.01995877317211294,ENSG00000225523.2,ENSG00000225523,IGKV6D-21
0.02430295624547112,-0.005714970734267031,ENSG00000130829.18,ENSG00000130829,DUSP9
0.01603984290705763,-0.006364454518841024,ENSG00000105143.12,ENSG00000105143,SLC1A6
-0.02179567910888957,0.011005972435222817,ENSG00000165731.20,ENSG00000165731,RET
0.004085462167884987,0.010084005618419796,ENSG00000171201.12,ENSG00000171201,SMR3B
-0.006940951209903287,0.019558719109412547,ENSG00000106018.14,ENSG00000106018,VIPR2
0.014974438472425708,0.016790863350740322,ENSG00000253818.1,ENSG00000253818,IGLV1-41
-0.013272890961332395,0.011184578641958853,ENSG00000155761.14,ENSG00000155761,SPAG17
-0.004075612925319825,0.011213963050831869,ENSG00000144290.17,ENSG00000144290,SLC4A10
-0.00384753382262442,0.013038937749759144,ENSG00000251664.5,ENSG00000251664,PCDHA12
0.01764361993091105,-0.0028460654620695654,ENSG00000245526.11,ENSG00000245526,LINC00461
0.02204799741944566,-0.000695518323327873,ENSG00000272620.2,ENSG00000272620,AFAP1-AS1
0.005828110362590433,0.0003377450619118571,ENSG00000151224.13,ENSG00000151224,MAT1A
-0.0009439211957402275,0.023225526348046494,ENSG00000189058.9,ENSG00000189058,APOD
-0.012597523928051283,0.03469827300097016,ENSG00000136546.16,ENSG00000136546,SCN7A
0.013623670242046545,0.008791430455029505,ENSG00000074803.20,ENSG00000074803,SLC12A1
0.018909713830010496,0.024044689324080035,ENSG00000241244.1,ENSG00000241244,IGKV1D-16
0.03311578664789958,0.0070198474903200875,ENSG00000119866.22,ENSG00000119866,BCL11A
0.004900909358843034,0.005665920291642769,ENSG00000204140.10,ENSG00000204140,CLPSL1
0.008277950716289794,0.007143222036468598,ENSG00000204179.10,ENSG00000204179,PTPN20
-0.005870778422513275,-0.003012370797578854,ENSG00000132026.14,ENSG00000132026,RTBDN
0.027250862363864717,-0.000411929783853141,ENSG00000163735.7,ENSG00000163735,CXCL5
-0.02091801087072577,0.018158065076654826,ENSG00000139910.20,ENSG00000139910,NOVA1
-0.014838403519423901,0.009736474194595626,ENSG00000261538.1,ENSG00000261538,AC096996.2
0.015504149069877104,0.024132604253334616,ENSG00000253451.1,ENSG00000253451,IGLV2-28
-0.0026458401641924574,0.013347606352930906,ENSG00000106631.8,ENSG00000106631,MYL7
0.009698392308025926,0.018316932448632965,ENSG00000078725.13,ENSG00000078725,BRINP1
-0.021913590639578574,0.018392586847181664,ENSG00000287354.1,ENSG00000287354,AL034351.4
0.018980286006557733,0.022338614321491482,ENSG00000251546.1,ENSG00000251546,IGKV1D-39
0.0038535165392659947,0.00808273450871449,ENSG00000180818.5,ENSG00000180818,HOXC10
-0.007078298822051329,-0.0007100599363414574,ENSG00000070886.12,ENSG00000070886,EPHA8
0.010619430427114239,-0.0019596169529127517,ENSG00000249082.2,ENSG00000249082,C5orf66-AS1
0.006335798362666797,0.02730131156671315,ENSG00000119147.10,ENSG00000119147,ECRG4
0.02547610202636708,-0.006319488604465708,ENSG00000082556.14,ENSG00000082556,OPRK1
-0.0033325501127233308,0.026386393923053746,ENSG00000165269.13,ENSG00000165269,AQP7
0.022038817781383585,0.012517962023689702,ENSG00000281655.1,ENSG00000281655,AP000851.2
0.012248790083740947,-0.00015368774422069726,ENSG00000168243.11,ENSG00000168243,GNG4
-0.008619198474855986,0.007040691841040359,ENSG00000108684.15,ENSG00000108684,ASIC2
-0.0016282671620091234,0.011067095494160054,ENSG00000161905.13,ENSG00000161905,ALOX15
-0.006810482970674988,0.008688132550249786,ENSG00000244125.1,ENSG00000244125,AC078882.1
0.003224331329333708,0.012075447580220843,ENSG00000204128.6,ENSG00000204128,C2orf72
-0.00341291391686373,0.009605921950551256,ENSG00000255026.1,ENSG00000255026,AC136475.3
-0.016039262214696915,0.011145737535368915,ENSG00000152611.12,ENSG00000152611,CAPSL
0.020406452153179752,0.023100393858933334,ENSG00000211952.3,ENSG00000211952,IGHV4-28
-0.004498776012731236,0.009008767691052078,ENSG00000237361.3,ENSG00000237361,TUSC8
0.002970324624062857,0.00952647870242566,ENSG00000170608.3,ENSG00000170608,FOXA3
0.0012647421051558026,0.006653833491964917,ENSG00000105668.7,ENSG00000105668,UPK1A
0.002084327118763512,0.005896566330905741,ENSG00000170579.17,ENSG00000170579,DLGAP1
-0.015986994392219643,-0.0002421087399181153,ENSG00000116014.10,ENSG00000116014,KISS1R
0.017087888033428214,0.0031257799572173514,ENSG00000227471.9,ENSG00000227471,AKR1B15
-0.020625128495535126,0.021285396059842556,ENSG00000280119.1,ENSG00000280119,AC093642.3
-0.024045165757400035,0.013687478147035704,ENSG00000105695.15,ENSG00000105695,MAG
0.0074089369480430725,-0.0012279299525544954,ENSG00000166796.12,ENSG00000166796,LDHC
0.012967640398200971,0.010197299857229404,ENSG00000250366.3,ENSG00000250366,TUNAR
-0.011601376189404973,0.0107123672872813,ENSG00000169862.19,ENSG00000169862,CTNND2
0.015532687841801429,0.016553530979100037,ENSG00000197506.8,ENSG00000197506,SLC28A3
0.01603719940874073,0.017143373584162173,ENSG00000242766.1,ENSG00000242766,IGKV1D-17
-0.0030087232682806777,0.00791620160381185,ENSG00000211891.6,ENSG00000211891,IGHE
-0.01731425266521018,0.008321193898744477,ENSG00000196553.15,ENSG00000196553,CCDC196
-0.013233056717527383,0.011941658519319113,ENSG00000266242.1,ENSG00000266242,GRAMD4P7
0.007511635881635697,-0.003417892657612198,ENSG00000237978.6,ENSG00000237978,KCNMB2-AS1
-0.004503002591160832,0.01143230315796654,ENSG00000171714.12,ENSG00000171714,ANO5
0.020639264133915567,-0.008720265393723064,ENSG00000176887.7,ENSG00000176887,SOX11
-0.009153405319853359,0.016564854732731563,ENSG00000137968.16,ENSG00000137968,SLC44A5
-0.004300785314894679,0.010685005656513704,ENSG00000230498.3,ENSG00000230498,AL035409.1
-0.009787661799024738,0.031708059556562,ENSG00000106809.11,ENSG00000106809,OGN
0.0037639243735936123,0.02667819059552419,ENSG00000152578.13,ENSG00000152578,GRIA4
0.0018590729842028935,0.015113349567370687,ENSG00000103316.12,ENSG00000103316,CRYM
-0.015416008064131398,0.018444311561159835,ENSG00000162722.9,ENSG00000162722,TRIM58
-0.01705532935002212,0.014971869834429425,ENSG00000170054.16,ENSG00000170054,SERPINA9
0.015432003368471656,0.002677102963164505,ENSG00000109205.16,ENSG00000109205,ODAM
0.022499369819139744,-0.003537441249392405,ENSG00000110148.10,ENSG00000110148,CCKBR
0.008590270369881334,0.015671303598040785,ENSG00000141433.13,ENSG00000141433,ADCYAP1
0.012856580189429607,0.0167227789733491,ENSG00000113396.13,ENSG00000113396,SLC27A6
-0.012122912897129927,0.011350412920275913,ENSG00000239402.3,ENSG00000239402,CYP4F62P
-0.011144207259331986,0.02593656359974073,ENSG00000109906.14,ENSG00000109906,ZBTB16
0.020910084032797364,-0.00041616428883823594,ENSG00000171234.14,ENSG00000171234,UGT2B7
0.013152022245920192,0.01397140853252163,ENSG00000123838.11,ENSG00000123838,C4BPA
0.001720289834857764,0.02560120873215849,ENSG00000236333.4,ENSG00000236333,TRHDE-AS1
0.020147555214400745,-0.006486581379825342,ENSG00000108688.11,ENSG00000108688,CCL7
-0.025470817509869605,0.015156430866181422,ENSG00000283526.1,ENSG00000283526,PRRT1B
-0.015594441597996346,0.019000511306630694,ENSG00000157502.13,ENSG00000157502,PWWP3B
-0.018933798361009894,0.016550604103376523,ENSG00000214456.8,ENSG00000214456,PLIN5
0.012544519795541394,0.004163665963950432,ENSG00000165300.7,ENSG00000165300,SLITRK5
0.011828722487584778,0.010863171688369345,ENSG00000158477.7,ENSG00000158477,CD1A
-0.01890579707048033,0.014959225014153687,ENSG00000153132.13,ENSG00000153132,CLGN
0.02256033277065652,-0.008904024378543065,ENSG00000280081.4,ENSG00000280081,LINC01667
0.006618780554299255,0.0048011791538381645,ENSG00000123364.5,ENSG00000123364,HOXC13
0.004732704399920304,0.010486859844812667,ENSG00000231574.6,ENSG00000231574,LINC02015
0.013283329880601701,-0.0002264657270971949,ENSG00000151025.11,ENSG00000151025,GPR158
0.0011528420272608833,0.027015738611518444,ENSG00000248144.6,ENSG00000248144,ADH1C
-9.909466001725741e-05,0.008095305395654713,ENSG00000185290.4,ENSG00000185290,NUPR2
-0.0008804753522811824,0.01888984137920044,ENSG00000203685.10,ENSG00000203685,STUM
0.018803248908845344,-0.0055517117707776665,ENSG00000109255.11,ENSG00000109255,NMU
0.00044847118070786445,0.007067375773056676,ENSG00000170044.8,ENSG00000170044,ZPLD1
-0.022354510189908076,0.018392475175332858,ENSG00000187889.13,ENSG00000187889,FYB2
0.004774394992791387,0.02043283586621553,ENSG00000123560.14,ENSG00000123560,PLP1
0.025750472108836717,0.006294086478722972,ENSG00000101311.16,ENSG00000101311,FERMT1
-0.0029691875356502515,0.006205479504968103,ENSG00000060718.22,ENSG00000060718,COL11A1
-0.027547516894215335,0.007437998615983134,ENSG00000233823.1,ENSG00000233823,AL356311.1
-0.0012712959975427743,0.01834718647124225,ENSG00000142515.15,ENSG00000142515,KLK3
0.01855391309162084,-0.008769812083234662,ENSG00000126233.2,ENSG00000126233,SLURP1
0.010043769158658306,-0.0011201488948817992,ENSG00000265933.5,ENSG00000265933,LINC00668
-0.01311757659301806,0.009793427236165818,ENSG00000229028.2,ENSG00000229028,KRT223P
-0.01618708405539641,0.005154457229894154,ENSG00000259457.1,ENSG00000259457,AC100826.1
0.01968450318378397,0.017785366804096175,ENSG00000211893.4,ENSG00000211893,IGHG2
-0.0033614969528354454,-0.0013327474325714244,ENSG00000131914.11,ENSG00000131914,LIN28A
-0.01343847919492032,0.006649415409574969,ENSG00000187550.9,ENSG00000187550,SBK2
0.0012666695908413186,0.007229724394150387,ENSG00000175426.11,ENSG00000175426,PCSK1
-0.010090884707560931,0.014901564694515005,ENSG00000106688.12,ENSG00000106688,SLC1A1
0.02325428374816031,-0.006500105953707417,ENSG00000179066.8,ENSG00000179066,AC020907.1
0.0018711880620068475,0.028896293179586276,ENSG00000164007.11,ENSG00000164007,CLDN19
-0.028131818991022503,0.014034086982791896,ENSG00000124664.11,ENSG00000124664,SPDEF
-0.017206909948432592,0.022038509246463764,ENSG00000148488.17,ENSG00000148488,ST8SIA6
0.026225992942639793,-0.004224647837524363,ENSG00000155918.8,ENSG00000155918,RAET1L
-0.00829301030401954,0.005460958982254164,ENSG00000169906.5,ENSG00000169906,S100G
-0.0306026907795013,0.017837475240376408,ENSG00000074410.14,ENSG00000074410,CA12
0.011703174998840694,-7.355034054791002e-05,ENSG00000164778.4,ENSG00000164778,EN2
-0.02544882575000765,0.013276797587392088,ENSG00000117472.10,ENSG00000117472,TSPAN1
0.012951326696135355,-0.004967880463771986,ENSG00000236081.1,ENSG00000236081,ELFN1-AS1
0.02647507095120172,0.0008528064963315465,ENSG00000144119.4,ENSG00000144119,C1QL2
-0.029584386463129764,0.017813711320881685,ENSG00000163879.11,ENSG00000163879,DNALI1
-0.00731587649962943,0.002097109444939711,ENSG00000138653.10,ENSG00000138653,NDST4
-0.004320774273648271,0.014685717688878101,ENSG00000178162.8,ENSG00000178162,FAR2P2
0.01915107237981617,-0.0037809802325248854,ENSG00000230257.5,ENSG00000230257,NFE4
0.0005585102245374221,0.01464955992604837,ENSG00000184809.13,ENSG00000184809,B3GALT5-AS1
-0.007747775532138374,0.008096928946919837,ENSG00000185303.17,ENSG00000185303,SFTPA2
0.018163334341332153,0.025924329450919634,ENSG00000163534.15,ENSG00000163534,FCRL1
-0.029449535622137434,0.012547876403170222,ENSG00000230393.1,ENSG00000230393,AC092667.1
0.01661312186002913,-0.0060238840266663325,ENSG00000132437.18,ENSG00000132437,DDC
0.009332950254450726,-0.0035934595821312293,ENSG00000229404.6,ENSG00000229404,LINC00858
0.014498334534638366,-0.004534149836042848,ENSG00000179799.9,ENSG00000179799,OR7E22P
-0.006225909709131775,0.004721321803112816,ENSG00000189212.12,ENSG00000189212,DPY19L2P1
0.019565421785274942,0.01979598011543585,ENSG00000086570.12,ENSG00000086570,FAT2
0.017888878444125844,0.003098503704867077,ENSG00000101746.15,ENSG00000101746,NOL4
0.014965102289655398,0.014945542111756303,ENSG00000133067.17,ENSG00000133067,LGR6
0.011353623972707632,0.003763271617380281,ENSG00000077522.14,ENSG00000077522,ACTN2
0.018174083491968602,0.013589267587083577,ENSG00000163710.9,ENSG00000163710,PCOLCE2
-0.0054280111765837484,0.021188826152284214,ENSG00000170381.14,ENSG00000170381,SEMA3E
-0.015341670629694607,0.02134573529373853,ENSG00000170369.4,ENSG00000170369,CST2
0.01856105804976549,-0.0035894837311892945,ENSG00000007372.24,ENSG00000007372,PAX6
0.006923966440576821,-6.07699111209425e-05,ENSG00000183242.12,ENSG00000183242,WT1-AS
0.019442135075717973,0.024411243374259418,ENSG00000211632.4,ENSG00000211632,IGKV3D-11
-0.016610845249517954,0.008366990500374639,ENSG00000124493.14,ENSG00000124493,GRM4
0.0037538480460154303,0.0002972824856417579,ENSG00000231245.2,ENSG00000231245,C1DP1
-0.014848068788087667,0.007325948655123218,ENSG00000170091.11,ENSG00000170091,NSG2
-0.023879693419998994,0.01287565822018366,ENSG00000099769.6,ENSG00000099769,IGFALS
0.022882619443895823,-0.0013033638919925051,ENSG00000198732.11,ENSG00000198732,SMOC1
-0.027581199326899414,0.01746752214289814,ENSG00000254290.1,ENSG00000254290,AC124067.4
-0.0013405471099150873,0.017003908280643954,ENSG00000069535.14,ENSG00000069535,MAOB
0.012933857127844428,0.0018979936539116078,ENSG00000162366.8,ENSG00000162366,PDZK1IP1
0.017481784149948925,-0.0026358214636129722,ENSG00000181577.16,ENSG00000181577,C6orf223
0.02675939442599132,0.01547139267924759,ENSG00000269404.7,ENSG00000269404,SPIB
0.0076075871583744775,0.007979652088261603,ENSG00000164532.11,ENSG00000164532,TBX20
0.02037173728402121,0.012711825357943737,ENSG00000153820.13,ENSG00000153820,SPHKAP
0.019987319103299133,0.01907520833366312,ENSG00000138755.6,ENSG00000138755,CXCL9
0.003671085279012861,-0.0015466102489563479,ENSG00000231324.1,ENSG00000231324,AP000696.1
0.01821898832247204,0.0050047271656100826,ENSG00000088726.16,ENSG00000088726,TMEM40
-0.017171995936229995,0.009181752015303479,ENSG00000249231.8,ENSG00000249231,CASC16
-0.009187649367733978,0.012060384081838089,ENSG00000231240.1,ENSG00000231240,KLF2P1
-0.014658706016020286,0.0039059377406079256,ENSG00000250418.1,ENSG00000250418,AC093292.1
-0.026129119851814403,0.015462075497884531,ENSG00000251169.2,ENSG00000251169,LINC01843
0.005159026922570835,0.0014215203334837427,ENSG00000205002.4,ENSG00000205002,AARD
0.006545482311733123,0.02054511352963996,ENSG00000138207.14,ENSG00000138207,RBP4
-0.020876806539454354,0.0130529161092196,ENSG00000113739.10,ENSG00000113739,STC2
0.02151274282351666,-0.005957499730074215,ENSG00000148798.11,ENSG00000148798,INA
0.00633552762445192,-3.2553183785176095e-05,ENSG00000204983.14,ENSG00000204983,PRSS1
0.00973505938784524,0.012363131778970414,ENSG00000156284.6,ENSG00000156284,CLDN8
0.0020026498948375053,0.01147128766304333,ENSG00000273018.7,ENSG00000273018,FAM106A
0.01992420544737109,-0.00012930659412551198,ENSG00000196754.13,ENSG00000196754,S100A2
-0.013645382764059182,0.013089773127100824,ENSG00000118702.9,ENSG00000118702,GHRH
-0.026413590347247193,0.01637714093207395,ENSG00000170500.13,ENSG00000170500,LONRF2
0.004860925179724244,-0.0006674226574818365,ENSG00000273983.1,ENSG00000273983,H3C8
0.015749496224613274,0.011737332482270704,ENSG00000112761.21,ENSG00000112761,CCN6
-0.015610506601321893,0.012114787231407433,ENSG00000284659.1,ENSG00000284659,AC073869.6
0.005461099799988071,0.008315847519218959,ENSG00000163331.12,ENSG00000163331,DAPL1
0.0066520062732287055,0.003268003705263245,ENSG00000268686.2,ENSG00000268686,AC010643.1
0.012212826214846827,0.006963377121798653,ENSG00000121207.12,ENSG00000121207,LRAT
-0.02227056069108112,0.018477899767945814,ENSG00000269516.6,ENSG00000269516,CYP4F23P
0.004900436156245945,0.025618789242642243,ENSG00000111404.7,ENSG00000111404,RERGL
0.01169294217592262,0.012376052761776984,ENSG00000151632.17,ENSG00000151632,AKR1C2
0.02023166295184093,0.004809901289359385,ENSG00000064886.14,ENSG00000064886,CHI3L2
0.01713977141025,0.023519692057212795,ENSG00000104921.15,ENSG00000104921,FCER2
-0.005173150520821603,0.013111572784330085,ENSG00000178538.10,ENSG00000178538,CA8
0.014234158737515778,0.00499062596540238,ENSG00000129437.11,ENSG00000129437,KLK14
0.006460591842104766,0.02022582518985948,ENSG00000166405.15,ENSG00000166405,RIC3
0.00033436293391304206,0.018613213586123743,ENSG00000164120.14,ENSG00000164120,HPGD
0.006365819147951084,0.013477646120922063,ENSG00000187908.20,ENSG00000187908,DMBT1
0.0014542590315909602,0.019722137077596798,ENSG00000133317.16,ENSG00000133317,LGALS12
0.010946337205695275,0.01498778805468023,ENSG00000135447.17,ENSG00000135447,PPP1R1A
0.001953264547225253,0.001998506035551428,ENSG00000260289.2,ENSG00000260289,AC093515.1
-0.01189224065537033,0.011595673510648007,ENSG00000152467.10,ENSG00000152467,ZSCAN1
-0.012750858603160135,0.01669315271404204,ENSG00000182798.10,ENSG00000182798,MAGEB17
0.026566158553436935,0.00274301863631838,ENSG00000111344.11,ENSG00000111344,RASAL1
0.003599989316289358,0.0013363598805220976,ENSG00000230061.2,ENSG00000230061,TRPM2-AS
0.019599618477666118,0.015949791200317948,ENSG00000134339.9,ENSG00000134339,SAA2
-0.0009032656112528714,0.004453591161744113,ENSG00000186676.3,ENSG00000186676,EEF1GP1
0.023788466133177068,0.001999632287705522,ENSG00000131686.15,ENSG00000131686,CA6
0.006049386781922799,0.009819496624024452,ENSG00000197360.9,ENSG00000197360,ZNF98
-0.024932574912823427,0.02328094500767411,ENSG00000222014.6,ENSG00000222014,RAB6C
0.004239692463537129,-0.0007723845811123624,ENSG00000251350.2,ENSG00000251350,LINC02475
-0.005761057046680145,0.008692706882401206,ENSG00000183654.9,ENSG00000183654,MARCHF11
-0.013598762467305226,0.015726312789226513,ENSG00000125848.10,ENSG00000125848,FLRT3
-0.023935803444087092,0.01726183862572424,ENSG00000162949.16,ENSG00000162949,CAPN13
0.007110772420079351,0.008792730414542906,ENSG00000125813.13,ENSG00000125813,PAX1
-0.028096599821225702,0.020938916124950354,ENSG00000169083.18,ENSG00000169083,AR
0.01365717039175755,-0.006641656754005533,ENSG00000169469.9,ENSG00000169469,SPRR1B
-0.011154580502019569,0.017762994246995737,ENSG00000134443.10,ENSG00000134443,GRP
-0.020507884440618646,0.019843479636861436,ENSG00000186458.5,ENSG00000186458,DEFB132
-0.007919291742560225,0.008743941407682433,ENSG00000204421.3,ENSG00000204421,LY6G6C
0.027404151929998996,0.006591715377589648,ENSG00000163739.5,ENSG00000163739,CXCL1
-0.005168464117851582,0.016029087023649857,ENSG00000148702.15,ENSG00000148702,HABP2
-0.027540300845002773,0.018819621639146276,ENSG00000259793.1,ENSG00000259793,AC013726.1
0.0045329237194752904,-0.0022433673340290414,ENSG00000180176.15,ENSG00000180176,TH
-0.009225759430636141,0.021022234426238587,ENSG00000188133.6,ENSG00000188133,TMEM215
-0.016090517100270412,0.015529649320452692,ENSG00000175161.14,ENSG00000175161,CADM2
0.022621400625902524,0.022979214587211083,ENSG00000105369.10,ENSG00000105369,CD79A
-0.011092255382258808,0.012203361023088425,ENSG00000007306.15,ENSG00000007306,CEACAM7
0.005640403084588519,0.0015002295833575353,ENSG00000149972.11,ENSG00000149972,CNTN5
-0.021835380239513372,0.010143127981685656,ENSG00000203985.11,ENSG00000203985,LDLRAD1
0.018690328757945775,0.017231115573483485,ENSG00000211900.2,ENSG00000211900,IGHJ6
-0.0050867918756037364,0.004651717813671713,ENSG00000197261.11,ENSG00000197261,C6orf141
-0.014639558174904683,0.016634997509220404,ENSG00000249267.7,ENSG00000249267,LINC00939
-0.01944151894285951,0.01385925586457213,ENSG00000075886.11,ENSG00000075886,TUBA3D
-0.0072354114443426215,0.0142508872936542,ENSG00000150627.16,ENSG00000150627,WDR17
0.004741418873604883,0.011836249921612061,ENSG00000182077.12,ENSG00000182077,PTCHD3
-0.01925355349849671,0.013741546511968551,ENSG00000175336.10,ENSG00000175336,APOF
0.008609646986833409,0.0039755244932108014,ENSG00000287189.1,ENSG00000287189,AL121956.7
-0.013090534828646767,0.027351632114113216,ENSG00000018625.15,ENSG00000018625,ATP1A2
-0.004269400854500909,0.02125209112781801,ENSG00000151834.16,ENSG00000151834,GABRA2
0.02578582736742992,-0.0035561737190386504,ENSG00000203688.6,ENSG00000203688,LINC02487
-0.02869942316707643,0.015004362149685275,ENSG00000259725.1,ENSG00000259725,AC106738.2
-0.003245835825413652,0.015815611586512072,ENSG00000133640.20,ENSG00000133640,LRRIQ1
0.0008168286888776318,0.0016798657643257312,ENSG00000161896.12,ENSG00000161896,IP6K3
0.0005330362076278144,0.01575727367063897,ENSG00000183117.19,ENSG00000183117,CSMD1
-0.011983294712084227,0.010982599772123442,ENSG00000165953.10,ENSG00000165953,SERPINA12
-0.022494773158498006,0.0192260058990209,ENSG00000271850.2,ENSG00000271850,LINC02343
-0.0027584502850343043,0.008304533677978843,ENSG00000196350.9,ENSG00000196350,ZNF729
0.027043932265545557,0.004790323945953953,ENSG00000103546.18,ENSG00000103546,SLC6A2
0.028060404615634874,-0.005946263129039542,ENSG00000213130.3,ENSG00000213130,EEF1DP5
-0.017821982636016913,0.004113855803848306,ENSG00000101435.5,ENSG00000101435,CST9L
0.028548912544154682,-0.003155164000354814,ENSG00000174502.19,ENSG00000174502,SLC26A9
-0.003881728152405492,0.015230657761931329,ENSG00000170160.17,ENSG00000170160,CCDC144A
0.010286022653767615,-0.004103006871939115,ENSG00000144285.22,ENSG00000144285,SCN1A
-0.014258550302988462,0.010165406523032553,ENSG00000187492.9,ENSG00000187492,CDHR4
0.02090709815969825,0.022732601822595403,ENSG00000226777.7,ENSG00000226777,FAM30A
0.020286362116090747,0.02328529835131248,ENSG00000239819.2,ENSG00000239819,IGKV1D-8
0.017667937076266873,0.021609489548372503,ENSG00000244116.3,ENSG00000244116,IGKV2-28
-0.017400649611859664,0.0165075991412048,ENSG00000153347.10,ENSG00000153347,FAM81B
-0.025155186660980256,0.01782749928772482,ENSG00000130045.16,ENSG00000130045,NXNL2
-0.00835513600553995,0.012756179483895088,ENSG00000081842.18,ENSG00000081842,PCDHA6
-0.004281212959158216,0.012439634099850806,ENSG00000104059.4,ENSG00000104059,FAM189A1
0.003507932994257452,0.010361266977506901,ENSG00000158014.15,ENSG00000158014,SLC30A2
-0.019394883218720613,0.002992747707952472,ENSG00000122711.9,ENSG00000122711,SPINK4
0.008438938909774409,0.00544221781773234,ENSG00000183036.11,ENSG00000183036,PCP4
0.01616399198213427,-0.0021514727372090167,ENSG00000251493.5,ENSG00000251493,FOXD1
0.012327412684510292,0.020230139983943445,ENSG00000115361.8,ENSG00000115361,ACADL
0.032558574620877336,-0.0041673367525267065,ENSG00000135069.14,ENSG00000135069,PSAT1
-0.004791132897009972,0.010838971215464992,ENSG00000108231.14,ENSG00000108231,LGI1
0.019652850491371936,-0.0029780714637523565,ENSG00000187689.10,ENSG00000187689,AMTN
-0.0038568866864777253,0.011604225673883682,ENSG00000258484.4,ENSG00000258484,SPESP1
-0.01118005856484204,0.012134660147519245,ENSG00000113763.12,ENSG00000113763,UNC5A
-0.013441751014339214,0.016103177726477666,ENSG00000134020.8,ENSG00000134020,PEBP4
0.012691535084072055,0.008291574600995477,ENSG00000172927.8,ENSG00000172927,MYEOV
0.01845127444137032,0.0010241648598296313,ENSG00000189280.3,ENSG00000189280,GJB5
0.024292854598254244,-0.005073617833267127,ENSG00000163218.15,ENSG00000163218,PGLYRP4
-0.012606377652316033,-0.0006019173594119991,ENSG00000256678.1,ENSG00000256678,AC025423.3
0.02805680381902067,0.00452570934573626,ENSG00000164485.15,ENSG00000164485,IL22RA2
-0.02407479004520973,0.014917253772012463,ENSG00000175985.10,ENSG00000175985,PLEKHD1
0.023062436760644435,0.015662050602380493,ENSG00000237988.5,ENSG00000237988,OR2I1P
0.014409751403573952,0.017772829108959626,ENSG00000211654.2,ENSG00000211654,IGLV5-37
-0.014815259130739116,0.007268849994932488,ENSG00000114757.19,ENSG00000114757,PEX5L
-0.0034656137839639066,0.013711494519612628,ENSG00000188933.16,ENSG00000188933,USP32P1
0.026550015920256683,-0.005359485317174295,ENSG00000163064.7,ENSG00000163064,EN1
0.000810890307177287,0.010848171088600497,ENSG00000273295.1,ENSG00000273295,AP000350.6
0.012718539396484931,0.006953259899485269,ENSG00000261115.6,ENSG00000261115,TMEM178B
0.026521506550630958,-0.008519257698205072,ENSG00000224853.3,ENSG00000224853,LINC00393
0.01621418232473826,0.0034382922036334473,ENSG00000112280.17,ENSG00000112280,COL9A1
0.013483383531141717,-0.0060181282154359505,ENSG00000268964.3,ENSG00000268964,ERVV-2
0.0015015093076984805,0.004226216370644255,ENSG00000225840.2,ENSG00000225840,AC010970.1
-0.019460716894446978,0.013900288282115689,ENSG00000102313.9,ENSG00000102313,ITIH6
0.0126777349400627,0.0133975500476134,ENSG00000112246.10,ENSG00000112246,SIM1
0.02661138825072461,0.008539823410838235,ENSG00000133048.13,ENSG00000133048,CHI3L1
-0.005574485636064319,0.012182251856497841,ENSG00000204967.12,ENSG00000204967,PCDHA4
-0.026498104876982533,0.015118743137646915,ENSG00000235049.1,ENSG00000235049,LINC00940
-0.013681328692266504,0.011651111254098841,ENSG00000222033.1,ENSG00000222033,LINC01124
0.004010471735679043,0.0007897473969461377,ENSG00000223715.3,ENSG00000223715,LINC01208
0.0183258434736354,0.010468369857328092,ENSG00000084453.16,ENSG00000084453,SLCO1A2
-0.025193742473153428,0.01661049091029821,ENSG00000225208.1,ENSG00000225208,AL133387.1
-0.006557235393236429,0.014515409003973467,ENSG00000257335.8,ENSG00000257335,MGAM
0.000936864896905109,0.025779743109263953,ENSG00000116690.13,ENSG00000116690,PRG4
-0.005316663480640763,0.01685279821257504,ENSG00000185002.10,ENSG00000185002,RFX6
-0.0011495488013778578,0.003989405944815424,ENSG00000204860.5,ENSG00000204860,FAM201A
0.020106070380698803,-0.00043035110867983427,ENSG00000173262.12,ENSG00000173262,SLC2A14
0.016224940275514268,0.0010269222034578849,ENSG00000182256.13,ENSG00000182256,GABRG3
-0.0012854735201884248,-0.001218248493312998,ENSG00000129990.15,ENSG00000129990,SYT5
-0.029076682179828915,0.012871194995025606,ENSG00000108176.15,ENSG00000108176,DNAJC12
-2.5460156930188815e-05,0.02382153715880135,ENSG00000287148.1,ENSG00000287148,LINCADL
-0.002196339033029567,0.009227108170333852,ENSG00000146151.14,ENSG00000146151,HMGCLL1
-0.001862150892339276,0.008455405132155414,ENSG00000258998.2,ENSG00000258998,LINC02302
-0.008389364058653256,0.011285905079891372,ENSG00000225708.6,ENSG00000225708,AL354984.2
-0.004461012989385421,0.007635077226117803,ENSG00000228217.1,ENSG00000228217,PNRC2P1
0.01848146083317922,0.024113415584851385,ENSG00000231292.6,ENSG00000231292,IGKV1OR2-108
-0.029657995659087985,0.01570125376617657,ENSG00000176532.4,ENSG00000176532,PRR15
0.0013739254616086712,0.00518565780909851,ENSG00000087128.10,ENSG00000087128,TMPRSS11E
-0.002387736519173697,0.017489408092354303,ENSG00000019102.12,ENSG00000019102,VSIG2
0.0025848343119312853,0.02815585165504248,ENSG00000165349.12,ENSG00000165349,SLC7A3
0.020970685367894412,0.006394397164430094,ENSG00000104055.16,ENSG00000104055,TGM5
-0.00011411670146524735,0.030951354464770015,ENSG00000182836.10,ENSG00000182836,PLCXD3
0.002085964063632444,-0.004353620912439061,ENSG00000213025.2,ENSG00000213025,COX20P1
0.018468934517081228,-0.0011324131223401262,ENSG00000103569.10,ENSG00000103569,AQP9
-0.021017160041618126,0.016543409348691508,ENSG00000110169.11,ENSG00000110169,HPX
0.021059001897608755,0.00491041756699907,ENSG00000225431.1,ENSG00000225431,LINC01671
-0.000960604030925339,-0.0041525179708942666,ENSG00000143512.13,ENSG00000143512,HHIPL2
-0.021294821919573912,0.013667647296893322,ENSG00000284395.2,ENSG00000284395,PERCC1
0.0009009488647500799,0.012931257731740415,ENSG00000248801.7,ENSG00000248801,C8orf34-AS1
0.017081872845426976,-0.0015771327192446306,ENSG00000285973.2,ENSG00000285973,AC063960.2
0.024322680204258297,-0.005142523149825189,ENSG00000170523.3,ENSG00000170523,KRT83
0.014352381532448862,0.015970174040356732,ENSG00000182601.7,ENSG00000182601,HS3ST4
0.0048303035050776,0.007283204718338105,ENSG00000248810.2,ENSG00000248810,LINC02432
0.0010275855262774725,0.00433670788328419,ENSG00000180071.20,ENSG00000180071,ANKRD18A
-0.006443779394979704,0.022566064681852762,ENSG00000186204.15,ENSG00000186204,CYP4F12
0.015776785402541287,0.0135578409301923,ENSG00000170549.4,ENSG00000170549,IRX1
0.002394588645487962,-0.004513507291911571,ENSG00000287064.1,ENSG00000287064,AL606500.1
-0.013091867037698723,0.017812457758243447,ENSG00000267056.2,ENSG00000267056,AC005336.1
0.01075221610076852,0.014856259996762797,ENSG00000175084.12,ENSG00000175084,DES
-0.022322197015207813,0.013199625677350984,ENSG00000234115.2,ENSG00000234115,AL138878.2
-0.024649470835711944,0.01872812022255263,ENSG00000166106.3,ENSG00000166106,ADAMTS15
0.005534090004154374,0.0022707086587749154,ENSG00000123201.14,ENSG00000123201,GUCY1B2
0.011601677080423606,-0.002309726578745974,ENSG00000197444.10,ENSG00000197444,OGDHL
-0.008643320747990695,0.027121975195264183,ENSG00000006128.12,ENSG00000006128,TAC1
-0.0007741606584534253,0.00019957131763539946,ENSG00000286456.1,ENSG00000286456,AC016769.5
0.028254676105927058,-0.0028925357823397727,ENSG00000246228.6,ENSG00000246228,CASC8
0.007334391978947904,0.0015742780824518211,ENSG00000277200.1,ENSG00000277200,AC005696.4
0.004690874834313624,0.013954721482371065,ENSG00000179915.24,ENSG00000179915,NRXN1
0.020571273277328318,-0.00211527657141287,ENSG00000127252.7,ENSG00000127252,PLAAT1
0.025723362978861377,-0.00641791223991528,ENSG00000069482.7,ENSG00000069482,GAL
0.02207840429671822,0.004983976224954626,ENSG00000231106.2,ENSG00000231106,LINC01436
-0.006988774728051718,0.023588045803645687,ENSG00000122025.15,ENSG00000122025,FLT3
0.017803639355261587,0.024899911428614883,ENSG00000136573.14,ENSG00000136573,BLK
0.014743276827396727,0.013344160198070687,ENSG00000183780.13,ENSG00000183780,SLC35F3
0.024411162678586007,0.002110678681090608,ENSG00000177459.11,ENSG00000177459,ERICH5
0.00857528671285001,0.003987012605837205,ENSG00000187848.15,ENSG00000187848,P2RX2
-0.025989917555393097,0.014780493062449636,ENSG00000124249.7,ENSG00000124249,KCNK15
-0.018238305117854604,0.00970142823230999,ENSG00000131096.10,ENSG00000131096,PYY
-0.014836419244462617,0.004174262823068459,ENSG00000079393.20,ENSG00000079393,DUSP13
0.011062914433821978,0.018400394106448822,ENSG00000153822.14,ENSG00000153822,KCNJ16
-0.010841116121184633,0.01614411183475125,ENSG00000153930.12,ENSG00000153930,ANKFN1
-0.02124110661125188,0.019004532162673445,ENSG00000196834.13,ENSG00000196834,POTEI
-0.025043201578776812,0.017415331517049836,ENSG00000196208.14,ENSG00000196208,GREB1
0.02074329369917425,-0.004706896036737429,ENSG00000115850.10,ENSG00000115850,LCT
0.026353946506754634,-0.007963662112602795,ENSG00000248538.8,ENSG00000248538,AC022784.1
-0.021452020414282128,0.019503412230865744,ENSG00000237970.1,ENSG00000237970,TMEM161BP1
0.0033936404985899634,0.01675248038147594,ENSG00000111249.14,ENSG00000111249,CUX2
0.014823747776921114,-6.483386829035197e-05,ENSG00000105877.18,ENSG00000105877,DNAH11
-0.006698198997418993,0.022061689082247694,ENSG00000167749.11,ENSG00000167749,KLK4
0.021721299670444907,0.0038530888171997213,ENSG00000185634.12,ENSG00000185634,SHC4
0.026613686117709874,-0.0023180842069231863,ENSG00000231817.9,ENSG00000231817,LINC01198
0.019865563804682903,0.024743571463223563,ENSG00000243063.1,ENSG00000243063,IGKV3-7
-0.006267110907449979,0.009602734740084523,ENSG00000164089.9,ENSG00000164089,ETNPPL
-0.01707856778825228,0.015526953150249274,ENSG00000159307.19,ENSG00000159307,SCUBE1
0.012593518280561693,0.02058614274753381,ENSG00000143768.13,ENSG00000143768,LEFTY2
0.030095512611961913,0.0019317711574608379,ENSG00000081985.13,ENSG00000081985,IL12RB2
-0.004383965750355496,0.020515055205576914,ENSG00000145536.15,ENSG00000145536,ADAMTS16
-0.002192578534571489,0.00263472895778899,ENSG00000260903.3,ENSG00000260903,XKR7
0.013429331629536797,-0.006038716143048455,ENSG00000287407.1,ENSG00000287407,AL596442.3
-0.006317446975202071,0.01388939851188659,ENSG00000109424.4,ENSG00000109424,UCP1
-0.005246917852241007,0.005429933497488483,ENSG00000145526.12,ENSG00000145526,CDH18
0.0023251440751171303,0.007361309131864171,ENSG00000171303.7,ENSG00000171303,KCNK3
-0.011744250889613396,0.020582633298906486,ENSG00000225154.2,ENSG00000225154,TUBAP9
0.011879761284754793,0.010342589619174811,ENSG00000182103.5,ENSG00000182103,FAM181B
0.02265313472775442,0.012533789997788397,ENSG00000164099.3,ENSG00000164099,PRSS12
0.029742736514169827,-0.0034720141245536042,ENSG00000259374.2,ENSG00000259374,NDUFB4P11
0.007896783158720451,-0.0033196048893283105,ENSG00000235026.6,ENSG00000235026,DPP10-AS1
0.01044990545868191,0.016081775343127228,ENSG00000283646.2,ENSG00000283646,LINC02009
-0.010282427183769623,0.003298041265752795,ENSG00000181378.14,ENSG00000181378,CFAP65
0.020226490445621106,0.019847895444022826,ENSG00000259337.4,ENSG00000259337,IGHV1OR15-2
0.019578821003145404,0.003288731649080482,ENSG00000198910.14,ENSG00000198910,L1CAM
-0.013100778426558077,0.00821525322896773,ENSG00000257434.1,ENSG00000257434,AC073525.1
0.028352808931360354,-0.0008762907052437316,ENSG00000115596.4,ENSG00000115596,WNT6
-0.017140877407021738,0.019293264372921417,ENSG00000204338.8,ENSG00000204338,CYP21A1P
-0.0036778835622413605,0.0017912727341989493,ENSG00000188624.3,ENSG00000188624,IGFL3
0.0040939591483484345,0.02843988456772456,ENSG00000073282.14,ENSG00000073282,TP63
-0.01617304568807387,0.007241348895611663,ENSG00000236054.1,ENSG00000236054,SYN3-AS1
0.009558007517098854,0.0071085715093032265,ENSG00000132821.12,ENSG00000132821,VSTM2L
0.003034198531336774,0.01381348242391117,ENSG00000255545.8,ENSG00000255545,B3GAT1-DT
-0.019391614417643508,0.018488719718832772,ENSG00000267385.1,ENSG00000267385,AC011498.4
0.020969648388572844,0.024753419836435597,ENSG00000132704.16,ENSG00000132704,FCRL2
-0.004484422348924963,0.006450016413483569,ENSG00000262539.1,ENSG00000262539,AC005829.2
0.020878117164954427,0.021862974657833115,ENSG00000282600.2,ENSG00000282600,IGHV3-69-1
-0.005533203332817059,0.009795867651061019,ENSG00000177238.14,ENSG00000177238,TRIM72
-0.00372577621769419,0.00113028540594936,ENSG00000236212.2,ENSG00000236212,AC009262.1
-0.0008401803690930838,0.0008418935104256705,ENSG00000287158.1,ENSG00000287158,AC117464.1
-0.015801692639083643,0.015628235333937885,ENSG00000104237.11,ENSG00000104237,RP1
0.0005059104900333173,-0.0038677579001200175,ENSG00000137261.14,ENSG00000137261,KIAA0319
0.0005528691233989783,0.02273525601224395,ENSG00000167434.10,ENSG00000167434,CA4
0.0032335726078453267,0.0030578560601165323,ENSG00000107295.10,ENSG00000107295,SH3GL2
0.004449941394348075,-0.0021301666197692695,ENSG00000237289.10,ENSG00000237289,CKMT1B
0.019582952733936617,0.024081875474318493,ENSG00000254395.1,ENSG00000254395,IGHV4-55
0.02174628726721744,-0.008417899155142525,ENSG00000275216.2,ENSG00000275216,AL161431.1
0.014754024573821668,0.025660767829932256,ENSG00000211961.3,ENSG00000211961,IGHV1-45
-0.018267413566701262,0.007787300746798946,ENSG00000172232.10,ENSG00000172232,AZU1
0.015924187220950087,0.0027436081368114678,ENSG00000100473.18,ENSG00000100473,COCH
-0.006028389068171221,0.009469242429124392,ENSG00000274512.5,ENSG00000274512,TBC1D3L
-0.017829085981088347,0.01758743005247859,ENSG00000283703.2,ENSG00000283703,VSIG10L2
-0.014933253350823949,0.014750318883852802,ENSG00000259087.5,ENSG00000259087,AL121790.2
0.0014044322845927395,0.013696451664697447,ENSG00000251381.8,ENSG00000251381,LINC00958
0.03066682397971737,-0.005519431375282581,ENSG00000254416.6,ENSG00000254416,LINC02732
0.020156275541610914,-0.00046137674108931106,ENSG00000131668.14,ENSG00000131668,BARX1
-0.02085189569086259,0.008367958230669466,ENSG00000277010.1,ENSG00000277010,AC120498.10
0.005565754564921708,0.0033797058415446896,ENSG00000167800.9,ENSG00000167800,TBX10
0.007358497745514208,0.004108738792613541,ENSG00000262943.7,ENSG00000262943,ALOX12P2
0.029234991294537837,-0.009999394993802603,ENSG00000257271.1,ENSG00000257271,KIRREL3-AS1
0.010408105503492677,0.0021329919852562692,ENSG00000223573.7,ENSG00000223573,TINCR
0.021521743977143695,0.024046632778100503,ENSG00000048462.11,ENSG00000048462,TNFRSF17
-0.020396091835538192,0.019058307653739694,ENSG00000157303.11,ENSG00000157303,SUSD3
-0.00892142441046313,0.018968631277051697,ENSG00000286449.1,ENSG00000286449,AC016590.4
0.004987439487593021,-0.0026765397157960144,ENSG00000241945.8,ENSG00000241945,PWP2
0.020283645975172144,0.025142438697104974,ENSG00000160856.21,ENSG00000160856,FCRL3
0.0005790514778649335,0.002796714578786457,ENSG00000254101.7,ENSG00000254101,LINC02055
0.02519428030616076,0.02332398129156326,ENSG00000110777.12,ENSG00000110777,POU2AF1
0.0009495343711126927,-0.007636102622764364,ENSG00000271830.1,ENSG00000271830,AC012213.4
0.02475128599132278,0.01467685276753019,ENSG00000160307.10,ENSG00000160307,S100B
0.025497628493504107,0.006771494384185591,ENSG00000101425.14,ENSG00000101425,BPI
-0.007310781952145488,0.01911927275436638,ENSG00000056291.17,ENSG00000056291,NPFFR2
0.00883866464025537,0.009439052891690487,ENSG00000173809.18,ENSG00000173809,TDRD12
0.02086308913088919,-0.0012042612814428793,ENSG00000136099.13,ENSG00000136099,PCDH8
0.019823916855797426,0.020559669010955597,ENSG00000242076.2,ENSG00000242076,IGKV1-33
0.0018443277811630461,0.013914681740304967,ENSG00000167768.4,ENSG00000167768,KRT1
0.015654291983174386,0.011208616687125082,ENSG00000134548.11,ENSG00000134548,SPX
0.0219110251092804,0.020231356246864996,ENSG00000254709.8,ENSG00000254709,IGLL5
0.005136730099773428,0.0017806594361874134,ENSG00000153294.12,ENSG00000153294,ADGRF4
-0.020620679578166174,0.008376109121805765,ENSG00000140284.11,ENSG00000140284,SLC27A2
0.016573813517993096,0.005816528629409402,ENSG00000135480.16,ENSG00000135480,KRT7
-0.004583851231477925,0.008298893090921227,ENSG00000128683.14,ENSG00000128683,GAD1
-0.0005979295975139616,0.00655809982472323,ENSG00000227403.2,ENSG00000227403,LINC01806
0.02151957333685784,0.021336269602776778,ENSG00000177455.15,ENSG00000177455,CD19
-0.00062615430619069,0.004369446856185785,ENSG00000142025.16,ENSG00000142025,DMRTC2
-0.0005429431131648091,0.0035571648178901226,ENSG00000196890.4,ENSG00000196890,H2BU1
-0.019525773855027927,0.015182981663027515,ENSG00000164742.16,ENSG00000164742,ADCY1
0.02605713557279281,0.0034917560226924763,ENSG00000238266.2,ENSG00000238266,LINC00707
0.025532366207632457,0.010716563361345102,ENSG00000163661.4,ENSG00000163661,PTX3
-0.020344960154786974,0.01404339672268251,ENSG00000188817.8,ENSG00000188817,SNTN
-0.017937297301134296,0.022498396791130977,ENSG00000224389.9,ENSG00000224389,C4B
0.010851494046314821,0.001141683048896601,ENSG00000214776.12,ENSG00000214776,AC092821.1
-0.008303326378732465,0.011137314686018753,ENSG00000162409.11,ENSG00000162409,PRKAA2
-0.008104202017391185,0.004899310808630247,ENSG00000167916.5,ENSG00000167916,KRT24
-0.0050346878156857155,0.003104456765246727,ENSG00000196747.4,ENSG00000196747,H2AC13
0.0009556651682978197,-0.003930066205873503,ENSG00000262902.1,ENSG00000262902,MTCO1P40
-0.008065250082742855,0.007772825656220004,ENSG00000268529.1,ENSG00000268529,CYP2T3P
-0.0010356520912360165,0.023182419686839838,ENSG00000184601.11,ENSG00000184601,C14orf180
-0.0256284897906808,0.013808586464467447,ENSG00000214313.8,ENSG00000214313,AZGP1P1
0.0010699823241008177,-0.00038700776932272757,ENSG00000227097.5,ENSG00000227097,RPS28P7
0.025228912843625672,-0.004697382479060962,ENSG00000146013.11,ENSG00000146013,GFRA3
0.00550645651697723,0.008657879009247004,ENSG00000168671.10,ENSG00000168671,UGT3A2
-0.008758400434026125,0.01045715724953765,ENSG00000132746.15,ENSG00000132746,ALDH3B2
-0.010755349575126607,0.013631876789068749,ENSG00000165309.14,ENSG00000165309,ARMC3
-0.007362029581616157,0.022060490935331373,ENSG00000157150.5,ENSG00000157150,TIMP4
0.01111425682148626,-0.003958750067353487,ENSG00000125144.14,ENSG00000125144,MT1G
0.026347801483715266,-0.006442074692648627,ENSG00000152192.8,ENSG00000152192,POU4F1
-0.020705156825698602,0.02238699896727932,ENSG00000171385.10,ENSG00000171385,KCND3
-0.009170259614767627,0.00012384227000456234,ENSG00000175766.13,ENSG00000175766,EIF4E1B
-0.03205816052907759,0.017221197573824464,ENSG00000115648.14,ENSG00000115648,MLPH
-0.0013715250004620522,0.004937785056883676,ENSG00000185156.6,ENSG00000185156,MFSD6L
-0.01193224093835501,0.02314971334543298,ENSG00000197253.13,ENSG00000197253,TPSB2
0.01774983447114871,0.025399665401578495,ENSG00000239975.2,ENSG00000239975,IGKV1D-33
0.021873451079970564,-0.0012221242671886477,ENSG00000135116.9,ENSG00000135116,HRK
-0.017187589692850263,0.021534561719370075,ENSG00000244731.8,ENSG00000244731,C4A
-0.024402521559575625,0.017911703174963014,ENSG00000170959.14,ENSG00000170959,DCDC1
0.009370590668290536,-0.005509902233228468,ENSG00000249395.4,ENSG00000249395,CASC9
-0.006765244812937214,0.01308600028316016,ENSG00000253364.2,ENSG00000253364,COPDA1
0.02244030409690164,-0.005144527506832683,ENSG00000006377.11,ENSG00000006377,DLX6
0.006938618486729612,0.01210349756958125,ENSG00000148735.15,ENSG00000148735,PLEKHS1
0.005744925006240641,-0.0006720287420886097,ENSG00000266602.2,ENSG00000266602,AP005262.1
0.010448091246159565,0.004321220056922314,ENSG00000104112.9,ENSG00000104112,SCG3
0.02259898960607555,0.0032548551861025276,ENSG00000140835.10,ENSG00000140835,CHST4
0.020862106557308534,0.0011666931970911183,ENSG00000164106.8,ENSG00000164106,SCRG1
-0.0072412314892589275,0.02639776166733941,ENSG00000187398.12,ENSG00000187398,LUZP2
-0.008611297725685552,0.024333970005848943,ENSG00000197565.16,ENSG00000197565,COL4A6
0.0029378475630753406,0.0035338000995996624,ENSG00000143632.14,ENSG00000143632,ACTA1
0.006392922819550174,-0.007247982213277833,ENSG00000183971.10,ENSG00000183971,NPW
0.008727916393131342,0.0007631515217561235,ENSG00000187140.6,ENSG00000187140,FOXD3
-0.0016414553820960844,0.0056333684953484104,ENSG00000116329.11,ENSG00000116329,OPRD1
-0.006164026657896938,0.009992492609640632,ENSG00000205362.11,ENSG00000205362,MT1A
0.015505603770789333,0.011075365042156275,ENSG00000134873.10,ENSG00000134873,CLDN10
0.026713802431892017,0.008517559058150345,ENSG00000131203.13,ENSG00000131203,IDO1
0.01918542651554443,-0.003668352986188203,ENSG00000253301.6,ENSG00000253301,LINC01606
-0.0001825037125022608,-0.006234037917356112,ENSG00000029559.7,ENSG00000029559,IBSP
0.012106165312353876,0.014671449953191454,ENSG00000263961.8,ENSG00000263961,RHEX
0.0017311310455514557,0.0033855297497928506,ENSG00000166342.19,ENSG00000166342,NETO1
-0.004981979776476848,0.009530007641385793,ENSG00000104313.20,ENSG00000104313,EYA1
0.001286093231697405,0.0012247812041684375,ENSG00000178235.8,ENSG00000178235,SLITRK1
0.01897062250464583,-0.0029474834005678964,ENSG00000231107.2,ENSG00000231107,LINC01508
-0.010683898486326136,0.005957594964106281,ENSG00000266200.6,ENSG00000266200,PNLIPRP2
0.017205337833979137,0.01758478632852465,ENSG00000143867.7,ENSG00000143867,OSR1
-0.01138477386587319,0.007156816091628189,ENSG00000115665.9,ENSG00000115665,SLC5A7
0.006457165052267002,0.008414346291807045,ENSG00000226025.9,ENSG00000226025,LGALS17A
-0.022596818190452755,0.018576459518462696,ENSG00000188959.9,ENSG00000188959,C9orf152
-0.004776093160354459,0.008622563537345583,ENSG00000166897.16,ENSG00000166897,ELFN2
0.029263732066988044,-0.0014237978074010682,ENSG00000154645.14,ENSG00000154645,CHODL
-0.002917895080330509,0.0008650409098042757,ENSG00000256618.2,ENSG00000256618,MTRNR2L1
-0.022730117650062512,0.017130013241709402,ENSG00000143473.13,ENSG00000143473,KCNH1
0.01383232901365357,0.010315592770921478,ENSG00000163017.14,ENSG00000163017,ACTG2
0.004634361530837625,0.014502925890285569,ENSG00000043591.6,ENSG00000043591,ADRB1
-0.006175749088936034,0.011263242500440815,ENSG00000167858.13,ENSG00000167858,TEKT1
0.0003235674204420339,0.0026208776140719202,ENSG00000224272.2,ENSG00000224272,AC131097.2
0.007499520777520614,0.015515318987275723,ENSG00000148123.15,ENSG00000148123,PLPPR1
-0.014462523520651641,0.012149695282335298,ENSG00000229953.1,ENSG00000229953,AL590666.2
-0.005135967109241928,0.013751121525919984,ENSG00000187634.12,ENSG00000187634,SAMD11
0.0034631768629866796,-0.0007101542649343487,ENSG00000275713.2,ENSG00000275713,H2BC9
-0.003052045895294067,0.031388145023195986,ENSG00000100448.4,ENSG00000100448,CTSG
-0.0023532016172237483,0.005368244670071827,ENSG00000154252.12,ENSG00000154252,GAL3ST2
0.025473184663168065,0.001750726460357754,ENSG00000144481.17,ENSG00000144481,TRPM8
-0.009360450905365464,0.02339297117596209,ENSG00000174680.10,ENSG00000174680,GRIK1-AS1
-0.008999692703200092,0.0027626128562608663,ENSG00000285644.1,ENSG00000285644,AC108448.3
-0.02985436821936591,0.013282564084027294,ENSG00000168350.8,ENSG00000168350,DEGS2
-0.010504411931843018,0.011002001952219365,ENSG00000120075.5,ENSG00000120075,HOXB5
-0.018926241193932172,0.016614691265405875,ENSG00000187123.15,ENSG00000187123,LYPD6
0.007877129422902624,0.02489311214859065,ENSG00000101349.17,ENSG00000101349,PAK5
0.0018308014106381124,0.0026561611465059694,ENSG00000204099.12,ENSG00000204099,NEU4
0.0022631309531291944,0.004951827526962344,ENSG00000171560.16,ENSG00000171560,FGA
0.01237715053509507,0.007364704868954775,ENSG00000182795.13,ENSG00000182795,C1orf116
-0.008445649583210634,0.015002806060918037,ENSG00000249242.8,ENSG00000249242,TMEM150C
-0.017199024875113475,0.022020063050297734,ENSG00000154654.15,ENSG00000154654,NCAM2
-0.012498828442001196,0.006690912551769423,ENSG00000137948.18,ENSG00000137948,BRDT
-0.013310948992031387,0.008053382450264625,ENSG00000287971.1,ENSG00000287971,AC093642.6
0.011895690717230446,0.007929737110647182,ENSG00000287252.1,ENSG00000287252,AL009179.1
-0.02702192843753572,0.016286422552509,ENSG00000164893.9,ENSG00000164893,SLC7A13
-0.021670570003348703,0.010837920874989184,ENSG00000099812.9,ENSG00000099812,MISP
0.015762897366039277,-0.0017080677019614301,ENSG00000130287.14,ENSG00000130287,NCAN
-0.0182265141937601,0.015495847029755183,ENSG00000169344.15,ENSG00000169344,UMOD
-0.02157830976367993,0.006672425755668287,ENSG00000188833.10,ENSG00000188833,ENTPD8
-0.013129002202590525,0.011612096630038355,ENSG00000224715.1,ENSG00000224715,Z82186.1
-0.006948486303351513,0.011935830771451229,ENSG00000169126.16,ENSG00000169126,ARMC4
-0.007309586775770855,0.0070822128853600735,ENSG00000183273.7,ENSG00000183273,CCDC60
0.018707833509768637,0.002682613711764709,ENSG00000180438.15,ENSG00000180438,TPRXL
-0.008792961270714095,0.001712546756008064,ENSG00000174156.15,ENSG00000174156,GSTA3
0.0007106581363929484,0.0030949562543367464,ENSG00000155495.9,ENSG00000155495,MAGEC1
0.007851914246736275,0.010211495065902397,ENSG00000178403.4,ENSG00000178403,NEUROG2
-0.014375788740060137,0.028581886830684865,ENSG00000163751.4,ENSG00000163751,CPA3
-0.0074305535316529035,0.012587398662345371,ENSG00000183434.10,ENSG00000183434,TFDP3
-0.022129889224304578,0.010669612731907849,ENSG00000287331.1,ENSG00000287331,AC106045.1
-0.0036675989951334793,0.0038091988159121393,ENSG00000150722.10,ENSG00000150722,PPP1R1C
0.008799746762405138,0.008487008985589009,ENSG00000100427.16,ENSG00000100427,MLC1
-0.0038575280590871287,0.009532220662228546,ENSG00000160716.6,ENSG00000160716,CHRNB2
0.015528130940015743,-0.004296938038777701,ENSG00000268916.6,ENSG00000268916,CSAG3
-0.01612748416300819,0.006859047164706238,ENSG00000253361.3,ENSG00000253361,AC069120.1
0.007228672627068453,0.0045854944318538485,ENSG00000188293.6,ENSG00000188293,IGFL1
0.0016425163244156602,-0.0006470950948801791,ENSG00000223572.10,ENSG00000223572,CKMT1A
0.006990484091978202,0.008986591426816168,ENSG00000171004.18,ENSG00000171004,HS6ST2
0.025471054551082957,0.00218755152611914,ENSG00000196196.3,ENSG00000196196,HRCT1
-0.01170064598074705,0.012638658115666425,ENSG00000131969.15,ENSG00000131969,ABHD12B
0.017179913363423168,0.002776106145174276,ENSG00000248485.2,ENSG00000248485,PCP4L1
0.005435576797036964,0.0020309818928683524,ENSG00000160181.9,ENSG00000160181,TFF2
-0.007680313641403988,0.02178396100813095,ENSG00000165966.16,ENSG00000165966,PDZRN4
-1.4851765720152121e-05,0.024536530008771505,ENSG00000149124.11,ENSG00000149124,GLYAT
0.02514980314538986,-0.00015874073158955558,ENSG00000167614.14,ENSG00000167614,TTYH1
-0.001035776590385993,-0.000917986729057813,ENSG00000277224.2,ENSG00000277224,H2BC7
-0.0031436604704885474,0.004683524739645961,ENSG00000066032.18,ENSG00000066032,CTNNA2
-0.015645361752736314,0.01946184686361392,ENSG00000165816.13,ENSG00000165816,VWA2
-0.0024369197761322653,0.008934781527937785,ENSG00000198576.4,ENSG00000198576,ARC
0.005647006747975044,0.02418253958937317,ENSG00000171819.5,ENSG00000171819,ANGPTL7
0.019750088069455638,0.009251966964436484,ENSG00000184454.7,ENSG00000184454,NCMAP
-0.020133870394048455,0.021063129187083834,ENSG00000203635.2,ENSG00000203635,AC144450.1
9.646671908845516e-05,-0.0030676333222193894,ENSG00000130427.3,ENSG00000130427,EPO
0.011567242900993308,-0.0004052754450532914,ENSG00000124490.14,ENSG00000124490,CRISP2
-0.015498747750091446,0.01689562270560335,ENSG00000111052.7,ENSG00000111052,LIN7A
-0.008458644139699429,0.029656476589005314,ENSG00000113296.14,ENSG00000113296,THBS4
0.028732015522394728,-0.008797909007692851,ENSG00000188763.5,ENSG00000188763,FZD9
-0.00901064547103912,0.0010204455671665345,ENSG00000228044.3,ENSG00000228044,AL160408.1
0.026180513744996317,0.0008261151546116936,ENSG00000275874.1,ENSG00000275874,PICSAR
0.016789856185430288,-0.0033257294211787992,ENSG00000184368.16,ENSG00000184368,MAP7D2
0.02143921954350662,0.010583091773795449,ENSG00000134028.14,ENSG00000134028,ADAMDEC1
0.01487512454069139,-0.006126680605782496,ENSG00000090932.11,ENSG00000090932,DLL3
0.004167656447536674,0.023194569257181233,ENSG00000140538.16,ENSG00000140538,NTRK3
0.003144962317947566,0.01756168853585176,ENSG00000131746.13,ENSG00000131746,TNS4
0.008915533011654243,-0.005818072379612404,ENSG00000169474.4,ENSG00000169474,SPRR1A
-0.0010535196004679641,0.02777546610342593,ENSG00000152932.8,ENSG00000152932,RAB3C
0.009578339292373719,0.031154900762136162,ENSG00000162706.13,ENSG00000162706,CADM3
0.010646704187140402,0.005010733101981942,ENSG00000135750.15,ENSG00000135750,KCNK1
0.01098012742013708,0.00032841249373533456,ENSG00000148408.13,ENSG00000148408,CACNA1B
-0.006714316255992115,0.008409986520312543,ENSG00000228561.2,ENSG00000228561,AC026355.2
0.014406730945144199,0.003721639057238172,ENSG00000178934.5,ENSG00000178934,LGALS7B
-0.002266132827510772,0.012277548495253657,ENSG00000280623.1,ENSG00000280623,PCAT14
-0.0063832357597678364,0.01406301860545734,ENSG00000228221.6,ENSG00000228221,LINC00578
-0.01805514613643495,0.01153741880526317,ENSG00000133454.16,ENSG00000133454,MYO18B
0.009433938174612412,0.006425689753975435,ENSG00000135333.14,ENSG00000135333,EPHA7
0.019002437831395526,0.019884464622358065,ENSG00000211665.3,ENSG00000211665,IGLV3-16
-0.005142349428679133,0.004781692104643356,ENSG00000135744.8,ENSG00000135744,AGT
0.013263692087978955,0.010740133127119349,ENSG00000139292.13,ENSG00000139292,LGR5
-0.0048254068816320295,0.01858730897759388,ENSG00000286481.1,ENSG00000286481,AC011246.1
-0.00042611183829667764,0.0022817401359114618,ENSG00000164047.6,ENSG00000164047,CAMP
0.0105462689724249,0.016136468700048118,ENSG00000130876.11,ENSG00000130876,SLC7A10
-0.0036423885291188333,0.009167010357593262,ENSG00000273301.1,ENSG00000273301,AC016717.2
0.0044011398516324825,0.012828505921475027,ENSG00000095777.17,ENSG00000095777,MYO3A
-0.0035723820913514067,-0.0015179754997699827,ENSG00000132872.12,ENSG00000132872,SYT4
0.0010312865997109365,0.010349987283585767,ENSG00000100373.10,ENSG00000100373,UPK3A
-0.019915116887914773,0.014589173461375848,ENSG00000212766.9,ENSG00000212766,EWSAT1
0.02194155865862068,-0.0051748502116131115,ENSG00000139915.21,ENSG00000139915,MDGA2
-0.009840755946518032,0.015455399688362645,ENSG00000259616.2,ENSG00000259616,AC104574.2
0.0016158708872233373,0.0019746474564767747,ENSG00000234493.4,ENSG00000234493,RHOXF1P1
-0.0032575197164442997,0.0045196091756101,ENSG00000251129.2,ENSG00000251129,LINC02506
0.022924919209397192,-0.00012945255535361868,ENSG00000128510.12,ENSG00000128510,CPA4
0.003804765160392613,0.010799138248948003,ENSG00000082482.14,ENSG00000082482,KCNK2
-0.020991778230980286,0.005729887818143827,ENSG00000250643.1,ENSG00000250643,AC083906.3
0.000793226229581094,0.007109096392238713,ENSG00000248874.5,ENSG00000248874,C5orf17
-0.021621529729616916,0.015808384335538442,ENSG00000152049.6,ENSG00000152049,KCNE4
-0.014776563583938305,0.013644295709114953,ENSG00000155093.19,ENSG00000155093,PTPRN2
0.011004015311014852,0.009389261652176241,ENSG00000101144.13,ENSG00000101144,BMP7
0.003204666776423586,0.007298178493589976,ENSG00000165272.16,ENSG00000165272,AQP3
-0.0020119727383793276,0.009250001899687763,ENSG00000227827.3,ENSG00000227827,PKD1P2
-0.0027757878302480206,0.023674157870715782,ENSG00000277586.4,ENSG00000277586,NEFL
0.017107443401385918,0.019107225851348646,ENSG00000242580.1,ENSG00000242580,IGKV1D-43
-0.011476597001756976,0.008561104390634724,ENSG00000186732.14,ENSG00000186732,MPPED1
0.005213311431615027,-0.00010064932644684515,ENSG00000168447.11,ENSG00000168447,SCNN1B
-0.0005505998599871167,0.003947630671385457,ENSG00000202538.1,ENSG00000202538,RNU4-2
0.018670471857643582,-0.007588257281750369,ENSG00000206073.11,ENSG00000206073,SERPINB4
-0.0037697666412117993,0.0017477532864722803,ENSG00000118160.14,ENSG00000118160,SLC8A2
0.0055876770878668415,0.015471178552490203,ENSG00000211689.7,ENSG00000211689,TRGC1
0.005167660609646991,0.006403731926823375,ENSG00000261409.1,ENSG00000261409,AL035425.3
0.01563628275152315,-0.00300043678455686,ENSG00000188883.5,ENSG00000188883,KLRG2
-0.003572390324468075,0.011241949736960154,ENSG00000223764.2,ENSG00000223764,LINC02593
0.012849770156144214,0.017436745927508004,ENSG00000179826.7,ENSG00000179826,MRGPRX3
0.006867220900864324,0.0014540079110860367,ENSG00000203837.5,ENSG00000203837,PNLIPRP3
-0.008651771647558988,0.010318030029452089,ENSG00000230847.4,ENSG00000230847,OCLNP1
0.0075664014693368805,-0.0030315659835374116,ENSG00000135097.7,ENSG00000135097,MSI1
0.008837508509074667,0.020245725959253124,ENSG00000184905.9,ENSG00000184905,TCEAL2
0.0045923970005861585,0.005123716501070532,ENSG00000122136.14,ENSG00000122136,OBP2A
-0.02100536753120664,0.016475172496338,ENSG00000112981.5,ENSG00000112981,NME5
0.02467055305181682,-0.006163335198079413,ENSG00000186897.5,ENSG00000186897,C1QL4
-0.018710966907589558,0.01512198259882169,ENSG00000283162.1,ENSG00000283162,AL390726.5
0.005936015729683336,0.010128308289509067,ENSG00000266554.2,ENSG00000266554,LINC01443
-0.010690877896095942,0.024461644454424156,ENSG00000173175.15,ENSG00000173175,ADCY5
0.017813964282191768,0.008202618797723292,ENSG00000176399.4,ENSG00000176399,DMRTA1
0.023624039179401722,0.005287613645026987,ENSG00000118322.14,ENSG00000118322,ATP10B
-0.015696836192601895,0.01364095884706273,ENSG00000218713.1,ENSG00000218713,AL512378.1
0.008927207053891191,0.0072566267199722576,ENSG00000196188.12,ENSG00000196188,CTSE
0.003294272114399355,0.0165193459885103,ENSG00000283633.1,ENSG00000283633,AP000547.3
-0.004370047373257128,0.00525278939443119,ENSG00000250387.3,ENSG00000250387,LINC02197
-0.019715595748075014,0.009456758085908179,ENSG00000278683.1,ENSG00000278683,AC006329.1
-0.0127468985799918,0.020528001440372257,ENSG00000197046.12,ENSG00000197046,SIGLEC15
0.020046996239222792,0.0020865378782511245,ENSG00000130487.9,ENSG00000130487,KLHDC7B
-0.016065094468666136,0.01940610003161243,ENSG00000188869.13,ENSG00000188869,TMC3
0.027134554263994335,-0.00105879817782271,ENSG00000136231.14,ENSG00000136231,IGF2BP3
0.002439829439836769,0.024539437345797072,ENSG00000000005.6,ENSG00000000005,TNMD
0.013557348533673557,0.00663717020180053,ENSG00000093134.15,ENSG00000093134,VNN3
-0.006923872170479765,0.0032485097478239977,ENSG00000188573.8,ENSG00000188573,FBLL1
-0.009366454259968798,0.014904102348573787,ENSG00000196136.18,ENSG00000196136,SERPINA3
0.019066731541383383,-0.007338043558040077,ENSG00000184697.7,ENSG00000184697,CLDN6
-0.009624124462693123,0.0055202610873584575,ENSG00000063015.20,ENSG00000063015,SEZ6
-0.0003963386470780417,0.010299584642953727,ENSG00000237223.6,ENSG00000237223,SULT1C2P1
-0.018324844238065775,0.008743235432510672,ENSG00000196557.13,ENSG00000196557,CACNA1H
-0.016960823911199286,0.017720860463954772,ENSG00000215559.8,ENSG00000215559,ANKRD20A11P
0.02062995403863038,0.02227065741043125,ENSG00000242887.1,ENSG00000242887,IGHJ3
0.010718499477222606,0.0029093943070848407,ENSG00000100344.11,ENSG00000100344,PNPLA3
0.0040308973245955235,0.035046047042400906,ENSG00000174175.17,ENSG00000174175,SELP
0.015700255432896423,0.019365778468362377,ENSG00000224607.4,ENSG00000224607,IGKV1D-27
-0.00018926423257134404,0.03705362440388703,ENSG00000141338.14,ENSG00000141338,ABCA8
0.0020727763967260844,0.012113195950624924,ENSG00000123843.13,ENSG00000123843,C4BPB
-0.011999582950005257,0.012226473181229804,ENSG00000125879.5,ENSG00000125879,OTOR
-0.02316149000585332,0.021102325351152244,ENSG00000254042.2,ENSG00000254042,SLIT3-AS2
0.00958943935529721,-0.01587525834829656,ENSG00000128564.7,ENSG00000128564,VGF
0.009046474142989655,0.025890842026260387,ENSG00000052850.8,ENSG00000052850,ALX4
-0.008989214601570511,0.02252898026590334,ENSG00000123572.17,ENSG00000123572,NRK
0.017981100532657765,0.021423083410560876,ENSG00000239571.1,ENSG00000239571,IGKV2D-30
0.002798943540079529,0.010125179803385795,ENSG00000164749.13,ENSG00000164749,HNF4G
0.016449191571898853,0.00309787092637717,ENSG00000101282.9,ENSG00000101282,RSPO4
0.0017877232772586338,-0.0019635359480618436,ENSG00000189366.9,ENSG00000189366,ALG1L
-0.017355160257695908,-3.0992768292902426e-05,ENSG00000196415.10,ENSG00000196415,PRTN3
-0.00036034682557104663,0.00768841640339412,ENSG00000183862.5,ENSG00000183862,CNGA2
0.02497241158102123,-0.011737270789079355,ENSG00000173237.4,ENSG00000173237,C11orf86
-0.014017878072178067,-0.0020878416507234604,ENSG00000127588.5,ENSG00000127588,GNG13
0.019391246515489957,0.00611607242503176,ENSG00000198643.7,ENSG00000198643,FAM3D
0.02091209399658097,-0.002589470462748036,ENSG00000092758.18,ENSG00000092758,COL9A3
-0.011769422174611611,0.019368167952236042,ENSG00000239552.2,ENSG00000239552,HOXB-AS2
0.02416298694919959,0.0020079545379293297,ENSG00000005513.10,ENSG00000005513,SOX8
-0.005096399427885183,0.023213900625700414,ENSG00000196109.9,ENSG00000196109,ZNF676
0.013582719216907709,0.009695213712221424,ENSG00000002726.21,ENSG00000002726,AOC1
-0.00818196806903029,0.01397417689464802,ENSG00000138798.13,ENSG00000138798,EGF
0.010074743801324365,7.127868283820094e-05,ENSG00000163273.4,ENSG00000163273,NPPC
0.022541573023551382,-0.010276580287579575,ENSG00000183674.12,ENSG00000183674,LINC00518
0.008194023984884703,0.014854850976722692,ENSG00000078295.17,ENSG00000078295,ADCY2
0.018917168635015653,0.006289928550127648,ENSG00000119946.11,ENSG00000119946,CNNM1
0.01280582373725712,-0.004061834515020555,ENSG00000185306.13,ENSG00000185306,C12orf56
0.007670283453206855,0.009420063207415832,ENSG00000198765.12,ENSG00000198765,SYCP1
-0.020256934106883444,0.00700888254773791,ENSG00000196166.5,ENSG00000196166,C8orf86
-0.010022985686483259,0.02459232224368302,ENSG00000155886.11,ENSG00000155886,SLC24A2
0.002679267206748945,0.003951318005400304,ENSG00000159247.13,ENSG00000159247,TUBBP5
0.010017691066097985,0.004659238604695844,ENSG00000118113.12,ENSG00000118113,MMP8
0.00649820867300998,0.008293430828150261,ENSG00000280109.3,ENSG00000280109,PLAC4
0.007891189706873967,0.002391200687755746,ENSG00000069011.16,ENSG00000069011,PITX1
0.005879499605696971,0.006685637960460921,ENSG00000105549.11,ENSG00000105549,THEG
0.0005765158566973297,0.019625203156439317,ENSG00000186439.14,ENSG00000186439,TRDN
0.007038644628947937,0.007687165329027727,ENSG00000271615.1,ENSG00000271615,ACTG1P22
-0.011591811124670781,0.010916605682696156,ENSG00000167549.18,ENSG00000167549,CORO6
0.02167672617445793,0.010346380106623436,ENSG00000124875.10,ENSG00000124875,CXCL6
-0.011087351743901158,0.005058606749778043,ENSG00000260220.7,ENSG00000260220,CCDC187
-0.017584744769072003,0.010070634356718068,ENSG00000224920.1,ENSG00000224920,TACC1P1
-0.001275737621218393,0.005480199066360994,ENSG00000226320.6,ENSG00000226320,LINC01811
0.009861664218889536,0.005945122038238199,ENSG00000287097.1,ENSG00000287097,AL590550.1
0.010583189893853526,0.007753795304918373,ENSG00000112812.16,ENSG00000112812,PRSS16
0.018624375917233458,0.005592969748678877,ENSG00000172137.19,ENSG00000172137,CALB2
-0.022973126321402155,0.011708790137981337,ENSG00000226835.3,ENSG00000226835,ARHGAP29-AS1
-0.023500806186563132,0.009405820074500464,ENSG00000108417.4,ENSG00000108417,KRT37
0.006150678865596492,0.023775835375424537,ENSG00000118432.12,ENSG00000118432,CNR1
-0.008582087621178855,0.010311036241950178,ENSG00000262801.6,ENSG00000262801,U91319.1
0.019712991698151598,0.007826702399845752,ENSG00000168334.9,ENSG00000168334,XIRP1
-0.02672920846369847,0.019177149245204195,ENSG00000230882.1,ENSG00000230882,AC005077.4
0.021626977314262566,0.02078102572403058,ENSG00000240041.1,ENSG00000240041,IGHJ4
-0.0005962043412647409,0.011315000862769051,ENSG00000120322.4,ENSG00000120322,PCDHB8
0.0167717855163025,0.023705113384349736,ENSG00000242534.2,ENSG00000242534,IGKV2D-28
-0.02074227811982658,0.013969790925206685,ENSG00000241359.1,ENSG00000241359,SYNPR-AS1
0.018567240138561106,0.0015635839176626092,ENSG00000133019.12,ENSG00000133019,CHRM3
0.018628514671156064,-0.005947052594768727,ENSG00000259803.7,ENSG00000259803,SLC22A31
0.009486749572951612,0.017081831362715606,ENSG00000095713.14,ENSG00000095713,CRTAC1
0.019851965003226436,0.00482341243681685,ENSG00000187715.13,ENSG00000187715,KBTBD12
-0.0038442935575301322,-0.00031868402065052617,ENSG00000278828.1,ENSG00000278828,H3C10
-0.015183394278396819,0.010951011487623133,ENSG00000160862.13,ENSG00000160862,AZGP1
0.0008864555489574312,0.00579064057576108,ENSG00000161082.13,ENSG00000161082,CELF5
-0.003197464020285502,0.014387337909218654,ENSG00000112319.19,ENSG00000112319,EYA4
0.018510066822346186,0.018810846252693084,ENSG00000183960.9,ENSG00000183960,KCNH8
-0.004676991195899483,0.032622520445752944,ENSG00000138615.6,ENSG00000138615,CILP
0.010999016969106764,0.008253692286899542,ENSG00000133710.16,ENSG00000133710,SPINK5
0.015013544815797994,0.027207580358383988,ENSG00000154165.5,ENSG00000154165,GPR15
0.012749044406229716,0.00986486483761883,ENSG00000102290.22,ENSG00000102290,PCDH11X
0.003352174960206983,0.01762533994343461,ENSG00000175928.6,ENSG00000175928,LRRN1
-0.015451797734440385,0.016710859382175668,ENSG00000248290.1,ENSG00000248290,TNXA
0.01054876466215116,-0.004787051836318268,ENSG00000184221.13,ENSG00000184221,OLIG1
-0.01485023269194436,0.01335452352825484,ENSG00000259495.3,ENSG00000259495,AC016705.2
0.02705397850720055,-0.00789112176780104,ENSG00000205325.3,ENSG00000205325,AC005863.1
-0.006212686146756178,0.013358766883209559,ENSG00000253123.4,ENSG00000253123,AC091182.1
0.006900093161762606,0.02999924202298748,ENSG00000189056.14,ENSG00000189056,RELN
-0.0036772177820600747,0.007878459257988274,ENSG00000126778.12,ENSG00000126778,SIX1
-0.008898780520133015,0.0053822930392027814,ENSG00000204603.7,ENSG00000204603,LINC01257
0.02735063650971145,0.004968754978537299,ENSG00000183837.9,ENSG00000183837,PNMA3
0.005709207024142687,0.017488211776590358,ENSG00000151882.11,ENSG00000151882,CCL28
-0.017784629499958602,0.01934319729710723,ENSG00000231852.9,ENSG00000231852,CYP21A2
0.006429517605129807,0.0060778067586372735,ENSG00000105278.12,ENSG00000105278,ZFR2
-0.012089878759027691,0.008275915489126331,ENSG00000224244.1,ENSG00000224244,AC073508.1
-0.005522687610228195,0.015003261945563298,ENSG00000250120.8,ENSG00000250120,PCDHA10
-0.0076910617717862026,0.007070063188959375,ENSG00000140093.10,ENSG00000140093,SERPINA10
0.007893759833718886,-0.003099170471916894,ENSG00000184478.7,ENSG00000184478,OR56A3
0.01902436445080281,0.021504941909648828,ENSG00000278857.1,ENSG00000278857,IGKV1D-12
0.013577274953063606,-0.004785270519967501,ENSG00000160200.18,ENSG00000160200,CBS
0.0011027004210397548,0.005768880014160454,ENSG00000259692.6,ENSG00000259692,AC104041.1
0.00363052791714246,0.012449787846580724,ENSG00000167741.11,ENSG00000167741,GGT6
0.010878778354467737,0.02316409361941921,ENSG00000149968.12,ENSG00000149968,MMP3
-0.0028133231123655057,0.013371963672483908,ENSG00000176153.12,ENSG00000176153,GPX2
0.014156729902129007,-0.0016668896402018266,ENSG00000173557.15,ENSG00000173557,FAM166C
0.018402120513475947,-0.003179751911583058,ENSG00000133863.9,ENSG00000133863,TEX15
-0.002101945569770782,0.009900900592637072,ENSG00000156395.13,ENSG00000156395,SORCS3
0.008147031857579931,0.003145943748187787,ENSG00000138347.16,ENSG00000138347,MYPN
0.0011796235602697688,0.007829724466426607,ENSG00000226321.5,ENSG00000226321,CROCC2
-0.010433776388684951,0.01712248259672795,ENSG00000016402.13,ENSG00000016402,IL20RA
-0.020593071981295043,0.0013614028430443466,ENSG00000167619.13,ENSG00000167619,TMEM145
0.021986287312364624,0.02232495276212769,ENSG00000211597.2,ENSG00000211597,IGKJ1
0.004801637879680107,0.010539649823890987,ENSG00000254221.2,ENSG00000254221,PCDHGB1
-0.004637430591610387,0.011467353501330595,ENSG00000268416.1,ENSG00000268416,AC010329.1
0.021386013312405246,0.004394906410007888,ENSG00000233725.7,ENSG00000233725,NRAD1
0.016252863976546707,0.023509927908241034,ENSG00000158485.11,ENSG00000158485,CD1B
0.022932741010663515,0.010769172419275674,ENSG00000189292.16,ENSG00000189292,ALKAL2
0.01872373354472674,-0.0003393620043015856,ENSG00000261121.2,ENSG00000261121,LINC02473
0.004558489978030858,-0.0014115802224600397,ENSG00000225548.7,ENSG00000225548,LINC01980
0.000581774207543422,0.013344594592409229,ENSG00000231713.2,ENSG00000231713,AF064860.2
-0.01494397498433318,0.017462088365381392,ENSG00000214077.4,ENSG00000214077,GNAQP1
0.014205333177052838,0.006473443183222841,ENSG00000139973.16,ENSG00000139973,SYT16
0.016018837569085426,0.017772246444234103,ENSG00000169594.13,ENSG00000169594,BNC1
-0.01303310539634392,0.030543464881341967,ENSG00000149534.9,ENSG00000149534,MS4A2
0.014420414373083133,0.008370755824711449,ENSG00000188039.16,ENSG00000188039,NWD1
0.0014498091864696085,0.006093729641153277,ENSG00000165164.14,ENSG00000165164,CFAP47
-0.0027356224635843506,0.01316050253799309,ENSG00000168594.15,ENSG00000168594,ADAM29
0.014343553778341631,0.0017484398613278713,ENSG00000185640.6,ENSG00000185640,KRT79
0.004050741206471651,0.01340597218344917,ENSG00000115221.12,ENSG00000115221,ITGB6
-0.0023825050287601818,0.0017433981218690515,ENSG00000124575.7,ENSG00000124575,H1-3
0.024551566626190117,0.011850785876227059,ENSG00000181374.8,ENSG00000181374,CCL13
0.008119370480780345,0.002212963282943799,ENSG00000157542.11,ENSG00000157542,KCNJ6
0.01979582464126831,0.009722312853782354,ENSG00000109956.13,ENSG00000109956,B3GAT1
-0.008689398499415633,0.009557586387796323,ENSG00000170298.15,ENSG00000170298,LGALS9B
-0.013484500856185423,0.012846607834753712,ENSG00000250942.1,ENSG00000250942,ENPP7P11
0.00477496766278551,-0.0018489362475742766,ENSG00000233913.7,ENSG00000233913,RPL10P9
0.004122373551203181,-0.0040719249077828985,ENSG00000168913.7,ENSG00000168913,ENHO
0.030692565571771618,0.007330293977269664,ENSG00000118849.10,ENSG00000118849,RARRES1
0.0008658671169195724,0.002980501039164723,ENSG00000148942.15,ENSG00000148942,SLC5A12
-0.003131691037769802,0.006498503276677692,ENSG00000139445.18,ENSG00000139445,FOXN4
0.0104658542639752,0.007094322927749528,ENSG00000158125.10,ENSG00000158125,XDH
-0.0008844737145154978,0.026416046036904953,ENSG00000145934.16,ENSG00000145934,TENM2
-0.02242879165255981,0.011179934849747738,ENSG00000287258.1,ENSG00000287258,AL512283.2
-0.005968621330405007,0.018711371002711724,ENSG00000127954.13,ENSG00000127954,STEAP4
-0.0017163582407822503,0.0060626935617674625,ENSG00000234665.9,ENSG00000234665,LERFS
0.0028253792701385155,0.026181503436192043,ENSG00000130595.19,ENSG00000130595,TNNT3
0.02182643059886818,0.008433337819637548,ENSG00000276850.5,ENSG00000276850,AC245041.2
0.002427079175037616,-0.0005962474979758608,ENSG00000250546.6,ENSG00000250546,AC079160.1
-0.026539650520314192,0.0170852115756066,ENSG00000245750.10,ENSG00000245750,DRAIC
-0.011964401145029736,0.019056261037210896,ENSG00000234715.2,ENSG00000234715,AC005064.1
-0.021954197275856006,0.020620282483483333,ENSG00000152953.13,ENSG00000152953,STK32B
0.001796167035495006,0.02107530563056063,ENSG00000100181.22,ENSG00000100181,TPTEP1
0.0008266829040169863,-0.001974586214372416,ENSG00000174672.16,ENSG00000174672,BRSK2
0.00922731365812696,0.02458052286165127,ENSG00000172987.13,ENSG00000172987,HPSE2
0.005282772970925064,0.007195064539493428,ENSG00000175315.3,ENSG00000175315,CST6
0.008392039601475762,0.004313986179187942,ENSG00000236449.2,ENSG00000236449,AC010894.2
-0.014040689710910775,0.004860265791289728,ENSG00000224679.1,ENSG00000224679,MED15P4
-0.01345707435263854,0.009832327395739153,ENSG00000280217.1,ENSG00000280217,AC126564.1
-0.012309052287887244,0.01943773294327237,ENSG00000170615.15,ENSG00000170615,SLC26A5
-0.00860643250103239,0.0028866040640005476,ENSG00000144045.14,ENSG00000144045,DQX1
-0.013453825803810913,0.016194643455373064,ENSG00000144191.12,ENSG00000144191,CNGA3
-0.029741213019815475,0.020510809062959774,ENSG00000120262.10,ENSG00000120262,CCDC170
0.006355643488534246,0.0008993161163870741,ENSG00000223722.3,ENSG00000223722,IFITM3P2
-0.0022327558724627465,0.015657501729650587,ENSG00000138769.11,ENSG00000138769,CDKL2
0.004709246354848326,0.017606193232716654,ENSG00000260230.5,ENSG00000260230,FRRS1L
-0.011076087753544874,0.002839947868131597,ENSG00000173826.15,ENSG00000173826,KCNH6
-0.02030726707414852,0.01620726131712862,ENSG00000267690.1,ENSG00000267690,LDLRAD4-AS1
0.012627167460852136,0.0028739406349038168,ENSG00000115112.8,ENSG00000115112,TFCP2L1
-0.013911840956096176,0.010791624229404268,ENSG00000287559.1,ENSG00000287559,AL136305.1
0.004561441930548434,0.021255512599401817,ENSG00000181195.11,ENSG00000181195,PENK
0.014676955371084833,-0.00694941330133024,ENSG00000166407.14,ENSG00000166407,LMO1
-0.011504262017807704,0.007354677234224341,ENSG00000258551.6,ENSG00000258551,CRAT37
-0.002473221002311393,0.03460338410874009,ENSG00000138722.10,ENSG00000138722,MMRN1
0.020551823116047932,0.02510800387282315,ENSG00000132185.18,ENSG00000132185,FCRLA
0.02049848776335596,0.012169990150265977,ENSG00000154493.19,ENSG00000154493,C10orf90
-0.01900704833426827,0.007836699745762007,ENSG00000178796.13,ENSG00000178796,RIIAD1
-0.020353362801587387,0.009384003750823124,ENSG00000105707.14,ENSG00000105707,HPN
0.0011162715517272965,-0.0012554346917600053,ENSG00000282815.1,ENSG00000282815,TEX13C
-0.017069241314312474,0.01940922819414442,ENSG00000175287.19,ENSG00000175287,PHYHD1
-0.0061531718069850845,0.032723518813326836,ENSG00000149575.9,ENSG00000149575,SCN2B
0.01634325496194481,-0.0034551376248200256,ENSG00000179059.10,ENSG00000179059,ZFP42
-0.001604557330962197,0.025064749518511856,ENSG00000140873.16,ENSG00000140873,ADAMTS18
0.019194515393124032,0.002654076421413962,ENSG00000166736.11,ENSG00000166736,HTR3A
-0.004173871928592766,0.01931706053327114,ENSG00000102683.8,ENSG00000102683,SGCG
-0.010646087792633391,0.007882609614156096,ENSG00000215910.7,ENSG00000215910,C1orf167
0.01134764036808904,0.010423509874508713,ENSG00000165023.7,ENSG00000165023,DIRAS2
0.01710456235825111,0.02289886327012137,ENSG00000241566.1,ENSG00000241566,IGKV2D-24
-0.02138055475230352,0.013803095882578685,ENSG00000168306.13,ENSG00000168306,ACOX2
0.014237740146222243,0.018505337135302256,ENSG00000016602.9,ENSG00000016602,CLCA4
-0.015823301656001952,0.016270621181806496,ENSG00000164188.9,ENSG00000164188,RANBP3L
-0.0017272766636984686,0.022933761946408223,ENSG00000125740.14,ENSG00000125740,FOSB
-0.015871929079675093,0.013354997082194215,ENSG00000156968.9,ENSG00000156968,MPV17L
0.018049920592372364,0.0115909068443298,ENSG00000183798.5,ENSG00000183798,EMILIN3
-0.00606809933512311,0.010750584932819272,ENSG00000185736.16,ENSG00000185736,ADARB2
0.007919137302283483,0.0337710727007606,ENSG00000137033.11,ENSG00000137033,IL33
-0.014940566059321338,0.013227414889250357,ENSG00000214319.2,ENSG00000214319,CXADRP1
0.015734305470193194,-0.00233365391818225,ENSG00000047936.11,ENSG00000047936,ROS1
0.0027967261853693633,0.0031938832748711642,ENSG00000172828.13,ENSG00000172828,CES3
-0.0016284803282566969,0.008169203927976315,ENSG00000283486.2,ENSG00000283486,FAM95C
0.026954621425307305,-0.009176083319756166,ENSG00000254607.2,ENSG00000254607,AP001783.1
-0.005319311387008375,0.023621630779265677,ENSG00000154027.19,ENSG00000154027,AK5
0.008090880547594957,0.008980289930141461,ENSG00000182585.10,ENSG00000182585,EPGN
0.007356707949202745,-0.001607410904974836,ENSG00000274276.4,ENSG00000274276,CBSL
0.004819285401905245,0.023405841219900376,ENSG00000169218.14,ENSG00000169218,RSPO1
0.002269444579538601,0.016337177587553035,ENSG00000178222.13,ENSG00000178222,RNF212
0.008270315836384668,0.018162097064098576,ENSG00000180264.11,ENSG00000180264,ADGRD2
0.014305159030967043,0.004297699690751743,ENSG00000229676.3,ENSG00000229676,ZNF492
0.02410062693910753,-0.0031608248154842717,ENSG00000147697.9,ENSG00000147697,GSDMC
-0.01229878153409729,0.010788229868970722,ENSG00000108759.4,ENSG00000108759,KRT32
0.017617464927725965,0.011430398225343126,ENSG00000132744.8,ENSG00000132744,ACY3
0.006249660408799889,0.00023718848960509268,ENSG00000278041.1,ENSG00000278041,AL133325.3
0.005360669008327745,0.005632791684696758,ENSG00000234929.2,ENSG00000234929,AC018685.2
0.022548175332573424,0.013252485924987954,ENSG00000177494.6,ENSG00000177494,ZBED2
0.020183201984443143,-0.0022775611596861016,ENSG00000077935.17,ENSG00000077935,SMC1B
0.004203601422910307,0.002701798773328685,ENSG00000185028.4,ENSG00000185028,LRRC14B
-0.004352348416353436,0.0010117544013598329,ENSG00000104899.8,ENSG00000104899,AMH
0.031162970745340995,-0.0027134466280055378,ENSG00000287313.1,ENSG00000287313,AC016995.1
-0.008708427562903331,-0.0032859955978626573,ENSG00000249001.5,ENSG00000249001,AC093895.1
0.0026241262761350546,0.0334674271848461,ENSG00000225670.4,ENSG00000225670,CADM3-AS1
0.02002583863378436,0.005691674840848234,ENSG00000236740.6,ENSG00000236740,AL033384.1
-0.01990909436012561,0.012159995526591754,ENSG00000279930.1,ENSG00000279930,AL032819.2
-0.0007655253560440748,-0.004662227102289858,ENSG00000217275.2,ENSG00000217275,AL031777.1
-0.001974784012115896,0.016448743216678552,ENSG00000164764.11,ENSG00000164764,SBSPON
0.0048596767187428745,0.023589856992593933,ENSG00000152092.16,ENSG00000152092,ASTN1
0.007866315836987721,0.004312340943054749,ENSG00000145087.13,ENSG00000145087,STXBP5L
-0.015410744572452862,0.011957698560685282,ENSG00000151715.8,ENSG00000151715,TMEM45B
0.0019455148206310897,0.006332212840641982,ENSG00000215914.4,ENSG00000215914,MMP23A
-0.007254186952207067,0.01568658117728629,ENSG00000105664.11,ENSG00000105664,COMP
0.004522062425853762,-0.006184801155844112,ENSG00000171450.6,ENSG00000171450,CDK5R2
0.0023231022520168922,0.017240315110439167,ENSG00000198354.7,ENSG00000198354,DCAF12L2
0.02053420378232991,0.009986138283561652,ENSG00000169248.13,ENSG00000169248,CXCL11
-0.020402311732771846,0.017153584035954617,ENSG00000266256.3,ENSG00000266256,LINC00683
-0.01696819586378447,0.01315970562090148,ENSG00000179709.8,ENSG00000179709,NLRP8
-0.0029455617523140368,0.005337491467472432,ENSG00000238034.1,ENSG00000238034,AL109807.1
0.008896473784536925,0.008718522903765239,ENSG00000147573.17,ENSG00000147573,TRIM55
0.002336856871470207,-0.0009425514220537224,ENSG00000162040.7,ENSG00000162040,HS3ST6
0.0019932259024638336,0.017220249249063187,ENSG00000156414.19,ENSG00000156414,TDRD9
-0.009399784488296963,0.0210859854429497,ENSG00000250378.4,ENSG00000250378,AC114296.1
0.007882883334269947,0.012222166117984613,ENSG00000135373.13,ENSG00000135373,EHF
0.024546961870731868,-0.003203011853046936,ENSG00000171403.10,ENSG00000171403,KRT9
-0.025946533177727833,0.01531446066325221,ENSG00000108932.12,ENSG00000108932,SLC16A6
-0.02171301749207945,0.014848884531435003,ENSG00000090534.20,ENSG00000090534,THPO
-0.015020647710809167,0.012383701367536932,ENSG00000106927.12,ENSG00000106927,AMBP
-0.009704879580751887,0.030534428647800496,ENSG00000139330.6,ENSG00000139330,KERA
0.003752353460777441,0.003015205068498833,ENSG00000242136.1,ENSG00000242136,AC093904.2
0.0053238995454710225,-0.002613534727236717,ENSG00000122133.17,ENSG00000122133,PAEP
-0.013885893414458153,0.019497973666040832,ENSG00000171722.13,ENSG00000171722,SPATA46
0.003976412531325972,-0.006024964066535732,ENSG00000162006.9,ENSG00000162006,MSLNL
0.02450586189459805,0.006146063768013248,ENSG00000137674.4,ENSG00000137674,MMP20
0.018661098520568974,0.023787410476180205,ENSG00000253234.1,ENSG00000253234,IGLV2-5
-0.010780967058602651,0.00616773635469952,ENSG00000257989.1,ENSG00000257989,AC078864.1
-0.0010588940228541263,0.007912723213458844,ENSG00000133665.13,ENSG00000133665,DYDC2
0.008984904832797794,0.015752428916272362,ENSG00000116031.9,ENSG00000116031,CD207
0.01739739895666833,-0.004470987681601933,ENSG00000267147.2,ENSG00000267147,LINC01842
-0.0018784784831554046,0.010696464463256557,ENSG00000269964.3,ENSG00000269964,MEI4
0.01212758410925797,0.012222726533114014,ENSG00000112164.6,ENSG00000112164,GLP1R
-0.018221597270470312,0.018767600226193566,ENSG00000141449.15,ENSG00000141449,GREB1L
-0.019151854486297377,0.010300505246756889,ENSG00000150556.17,ENSG00000150556,LYPD6B
0.019789385504472647,-0.0020781642752455737,ENSG00000133488.15,ENSG00000133488,SEC14L4
0.0006365562510508535,0.016698229159946936,ENSG00000080493.18,ENSG00000080493,SLC4A4
-0.0013698211651361472,0.007260253311138905,ENSG00000132639.13,ENSG00000132639,SNAP25
0.020098124136507498,-0.00747426688260338,ENSG00000248515.2,ENSG00000248515,AC024230.1
-0.021872226668897828,0.019397272898547136,ENSG00000286593.1,ENSG00000286593,AP006261.1
0.008413434325134334,0.030676655478912244,ENSG00000005102.14,ENSG00000005102,MEOX1
0.013156317946158095,0.0028399759149321025,ENSG00000144278.15,ENSG00000144278,GALNT13
-0.031174645737499757,0.014945727300032076,ENSG00000107485.18,ENSG00000107485,GATA3
-0.014022495535464518,0.012323472382737953,ENSG00000231402.1,ENSG00000231402,WASF5P
0.008898072312108306,0.0059926248984180945,ENSG00000178826.11,ENSG00000178826,TMEM139
-0.01849442171680931,0.00898399960944179,ENSG00000255007.1,ENSG00000255007,LINC02489
-0.012944043174519217,0.017444198932768818,ENSG00000228918.4,ENSG00000228918,LINC01344
0.00043529614928457857,0.016850748499017472,ENSG00000235649.2,ENSG00000235649,MXRA5Y
-0.00836847145419984,0.018615032182218334,ENSG00000123500.10,ENSG00000123500,COL10A1
0.0008594720889185259,0.010307859447207173,ENSG00000267886.1,ENSG00000267886,AC074135.1
-0.010873676588886596,0.023767069178678057,ENSG00000140287.11,ENSG00000140287,HDC
0.023081507938770424,0.010113306287056992,ENSG00000102287.19,ENSG00000102287,GABRE
0.022249170148850594,-0.009200006928316821,ENSG00000146857.4,ENSG00000146857,STRA8
0.007218137258832397,-0.007412325574114779,ENSG00000179292.5,ENSG00000179292,TMEM151A
0.02024274324133445,0.018011804566069413,ENSG00000256039.2,ENSG00000256039,LINC02446
0.00120180698121729,0.0004477927339233864,ENSG00000205628.4,ENSG00000205628,LINC01446
0.00045833693842099743,-0.00562598706304816,ENSG00000253477.5,ENSG00000253477,AC012213.1
0.017738102100869763,0.0011013963460911515,ENSG00000286383.1,ENSG00000286383,AC096645.1
0.009399457657654667,0.0028453197147610037,ENSG00000137142.5,ENSG00000137142,IGFBPL1
0.009268249372057334,0.011035778408318967,ENSG00000149295.14,ENSG00000149295,DRD2
-0.0032358073338135313,0.0033058734447674455,ENSG00000187122.17,ENSG00000187122,SLIT1
-0.008615070780271506,0.013101651497937005,ENSG00000250535.1,ENSG00000250535,STK19B
0.009310543215945205,0.019455381981988144,ENSG00000170927.15,ENSG00000170927,PKHD1
0.005786213540360995,0.011370518917428404,ENSG00000137561.5,ENSG00000137561,TTPA
0.003719476445225797,-0.0017703250758733394,ENSG00000143355.16,ENSG00000143355,LHX9
-0.0061914846224607415,0.013619992958335079,ENSG00000135472.9,ENSG00000135472,FAIM2
0.013669963795258146,0.010366902335882217,ENSG00000058085.15,ENSG00000058085,LAMC2
0.017805418966855686,0.025760721982338596,ENSG00000240505.9,ENSG00000240505,TNFRSF13B
0.02656934474655763,-0.0019290550448524527,ENSG00000146090.16,ENSG00000146090,RASGEF1C
0.005430394386494311,0.029767900913240733,ENSG00000266524.3,ENSG00000266524,GDF10
0.023029569823048022,0.013177946384159865,ENSG00000197410.14,ENSG00000197410,DCHS2
0.005904639474258038,0.014309093860653085,ENSG00000143469.20,ENSG00000143469,SYT14
0.013979525847140468,0.00041016441884549054,ENSG00000148677.7,ENSG00000148677,ANKRD1
-0.008776879614346035,-0.0002985973577340095,ENSG00000162746.14,ENSG00000162746,FCRLB
0.026860233047482376,0.010976956399927714,ENSG00000100453.13,ENSG00000100453,GZMB
0.0024643246919354932,-0.0009397454999077306,ENSG00000197587.11,ENSG00000197587,DMBX1
-0.01925521529745654,0.015909561166076617,ENSG00000226965.2,ENSG00000226965,AC073114.1
0.00040921587354962656,0.024923502258292006,ENSG00000135218.19,ENSG00000135218,CD36
-0.021136059173473155,0.007084553544435615,ENSG00000130513.6,ENSG00000130513,GDF15
0.01981476120539521,-0.006662051006638566,ENSG00000204538.4,ENSG00000204538,PSORS1C2
-0.002042272295754722,0.01089535849141035,ENSG00000250488.2,ENSG00000250488,LINC02233
-0.01429772065887963,0.01446091649016513,ENSG00000265787.2,ENSG00000265787,CYP4F35P
0.012657090761404241,0.004963783231718027,ENSG00000244699.1,ENSG00000244699,AC139453.2
-0.020718149055948834,0.021066012254439985,ENSG00000228613.1,ENSG00000228613,AC141930.1
0.00011801929086319309,0.026083245269553933,ENSG00000163395.17,ENSG00000163395,IGFN1
0.004791200860803586,0.006685174057435235,ENSG00000184350.11,ENSG00000184350,MRGPRE
-0.001282753023675782,0.0001188296111320376,ENSG00000130822.16,ENSG00000130822,PNCK
-0.0016224106960210202,0.008889457682378966,ENSG00000231431.7,ENSG00000231431,FAR2P4
0.00437844400461498,-0.0014595422063041876,ENSG00000287865.1,ENSG00000287865,AC099552.5
-0.004107002644272276,0.008631620994193361,ENSG00000223751.1,ENSG00000223751,AC116609.1
-0.008282400675017594,0.014324814920023158,ENSG00000196482.18,ENSG00000196482,ESRRG
-0.018169903692751777,0.016991089534044313,ENSG00000183833.16,ENSG00000183833,CFAP91
0.00545258821996675,0.022254931616661075,ENSG00000169760.17,ENSG00000169760,NLGN1
0.025622184236059525,-0.002243681464594192,ENSG00000148604.15,ENSG00000148604,RGR
-0.012162192743814113,0.004328023935336164,ENSG00000234979.1,ENSG00000234979,Z82185.1
0.021911258205284726,3.311503442340832e-05,ENSG00000231764.10,ENSG00000231764,DLX6-AS1
-0.00836757824724124,0.014539333845454812,ENSG00000268555.2,ENSG00000268555,AC123912.4
-0.0033206327262903933,0.001002760154996375,ENSG00000249853.8,ENSG00000249853,HS3ST5
-0.01962284853387694,0.010398569595794695,ENSG00000234233.1,ENSG00000234233,KCNH1-IT1
0.012587338481795489,-0.0030197473828332145,ENSG00000235142.10,ENSG00000235142,LINC02532
0.007101159777802784,0.001446463363593574,ENSG00000182352.8,ENSG00000182352,C17orf77
0.011710127770571179,0.020209079179120255,ENSG00000136531.18,ENSG00000136531,SCN2A
0.01645379876867629,0.026256814139476677,ENSG00000115353.11,ENSG00000115353,TACR1
-0.024406817872256435,0.01425720819651009,ENSG00000115255.12,ENSG00000115255,REEP6
0.018378365622104004,-0.007671878137596233,ENSG00000136695.15,ENSG00000136695,IL36RN
0.017295328326328685,0.016984552375699718,ENSG00000136244.12,ENSG00000136244,IL6
0.018015967995849553,-0.003191792164372752,ENSG00000286133.2,ENSG00000286133,AC093817.2
-0.003788309865025241,0.018244223554332358,ENSG00000189108.13,ENSG00000189108,IL1RAPL2
-0.01671935448823957,0.014352606762101112,ENSG00000249364.6,ENSG00000249364,AC112206.2
0.020121492967027175,0.027027333288799603,ENSG00000271856.1,ENSG00000271856,LINC01215
0.00979675576808596,-0.003832371784870399,ENSG00000188508.11,ENSG00000188508,KRTDAP
-0.007069665598281418,0.01436493850599731,ENSG00000129167.9,ENSG00000129167,TPH1
0.02044128193139168,0.021525388976550174,ENSG00000188403.7,ENSG00000188403,IGHV1OR15-9
0.01573976799389662,0.030097124951897834,ENSG00000132514.14,ENSG00000132514,CLEC10A
-0.012185371805686764,0.006930512346603204,ENSG00000196748.10,ENSG00000196748,CLPSL2
-0.012117268759372208,0.008031341181889095,ENSG00000152137.8,ENSG00000152137,HSPB8
0.006120862510771776,0.0028422577057025398,ENSG00000261172.1,ENSG00000261172,AC133919.2
-0.007526597091132852,0.008200134011510192,ENSG00000169064.13,ENSG00000169064,ZBBX
0.001040954134691436,0.001503290555583406,ENSG00000273802.2,ENSG00000273802,H2BC8
0.01732838671844599,0.022547423013424522,ENSG00000211644.3,ENSG00000211644,IGLV1-51
0.0010649917734200727,0.004413086653221706,ENSG00000234722.5,ENSG00000234722,LINC01287
0.003036510482253932,0.018178765881116804,ENSG00000197406.7,ENSG00000197406,DIO3
-0.0058482980757550125,0.013547568563927156,ENSG00000137976.7,ENSG00000137976,DNASE2B
0.007612690700531275,0.002145661604822601,ENSG00000249116.1,ENSG00000249116,IRX4-AS1
-0.004109253033002844,0.011351413214400112,ENSG00000239389.8,ENSG00000239389,PCDHA13
0.009952733187408537,-0.0011577476202478262,ENSG00000166823.5,ENSG00000166823,MESP1
-0.007008410609940633,0.005959053132663502,ENSG00000253333.1,ENSG00000253333,AC146944.1
0.0042157040919468215,0.013370665023641445,ENSG00000126545.14,ENSG00000126545,CSN1S1
-0.0043150300052084015,0.006310737314948442,ENSG00000286329.1,ENSG00000286329,AC108690.1
-0.014327492009610181,0.007122616691252029,ENSG00000068078.20,ENSG00000068078,FGFR3
-0.006951588634405182,0.010421707838260559,ENSG00000239405.1,ENSG00000239405,TMED10P2
-0.00047994172916544266,0.0021343678130878578,ENSG00000127831.11,ENSG00000127831,VIL1
-0.010013463833115478,0.02156876981393654,ENSG00000266968.2,ENSG00000266968,AC023421.1
-0.0007026944619272695,0.01513837619945011,ENSG00000157423.18,ENSG00000157423,HYDIN
-0.0009915507341717682,0.011392662882717819,ENSG00000188263.10,ENSG00000188263,IL17REL
0.020527201645810924,-0.006579106749638028,ENSG00000183760.11,ENSG00000183760,ACP7
-0.026537700858570844,0.01567013407923656,ENSG00000172425.12,ENSG00000172425,TTC36
2.0278747877583838e-05,-6.433774861945911e-05,ENSG00000277268.2,ENSG00000277268,LHX1-DT
-0.0006408340450907996,0.000769864546842116,ENSG00000184058.14,ENSG00000184058,TBX1
-0.012789164815510836,0.015554909312758505,ENSG00000198807.13,ENSG00000198807,PAX9
0.015760786205643366,0.005533807021715081,ENSG00000054938.16,ENSG00000054938,CHRDL2
0.008394839138730507,0.019053346076047337,ENSG00000187510.10,ENSG00000187510,PLEKHG7
0.004524003045505024,0.008212758547548946,ENSG00000214049.8,ENSG00000214049,UCA1
0.00986318072357576,0.014238828729006493,ENSG00000198914.5,ENSG00000198914,POU3F3
-0.019350837230141773,0.01924184837253823,ENSG00000196932.12,ENSG00000196932,TMEM26
0.003883903893681481,-0.00203949877628145,ENSG00000055118.16,ENSG00000055118,KCNH2
0.010868337836383137,0.011497210835596865,ENSG00000121005.9,ENSG00000121005,CRISPLD1
-0.0082760599213254,0.0036420427346292167,ENSG00000234111.6,ENSG00000234111,LINC02433
0.009052159933217374,-0.003861327543694422,ENSG00000164266.11,ENSG00000164266,SPINK1
0.004739674099386456,0.00542813500818821,ENSG00000103723.16,ENSG00000103723,AP3B2
-0.008111522082498874,0.009059118130899234,ENSG00000287566.1,ENSG00000287566,AL732437.3
0.008361146069251525,0.0196856620183289,ENSG00000140557.12,ENSG00000140557,ST8SIA2
0.016363662090871395,-0.007079273975461184,ENSG00000186297.12,ENSG00000186297,GABRA5
-0.01588910412590491,0.013732921768957152,ENSG00000153086.14,ENSG00000153086,ACMSD
-0.015318160228819204,0.007057842840703357,ENSG00000058404.20,ENSG00000058404,CAMK2B
0.004672898601322706,0.0021375446442798117,ENSG00000253706.5,ENSG00000253706,AC011632.1
0.02694454983295091,-0.0017502353198483817,ENSG00000152463.15,ENSG00000152463,OLAH
-0.022887551556344313,0.01163712849677988,ENSG00000136883.14,ENSG00000136883,KIF12
0.020503474176305124,0.002102092081668574,ENSG00000285108.1,ENSG00000285108,AC103718.1
0.003512438880475979,0.006318115845487068,ENSG00000143194.13,ENSG00000143194,MAEL
-0.0039874761588112465,0.014941451469164028,ENSG00000163464.8,ENSG00000163464,CXCR1
0.0009741999669671881,0.01619809500928518,ENSG00000260653.6,ENSG00000260653,AC237221.1
0.0057068567435265335,0.011892780190626782,ENSG00000253660.1,ENSG00000253660,AC008464.1
-0.01678200585931967,0.019634846430364877,ENSG00000213424.9,ENSG00000213424,KRT222
-0.009396817734639651,0.009145725740325353,ENSG00000233533.1,ENSG00000233533,MKNK2P1
-0.0029829188647855077,0.0036580244496652757,ENSG00000189334.9,ENSG00000189334,S100A14
-0.01216122293361616,0.025607735071504583,ENSG00000172236.18,ENSG00000172236,TPSAB1
-0.008092021598111272,0.006980573027744679,ENSG00000226087.2,ENSG00000226087,AC073283.2
0.012595792605592723,0.006388849756030689,ENSG00000157087.20,ENSG00000157087,ATP2B2
-0.030423297463575815,0.019370916138561033,ENSG00000187720.14,ENSG00000187720,THSD4
-0.009371184809617458,0.009702963576262807,ENSG00000262714.1,ENSG00000262714,AC007342.5
0.022490085902953167,0.01322627523410056,ENSG00000111537.5,ENSG00000111537,IFNG
0.027607475863265205,-0.001806529586534008,ENSG00000144354.14,ENSG00000144354,CDCA7
-0.010541505824157653,0.023745081271252928,ENSG00000229807.12,ENSG00000229807,XIST
-0.020041108132903065,0.01877349767783997,ENSG00000170324.21,ENSG00000170324,FRMPD2
0.01902428360146416,0.01860486769075974,ENSG00000261786.1,ENSG00000261786,AC006058.1
-0.008020313091383858,0.017728310695817144,ENSG00000095596.12,ENSG00000095596,CYP26A1
0.0012092188387008164,0.019826234981988752,ENSG00000179456.10,ENSG00000179456,ZBTB18
-0.02682970057296997,0.021968269630018956,ENSG00000227038.3,ENSG00000227038,GTF2IP7
0.016558390475057146,0.018285201710689244,ENSG00000196167.10,ENSG00000196167,COLCA1
-0.011214045516823317,0.01822188063948263,ENSG00000248698.6,ENSG00000248698,LINC01085
0.01675012181385424,-0.001473367774110475,ENSG00000169429.11,ENSG00000169429,CXCL8
0.012523684223092848,0.014504149985340475,ENSG00000164879.7,ENSG00000164879,CA3
-0.011456705793898934,0.011369300880055293,ENSG00000175352.11,ENSG00000175352,NRIP3
-0.0022343918561129024,0.018400759846402947,ENSG00000184845.4,ENSG00000184845,DRD1
0.02336865397831864,-0.0004922560082655109,ENSG00000223784.2,ENSG00000223784,LINP1
-0.0026921456663932474,0.009627180325415834,ENSG00000169213.7,ENSG00000169213,RAB3B
0.009364722615720765,0.016050858055346194,ENSG00000237541.4,ENSG00000237541,HLA-DQA2
0.006767242123164991,0.007833475206155722,ENSG00000185760.17,ENSG00000185760,KCNQ5
0.0013667778826383144,0.012910491550920123,ENSG00000189223.15,ENSG00000189223,PAX8-AS1
0.015142747631786864,0.0054340328829072205,ENSG00000153404.14,ENSG00000153404,PLEKHG4B
0.0066810862298541385,0.0026808218636720795,ENSG00000106536.21,ENSG00000106536,POU6F2
0.012623175811545317,-0.0015110519673968115,ENSG00000126259.20,ENSG00000126259,KIRREL2
0.0008927104163164504,0.0028214667780255866,ENSG00000236452.1,ENSG00000236452,AC123023.1
0.016142843316867602,0.029245102008062053,ENSG00000116748.21,ENSG00000116748,AMPD1
0.011390388367917186,-0.008816097735545314,ENSG00000234896.1,ENSG00000234896,OR7E62P
0.012755357250844793,-0.0036871279849411184,ENSG00000106689.11,ENSG00000106689,LHX2
0.006695546850910529,0.0014299918978560673,ENSG00000160867.15,ENSG00000160867,FGFR4
0.01195957359947736,0.0022974354390630446,ENSG00000177398.18,ENSG00000177398,UMODL1
-0.009807686163934409,0.009247065807291403,ENSG00000181552.4,ENSG00000181552,EDDM3B
-0.0112151954786735,0.012046437288989673,ENSG00000156006.5,ENSG00000156006,NAT2
0.015429965609744014,0.01722786178221924,ENSG00000164488.12,ENSG00000164488,DACT2
-0.016959363563083422,0.010323083376395193,ENSG00000282390.1,ENSG00000282390,AL392083.1
0.0035837404693320825,0.006989039832131502,ENSG00000048540.15,ENSG00000048540,LMO3
0.022529205717986948,0.002448577664413025,ENSG00000125965.9,ENSG00000125965,GDF5
0.025740740042886207,0.015616998448678164,ENSG00000285417.1,ENSG00000285417,BX571818.1
0.01857239832450139,0.007225940669816359,ENSG00000159387.8,ENSG00000159387,IRX6
0.022876109276364933,0.012427423472528065,ENSG00000138684.9,ENSG00000138684,IL21
-0.012705720731946639,0.004293562569566399,ENSG00000105219.10,ENSG00000105219,CCNP
-0.018811261858335405,0.013906622970451369,ENSG00000135773.13,ENSG00000135773,CAPN9
-0.0017390394997196486,0.009707393276639028,ENSG00000173157.17,ENSG00000173157,ADAMTS20
-0.008583411622754661,0.017863295426081123,ENSG00000186197.15,ENSG00000186197,EDARADD
-0.013987644846132009,0.0192885994644647,ENSG00000235947.1,ENSG00000235947,EGOT
0.0036885905058910698,0.021228130619490373,ENSG00000279806.1,ENSG00000279806,AC018629.1
-0.014652365713691015,0.01713666969071152,ENSG00000203952.9,ENSG00000203952,CCDC160
-0.007180120798189545,0.011309385580258511,ENSG00000163075.13,ENSG00000163075,CFAP221
0.0024398164472600277,0.009381209457482078,ENSG00000230533.4,ENSG00000230533,AL356234.2
-0.0041278307061985665,0.01413614934348596,ENSG00000236039.3,ENSG00000236039,AC019117.1
-0.025374543997990166,0.014248331533856125,ENSG00000115556.14,ENSG00000115556,PLCD4
0.01971867796825642,0.01669228018346311,ENSG00000073756.12,ENSG00000073756,PTGS2
-0.019013304575377445,0.02013345215123301,ENSG00000080854.16,ENSG00000080854,IGSF9B
0.014924793828855032,0.0005314907278776395,ENSG00000006611.17,ENSG00000006611,USH1C
0.005122133469796509,0.009915558551058171,ENSG00000137392.10,ENSG00000137392,CLPS
0.01853660954362607,0.028416410659341775,ENSG00000163519.14,ENSG00000163519,TRAT1
0.0006242914697588676,0.015091292389119134,ENSG00000179930.6,ENSG00000179930,ZNF648
-0.006937908895985209,0.018992692079398264,ENSG00000261026.1,ENSG00000261026,AC105046.1
-0.009055079511620991,0.029402428164675556,ENSG00000127083.7,ENSG00000127083,OMD
0.018811808059768845,0.021023958635751436,ENSG00000271569.1,ENSG00000271569,IGKV1OR2-6
0.02085164117305691,-0.00871187575872899,ENSG00000140600.17,ENSG00000140600,SH3GL3
-0.006637340268133792,0.015501119503502149,ENSG00000233028.1,ENSG00000233028,AC006970.1
-0.0034592553763483575,0.018488025430226075,ENSG00000248329.6,ENSG00000248329,APELA
0.0005958380933781434,0.011718438235529375,ENSG00000234840.2,ENSG00000234840,LINC01239
0.010022505835873883,0.015737606370384818,ENSG00000152785.8,ENSG00000152785,BMP3
-0.0022957628672604573,0.006697607991863423,ENSG00000080224.17,ENSG00000080224,EPHA6
-0.0032464833654714787,0.013795506163166401,ENSG00000266302.6,ENSG00000266302,AC098850.3
0.01858270734643504,0.015340958792327542,ENSG00000135324.6,ENSG00000135324,MRAP2
0.001138490337072641,0.021598348952760024,ENSG00000250538.6,ENSG00000250538,AC104407.1
0.011152392612247543,0.0014470412629429149,ENSG00000189127.8,ENSG00000189127,ANKRD34B
0.016394115440051097,0.0071516717480097185,ENSG00000254521.7,ENSG00000254521,SIGLEC12
0.01748505277130881,0.027071582605496268,ENSG00000094963.14,ENSG00000094963,FMO2
0.004099415685614429,0.006822811143120564,ENSG00000154274.15,ENSG00000154274,C4orf19
0.018885558155521093,0.02300814911971067,ENSG00000253132.1,ENSG00000253132,IGHV3-62
-0.028932244337622363,0.01730587221286726,ENSG00000223813.3,ENSG00000223813,AC007255.1
0.00818964840657835,0.006391357435625503,ENSG00000158486.13,ENSG00000158486,DNAH3
-0.008851984909294196,0.007961920990458289,ENSG00000280027.1,ENSG00000280027,AC007342.9
0.0051616888919410985,0.008952313588629678,ENSG00000069812.11,ENSG00000069812,HES2
-0.009694413595096462,0.010149465346657996,ENSG00000228723.6,ENSG00000228723,SRGAP3-AS2
-0.0015113212835991964,0.03129313124964386,ENSG00000092009.10,ENSG00000092009,CMA1
-0.012580721555134799,0.008496400029677775,ENSG00000129159.9,ENSG00000129159,KCNC1
0.004885087546438143,0.005000497079240965,ENSG00000005421.9,ENSG00000005421,PON1
0.003873348306728922,0.003777880091461876,ENSG00000146197.9,ENSG00000146197,SCUBE3
0.02581968329625211,0.00676638092719855,ENSG00000225472.2,ENSG00000225472,AL136366.1
-0.01842688196737558,0.019115649259365493,ENSG00000269933.1,ENSG00000269933,AL031429.2
-0.009112034762949407,0.005733195614980256,ENSG00000204624.8,ENSG00000204624,DISP3
0.023379644454169218,-0.004484774652768829,ENSG00000253217.1,ENSG00000253217,AP001574.1
0.009346572154532674,0.02208241926508217,ENSG00000204767.4,ENSG00000204767,INSYN2B
0.01610706855786574,0.0291101891122459,ENSG00000113088.6,ENSG00000113088,GZMK
-0.015450615046841046,0.005370695412718482,ENSG00000225537.1,ENSG00000225537,AC073325.1
-0.0018570831527610348,0.018581356980167343,ENSG00000102924.12,ENSG00000102924,CBLN1
0.0251436296282866,0.00312632057417463,ENSG00000186684.14,ENSG00000186684,CYP27C1
0.006409723065244894,-0.0031179482722787887,ENSG00000174015.10,ENSG00000174015,CBY2
-0.008815317055074535,0.013232533769384273,ENSG00000147234.10,ENSG00000147234,FRMPD3
-0.01323072266900326,0.014677545317627097,ENSG00000120094.9,ENSG00000120094,HOXB1
-0.0027959282984056817,0.000595231225722786,ENSG00000268307.1,ENSG00000268307,LINC02560
-0.014651105506447394,0.027345463534157066,ENSG00000138449.11,ENSG00000138449,SLC40A1
-0.008705516742211475,0.015017971892631387,ENSG00000250986.1,ENSG00000250986,LINC02600
0.003360834396009133,-0.002790128617906902,ENSG00000276966.2,ENSG00000276966,H4C5
0.007611957015684175,0.002473916148069858,ENSG00000214546.4,ENSG00000214546,AC087491.1
-0.004858019650967522,0.01632659901061095,ENSG00000237061.1,ENSG00000237061,AC100823.1
0.0018412801635241992,0.0048099238991105514,ENSG00000104760.17,ENSG00000104760,FGL1
-0.013791304202256976,0.012166088780060392,ENSG00000256166.1,ENSG00000256166,LINC02571
0.012185721416247864,0.028833095724271063,ENSG00000158488.16,ENSG00000158488,CD1E
-0.01392007920666114,0.011020716352175492,ENSG00000254533.1,ENSG00000254533,AF186192.1
0.020977284316558046,0.017794169237692295,ENSG00000082293.13,ENSG00000082293,COL19A1
-0.010249791830946603,0.004006774726843993,ENSG00000177108.5,ENSG00000177108,ZDHHC22
-0.012819380262824587,0.01177211267832717,ENSG00000285637.2,ENSG00000285637,AL161449.2
0.017572963783996417,0.022193410164121158,ENSG00000253691.2,ENSG00000253691,IGKV2OR22-4
0.00162335107200064,0.014377685707229486,ENSG00000253953.3,ENSG00000253953,PCDHGB4
-0.0003895050731205678,0.010898133275199465,ENSG00000111341.10,ENSG00000111341,MGP
0.002643886099315286,0.005810043855749459,ENSG00000251459.2,ENSG00000251459,AC013724.1
0.008660822191269896,-0.008422662749515813,ENSG00000228232.1,ENSG00000228232,GAPDHP1
0.005079973641448742,0.012291535947289437,ENSG00000254415.3,ENSG00000254415,SIGLEC14
0.00987959272940463,0.014743024359410446,ENSG00000069188.17,ENSG00000069188,SDK2
-0.019561933002694352,0.01896838934535245,ENSG00000119938.9,ENSG00000119938,PPP1R3C
0.023929052406295323,-0.005142246645129708,ENSG00000120289.12,ENSG00000120289,MAGEB4
0.004536068010749364,0.004358186323971154,ENSG00000064195.7,ENSG00000064195,DLX3
0.00521430928102484,-0.0009584680877911603,ENSG00000181218.5,ENSG00000181218,H2AW
0.010411311262856248,0.011115690390290898,ENSG00000114771.14,ENSG00000114771,AADAC
0.008513035699488867,0.02289884161041525,ENSG00000144908.14,ENSG00000144908,ALDH1L1
0.015265017563315993,-0.0048723905114984485,ENSG00000104833.12,ENSG00000104833,TUBB4A
0.009712842245308119,0.0021777922846262445,ENSG00000235688.2,ENSG00000235688,SNTG2-AS1
0.010202371895371765,0.009875166071077853,ENSG00000187621.15,ENSG00000187621,TCL6
-0.013728107347773948,0.01235106810854959,ENSG00000214782.7,ENSG00000214782,MS4A18
0.0015007726062808687,-0.0017313854570498385,ENSG00000188816.3,ENSG00000188816,HMX2
-0.0022753862714520756,0.01836473651572296,ENSG00000213973.9,ENSG00000213973,ZNF99
0.0018817918294544054,0.019974327683506068,ENSG00000146938.16,ENSG00000146938,NLGN4X
0.0011331532860326984,0.025929951153839795,ENSG00000072657.9,ENSG00000072657,TRHDE
0.019270199774441662,0.01414616872517102,ENSG00000230006.7,ENSG00000230006,ANKRD36BP2
0.020270640360870364,0.02231300164033129,ENSG00000233999.3,ENSG00000233999,IGKV3OR2-268
0.0023835569233056192,0.02734027733695232,ENSG00000204065.3,ENSG00000204065,TCEAL5
0.02157369210681775,0.0025736196879828396,ENSG00000171551.12,ENSG00000171551,ECEL1
0.00016938607414334163,0.007928813503588907,ENSG00000275895.7,ENSG00000275895,U2AF1L5
0.0068309606554277,0.022846906971933343,ENSG00000157168.20,ENSG00000157168,NRG1
0.01332847874666175,0.005937559853493777,ENSG00000215146.5,ENSG00000215146,BX322639.1
-0.009899217606039727,0.004945944380706734,ENSG00000228559.2,ENSG00000228559,AL033519.4
-0.003527265236274847,0.03351135948072618,ENSG00000120332.16,ENSG00000120332,TNN
-0.0035551935741064055,0.013280285773125344,ENSG00000270765.6,ENSG00000270765,GAS2L2
0.015348393215553102,0.011729584813671345,ENSG00000065609.14,ENSG00000065609,SNAP91
0.021148237831202597,-0.003462204006109818,ENSG00000233221.7,ENSG00000233221,AC133785.1
-0.025060155059394698,0.01379791326668494,ENSG00000162078.11,ENSG00000162078,ZG16B
-0.008297188281595966,0.026095877925014388,ENSG00000167244.21,ENSG00000167244,IGF2
0.0048358412234781115,-0.001333948503005999,ENSG00000230316.7,ENSG00000230316,FEZF1-AS1
-0.019791385422440723,0.0105633279379979,ENSG00000256357.1,ENSG00000256357,AL132708.1
-0.0013522660206542337,0.006676274142836544,ENSG00000145794.17,ENSG00000145794,MEGF10
-0.019184045771184387,0.013969720241386813,ENSG00000237487.1,ENSG00000237487,VN1R48P
-0.006766802100362741,0.012228231167015166,ENSG00000171916.17,ENSG00000171916,LGALS9C
0.0026425035959241373,-0.002157813347392854,ENSG00000255983.1,ENSG00000255983,AC007848.1
-0.012716701219020424,0.01445840431330174,ENSG00000162365.12,ENSG00000162365,CYP4A22
-0.005093507154075344,0.00465335376153022,ENSG00000224114.1,ENSG00000224114,AL591846.1
0.006479056553579507,0.029583599885184525,ENSG00000111262.6,ENSG00000111262,KCNA1
-0.016759150150368923,0.025055924764910784,ENSG00000050628.20,ENSG00000050628,PTGER3
-0.011592973955647255,0.012984682892280195,ENSG00000117154.12,ENSG00000117154,IGSF21
0.02101972868341781,-0.0027276771008469367,ENSG00000287853.1,ENSG00000287853,AL031668.2
-0.01643007665276534,0.00395110720176541,ENSG00000279994.1,ENSG00000279994,AC017037.4
0.005323887493861193,0.003166433554154486,ENSG00000149328.15,ENSG00000149328,GLB1L2
0.024191113303289543,0.0007409024025766182,ENSG00000266573.6,ENSG00000266573,AC018697.1
0.017948321378379067,-0.006503647499081963,ENSG00000158164.7,ENSG00000158164,TMSB15A
0.02007717548188261,-0.0008296022953098005,ENSG00000249816.7,ENSG00000249816,LINC00964
0.016089091713412225,-0.0033261709338320523,ENSG00000132429.10,ENSG00000132429,POPDC3
-0.009148129769908885,0.011900411586353953,ENSG00000224604.1,ENSG00000224604,AC008069.1
0.02042523052889632,0.009292388922223026,ENSG00000137441.8,ENSG00000137441,FGFBP2
-0.017156733858193517,0.016629829572674358,ENSG00000186481.16,ENSG00000186481,ANKRD20A5P
-0.01559547261552732,0.01406867980069317,ENSG00000267259.1,ENSG00000267259,ERVE-1
-0.0018961511956007966,0.005672545924446214,ENSG00000263503.1,ENSG00000263503,MAPK8IP1P2
-0.01904672722471968,0.010096540122032316,ENSG00000110436.13,ENSG00000110436,SLC1A2
0.014938361502234631,0.005540951781277287,ENSG00000006555.11,ENSG00000006555,TTC22
0.01470475578997319,0.0008605098696910638,ENSG00000047597.7,ENSG00000047597,XK
-0.02551747666267697,0.009820232645138822,ENSG00000253959.1,ENSG00000253959,LINC01863
-0.010793338959708567,0.014491723556859475,ENSG00000255085.8,ENSG00000255085,AF186192.2
-0.011746597088292274,0.012510721489890766,ENSG00000177103.15,ENSG00000177103,DSCAML1
-0.008424400691938996,0.0016425867182655602,ENSG00000178171.11,ENSG00000178171,AMER3
0.021702066122656627,0.016654840704571888,ENSG00000106714.17,ENSG00000106714,CNTNAP3
-0.006202426324571305,0.01293412408075323,ENSG00000138115.14,ENSG00000138115,CYP2C8
-0.021412275622409938,0.01624648625677553,ENSG00000150628.7,ENSG00000150628,SPATA4
-0.004409313051552273,0.0028659568138563285,ENSG00000249956.4,ENSG00000249956,UGT2B24P
0.019176949544117104,0.019598808688913064,ENSG00000211667.3,ENSG00000211667,IGLV3-12
0.003155118299337983,-0.0035076371604853534,ENSG00000099617.4,ENSG00000099617,EFNA2
0.01614641702208938,0.014895371520915739,ENSG00000102678.7,ENSG00000102678,FGF9
0.003147324868110812,-0.0037873661620063032,ENSG00000170577.8,ENSG00000170577,SIX2
-0.026005780391605504,0.018955841838806182,ENSG00000224577.3,ENSG00000224577,LINC01117
0.005668112677676818,0.001031688817583934,ENSG00000237686.7,ENSG00000237686,AL109615.3
0.010974303365214376,0.007070703461729551,ENSG00000231419.6,ENSG00000231419,LINC00689
0.018106555098579086,0.00662410784765104,ENSG00000128383.13,ENSG00000128383,APOBEC3A
0.01716718425428861,0.026576894117441834,ENSG00000188822.8,ENSG00000188822,CNR2
0.005672956255663302,0.016914428085665772,ENSG00000165521.15,ENSG00000165521,EML5
0.016025571770009933,0.019886683747420406,ENSG00000211978.2,ENSG00000211978,IGHV5-78
0.01939521522685714,0.006975799676687613,ENSG00000157703.16,ENSG00000157703,SVOPL
0.01689226776186842,-0.002889771752000657,ENSG00000178776.5,ENSG00000178776,C5orf46
0.017974223547378213,0.010942335353972436,ENSG00000162897.16,ENSG00000162897,FCAMR
0.0048590686578994825,-0.003949438300304862,ENSG00000118733.17,ENSG00000118733,OLFM3
-0.01088823274714352,0.013081042264397042,ENSG00000285601.1,ENSG00000285601,AC084262.2
-0.006703846059385789,0.0038193936519854933,ENSG00000272342.1,ENSG00000272342,AC116609.3
-0.012902999721203668,0.010416686142994057,ENSG00000255794.9,ENSG00000255794,RMST
0.002744825048629218,0.019151144169665353,ENSG00000084674.15,ENSG00000084674,APOB
-0.006390867295454862,0.015056905606416066,ENSG00000257951.2,ENSG00000257951,AC126177.5
0.0023806036465855193,0.00252146575834356,ENSG00000238072.1,ENSG00000238072,CDC26P1
-0.0025273581163452368,0.017098712783378815,ENSG00000275620.1,ENSG00000275620,FLJ16779
-0.017482117875712327,0.010523161600335606,ENSG00000230978.2,ENSG00000230978,LINC00160
0.005290758166436315,0.004249844909585156,ENSG00000107105.15,ENSG00000107105,ELAVL2
0.010080191475648058,0.014858632535978905,ENSG00000001626.16,ENSG00000001626,CFTR
-0.016480488155945973,0.010748774269240546,ENSG00000133328.4,ENSG00000133328,PLAAT2
0.00032547921471694,0.028143780806980566,ENSG00000004846.16,ENSG00000004846,ABCB5
0.01813141264366152,0.002061629130946504,ENSG00000274209.4,ENSG00000274209,ANTXRL
-0.02173024620014897,0.007320323244768916,ENSG00000156564.9,ENSG00000156564,LRFN2
0.009923107655328901,0.010988423743579176,ENSG00000203414.2,ENSG00000203414,BTBD7P1
0.003354648409680996,0.002053267525684079,ENSG00000254717.2,ENSG00000254717,GLYATL1P2
0.005632425209496516,0.011251460869963122,ENSG00000268460.2,ENSG00000268460,AC006262.1
0.014804866471630342,-0.005576434999297694,ENSG00000249550.7,ENSG00000249550,LINC01234
-0.004999551144487669,0.013752088139881689,ENSG00000172995.16,ENSG00000172995,ARPP21
0.008925186778623953,0.005626648432372052,ENSG00000260877.2,ENSG00000260877,AP005233.2
-0.013771748282060564,0.008921312173252692,ENSG00000257883.1,ENSG00000257883,AC125603.2
0.0046060241967589635,0.006073195201501529,ENSG00000133124.11,ENSG00000133124,IRS4
-0.0008920509498885554,0.011999796996936887,ENSG00000254670.1,ENSG00000254670,RASSF10-DT
-0.015243693113040552,0.011340029281283576,ENSG00000107014.9,ENSG00000107014,RLN2
0.009755416443297448,0.010551956425216748,ENSG00000184860.10,ENSG00000184860,SDR42E1
-0.0015718788755118163,0.0005677110466190423,ENSG00000181085.15,ENSG00000181085,MAPK15
0.024142534756554635,0.007275583275976369,ENSG00000198515.16,ENSG00000198515,CNGA1
0.004846499819468168,0.023500187472574933,ENSG00000149654.11,ENSG00000149654,CDH22
0.0038785902735045466,0.00833885693824451,ENSG00000205076.4,ENSG00000205076,LGALS7
0.010626003988917127,-0.0007748814618809937,ENSG00000159217.10,ENSG00000159217,IGF2BP1
-0.002627721606824081,0.0012068806140151259,ENSG00000282988.2,ENSG00000282988,AL031777.2
0.026467991603895635,0.018640497432419485,ENSG00000004468.13,ENSG00000004468,CD38
0.011539258381203909,0.007541585523353787,ENSG00000108602.18,ENSG00000108602,ALDH3A1
-0.01305847485776584,0.005243333095126134,ENSG00000126262.5,ENSG00000126262,FFAR2
0.020932757437079716,0.014156834629730622,ENSG00000135960.10,ENSG00000135960,EDAR
0.005392033950461292,-0.0025240216292083052,ENSG00000196787.3,ENSG00000196787,H2AC11
-0.0011969564477503302,0.002058860161513967,ENSG00000169085.13,ENSG00000169085,VXN
-0.0018971652887881574,0.0023195936559042164,ENSG00000286519.1,ENSG00000286519,AC009236.1
0.0005318108373313332,0.013218313964951572,ENSG00000171246.6,ENSG00000171246,NPTX1
0.000499884795417994,0.012987706378623178,ENSG00000142224.17,ENSG00000142224,IL19
-0.016270795873497845,0.007500468650811786,ENSG00000175267.15,ENSG00000175267,VWA3A
-0.00244403695357256,0.015204037101209524,ENSG00000276547.1,ENSG00000276547,PCDHGB5
-0.01867689334868303,0.026479189103534903,ENSG00000170011.14,ENSG00000170011,MYRIP
-0.007399494147919975,0.01634639615071688,ENSG00000255408.4,ENSG00000255408,PCDHA3
-0.02083712179752963,0.009496865840678936,ENSG00000259977.1,ENSG00000259977,AL121578.1
0.02768551052699886,-0.003975399929222926,ENSG00000286010.1,ENSG00000286010,AC108925.1
0.004075661408456008,0.004505174447360841,ENSG00000167889.13,ENSG00000167889,MGAT5B
-0.00042400318804009586,0.016769847421151642,ENSG00000250508.1,ENSG00000250508,LINC02701
-0.01774497605676859,0.012908321228207483,ENSG00000287262.1,ENSG00000287262,AC021148.2
-0.020910931483595175,0.01346906593822136,ENSG00000007516.14,ENSG00000007516,BAIAP3
0.003320442913629835,0.011756875253207868,ENSG00000204866.8,ENSG00000204866,IGFL2
-0.010652573993538464,0.023038423127752502,ENSG00000173376.14,ENSG00000173376,NDNF
-0.010045950180694934,0.019547847716157758,ENSG00000243649.9,ENSG00000243649,CFB
0.009170024442702266,-0.004700449353417645,ENSG00000134824.14,ENSG00000134824,FADS2
-0.010855245239774124,0.012158967720128318,ENSG00000226259.10,ENSG00000226259,GTF2H2B
0.0019301815166520911,0.007879875494089026,ENSG00000286797.1,ENSG00000286797,AC009315.1
-0.021479987293321345,0.02093298701089906,ENSG00000050438.17,ENSG00000050438,SLC4A8
0.022961885638348032,-0.006876580708062329,ENSG00000167419.11,ENSG00000167419,LPO
0.008463371145123131,0.024932593761963412,ENSG00000183378.12,ENSG00000183378,OVCH2
-0.0023621755699540148,0.013162513372601591,ENSG00000179008.9,ENSG00000179008,C14orf39
-0.005874319525935988,-0.002429871046396006,ENSG00000227234.2,ENSG00000227234,SPANXB1
0.0008613054814010545,0.01910748920045095,ENSG00000167751.13,ENSG00000167751,KLK2
0.01888004477328682,0.024149281770657505,ENSG00000271178.1,ENSG00000271178,IGHV3OR16-13
0.014983996239733899,-0.00513098170310497,ENSG00000244067.3,ENSG00000244067,GSTA2
-0.02135655397822521,0.01914032888941766,ENSG00000272281.6,ENSG00000272281,TPTE2P2
0.014271952211678358,0.0003323488416788421,ENSG00000075673.12,ENSG00000075673,ATP12A
0.023926791220318922,0.002222920785864952,ENSG00000185904.12,ENSG00000185904,LINC00839
-0.011630358324442768,0.012219718926063433,ENSG00000234593.3,ENSG00000234593,KAZN-AS1
-0.0021666626998297456,0.0036569277680323395,ENSG00000287446.1,ENSG00000287446,AC007731.5
0.02544736325957416,0.013105207445581486,ENSG00000167634.12,ENSG00000167634,NLRP7
-0.021868597838992657,0.02140479111481633,ENSG00000039139.9,ENSG00000039139,DNAH5
-0.0023717801087446747,-0.0006004009435825353,ENSG00000236824.2,ENSG00000236824,BCYRN1
0.02371570624769382,-0.004298121561400391,ENSG00000232803.1,ENSG00000232803,SLCO4A1-AS1
0.012693503884231754,-0.0035668752261714077,ENSG00000181355.21,ENSG00000181355,OFCC1
0.021851120222594177,0.007476130634970612,ENSG00000169245.6,ENSG00000169245,CXCL10
0.005119629555026576,-0.000360183304406795,ENSG00000235029.1,ENSG00000235029,MNX1-AS2
0.02099820940572274,-0.0006411449203402139,ENSG00000272763.1,ENSG00000272763,AC103702.2
0.0007139999219586531,0.009029011927626895,ENSG00000228549.4,ENSG00000228549,BX284668.2
0.024617888659393992,-0.006854744316797488,ENSG00000124159.15,ENSG00000124159,MATN4
-0.015245789247406188,0.009934182111099006,ENSG00000249421.2,ENSG00000249421,ADAMTS19-AS1
0.02076260176630021,-0.005445507631407504,ENSG00000176654.12,ENSG00000176654,NANOGP1
-0.00741927216077468,0.00797073365044255,ENSG00000261804.2,ENSG00000261804,AC007342.4
-0.008119819745096141,0.011251334066333489,ENSG00000108511.10,ENSG00000108511,HOXB6
0.009646096461321444,0.014474793581442848,ENSG00000174171.6,ENSG00000174171,AC020659.1
0.008425344927503913,0.003310390431277049,ENSG00000183929.7,ENSG00000183929,DUSP5P1
0.004305804238860553,0.0049054681633188095,ENSG00000257634.1,ENSG00000257634,AC079310.1
0.015115795146154682,0.01800595115429056,ENSG00000179934.7,ENSG00000179934,CCR8
0.018517554861635813,0.00041048684776774126,ENSG00000180537.13,ENSG00000180537,RNF182
0.017179853397197672,0.023659072349255007,ENSG00000283906.1,ENSG00000283906,IGHV4-80
0.002221027018115206,-0.0022684848661008094,ENSG00000251138.7,ENSG00000251138,LINC02882
0.005955267847276766,-0.000584243269497639,ENSG00000161609.10,ENSG00000161609,KASH5
0.019386489517838217,0.021176123829773835,ENSG00000254056.1,ENSG00000254056,IGHV3-71
0.014189021912800045,0.002479810219972183,ENSG00000189182.10,ENSG00000189182,KRT77
0.0130899307515741,-0.002282377023699682,ENSG00000188338.15,ENSG00000188338,SLC38A3
-0.015993044054827803,0.015174993099875168,ENSG00000188452.14,ENSG00000188452,CERKL
0.022531058788247335,0.019254584058205446,ENSG00000163600.13,ENSG00000163600,ICOS
-0.012358542501165354,0.020528179845807147,ENSG00000171864.5,ENSG00000171864,PRND
0.0071161704167672195,0.002810110101020439,ENSG00000186867.11,ENSG00000186867,QRFPR
0.009656407630272491,0.00941956990516013,ENSG00000187773.8,ENSG00000187773,DIPK1C
0.015261555649939118,0.004221444230422565,ENSG00000177519.4,ENSG00000177519,RPRM
-0.005244911979177976,0.01700584165738836,ENSG00000188738.15,ENSG00000188738,FSIP2
0.01905299804590096,0.022138457499569917,ENSG00000211904.2,ENSG00000211904,IGHJ2
0.018550589808227064,0.017572607798514238,ENSG00000081041.9,ENSG00000081041,CXCL2
-0.0007880275366317688,-0.0018107767293190644,ENSG00000242173.10,ENSG00000242173,ARHGDIG
0.02423768152784114,0.026119241989981716,ENSG00000137265.15,ENSG00000137265,IRF4
0.008149486691336567,-0.002062796087565763,ENSG00000221947.8,ENSG00000221947,XKR9
0.021025243234821776,0.000115701108653808,ENSG00000176381.6,ENSG00000176381,PRR18
0.01806754041629962,0.007894496566010925,ENSG00000273760.1,ENSG00000273760,AC245041.1
0.0049301869018206585,-0.0035071459125324026,ENSG00000235559.1,ENSG00000235559,NOP56P1
-0.0016335615208605675,0.005280123430295537,ENSG00000243910.8,ENSG00000243910,TUBA4B
0.018957578410637457,0.013922646293179054,ENSG00000139737.22,ENSG00000139737,SLAIN1
0.0017084027145180464,0.006201634000700955,ENSG00000259129.6,ENSG00000259129,LINC00648
-0.004092694955606911,0.003134716018057774,ENSG00000006059.4,ENSG00000006059,KRT33A
0.013242306317002045,0.027774041077966227,ENSG00000187912.12,ENSG00000187912,CLEC17A
0.013201549470342184,0.001536788263380854,ENSG00000144406.19,ENSG00000144406,UNC80
-0.017936792903973278,0.01201716546301711,ENSG00000109101.8,ENSG00000109101,FOXN1
0.00448810168191583,0.03422673268842415,ENSG00000134121.10,ENSG00000134121,CHL1
0.024762010878009184,0.004766587850671854,ENSG00000185915.5,ENSG00000185915,KLHL34
-0.005745436117145108,0.011175500570179747,ENSG00000146839.19,ENSG00000146839,ZAN
0.026796464928376673,0.003965750646401549,ENSG00000117115.13,ENSG00000117115,PADI2
-0.0125338847677123,0.01837307540377913,ENSG00000238243.3,ENSG00000238243,OR2W3
-0.009725353141642986,0.015719346572526945,ENSG00000235269.2,ENSG00000235269,LINC02331
0.011914609666319862,0.010591796664797641,ENSG00000169174.11,ENSG00000169174,PCSK9
0.01111095034750165,0.005878443516969402,ENSG00000273328.5,ENSG00000273328,AC099329.2
-0.014783157058824466,0.0037953297349163093,ENSG00000015520.15,ENSG00000015520,NPC1L1
-0.007383184405029206,-0.0006456803768499812,ENSG00000108309.14,ENSG00000108309,RUNDC3A
0.010008086688784126,-0.00783030786937264,ENSG00000286522.2,ENSG00000286522,H3C2
0.01758608607775581,-0.0025281567945247808,ENSG00000197106.7,ENSG00000197106,SLC6A17
0.004005512956420231,0.026621229892322303,ENSG00000165478.7,ENSG00000165478,HEPACAM
-0.015836440530394163,0.010575188796027955,ENSG00000122735.16,ENSG00000122735,DNAI1
0.024102963018626033,0.006881334897822884,ENSG00000288605.1,ENSG00000288605,AC007461.1
-0.011845523893388263,0.01443429587947605,ENSG00000258647.6,ENSG00000258647,LINC00930
-0.001891948245737388,0.003014146771759273,ENSG00000249917.3,ENSG00000249917,LINC00536
0.017668972667362032,0.0031676973128285865,ENSG00000226145.7,ENSG00000226145,KRT16P6
0.026401463463024813,0.004874001652177785,ENSG00000062038.14,ENSG00000062038,CDH3
-0.015204043488248057,0.005269390357626008,ENSG00000231439.4,ENSG00000231439,WASIR2
0.017896415327843935,0.007394769209496357,ENSG00000118194.20,ENSG00000118194,TNNT2
-0.006022917955964256,0.01656067674487994,ENSG00000132932.17,ENSG00000132932,ATP8A2
0.0038190408120577063,0.007961081477445009,ENSG00000185737.13,ENSG00000185737,NRG3
-0.0017796122615761061,0.004635885501945809,ENSG00000271079.1,ENSG00000271079,CTAGE15
0.023433087721703723,0.014886020838313958,ENSG00000154451.14,ENSG00000154451,GBP5
-0.0077728000873506335,0.016550866698471473,ENSG00000141314.13,ENSG00000141314,RHBDL3
0.005331212121840704,0.005121695069687082,ENSG00000112852.7,ENSG00000112852,PCDHB2
-0.026249026969325403,0.02232632502743731,ENSG00000248429.5,ENSG00000248429,FAM198B-AS1
0.005106994925085683,-0.004804213867782697,ENSG00000258815.1,ENSG00000258815,LINC02820
-0.0033160855287008065,0.00515221178332273,ENSG00000261613.2,ENSG00000261613,AC093525.6
-0.012059992286554563,0.011027664865848033,ENSG00000227874.1,ENSG00000227874,GRAMD4P1
0.022261211809363263,-0.0005017688487754108,ENSG00000184599.13,ENSG00000184599,TAFA3
0.024516597053971138,-0.007287197929768631,ENSG00000164076.17,ENSG00000164076,CAMKV
-0.01531585019216338,0.004493408974845726,ENSG00000197408.10,ENSG00000197408,CYP2B6
0.013334472421397708,0.0023643341966716087,ENSG00000109193.12,ENSG00000109193,SULT1E1
0.013645305223317635,-0.0016994720122778604,ENSG00000185332.8,ENSG00000185332,TMEM105
0.023909182566913594,-0.008463536910748679,ENSG00000186603.6,ENSG00000186603,HPDL
0.02615750963086679,0.0011826496341277362,ENSG00000117507.6,ENSG00000117507,FMO6P
-0.00577977276640482,0.03464240908698441,ENSG00000164220.7,ENSG00000164220,F2RL2
0.006254494171818089,-0.0003258895882285696,ENSG00000043039.7,ENSG00000043039,BARX2
0.012432885890919015,0.020177990668382786,ENSG00000254126.8,ENSG00000254126,CD8B2
0.01883348091637131,0.020730080607027447,ENSG00000253274.1,ENSG00000253274,IGHV1-67
0.0076809176438468775,0.029899614036610043,ENSG00000064300.9,ENSG00000064300,NGFR
0.013978761368613703,0.01346907129509049,ENSG00000187134.14,ENSG00000187134,AKR1C1
0.015066570141614815,-0.0013821887651564223,ENSG00000114638.8,ENSG00000114638,UPK1B
0.01833346772225386,0.013869425647974106,ENSG00000273079.6,ENSG00000273079,GRIN2B
0.0065361220189319915,0.005406220746104781,ENSG00000225742.6,ENSG00000225742,LINC02036
0.018818974554491438,0.030716643704504516,ENSG00000124203.6,ENSG00000124203,ZNF831
0.008716438393356807,0.01820738717905311,ENSG00000235621.9,ENSG00000235621,LINC00494
0.00035906402485954864,0.0018953430977054373,ENSG00000168621.15,ENSG00000168621,GDNF
0.0004505818149357076,0.006538872028837169,ENSG00000225345.3,ENSG00000225345,SNX18P3
0.0006686772087762666,0.0018198836431488766,ENSG00000130055.14,ENSG00000130055,GDPD2
0.006061017790819529,0.015887998000065257,ENSG00000286250.1,ENSG00000286250,AL161945.1
0.0030787539425548185,0.0064159553617226086,ENSG00000286358.1,ENSG00000286358,AC096647.1
0.0061163076877120085,0.02662891687898989,ENSG00000165197.5,ENSG00000165197,VEGFD
0.0009141586680144302,0.022169694862763885,ENSG00000070526.15,ENSG00000070526,ST6GALNAC1
0.020259037323606566,-0.002936253424121433,ENSG00000111981.5,ENSG00000111981,ULBP1
0.017488340043387937,0.014589371536406635,ENSG00000124440.16,ENSG00000124440,HIF3A
0.00751719419816912,-0.0055545872243618075,ENSG00000285407.1,ENSG00000285407,AL033530.1
0.003253300473678286,-0.0022670214229863137,ENSG00000168754.15,ENSG00000168754,FAM178B
0.003986549841963057,0.018454625638518636,ENSG00000174145.8,ENSG00000174145,NWD2
-0.008916376773437321,0.007394398967472999,ENSG00000169836.5,ENSG00000169836,TACR3
0.0043089468452139155,0.003390760215846503,ENSG00000237457.6,ENSG00000237457,LINC01351
0.008215351504069464,0.02223141540746374,ENSG00000165799.5,ENSG00000165799,RNASE7
-0.02894688167765939,0.015578075678629873,ENSG00000004838.14,ENSG00000004838,ZMYND10
-0.016616858904351103,0.011408650788686123,ENSG00000226926.7,ENSG00000226926,PDZPH1P
-0.021170027946971034,0.014680032511909972,ENSG00000152076.19,ENSG00000152076,CCDC74B
-0.01934366654519304,0.01635024026458135,ENSG00000272622.2,ENSG00000272622,AC010735.2
-0.004102697615382109,0.013943929889698971,ENSG00000230267.7,ENSG00000230267,HERC2P4
-0.02528537941119239,0.02215710931092843,ENSG00000162543.6,ENSG00000162543,UBXN10
-0.00894071614586131,0.0017169599293519215,ENSG00000249332.2,ENSG00000249332,LINC02149
-0.026024203528627273,0.019211863870691685,ENSG00000170935.8,ENSG00000170935,NCBP2L
-0.022512460791408107,0.01965336130225754,ENSG00000256650.1,ENSG00000256650,RERG-IT1
0.008110532940841669,0.008087710734085185,ENSG00000117069.15,ENSG00000117069,ST6GALNAC5
0.0052744469634899566,0.016042956026569587,ENSG00000214652.6,ENSG00000214652,ZNF727
0.0005892917492831283,-0.002476267248621207,ENSG00000251026.2,ENSG00000251026,LINC02163
-0.011516161989733683,0.001288879771013911,ENSG00000241475.1,ENSG00000241475,AL160408.4
-0.013007838372857516,0.012011010515238348,ENSG00000100665.12,ENSG00000100665,SERPINA4
-0.012364765954080365,0.023352351681815476,ENSG00000188803.15,ENSG00000188803,SHISA6
0.018407223712356546,0.01703704248215487,ENSG00000222037.5,ENSG00000222037,IGLC6
0.0023286916537732408,-0.002827260144048208,ENSG00000230916.2,ENSG00000230916,MTCO1P53
0.013499247446787056,-0.00693698054629494,ENSG00000236311.6,ENSG00000236311,TLX1NB
0.00830319198678625,-0.0006408256488372383,ENSG00000236069.2,ENSG00000236069,AL136987.1
0.007666457104274871,0.007072210211040731,ENSG00000162747.12,ENSG00000162747,FCGR3B
-0.006042572545969878,0.003730436658188246,ENSG00000205571.14,ENSG00000205571,SMN2
0.008763059115210659,0.011067980891058293,ENSG00000146453.13,ENSG00000146453,PNLDC1
-0.002815371151845814,0.011197202840163957,ENSG00000173267.14,ENSG00000173267,SNCG
0.021482325192488563,0.021474773791996287,ENSG00000255833.2,ENSG00000255833,TIFAB
0.020526047957885363,0.018486241862989493,ENSG00000270472.2,ENSG00000270472,IGHV3OR16-9
-0.009468358041250284,0.022949129286368518,ENSG00000106819.13,ENSG00000106819,ASPN
0.02001786995869755,0.027605036074250303,ENSG00000183918.17,ENSG00000183918,SH2D1A
-0.006723626370883439,0.00965764611655466,ENSG00000184160.8,ENSG00000184160,ADRA2C
-0.011366288863326779,0.01143338654874332,ENSG00000174945.13,ENSG00000174945,AMZ1
-0.019973971897788503,0.016532579025725743,ENSG00000120149.9,ENSG00000120149,MSX2
-0.002760979177005042,0.0011257774249005682,ENSG00000147485.13,ENSG00000147485,PXDNL
-0.013599962711619316,0.014014916709959076,ENSG00000185499.16,ENSG00000185499,MUC1
-0.019543879057085312,0.010295259865543253,ENSG00000053108.17,ENSG00000053108,FSTL4
0.0006222563215094861,-0.0011202981594679846,ENSG00000166111.10,ENSG00000166111,SVOP
0.007167918301237723,0.005194536675366812,ENSG00000242082.2,ENSG00000242082,SLC5A4-AS1
-0.0003523966681694715,0.029590752254888865,ENSG00000180875.5,ENSG00000180875,GREM2
-0.00938563762549527,0.006836579781432772,ENSG00000239218.2,ENSG00000239218,RPS20P22
-0.010525227047435911,0.018942758530217346,ENSG00000285205.2,ENSG00000285205,AL121612.2
0.014877242400006823,-0.0019386413613889926,ENSG00000101188.5,ENSG00000101188,NTSR1
-0.006476331400178713,0.014042434024581513,ENSG00000267530.3,ENSG00000267530,LINC01836
0.010465604976599917,0.002453913289511072,ENSG00000165566.12,ENSG00000165566,AMER2
-0.002389061201516741,0.008831718736969016,ENSG00000104267.10,ENSG00000104267,CA2
-0.01737110063774278,0.011538964711304112,ENSG00000268100.1,ENSG00000268100,ZNF725P
0.00494907341112976,0.0017780564694440913,ENSG00000101204.18,ENSG00000101204,CHRNA4
0.022459685900400574,0.005800589549487151,ENSG00000130234.12,ENSG00000130234,ACE2
-0.004456400214250684,0.014145952451823254,ENSG00000203867.8,ENSG00000203867,RBM20
0.011192736038762148,0.03188302437247254,ENSG00000158481.13,ENSG00000158481,CD1C
-0.010627352378971397,0.007558832900148461,ENSG00000121101.16,ENSG00000121101,TEX14
0.020290209005476564,0.0016133307283966094,ENSG00000236882.8,ENSG00000236882,LINC01554
0.0250895966173697,0.007666396529721739,ENSG00000109846.9,ENSG00000109846,CRYAB
0.007315651824947339,0.014546402382738202,ENSG00000105509.11,ENSG00000105509,HAS1
0.0007190133073449297,0.002827842256004486,ENSG00000054356.14,ENSG00000054356,PTPRN
-0.006889128326892213,0.015923483796753724,ENSG00000258072.1,ENSG00000258072,AC126177.6
-0.012904790510727042,0.01968000524047753,ENSG00000136542.9,ENSG00000136542,GALNT5
0.01392786900273358,0.006076678568493036,ENSG00000140254.12,ENSG00000140254,DUOXA1
0.0033842577051171525,-0.002253964749397733,ENSG00000227674.3,ENSG00000227674,LINC00355
-0.013100478145078906,0.024526569064761142,ENSG00000074527.13,ENSG00000074527,NTN4
0.001439061961611655,0.022943945326697905,ENSG00000196104.11,ENSG00000196104,SPOCK3
-0.003913647771625915,-0.0005312914685593834,ENSG00000284636.1,ENSG00000284636,AC073648.6
-0.007363124108859005,0.011598323109877283,ENSG00000244300.3,ENSG00000244300,GATA2-AS1
0.00012647313453038783,0.00013421814537262282,ENSG00000205634.7,ENSG00000205634,LINC00898
0.010429021787539032,-0.0013418207107986232,ENSG00000230699.2,ENSG00000230699,AL645608.2
0.019216463763751752,0.024783300735503333,ENSG00000255733.6,ENSG00000255733,IFNG-AS1
-0.0035290142806458733,0.0201900303562689,ENSG00000182901.17,ENSG00000182901,RGS7
0.01058458339252727,0.030979623702263325,ENSG00000152580.8,ENSG00000152580,IGSF10
-0.0013188980502440875,0.024730727313622667,ENSG00000018236.15,ENSG00000018236,CNTN1
0.0018285955369342815,0.006904496527209018,ENSG00000283098.2,ENSG00000283098,AL132857.1
-0.0038696067612816448,0.0033226959339393114,ENSG00000267013.6,ENSG00000267013,LINC01929
-0.009230967927585673,0.019986367445841292,ENSG00000286502.1,ENSG00000286502,AL645768.1
-0.0002757654836162119,0.006583410659259047,ENSG00000233052.1,ENSG00000233052,AL513304.1
0.003045795257468309,0.009114518104106342,ENSG00000172000.7,ENSG00000172000,ZNF556
0.015816300218430362,0.013349221749912186,ENSG00000166091.21,ENSG00000166091,CMTM5
0.011425875942830836,0.004633886400122428,ENSG00000244242.2,ENSG00000244242,IFITM10
-0.0017198873171290403,0.022285615923639947,ENSG00000148053.17,ENSG00000148053,NTRK2
0.015021324879223582,0.015133362945288411,ENSG00000175318.12,ENSG00000175318,GRAMD2A
-0.007718435288587445,0.016214123946735423,ENSG00000253130.2,ENSG00000253130,AC114550.1
0.005323248250990169,0.005695520606693376,ENSG00000161270.20,ENSG00000161270,NPHS1
0.007442828693490343,0.005533542439200746,ENSG00000229921.7,ENSG00000229921,KIF25-AS1
-0.0025238200042999102,0.0057171183486100265,ENSG00000283023.1,ENSG00000283023,FRG1GP
0.003874231149494483,0.011024158018108713,ENSG00000198203.10,ENSG00000198203,SULT1C2
0.015116513506949767,0.005794191017371686,ENSG00000233705.7,ENSG00000233705,SLC26A4-AS1
0.018613976297386484,0.02270870538220301,ENSG00000122420.10,ENSG00000122420,PTGFR
0.004499041612385655,0.008038607637949046,ENSG00000029534.21,ENSG00000029534,ANK1
-0.0008819542051711524,0.013047125402642839,ENSG00000155980.13,ENSG00000155980,KIF5A
-0.005766528693626712,0.008799880857895227,ENSG00000258952.2,ENSG00000258952,SALRNA1
0.01691554155503825,0.007435496905237934,ENSG00000273203.1,ENSG00000273203,AC006946.2
0.009441340152993275,0.010120346081330263,ENSG00000085741.13,ENSG00000085741,WNT11
0.0012066742760565607,0.0002019111916866512,ENSG00000230453.9,ENSG00000230453,ANKRD18B
0.009034016426997343,0.009549931550031941,ENSG00000171885.18,ENSG00000171885,AQP4
-0.005104731963327142,0.01992600724342397,ENSG00000147257.15,ENSG00000147257,GPC3
0.004876212179738376,0.02225941121671685,ENSG00000034239.11,ENSG00000034239,EFCAB1
-0.002887735187807324,0.006462802137330537,ENSG00000286342.1,ENSG00000286342,AC073210.3
-0.011146467921744972,0.01709736247724941,ENSG00000233237.8,ENSG00000233237,LINC00472
0.0002302219744505717,0.008862608662233885,ENSG00000183850.14,ENSG00000183850,ZNF730
0.004071844899424494,0.011706605993671203,ENSG00000106031.9,ENSG00000106031,HOXA13
0.018171636968815484,0.020370818067170168,ENSG00000259680.5,ENSG00000259680,AC136428.1
0.0028631148604425106,0.01049822715008109,ENSG00000188306.6,ENSG00000188306,LRRIQ4
0.00959014984369102,0.0089124028437868,ENSG00000259342.1,ENSG00000259342,AC025580.1
-0.007566801901516446,0.0028436487214875523,ENSG00000254337.2,ENSG00000254337,AC083967.1
-0.0056564004479867595,0.00923062726384686,ENSG00000204965.9,ENSG00000204965,PCDHA5
0.020470571325454653,0.02046881170199611,ENSG00000237111.1,ENSG00000237111,IGHJ3P
0.018823228292759685,0.030484330401058007,ENSG00000147138.3,ENSG00000147138,GPR174
0.01936606576501736,0.009479570297687718,ENSG00000172752.14,ENSG00000172752,COL6A5
0.020278008129086523,0.01551791655055344,ENSG00000227507.3,ENSG00000227507,LTB
-0.006367325230233867,0.0059125009818555415,ENSG00000120903.13,ENSG00000120903,CHRNA2
0.02477745330627291,0.006433503020958352,ENSG00000253831.3,ENSG00000253831,ETV3L
0.016242413941386577,0.010816337604419121,ENSG00000167476.10,ENSG00000167476,JSRP1
-0.014642798594779767,0.008214537728693044,ENSG00000228420.1,ENSG00000228420,LINC01768
0.011174751833976352,-0.003538928862505996,ENSG00000228824.7,ENSG00000228824,MIR4500HG
0.006459116884686096,0.0009497029468773717,ENSG00000184343.11,ENSG00000184343,SRPK3
-0.0013724558525142865,0.03234026635025885,ENSG00000179639.10,ENSG00000179639,FCER1A
-0.0112653156085011,0.007927879043143982,ENSG00000259424.1,ENSG00000259424,IRAIN
-0.0009798594499811034,0.00478418357572915,ENSG00000234719.9,ENSG00000234719,NPIPB2
0.023114050517627542,0.012776250268396728,ENSG00000146411.6,ENSG00000146411,SLC2A12
0.003458189438429999,0.02140825014703533,ENSG00000175164.15,ENSG00000175164,ABO
0.0059292682852755,-0.0035370612697171776,ENSG00000204949.9,ENSG00000204949,FAM83A-AS1
-0.0219403156174784,0.01600090857547084,ENSG00000103528.17,ENSG00000103528,SYT17
0.006232186293480972,0.006741982367821821,ENSG00000231345.3,ENSG00000231345,BEND3P1
0.021987077328885902,0.006765115491135196,ENSG00000228307.2,ENSG00000228307,OR2S1P
0.007508081959231303,0.008190000307540059,ENSG00000145113.22,ENSG00000145113,MUC4
-0.01347457562488622,0.010271480005700493,ENSG00000137270.11,ENSG00000137270,GCM1
-0.018381832183734393,0.012504297321293713,ENSG00000258387.1,ENSG00000258387,AL358913.1
0.008562212698608206,0.012611326455158268,ENSG00000250579.2,ENSG00000250579,CTD-2297D10.2
-0.008312990194343731,0.007913239691769347,ENSG00000259757.1,ENSG00000259757,AC091891.1
0.013703806042976038,0.0154009649073509,ENSG00000109819.9,ENSG00000109819,PPARGC1A
0.0064151802759488084,-0.002826590687627285,ENSG00000223486.1,ENSG00000223486,AC092198.1
0.014721666405578128,0.024552931095801596,ENSG00000211753.4,ENSG00000211753,TRBV28
-0.01342264010730706,0.006060925259684318,ENSG00000236272.1,ENSG00000236272,SCUBE1-AS2
0.0007849443641177258,0.021377649041778423,ENSG00000034971.17,ENSG00000034971,MYOC
0.0034385057235759003,-0.0028421717687790475,ENSG00000277075.2,ENSG00000277075,H2AC8
0.02934357978976587,-0.00011440052795568509,ENSG00000253348.1,ENSG00000253348,AC008514.1
-0.002967473067865775,0.0038771838151043137,ENSG00000231133.8,ENSG00000231133,HAR1B
-0.0010740698046490386,0.024024609311840077,ENSG00000183166.11,ENSG00000183166,CALN1
0.0017532389427499643,0.011144122611899357,ENSG00000163623.9,ENSG00000163623,NKX6-1
0.02297748414649597,0.021673747606655334,ENSG00000181847.12,ENSG00000181847,TIGIT
-0.001901789218452674,0.0012095503441619173,ENSG00000175175.6,ENSG00000175175,PPM1E
-0.010506037173515285,0.011209602843446683,ENSG00000286733.1,ENSG00000286733,LINC02348
-0.023375224431739113,0.016082902117091704,ENSG00000068615.19,ENSG00000068615,REEP1
0.018702552512858468,-0.008993298011444807,ENSG00000156222.12,ENSG00000156222,SLC28A1
0.013152265970811502,0.006989294869203167,ENSG00000182674.6,ENSG00000182674,KCNB2
0.0036752298588592198,0.006164595878146862,ENSG00000258661.1,ENSG00000258661,AL079303.1
-0.022215720899395955,0.0132474266284214,ENSG00000163040.15,ENSG00000163040,CCDC74A
-0.005505890495997272,0.01796287646156495,ENSG00000187855.5,ENSG00000187855,ASCL4
0.014611943080402383,0.0034396190437447024,ENSG00000117971.12,ENSG00000117971,CHRNB4
-0.015271989210403045,0.01240585362708601,ENSG00000253816.3,ENSG00000253816,GUSBP14
0.023036431359067806,0.019119717373599774,ENSG00000119121.22,ENSG00000119121,TRPM6
-0.0039214028919719425,0.019818101076583213,ENSG00000172061.9,ENSG00000172061,LRRC15
-0.02654225390638191,0.019205550220542936,ENSG00000273472.1,ENSG00000273472,AC096733.2
0.02351932504457788,0.009084313629835422,ENSG00000231367.6,ENSG00000231367,LINC02613
-0.007904840719698769,0.011303550976397656,ENSG00000274718.1,ENSG00000274718,AL136964.1
0.009890802954902673,0.026143137565142548,ENSG00000166292.12,ENSG00000166292,TMEM100
0.03005569314141938,0.010526430714771984,ENSG00000144681.10,ENSG00000144681,STAC
-0.002645355166060084,0.01610031926488981,ENSG00000087494.16,ENSG00000087494,PTHLH
0.015220396768656282,0.012931888413527323,ENSG00000182732.18,ENSG00000182732,RGS6
-0.029833095964560286,0.018959783761831866,ENSG00000134830.6,ENSG00000134830,C5AR2
0.016904419695819243,0.0077717299349860285,ENSG00000164379.7,ENSG00000164379,FOXQ1
0.006619480239740336,0.0033924518482925012,ENSG00000138622.4,ENSG00000138622,HCN4
-0.0015658032706871404,0.016567258551447236,ENSG00000114200.10,ENSG00000114200,BCHE
0.006657174010121177,0.007234044475161629,ENSG00000105641.4,ENSG00000105641,SLC5A5
0.02499023253477078,-0.005699161103092264,ENSG00000253417.5,ENSG00000253417,LINC02159
-0.005129404594510658,0.0242486402529795,ENSG00000165323.15,ENSG00000165323,FAT3
-0.005329046573046178,0.010326972426305389,ENSG00000050030.16,ENSG00000050030,NEXMIF
0.019018398448698674,0.028506278682960413,ENSG00000245164.8,ENSG00000245164,LINC00861
-0.000581510717537276,0.018024638054971693,ENSG00000259884.1,ENSG00000259884,NR4A1AS
0.009748899440435766,0.010899786102317531,ENSG00000120057.5,ENSG00000120057,SFRP5
-0.008708429375115552,0.011749577545758762,ENSG00000279717.1,ENSG00000279717,AC005336.3
0.008655699578358416,0.005611590479274869,ENSG00000103310.11,ENSG00000103310,ZP2
0.005538849661511066,0.01235327304716936,ENSG00000135903.20,ENSG00000135903,PAX3
0.023191691711921123,0.0015702334908529022,ENSG00000170442.12,ENSG00000170442,KRT86
-0.009955519138688394,0.0077686488205542786,ENSG00000267909.3,ENSG00000267909,CCDC177
0.011521853310192318,0.019504767857329464,ENSG00000152672.8,ENSG00000152672,CLEC4F
-0.01715178809578218,0.01582106561457489,ENSG00000231437.3,ENSG00000231437,LINC01750
-0.030330927605107104,0.020532230794126395,ENSG00000109436.8,ENSG00000109436,TBC1D9
-0.00062689693226186,0.0023664184126333497,ENSG00000104755.15,ENSG00000104755,ADAM2
0.001105285337249255,0.006607855666636646,ENSG00000224769.1,ENSG00000224769,MUC20P1
0.02279311443599208,-0.004369294017200012,ENSG00000010438.17,ENSG00000010438,PRSS3
-0.01078410718606971,0.01002497693079026,ENSG00000203740.4,ENSG00000203740,METTL11B
-0.005949419968488815,0.00653957143434989,ENSG00000261235.1,ENSG00000261235,AC092142.1
-0.013127559441350696,0.010816760886495205,ENSG00000279773.1,ENSG00000279773,AL050303.3
0.02301142334765973,-0.011831423283448635,ENSG00000137090.12,ENSG00000137090,DMRT1
-0.003122274688835812,0.02414728016398027,ENSG00000198963.11,ENSG00000198963,RORB
-0.0027348837077779803,0.02279064661834672,ENSG00000144619.15,ENSG00000144619,CNTN4
-0.010279667240397708,0.018012425118527728,ENSG00000238145.2,ENSG00000238145,TUBAP8
0.010051201885760747,0.006661604636522965,ENSG00000165794.10,ENSG00000165794,SLC39A2
-0.030023100450719754,0.016127393586192966,ENSG00000206113.11,ENSG00000206113,CFAP99
0.014029893459033705,0.005883149968871168,ENSG00000163082.10,ENSG00000163082,SGPP2
-0.019639427679108167,0.01875792536481748,ENSG00000168280.18,ENSG00000168280,KIF5C
-0.006842578155327215,0.005062021790324513,ENSG00000145063.15,ENSG00000145063,AC062028.1
-0.006528710962832849,0.018687077956148542,ENSG00000287647.1,ENSG00000287647,AC093575.1
0.001749136555287038,-0.0014645393831602446,ENSG00000171126.8,ENSG00000171126,KCNG3
-0.023630394932100698,0.013218860095599657,ENSG00000204677.13,ENSG00000204677,FAM153CP
-0.01516886127908619,0.009345213634738263,ENSG00000258408.1,ENSG00000258408,NT5CP2
0.0025365538514345322,0.006282794280214857,ENSG00000185818.8,ENSG00000185818,NAT8L
0.015024293229393467,-0.007945056141990203,ENSG00000182379.10,ENSG00000182379,NXPH4
-0.007920368949353926,0.004742215883675215,ENSG00000186493.13,ENSG00000186493,C5orf38
-0.0048962858231810244,0.004999507291252379,ENSG00000170703.15,ENSG00000170703,TTLL6
0.012569259155054888,-7.976745184892495e-05,ENSG00000269526.1,ENSG00000269526,ERVV-1
-0.007249467264146178,0.018688368562231186,ENSG00000246985.8,ENSG00000246985,SOCS2-AS1
0.021004666793011984,0.018319711140920056,ENSG00000278263.2,ENSG00000278263,AC135068.3
-0.002126974351145538,0.00702197390666023,ENSG00000146352.13,ENSG00000146352,CLVS2
-0.004689588042441291,0.018294340138213017,ENSG00000113805.8,ENSG00000113805,CNTN3
-0.013499595722000195,0.008672220376967037,ENSG00000196668.4,ENSG00000196668,LINC00173
-0.014539538113366411,0.004625419161727013,ENSG00000170965.10,ENSG00000170965,PLAC1
-0.014628484842113093,0.011176423548547537,ENSG00000228184.1,ENSG00000228184,SNX19P1
0.019580367596436866,0.021105905083487492,ENSG00000198178.11,ENSG00000198178,CLEC4C
-0.0025173618334324655,0.010276758069007743,ENSG00000196604.13,ENSG00000196604,POTEF
0.012489566589305542,0.0014507556328671185,ENSG00000100985.7,ENSG00000100985,MMP9
0.027996890810171905,0.0029180194212311233,ENSG00000073792.16,ENSG00000073792,IGF2BP2
0.03193567667784129,0.0008581001829962783,ENSG00000054598.9,ENSG00000054598,FOXC1
0.011087994294875449,0.0078028974229334075,ENSG00000227066.2,ENSG00000227066,Z98257.1
-0.023566797775140695,0.017118005102942084,ENSG00000196917.6,ENSG00000196917,HCAR1
-0.021336022982173884,0.009683721177233335,ENSG00000168907.13,ENSG00000168907,PLA2G4F
0.014623811120729087,0.0040072716230072315,ENSG00000250620.2,ENSG00000250620,LINC02515
0.008475936167401981,-0.0010215378372502683,ENSG00000162624.14,ENSG00000162624,LHX8
-0.005741735906432842,0.005851092158907457,ENSG00000241280.1,ENSG00000241280,AC106712.1
-0.009499464487953201,0.013346768169124505,ENSG00000159374.17,ENSG00000159374,M1AP
0.007969824571799428,0.02993445290253582,ENSG00000206384.10,ENSG00000206384,COL6A6
0.006533409451510904,-0.0017217220506591752,ENSG00000270372.1,ENSG00000270372,AL162413.1
0.025762873848797038,0.00456478775190834,ENSG00000124134.9,ENSG00000124134,KCNS1
0.01884849549819946,-0.006473406986682761,ENSG00000267432.6,ENSG00000267432,DNAH17-AS1
0.003303899719686459,0.015770198621587916,ENSG00000224810.1,ENSG00000224810,AL355482.1
0.007054831138008566,0.014299009564042875,ENSG00000178363.5,ENSG00000178363,CALML3
-0.022182026535091742,0.013537255757856961,ENSG00000167646.14,ENSG00000167646,DNAAF3
0.004759156991825044,-0.0047177002228432656,ENSG00000278771.1,ENSG00000278771,RN7SL3
0.0013724055665405987,0.010368436689729534,ENSG00000185652.12,ENSG00000185652,NTF3
-0.00848126686569061,0.009071501481089282,ENSG00000182348.7,ENSG00000182348,ZNF804B
-0.006394653761242584,0.020573160413717744,ENSG00000196468.8,ENSG00000196468,FGF16
0.01856087834931535,0.01310324062679265,ENSG00000253497.1,ENSG00000253497,IGKV1-13
0.014144769619254887,-0.0059666362980823435,ENSG00000248498.4,ENSG00000248498,ASNSP1
0.0010104007589321995,0.015847364873641273,ENSG00000154874.15,ENSG00000154874,CCDC144B
-0.016425219745703903,0.00814974564745645,ENSG00000149927.18,ENSG00000149927,DOC2A
-0.005120025340329823,0.007721093442155192,ENSG00000136918.8,ENSG00000136918,WDR38
0.0266479903724339,-0.0026072288215477682,ENSG00000164626.9,ENSG00000164626,KCNK5
0.02059474300614644,0.028328535715666067,ENSG00000122188.13,ENSG00000122188,LAX1
0.0013389715530071995,0.012239717525206974,ENSG00000198691.13,ENSG00000198691,ABCA4
-0.011157764018742997,0.017465063941237993,ENSG00000189221.10,ENSG00000189221,MAOA
-0.017658465083400132,0.0070263089775750315,ENSG00000224260.6,ENSG00000224260,AL023754.1
-0.02662794836755326,0.013951341331045935,ENSG00000141424.13,ENSG00000141424,SLC39A6
-0.011842727093383534,0.014309686757626878,ENSG00000183346.9,ENSG00000183346,CABCOCO1
0.022917679163434283,-0.004536562059728663,ENSG00000268496.1,ENSG00000268496,AC245884.9
-0.00852135094692168,0.0009505037719087631,ENSG00000183145.9,ENSG00000183145,RIPPLY3
0.012426094975281174,0.010758520016961528,ENSG00000154227.13,ENSG00000154227,CERS3
-0.005272508907250633,0.026117017781855663,ENSG00000250305.9,ENSG00000250305,TRMT9B
0.010170871803738773,0.01186738975873782,ENSG00000132854.19,ENSG00000132854,KANK4
0.01911943247470783,-0.006001843157460688,ENSG00000237751.2,ENSG00000237751,LINC01143
0.02106797262312134,0.001798577553884233,ENSG00000167723.15,ENSG00000167723,TRPV3
0.011401504048657314,0.010475750627555395,ENSG00000154162.15,ENSG00000154162,CDH12
0.02937544387386272,0.012044348065950297,ENSG00000148734.8,ENSG00000148734,NPFFR1
-0.006285981555443633,0.027817023018984102,ENSG00000233760.2,ENSG00000233760,AC004947.1
0.016744383175126738,-0.010924633977756512,ENSG00000185519.9,ENSG00000185519,FAM131C
-0.019282946942361146,0.022559787426472175,ENSG00000230552.6,ENSG00000230552,AC092162.2
-0.01705478725971575,0.008090462763080807,ENSG00000287519.1,ENSG00000287519,AC004921.2
-0.00912357042501353,0.01700190683471466,ENSG00000279289.1,ENSG00000279289,AL136164.3
-0.008650364159764478,7.923436140601226e-05,ENSG00000132677.13,ENSG00000132677,RHBG
0.006045045376742936,0.015521496134030609,ENSG00000224689.9,ENSG00000224689,ZNF812P
0.003629555383373496,0.0019729456316489196,ENSG00000226476.6,ENSG00000226476,LINC01748
0.009318723812267529,0.012762655901477784,ENSG00000184012.13,ENSG00000184012,TMPRSS2
-0.006373047313711634,0.02597185948162841,ENSG00000152779.14,ENSG00000152779,SLC16A12
-0.01086920063806668,0.02063148446700757,ENSG00000262823.1,ENSG00000262823,AC127521.1
-0.0010340709941019288,0.007016016896992837,ENSG00000178773.15,ENSG00000178773,CPNE7
-0.011619208104929073,0.018990030336113795,ENSG00000164403.15,ENSG00000164403,SHROOM1
0.0181310352623053,-0.0026317395140444248,ENSG00000248713.1,ENSG00000248713,C4orf54
0.004039303416326132,-0.0002622942871276818,ENSG00000144820.8,ENSG00000144820,ADGRG7
0.0049071629450965545,0.007136837575358151,ENSG00000165474.8,ENSG00000165474,GJB2
-0.01806684720301164,0.019731508590685592,ENSG00000188013.6,ENSG00000188013,MEIS3P2
-0.003105106095359376,0.006780094284675635,ENSG00000132692.19,ENSG00000132692,BCAN
-0.0028394822774968336,0.009437439281702086,ENSG00000256340.8,ENSG00000256340,ABCC6P1
0.026757926514436065,0.0072293425164358435,ENSG00000225194.3,ENSG00000225194,LINC00092
0.015005568432352753,0.00048287245452923355,ENSG00000288658.1,ENSG00000288658,AC010980.1
0.022370862904791018,0.02259236373668985,ENSG00000089012.14,ENSG00000089012,SIRPG
0.01750080152855676,0.0190760271695505,ENSG00000167748.11,ENSG00000167748,KLK1
0.006247045405851178,0.024425036870236828,ENSG00000153993.13,ENSG00000153993,SEMA3D
-0.019811543851188922,0.010544446618705362,ENSG00000259345.7,ENSG00000259345,AC013652.1
0.007878843344905087,0.02070374719159295,ENSG00000205221.12,ENSG00000205221,VIT
0.005969286689306267,0.01757497593955873,ENSG00000172554.12,ENSG00000172554,SNTG2
-0.010486221932917199,0.011575931829655548,ENSG00000177551.5,ENSG00000177551,NHLH2
-0.0075637450128122775,0.014483961445045568,ENSG00000180616.9,ENSG00000180616,SSTR2
0.0008351431568894266,0.006967474351237533,ENSG00000116039.13,ENSG00000116039,ATP6V1B1
0.01885501296254991,0.027245551137772772,ENSG00000163508.13,ENSG00000163508,EOMES
0.005903391103582425,-0.00019212565034906079,ENSG00000138675.16,ENSG00000138675,FGF5
0.01055539594005187,0.003644905225720294,ENSG00000174950.11,ENSG00000174950,CD164L2
-0.012490262174389737,0.010015889973177157,ENSG00000264714.1,ENSG00000264714,KIAA0895LP1
0.0033120860308817465,-0.001165829547129708,ENSG00000229604.2,ENSG00000229604,MTATP8P2
-0.0010600847905035415,0.02301550092289304,ENSG00000116147.17,ENSG00000116147,TNR
-0.015279945744493616,0.017554443022072513,ENSG00000165194.15,ENSG00000165194,PCDH19
0.030035847869733064,0.013271419200348796,ENSG00000078081.8,ENSG00000078081,LAMP3
0.000609698522056825,0.007580323759732089,ENSG00000156959.9,ENSG00000156959,LHFPL4
-0.0008589409566067261,0.011273715389554052,ENSG00000162782.16,ENSG00000162782,TDRD5
0.01925497461793187,0.02109496746113804,ENSG00000271130.1,ENSG00000271130,IGHV3OR16-8
-0.018947828266211497,0.014430294438335912,ENSG00000205517.13,ENSG00000205517,RGL3
0.015783069812420808,-0.002361019890449737,ENSG00000188089.13,ENSG00000188089,PLA2G4E
0.007763236671651646,0.016999958170983848,ENSG00000174611.12,ENSG00000174611,KY
0.007185443503618191,0.01101218667300588,ENSG00000185304.15,ENSG00000185304,RGPD2
0.020287756603867953,-0.0016692002729305291,ENSG00000204655.12,ENSG00000204655,MOG
0.011568839028321402,0.01417209278150952,ENSG00000153789.13,ENSG00000153789,CIBAR2
0.0007428692394887224,0.024254941290323774,ENSG00000198848.13,ENSG00000198848,CES1
-0.026576105777950998,0.021406379816930485,ENSG00000183044.12,ENSG00000183044,ABAT
0.01714940751913337,0.006950934544690765,ENSG00000115339.14,ENSG00000115339,GALNT3
0.00022617430989644273,0.027150591903183762,ENSG00000232079.7,ENSG00000232079,LINC01697
-0.0006531552061376823,0.023866148762246454,ENSG00000160321.15,ENSG00000160321,ZNF208
-0.013123711740054765,0.02790075385700664,ENSG00000163145.13,ENSG00000163145,C1QTNF7
-0.01092901248962701,0.013508150417035798,ENSG00000273259.3,ENSG00000273259,AL049839.2
0.01690328684168892,-0.0012576600940363415,ENSG00000169436.17,ENSG00000169436,COL22A1
-0.02229712614288075,0.006485360519009634,ENSG00000149926.13,ENSG00000149926,TLCD3B
-0.005979615577223163,0.014206503685263055,ENSG00000173406.16,ENSG00000173406,DAB1
0.0023433396689234633,-0.0028933532536732196,ENSG00000205696.4,ENSG00000205696,ADARB2-AS1
-0.002047851915690202,0.02690011842957938,ENSG00000186462.9,ENSG00000186462,NAP1L2
0.0037888531186512134,0.009915634094247339,ENSG00000225790.2,ENSG00000225790,AC007953.1
0.024744730907560606,0.0196063884156539,ENSG00000172005.11,ENSG00000172005,MAL
0.008629726598731924,0.03763759073134277,ENSG00000164946.20,ENSG00000164946,FREM1
-0.02299631277188827,0.014111269645255315,ENSG00000213538.5,ENSG00000213538,KRT8P41
0.013873781508313624,-0.0005839750607165193,ENSG00000164265.9,ENSG00000164265,SCGB3A2
-0.009320200433914457,0.008284225655309592,ENSG00000286377.1,ENSG00000286377,AC114964.2
0.015508993574390086,0.005842084850799807,ENSG00000231290.6,ENSG00000231290,APCDD1L-DT
0.012641805375697012,-0.003124048116737764,ENSG00000128714.6,ENSG00000128714,HOXD13
0.008478714473943109,0.0069937313197366525,ENSG00000127129.10,ENSG00000127129,EDN2
-0.001956381501972386,0.004662211938384695,ENSG00000188996.4,ENSG00000188996,HUS1B
-0.023750554088011053,0.011104862235790557,ENSG00000141977.9,ENSG00000141977,CIB3
0.025509049350887433,0.013918810984379389,ENSG00000050730.16,ENSG00000050730,TNIP3
0.016048334259288484,0.011109125173466508,ENSG00000253239.1,ENSG00000253239,IGLVI-70
-0.01846395974230475,0.014691427062820988,ENSG00000273650.1,ENSG00000273650,AC100793.4
0.004341596324464541,0.007810725878332669,ENSG00000130477.15,ENSG00000130477,UNC13A
-0.0017888343047653599,0.0053970259682937834,ENSG00000161133.16,ENSG00000161133,USP41
0.02298811017832859,0.007226314305503173,ENSG00000112414.15,ENSG00000112414,ADGRG6
-0.005060643552800453,0.010437128489805212,ENSG00000265246.1,ENSG00000265246,AC129926.1
0.011784050636154245,0.010470172106250853,ENSG00000162738.6,ENSG00000162738,VANGL2
-0.004820984773572504,0.0018140391063091656,ENSG00000254872.3,ENSG00000254872,LINC02688
0.021037891391537278,0.021012454671096317,ENSG00000148600.15,ENSG00000148600,CDHR1
-0.005466454131875374,0.011952642580566317,ENSG00000260641.1,ENSG00000260641,AC114811.2
0.008538087624152693,0.003096435818684262,ENSG00000168070.12,ENSG00000168070,MAJIN
0.005110407824751082,0.021896080796803292,ENSG00000183454.18,ENSG00000183454,GRIN2A
0.017214958016693163,0.023253345010403093,ENSG00000205038.12,ENSG00000205038,PKHD1L1
0.0166084904532659,0.016159025015062365,ENSG00000211672.2,ENSG00000211672,IGLV4-3
0.001815010494764316,0.0201075098631145,ENSG00000075035.10,ENSG00000075035,WSCD2
-0.0047274418390228995,0.012511010318244696,ENSG00000204969.7,ENSG00000204969,PCDHA2
0.009701539078552314,0.023248297518173852,ENSG00000282939.1,ENSG00000282939,TRBV7-2
0.010343100406767607,0.005229275349264374,ENSG00000181126.13,ENSG00000181126,HLA-V
0.008137215926803602,0.008564707202302072,ENSG00000095739.11,ENSG00000095739,BAMBI
-0.018227679679841794,0.01120296001528103,ENSG00000235713.1,ENSG00000235713,AC004522.2
0.004013802691935889,0.0033701512123505886,ENSG00000270816.6,ENSG00000270816,LINC00221
0.018468020007627,0.020828147648235006,ENSG00000271375.1,ENSG00000271375,AC134879.2
-0.0007422451104157232,0.018180410214102962,ENSG00000250423.2,ENSG00000250423,KIAA1210
0.021374789623646275,0.02752772894209432,ENSG00000186265.10,ENSG00000186265,BTLA
-0.0028281300259452645,0.02893125897345828,ENSG00000106483.12,ENSG00000106483,SFRP4
0.021801333093689066,0.0076569226749623985,ENSG00000172548.14,ENSG00000172548,NIPAL4
-0.00849359349564055,0.007746863125893736,ENSG00000255277.3,ENSG00000255277,ABCC6P2
-0.0018606135902072532,0.010085432350891224,ENSG00000275395.6,ENSG00000275395,FCGBP
-0.012718343682591953,0.023327135222110773,ENSG00000257150.3,ENSG00000257150,PGAM1P5
0.02157422739166893,-0.002454079582217844,ENSG00000115592.11,ENSG00000115592,PRKAG3
-0.006758996444668997,0.015501961698112356,ENSG00000167034.10,ENSG00000167034,NKX3-1
0.017873762842801115,-0.006380824195892542,ENSG00000115507.10,ENSG00000115507,OTX1
0.007585948969350147,0.016029765686603747,ENSG00000170476.16,ENSG00000170476,MZB1
0.024651512670355195,0.00025698977178595616,ENSG00000257060.7,ENSG00000257060,AC091078.1
-0.004431954442684758,0.011022799345047117,ENSG00000253632.1,ENSG00000253632,AC084026.2
0.02305602436442356,0.009176637373693473,ENSG00000146233.8,ENSG00000146233,CYP39A1
-0.004113892188999702,0.011394696383395233,ENSG00000225978.3,ENSG00000225978,HAR1A
0.017498860917263704,0.02999125485493354,ENSG00000173578.8,ENSG00000173578,XCR1
-0.009828893709343213,0.012721096400527827,ENSG00000279741.1,ENSG00000279741,AC007342.8
-0.00626357124099593,0.021295729581675592,ENSG00000166510.14,ENSG00000166510,CCDC68
0.0038212698697886226,0.005492654074502876,ENSG00000242715.8,ENSG00000242715,CCDC169
-0.005962479054091985,0.0049733849033321694,ENSG00000250241.6,ENSG00000250241,AC105383.1
-0.015000484028403286,0.014111865584856349,ENSG00000173917.10,ENSG00000173917,HOXB2
0.0042130039377825355,0.0008489854057185087,ENSG00000204544.5,ENSG00000204544,MUC21
-0.003519347632032044,0.010936678219683613,ENSG00000197249.14,ENSG00000197249,SERPINA1
0.004180768871819734,0.013293569718320743,ENSG00000184144.12,ENSG00000184144,CNTN2
0.013819142907748268,0.006395556205775241,ENSG00000134323.12,ENSG00000134323,MYCN
-0.01646543705764907,0.023229856458413082,ENSG00000236699.9,ENSG00000236699,ARHGEF38
-0.023453295770763924,0.014748746752755781,ENSG00000168743.13,ENSG00000168743,NPNT
-0.005874250147552904,0.004010818630963326,ENSG00000183566.10,ENSG00000183566,BPIFA4P
-0.018404666119209778,0.014609436690954773,ENSG00000134202.11,ENSG00000134202,GSTM3
-0.00639689952419291,0.01244000155072151,ENSG00000259925.1,ENSG00000259925,AC130456.2
0.002967387018314611,-0.003061387481538318,ENSG00000075043.19,ENSG00000075043,KCNQ2
0.025463529968475982,0.012777013522515805,ENSG00000122733.12,ENSG00000122733,PHF24
-0.004812126800759664,0.003335912697114776,ENSG00000218281.1,ENSG00000218281,H2AC9P
0.01875823181905826,0.005672900394284628,ENSG00000160963.14,ENSG00000160963,COL26A1
-0.00023284738005348508,0.0168909315594065,ENSG00000135063.19,ENSG00000135063,FAM189A2
-0.0011280160843132924,0.011681071646664008,ENSG00000155961.5,ENSG00000155961,RAB39B
-0.001981999420503285,0.005759192967871728,ENSG00000253931.1,ENSG00000253931,AC105118.1
-0.01816915838715343,0.017351812145455368,ENSG00000149403.13,ENSG00000149403,GRIK4
-0.009577570678456552,0.011314023487956133,ENSG00000233309.1,ENSG00000233309,RPS6P12
0.01454129250624439,0.007922003505388867,ENSG00000163347.6,ENSG00000163347,CLDN1
0.021654104402867847,-0.0016497281255011742,ENSG00000105255.11,ENSG00000105255,FSD1
0.01449181564768086,0.012949636642585383,ENSG00000144407.9,ENSG00000144407,PTH2R
0.004882098366760296,0.0022967376647723696,ENSG00000169297.8,ENSG00000169297,NR0B1
0.013207864493371194,0.0304815646021186,ENSG00000197057.10,ENSG00000197057,DTHD1
0.003084540244454059,0.00916399538378768,ENSG00000122787.15,ENSG00000122787,AKR1D1
-1.4759087174491576e-05,0.010933527506799894,ENSG00000100346.18,ENSG00000100346,CACNA1I
0.009243978173865372,0.004006547650097045,ENSG00000255622.3,ENSG00000255622,PCDHB17P
0.005837725331127172,-0.00587525972265758,ENSG00000263934.5,ENSG00000263934,SNORD3A
0.002842943019478481,0.020600149604004223,ENSG00000131095.13,ENSG00000131095,GFAP
-0.0090317923824424,-0.0017953106815562963,ENSG00000265962.1,ENSG00000265962,GACAT2
-0.007980580256020671,0.012826562802247029,ENSG00000145864.14,ENSG00000145864,GABRB2
0.0076546070464228524,0.007177437300120372,ENSG00000272279.1,ENSG00000272279,AL512329.2
-0.004551057493404779,0.01027858119970678,ENSG00000271013.1,ENSG00000271013,LRRC37A9P
0.0010958488846363882,0.011257954529230571,ENSG00000225886.3,ENSG00000225886,AL445490.1
-0.006775461560378279,0.01838969915140397,ENSG00000104435.14,ENSG00000104435,STMN2
0.0006601488368564715,0.024372881577739085,ENSG00000187987.9,ENSG00000187987,ZSCAN23
0.012386097955227883,0.020442442102986447,ENSG00000107242.20,ENSG00000107242,PIP5K1B
0.005860283628607903,0.00656969863780593,ENSG00000203943.9,ENSG00000203943,SAMD13
-0.007713404580498556,0.013090596657868563,ENSG00000176601.13,ENSG00000176601,MAP3K19
0.01834842136859849,0.001465723235493048,ENSG00000254626.1,ENSG00000254626,AP003100.1
0.025969053444250986,0.0012899681893230588,ENSG00000175697.11,ENSG00000175697,GPR156
0.004876691322984714,-0.003289398138568364,ENSG00000232177.1,ENSG00000232177,MTND4P24
0.01291081436004343,0.001011017488703145,ENSG00000216915.2,ENSG00000216915,GPR89P
0.005312776215950947,-0.0032124264924831207,ENSG00000185247.15,ENSG00000185247,MAGEA11
-0.009564711212012814,0.004641056824747641,ENSG00000232756.1,ENSG00000232756,AC004990.1
-0.012205933043094032,0.01729309561254785,ENSG00000178401.16,ENSG00000178401,DNAJC22
0.009942989372617563,0.002447238206688561,ENSG00000232006.9,ENSG00000232006,AC005537.1
0.005249533528932255,-0.0022710558255096005,ENSG00000086159.13,ENSG00000086159,AQP6
-0.023347124025138142,0.02032617897304178,ENSG00000157388.19,ENSG00000157388,CACNA1D
-0.006649971984520789,0.006087432049920037,ENSG00000224209.8,ENSG00000224209,LINC00466
0.0008425996490418287,0.004025280490230236,ENSG00000254089.2,ENSG00000254089,AC016885.2
-0.01797451679884186,0.019624564697122027,ENSG00000197291.9,ENSG00000197291,RAMP2-AS1
0.002469473570607684,0.008022657692375375,ENSG00000179133.15,ENSG00000179133,C10orf67
0.019992880086668,0.0137229582303171,ENSG00000106178.7,ENSG00000106178,CCL24
-0.005256799215314338,0.0059865406197637545,ENSG00000250696.5,ENSG00000250696,AC111000.4
-0.01638926202171599,0.013889567114970353,ENSG00000187048.13,ENSG00000187048,CYP4A11
-0.0010816670720891646,0.03238370789670829,ENSG00000276409.5,ENSG00000276409,CCL14
0.016607469549830636,0.020750642483149805,ENSG00000254174.1,ENSG00000254174,IGHV1-12
0.015724542537097718,0.03140886842116333,ENSG00000172673.11,ENSG00000172673,THEMIS
-0.0009680411625660203,0.016510158643180166,ENSG00000286081.1,ENSG00000286081,AC016682.1
0.009244036724834695,0.010448581353235158,ENSG00000233332.1,ENSG00000233332,AL122008.3
0.0037519361759505276,-0.003920681428300384,ENSG00000204894.4,ENSG00000204894,AC104692.1
0.01846098890159849,0.020175484182977738,ENSG00000090382.7,ENSG00000090382,LYZ
0.009416076698550024,0.02190958641297856,ENSG00000171033.13,ENSG00000171033,PKIA
-0.003557850610915497,0.010240677973715013,ENSG00000170561.13,ENSG00000170561,IRX2
-0.004320959549876451,0.004610933455586986,ENSG00000232679.2,ENSG00000232679,LINC01705
-0.0023616309318805176,0.01877553808414955,ENSG00000162595.7,ENSG00000162595,DIRAS3
0.0070347668517847335,0.0019947225782865207,ENSG00000135625.8,ENSG00000135625,EGR4
0.00843834656661818,-0.010220477972810064,ENSG00000087250.9,ENSG00000087250,MT3
0.009773690252772794,0.024141071212722288,ENSG00000127241.18,ENSG00000127241,MASP1
0.01586959620770098,0.007543849265056285,ENSG00000236279.7,ENSG00000236279,CLEC2L
0.003754487095638778,0.01643033947290964,ENSG00000164308.17,ENSG00000164308,ERAP2
-0.01799794799874319,0.017626111690384316,ENSG00000265296.1,ENSG00000265296,FEM1AP2
-0.009342049753912634,0.025459824303444054,ENSG00000148948.8,ENSG00000148948,LRRC4C
0.012220514192343603,0.01751056301144542,ENSG00000269954.2,ENSG00000269954,AC022239.1
-0.016851700463694122,0.006134853181081199,ENSG00000173838.12,ENSG00000173838,MARCHF10
-0.008863587049740126,0.011606300596809496,ENSG00000137473.18,ENSG00000137473,TTC29
0.0028303527643489404,0.020696028636423055,ENSG00000100285.10,ENSG00000100285,NEFH
0.011891215818271076,0.0053685193620862685,ENSG00000234928.1,ENSG00000234928,LINC01659
-0.013304684668907973,0.019055078529482426,ENSG00000021645.20,ENSG00000021645,NRXN3
0.0009737842387724192,0.01061175409804333,ENSG00000225868.7,ENSG00000225868,AC016582.1
-0.0009615527681275961,0.027521940090083182,ENSG00000248994.2,ENSG00000248994,AC124852.1
-0.010831994878789475,0.021999681203345844,ENSG00000007174.18,ENSG00000007174,DNAH9
-0.005524150326601501,0.01885214164688725,ENSG00000064205.10,ENSG00000064205,CCN5
-0.002973561690276966,0.01144283963152276,ENSG00000254681.6,ENSG00000254681,PKD1P5
0.019945698931764864,-0.007498340168363421,ENSG00000205358.4,ENSG00000205358,MT1H
-0.005397960837643306,0.010755961718406405,ENSG00000127325.19,ENSG00000127325,BEST3
0.02014146502834788,0.029187991655603488,ENSG00000168685.15,ENSG00000168685,IL7R
0.0057288758170902345,0.031704867018758694,ENSG00000153253.19,ENSG00000153253,SCN3A
-0.007654282558133459,0.013260625046322182,ENSG00000249993.1,ENSG00000249993,BFSP2-AS1
0.021412877314653512,0.007038350304146192,ENSG00000189013.14,ENSG00000189013,KIR2DL4
-0.010055796367344244,0.008066262781230345,ENSG00000255366.1,ENSG00000255366,AC120036.4
0.002041952261554609,0.014629185019562183,ENSG00000179083.6,ENSG00000179083,FAM133A
0.018472355384236985,0.028851736551434467,ENSG00000146285.14,ENSG00000146285,SCML4
-0.009777148066172773,0.008820523058196148,ENSG00000173627.8,ENSG00000173627,APOBEC4
0.00032065433155839236,0.006776787748147458,ENSG00000286504.1,ENSG00000286504,AC092745.4
-0.0017752926546467569,0.02507465233274649,ENSG00000139209.16,ENSG00000139209,SLC38A4
0.020700671172882747,0.022603804135823552,ENSG00000203710.12,ENSG00000203710,CR1
0.005638172303234607,0.0042414986248786365,ENSG00000267313.7,ENSG00000267313,KC6
-0.014598108202069348,0.01936955723363957,ENSG00000154864.13,ENSG00000154864,PIEZO2
-0.007680996828788279,-0.002263996680635819,ENSG00000236117.1,ENSG00000236117,LINC01639
0.020461875647774207,-0.00778491846836458,ENSG00000287023.1,ENSG00000287023,AC018978.1
0.008972059247872427,0.003697317896277583,ENSG00000140297.13,ENSG00000140297,GCNT3
0.001917087406320881,0.013640376921489662,ENSG00000240563.2,ENSG00000240563,L1TD1
0.012146979193753044,-0.008126781812217359,ENSG00000172782.12,ENSG00000172782,FADS6
-0.00653808038325901,-0.00016160838850235438,ENSG00000260469.3,ENSG00000260469,INSYN1-AS1
0.005776490063918362,0.006372093255805503,ENSG00000179862.7,ENSG00000179862,CITED4
0.00456146361178344,0.024224273750725514,ENSG00000105894.12,ENSG00000105894,PTN
0.017520201751961048,0.018763580759682777,ENSG00000253120.1,ENSG00000253120,IGLV2-34
-0.019464135615629864,0.015549741377383606,ENSG00000277022.1,ENSG00000277022,AL031663.3
-0.02452387984801479,0.007986652105682073,ENSG00000174788.10,ENSG00000174788,PCP2
0.0024183634131874385,-9.775917552506257e-05,ENSG00000261787.2,ENSG00000261787,TCF24
0.002018358381893177,0.0003655952246498851,ENSG00000200795.1,ENSG00000200795,RNU4-1
-0.0013294370952079547,0.03482253319352564,ENSG00000144229.12,ENSG00000144229,THSD7B
-0.014578935592039221,0.0156134971435931,ENSG00000185272.14,ENSG00000185272,RBM11
0.00059488022521503,0.003875319845577187,ENSG00000227183.3,ENSG00000227183,HDGFP1
0.0007353043625109448,0.005146656363489189,ENSG00000283709.1,ENSG00000283709,FAM238C
0.014876607570021962,0.026029762951082617,ENSG00000146477.6,ENSG00000146477,SLC22A3
0.002467298493201154,0.014529299439910723,ENSG00000160471.13,ENSG00000160471,COX6B2
-0.007973355223091772,0.02110169350554968,ENSG00000278965.1,ENSG00000278965,AC122713.2
-0.011929906866474438,0.01201123218618301,ENSG00000253182.1,ENSG00000253182,AC084026.1
-0.0028044739720378548,0.02565754109198102,ENSG00000134201.12,ENSG00000134201,GSTM5
-0.001392914493649464,0.003953823577924862,ENSG00000234703.1,ENSG00000234703,AF015262.1
0.02181166117899464,0.0006244496486160655,ENSG00000204248.11,ENSG00000204248,COL11A2
-0.009302319171465113,0.002452137657912598,ENSG00000159409.15,ENSG00000159409,CELF3
0.008532049497916335,0.0016330605602414465,ENSG00000285624.2,ENSG00000285624,AC025062.3
0.0035826924415381296,0.008757043067172544,ENSG00000144227.5,ENSG00000144227,NXPH2
0.012315948155381581,-0.002305379624131011,ENSG00000179750.16,ENSG00000179750,APOBEC3B
-0.004278167877700787,0.013636874688370128,ENSG00000236532.6,ENSG00000236532,LINC01695
0.004959063538726173,-0.001516814653707119,ENSG00000118785.14,ENSG00000118785,SPP1
0.003960197123922166,0.0030245582440655634,ENSG00000236107.10,ENSG00000236107,SCN1A-AS1
0.008029090798283078,0.013981311103137994,ENSG00000225950.8,ENSG00000225950,NTF4
-0.00601044141702256,0.003432477169463025,ENSG00000220378.3,ENSG00000220378,KRT8P42
0.002187310387617836,0.00873343672112708,ENSG00000269699.6,ENSG00000269699,ZIM2
0.018812554001662436,-0.008906994124355841,ENSG00000214107.8,ENSG00000214107,MAGEB1
-0.004152881418236695,0.010919252831811315,ENSG00000235205.1,ENSG00000235205,TATDN2P3
0.0022870930713331664,0.017073462979318634,ENSG00000185942.13,ENSG00000185942,NKAIN3
0.01172831830852475,0.01863027769530495,ENSG00000157152.17,ENSG00000157152,SYN2
-5.606631799204114e-06,0.005428636578373272,ENSG00000287649.1,ENSG00000287649,AC093418.1
0.007882663525477993,0.009126519360069847,ENSG00000213023.11,ENSG00000213023,SYT3
-0.00018701457124283778,0.0037590470157247177,ENSG00000235847.2,ENSG00000235847,LDHAP7
0.004748102449216261,0.021524713059981444,ENSG00000281769.1,ENSG00000281769,LINC01230
0.024469413530891767,0.010805159806852052,ENSG00000255750.6,ENSG00000255750,AC022509.1
0.01835033431727896,0.021220967216390683,ENSG00000197476.3,ENSG00000197476,AC034105.1
0.01345475158689915,0.0023284543642413573,ENSG00000273274.2,ENSG00000273274,ZBTB8B
0.002695154955916044,0.003099852794291658,ENSG00000161249.21,ENSG00000161249,DMKN
-0.0008168122901235442,0.025683574467260134,ENSG00000197705.10,ENSG00000197705,KLHL14
0.012722563177776088,0.011520660982617358,ENSG00000137285.10,ENSG00000137285,TUBB2B
-0.003906023722660196,0.007283026441829761,ENSG00000262198.1,ENSG00000262198,AL157931.1
-0.00025393484349898804,0.010401054792586364,ENSG00000171872.5,ENSG00000171872,KLF17
0.004021439558664523,0.01059566517620481,ENSG00000234156.3,ENSG00000234156,AL359636.2
-0.0010351675252596644,0.02532472795959782,ENSG00000196277.16,ENSG00000196277,GRM7
-0.02261139084471643,0.010144688847467633,ENSG00000012171.20,ENSG00000012171,SEMA3B
0.015085983132099027,0.009369058295514607,ENSG00000105855.10,ENSG00000105855,ITGB8
0.021328680431877328,0.009108581524923384,ENSG00000083454.22,ENSG00000083454,P2RX5
-0.013899341216064336,0.009982027435635752,ENSG00000267251.2,ENSG00000267251,AC139100.1
0.017014388164620937,0.003923896298353167,ENSG00000265763.4,ENSG00000265763,ZNF488
-0.012787970671812416,0.01723317572646855,ENSG00000231868.1,ENSG00000231868,AL031848.1
0.006218412517025319,0.006333857038731461,ENSG00000183734.4,ENSG00000183734,ASCL2
-0.002863245215392436,0.003078976096330385,ENSG00000279712.1,ENSG00000279712,FP325330.3
0.0022942485029996368,0.0027940454499370626,ENSG00000158008.10,ENSG00000158008,EXTL1
-0.01433061817885904,0.01598303213083859,ENSG00000237574.1,ENSG00000237574,LINC01856
-0.00804745757021952,0.016837362545145163,ENSG00000204442.4,ENSG00000204442,FAM155A
0.01983997593961694,0.005741989680192632,ENSG00000105376.5,ENSG00000105376,ICAM5
0.0037533366959542594,0.03741091342003589,ENSG00000231246.2,ENSG00000231246,LINC02884
0.006047207311793418,0.00026777188404800676,ENSG00000228933.8,ENSG00000228933,AC107419.1
0.0073868936539910985,0.000718060513609472,ENSG00000226453.2,ENSG00000226453,LINC02542
-0.01581269860737142,0.017735027143952295,ENSG00000120875.9,ENSG00000120875,DUSP4
0.00525346950853667,0.014794009983912662,ENSG00000130226.17,ENSG00000130226,DPP6
-0.014075254195793025,0.014099051339925266,ENSG00000163141.20,ENSG00000163141,BNIPL
-0.017856890208523955,0.017743154542047043,ENSG00000283766.1,ENSG00000283766,AC141930.2
-0.0088874740697932,0.010122836815730575,ENSG00000176769.9,ENSG00000176769,TCERG1L
0.01825181338811811,-0.007034131462653828,ENSG00000148704.13,ENSG00000148704,VAX1
-0.014488753590096935,0.010670098358981684,ENSG00000188523.9,ENSG00000188523,CFAP77
-0.004351696991684982,0.006594271498025118,ENSG00000253170.1,ENSG00000253170,AC108515.1
0.013709552129874245,0.008954165671327247,ENSG00000173930.9,ENSG00000173930,SLCO4C1
0.01150856185851705,0.02555741295614401,ENSG00000007908.16,ENSG00000007908,SELE
-0.001881342519290088,-0.0025129409771610448,ENSG00000145198.14,ENSG00000145198,VWA5B2
-0.0024153547840211785,-0.0009054735674960111,ENSG00000159337.7,ENSG00000159337,PLA2G4D
0.001009768372390814,0.03701761771970355,ENSG00000166482.12,ENSG00000166482,MFAP4
0.01990127541076406,0.019522198133127205,ENSG00000234184.6,ENSG00000234184,LINC01781
-0.011300702644452806,0.009199442919702549,ENSG00000262920.5,ENSG00000262920,AC129507.4
0.0007167992510888713,0.016940770692538958,ENSG00000060709.15,ENSG00000060709,RIMBP2
0.021610995100509393,0.005525900688495709,ENSG00000101292.8,ENSG00000101292,PROKR2
0.011524428487049716,0.008154647579870956,ENSG00000242516.2,ENSG00000242516,LINC00960
-0.004382846627420138,0.007831471079867952,ENSG00000274767.1,ENSG00000274767,AC243829.1
-0.010835300022147151,0.009753225274285963,ENSG00000251191.8,ENSG00000251191,LINC00589
-0.012760150040995746,0.01157763963592644,ENSG00000150873.12,ENSG00000150873,C2orf50
0.014981209265171656,0.00882601414472669,ENSG00000188282.12,ENSG00000188282,RUFY4
0.0189014446929918,0.026211981615879,ENSG00000278030.1,ENSG00000278030,TRBV7-9
0.01852466265986449,0.022747316487612322,ENSG00000113302.5,ENSG00000113302,IL12B
-0.008732936801253047,0.005990251546501144,ENSG00000169668.11,ENSG00000169668,BCRP2
5.924112355393048e-05,0.021439643208919792,ENSG00000104722.14,ENSG00000104722,NEFM
-0.0076183052153595806,0.008159009804909134,ENSG00000130643.9,ENSG00000130643,CALY
-0.023067313298910586,0.011684168001264076,ENSG00000214252.4,ENSG00000214252,AZGP1P2
0.02293139997701519,9.206147227695765e-05,ENSG00000115009.13,ENSG00000115009,CCL20
-0.009505765155631287,0.018482760868985985,ENSG00000053747.17,ENSG00000053747,LAMA3
0.018909056585721416,-0.004553825965714352,ENSG00000248517.1,ENSG00000248517,LINC02437
0.0009747996159252424,0.011684967206387186,ENSG00000140465.14,ENSG00000140465,CYP1A1
-0.02076718922876284,0.015031857903904634,ENSG00000276223.1,ENSG00000276223,AL118522.1
0.02166952885041966,0.025902891039702756,ENSG00000174946.7,ENSG00000174946,GPR171
0.02402723862191486,0.01717669655050719,ENSG00000163599.17,ENSG00000163599,CTLA4
0.005462243327158263,-0.0027002771602512893,ENSG00000178395.7,ENSG00000178395,CCDC185
-0.013680063506304038,0.00930138900590096,ENSG00000248464.1,ENSG00000248464,FGF10-AS1
-0.0017324761019071367,-0.00019580333938264512,ENSG00000151033.10,ENSG00000151033,LYZL2
0.005271011272708165,0.023334656165729203,ENSG00000150471.16,ENSG00000150471,ADGRL3
0.0012131971091557568,0.0059129391173643395,ENSG00000263316.1,ENSG00000263316,AC027763.2
-0.013516295408567606,0.0043858732145123265,ENSG00000132329.11,ENSG00000132329,RAMP1
0.002253402216082875,0.021717072508510796,ENSG00000155816.20,ENSG00000155816,FMN2
-0.0010022316330577181,0.008841089787522478,ENSG00000165985.10,ENSG00000165985,C1QL3
0.017522113133258677,0.0228311618740617,ENSG00000211745.3,ENSG00000211745,TRBV4-2
0.018756353813585317,0.0067864203337706,ENSG00000110693.18,ENSG00000110693,SOX6
-0.005796145292547587,0.017529628314158406,ENSG00000101463.6,ENSG00000101463,SYNDIG1
-0.010932474509852137,0.011692178056713846,ENSG00000149599.15,ENSG00000149599,DUSP15
0.016899922133725872,0.005621801326247778,ENSG00000188176.12,ENSG00000188176,SMTNL2
0.004773379905496763,0.0026581922829365034,ENSG00000244588.5,ENSG00000244588,RAD21L1
-0.01563249618591013,0.012286475687244789,ENSG00000166743.9,ENSG00000166743,ACSM1
-0.003458489111739788,0.004070027090369465,ENSG00000244921.2,ENSG00000244921,MTCYBP18
-0.012286261639702213,0.010626274921369836,ENSG00000229836.1,ENSG00000229836,AL671883.1
0.021797993012553234,0.016053442278992996,ENSG00000226197.3,ENSG00000226197,AL583785.1
0.018070820745905526,0.025642648936500444,ENSG00000235532.1,ENSG00000235532,LINC00402
0.00538216897059711,-0.0010436523259679837,ENSG00000287352.1,ENSG00000287352,AC011029.1
0.015134842436667906,0.006082044864189648,ENSG00000244649.5,ENSG00000244649,LINC02086
0.009259042236769875,0.016019801410610095,ENSG00000171889.5,ENSG00000171889,MIR31HG
0.01565662808554035,0.0018217386532551022,ENSG00000268621.6,ENSG00000268621,IGFL2-AS1
0.018419435639286205,-0.0003724371919980253,ENSG00000233922.3,ENSG00000233922,LINC01694
0.0026848497944550907,0.00783105442682613,ENSG00000159251.8,ENSG00000159251,ACTC1
-0.02319923198823955,0.015416412421231259,ENSG00000165548.11,ENSG00000165548,TMEM63C
0.00048712848537590275,0.004935707299426114,ENSG00000138100.14,ENSG00000138100,TRIM54
0.003084030604104825,0.002959634439548835,ENSG00000164690.8,ENSG00000164690,SHH
0.00022201508806455797,0.020898040992912918,ENSG00000134917.10,ENSG00000134917,ADAMTS8
0.011445458461262062,0.006397795313600308,ENSG00000006016.11,ENSG00000006016,CRLF1
0.018090894465598244,0.029602789696173498,ENSG00000102245.8,ENSG00000102245,CD40LG
0.0012452390774911404,0.005011984821880321,ENSG00000159625.15,ENSG00000159625,DRC7
0.022590525603658006,0.010768635213192804,ENSG00000121380.12,ENSG00000121380,BCL2L14
0.016622534667289007,0.022792360707702335,ENSG00000157404.16,ENSG00000157404,KIT
0.0020020122601013394,0.010315126056801432,ENSG00000183067.5,ENSG00000183067,IGSF5
-0.0003814637847671928,0.004876853084494095,ENSG00000175894.18,ENSG00000175894,TSPEAR
0.0023695632885883263,0.002808681832193661,ENSG00000167701.14,ENSG00000167701,GPT
0.020752167308506236,0.018090517915899114,ENSG00000196169.15,ENSG00000196169,KIF19
0.003462101158847267,0.018155184307965488,ENSG00000156463.18,ENSG00000156463,SH3RF2
0.019380519842420688,0.02171505008631663,ENSG00000085265.11,ENSG00000085265,FCN1
0.01329812045312311,-0.003835677682676142,ENSG00000215148.11,ENSG00000215148,PRSS41
0.006844116984881051,0.013022739771332392,ENSG00000117009.12,ENSG00000117009,KMO
0.0013847664409630288,0.025406919923168132,ENSG00000049540.18,ENSG00000049540,ELN
-0.013011577334911045,0.009626824758879056,ENSG00000222035.4,ENSG00000222035,KIAA2012-AS1
0.007259147685573827,0.013363210912043313,ENSG00000175785.13,ENSG00000175785,PRIMA1
-0.005102813981712285,0.004490039515322019,ENSG00000203814.6,ENSG00000203814,H2BC18
-0.0014407010559575077,0.003970251484970962,ENSG00000197870.12,ENSG00000197870,PRB3
0.02477219755939952,0.004043319489702129,ENSG00000179270.7,ENSG00000179270,PCARE
0.007600161740280402,0.012208582424555343,ENSG00000255240.6,ENSG00000255240,AP001636.3
-0.0092945524226102,0.023526154042828082,ENSG00000260597.1,ENSG00000260597,AC012531.1
-0.009207796218417441,0.018396739199506833,ENSG00000117598.13,ENSG00000117598,PLPPR5
0.00575074896991823,0.02473485361752756,ENSG00000186479.5,ENSG00000186479,RGS7BP
0.017597341157262684,0.0266429250520108,ENSG00000211746.3,ENSG00000211746,TRBV19
-0.012683531568090115,0.018858268646221553,ENSG00000133083.15,ENSG00000133083,DCLK1
-0.02808971855693496,0.014743352418807615,ENSG00000200385.1,ENSG00000200385,AL136296.1
0.008740452710229198,-0.0021810698562650926,ENSG00000250420.8,ENSG00000250420,AACSP1
0.020575534591248418,0.01960900846241626,ENSG00000242472.1,ENSG00000242472,IGHJ5
0.00579519455254121,0.012135097765319762,ENSG00000144648.16,ENSG00000144648,ACKR2
0.025430656135816573,0.009283431511294786,ENSG00000113946.4,ENSG00000113946,CLDN16
0.0021158922270080355,0.018442983592730944,ENSG00000283199.3,ENSG00000283199,C13orf46
0.007078224518512345,0.009201955912202428,ENSG00000229644.6,ENSG00000229644,NAMPTP1
-0.0006038596556329579,0.004181433846864667,ENSG00000204950.4,ENSG00000204950,LRRC10B
0.0061834983836896095,0.0042082550653653825,ENSG00000249896.2,ENSG00000249896,LINC02495
-0.008384899768896358,0.01803448015019251,ENSG00000176907.5,ENSG00000176907,TCIM
0.0013063023403885002,0.010163979643765286,ENSG00000179546.4,ENSG00000179546,HTR1D
-0.006506922388745125,0.0014349520071218497,ENSG00000197838.5,ENSG00000197838,CYP2A13
0.019854285742356956,0.029543521623899265,ENSG00000113263.13,ENSG00000113263,ITK
0.02107382190275329,0.019347720361313565,ENSG00000211593.2,ENSG00000211593,IGKJ5
-0.019016460926232014,0.00863800515202337,ENSG00000255727.2,ENSG00000255727,LINC01489
0.014147394271239804,0.020887289484962192,ENSG00000154529.15,ENSG00000154529,CNTNAP3B
0.0065232980393458324,0.011047874866830721,ENSG00000249948.6,ENSG00000249948,GBA3
0.02032572200356683,0.026280163716675308,ENSG00000211747.3,ENSG00000211747,TRBV20-1
0.004433641319858013,-0.0034152192248002072,ENSG00000165643.11,ENSG00000165643,SOHLH1
0.0012090666318561073,0.010091218232551312,ENSG00000172482.5,ENSG00000172482,AGXT
0.011553842888652605,0.004488738102372386,ENSG00000227755.1,ENSG00000227755,AP000344.1
-0.026030560269549547,0.00938792188275455,ENSG00000260009.1,ENSG00000260009,LINC02130
-0.005863949593733784,-0.0009834287666688193,ENSG00000257842.6,ENSG00000257842,LINC02588
-0.0234382719706976,0.02022774735157108,ENSG00000203709.12,ENSG00000203709,MIR29B2CHG
0.004670449775306996,0.014477483491176954,ENSG00000224940.9,ENSG00000224940,PRRT4
0.023309468645532006,-0.004926616053829244,ENSG00000140522.12,ENSG00000140522,RLBP1
-0.008780873327678226,0.013193761439676805,ENSG00000287338.1,ENSG00000287338,AL929091.1
0.016089455639591792,0.029764298937054155,ENSG00000153064.12,ENSG00000153064,BANK1
-0.008110220724897355,0.00600100253662499,ENSG00000215262.8,ENSG00000215262,KCNU1
-0.004643130618442509,-0.0006407810468753497,ENSG00000174992.8,ENSG00000174992,ZG16
0.020569213956936564,-0.006015642644903377,ENSG00000142700.12,ENSG00000142700,DMRTA2
0.012687800238564952,0.002803503033240855,ENSG00000253525.1,ENSG00000253525,CPP
-0.010370250410820207,0.021023702574350284,ENSG00000227695.6,ENSG00000227695,DNMBP-AS1
0.01141260684971343,0.010245858102329457,ENSG00000188662.6,ENSG00000188662,H1-9P
-0.01362839584793376,0.01323315085200736,ENSG00000226767.1,ENSG00000226767,AC114501.1
0.021153332696020124,0.0050552109118685564,ENSG00000163293.12,ENSG00000163293,NIPAL1
-0.021642988133428617,0.01201923019304246,ENSG00000232415.1,ENSG00000232415,ELN-AS1
-0.0026258956352975607,0.013572778635994036,ENSG00000232815.1,ENSG00000232815,DUX4L50
-0.012946151783594222,0.018468594769093318,ENSG00000143318.13,ENSG00000143318,CASQ1
0.016818735468708646,0.02211619096750064,ENSG00000128438.10,ENSG00000128438,TBC1D27P
0.008722685093286121,0.002434664572006962,ENSG00000268903.1,ENSG00000268903,AL627309.6
-0.0029627671424582807,0.008969732243757642,ENSG00000164746.14,ENSG00000164746,C7orf57
0.02380574662958154,0.003327245383196047,ENSG00000148482.12,ENSG00000148482,SLC39A12
0.008052987226125727,0.027712539121503496,ENSG00000185565.12,ENSG00000185565,LSAMP
0.004995718884635461,0.020477353851899863,ENSG00000111339.12,ENSG00000111339,ART4
0.004205232457436767,0.004264328573421206,ENSG00000196335.13,ENSG00000196335,STK31
0.019269635580489334,0.025936868026914764,ENSG00000211734.3,ENSG00000211734,TRBV5-1
0.004865869930088604,0.0016801793224857343,ENSG00000172031.7,ENSG00000172031,EPHX4
0.009742923352073305,0.009152448495755527,ENSG00000287430.1,ENSG00000287430,AL136090.2
-0.008306052985777345,0.005470061515449268,ENSG00000091129.21,ENSG00000091129,NRCAM
-0.0070599307203592174,0.001694193562643684,ENSG00000275011.1,ENSG00000275011,ALOXE3P1
0.008293288394683506,0.006077470048800592,ENSG00000249641.2,ENSG00000249641,HOXC13-AS
0.021781672411780802,-0.002725822328110269,ENSG00000159166.15,ENSG00000159166,LAD1
0.0007906558966164919,0.024317605483559577,ENSG00000141431.12,ENSG00000141431,ASXL3
-0.016886890353077205,0.011334306171443376,ENSG00000262119.1,ENSG00000262119,AL079343.1
0.0009445797655809653,0.0034047208860844198,ENSG00000198183.12,ENSG00000198183,BPIFA1
-0.006896941898008597,0.005691987627857542,ENSG00000157330.10,ENSG00000157330,C1orf158
-0.009916319394580788,0.01599876480894789,ENSG00000183715.13,ENSG00000183715,OPCML
0.0004177266790839974,0.008625461542219026,ENSG00000147614.4,ENSG00000147614,ATP6V0D2
0.0033592226179386714,0.01538135018811894,ENSG00000278266.1,ENSG00000278266,AC079949.2
0.019567237048520356,0.016234373085575224,ENSG00000172201.12,ENSG00000172201,ID4
-0.0029407712229942862,0.005710600042339301,ENSG00000260075.1,ENSG00000260075,NSFP1
-0.002041280838423041,0.01410244144457596,ENSG00000116882.15,ENSG00000116882,HAO2
0.008457075651517206,-0.003997891606010903,ENSG00000021300.14,ENSG00000021300,PLEKHB1
-0.020549269167021888,0.012925316212828586,ENSG00000286935.1,ENSG00000286935,AC079296.2
-0.01090598144478671,0.021169895810461664,ENSG00000156011.17,ENSG00000156011,PSD3
0.0015484718375861786,0.00275945842662229,ENSG00000105409.19,ENSG00000105409,ATP1A3
0.007906507078613964,0.006815004759597161,ENSG00000269981.1,ENSG00000269981,AL627309.7
-0.0077891354717192305,0.007664357522277961,ENSG00000266120.1,ENSG00000266120,AC104984.4
0.019565505062854347,0.004703408908021462,ENSG00000184349.13,ENSG00000184349,EFNA5
-0.014404768653277698,0.009809380985370491,ENSG00000226876.3,ENSG00000226876,SMYD3-AS1
0.013294875124501834,0.026341629910399733,ENSG00000168824.14,ENSG00000168824,NSG1
-0.011363031753350258,0.005839648483412091,ENSG00000227863.3,ENSG00000227863,AC002383.1
0.008964984755189948,-0.0039980807703937915,ENSG00000158089.15,ENSG00000158089,GALNT14
-0.0039722186992731294,0.002572244617788133,ENSG00000279414.1,ENSG00000279414,CDRT15P9
-0.016143207541836783,0.014860602150318132,ENSG00000205363.6,ENSG00000205363,INSYN1
0.013027794101168833,0.010493664176058532,ENSG00000113389.16,ENSG00000113389,NPR3
0.01648616567171836,0.0010304454412895462,ENSG00000203650.9,ENSG00000203650,LINC01285
-0.0032760937775280505,0.011389876835054723,ENSG00000269985.1,ENSG00000269985,AL021328.1
0.01764565331468858,0.013889175802668536,ENSG00000138772.13,ENSG00000138772,ANXA3
-0.0043691787816485,0.012650812114149783,ENSG00000188536.13,ENSG00000188536,HBA2
-0.009703569399637693,0.00485223180261581,ENSG00000108830.10,ENSG00000108830,RND2
-0.014563755368802181,0.018066143112759173,ENSG00000175544.14,ENSG00000175544,CABP4
-0.0072756168498264604,0.019944861341974943,ENSG00000197588.9,ENSG00000197588,KLKP1
0.01607277568681422,0.005442759144724499,ENSG00000198768.11,ENSG00000198768,APCDD1L
0.0011139422865158021,-0.00039624713234484414,ENSG00000205847.6,ENSG00000205847,OR7E91P
-0.021329064799818616,0.017495072589117942,ENSG00000090539.15,ENSG00000090539,CHRD
0.015297870150651018,0.0025649998053238724,ENSG00000180458.2,ENSG00000180458,AC022148.1
0.02140915089695921,0.027091773202668493,ENSG00000162739.14,ENSG00000162739,SLAMF6
0.016129438518600218,0.022356706065570223,ENSG00000211633.3,ENSG00000211633,IGKV1D-42
0.004648292641435064,0.015109133457257942,ENSG00000170819.5,ENSG00000170819,BFSP2
-0.013579243482415097,0.014799349313460096,ENSG00000188385.12,ENSG00000188385,JAKMIP3
-0.0006806185131823664,0.01404046314891309,ENSG00000203805.11,ENSG00000203805,PLPP4
0.0173205419221482,0.0033373361792771766,ENSG00000204021.4,ENSG00000204021,LIPK
0.016315053389810628,0.025390314450847266,ENSG00000245954.8,ENSG00000245954,LINC02273
0.01807074023040663,0.019594419869257407,ENSG00000168309.18,ENSG00000168309,FAM107A
-0.002683979630844101,-0.0023668416471492046,ENSG00000250874.1,ENSG00000250874,AC010595.1
0.019807477282904516,-0.006202486771638925,ENSG00000171119.2,ENSG00000171119,NRTN
0.008176908551507175,0.014264265994425764,ENSG00000124780.14,ENSG00000124780,KCNK17
0.0017412058894328774,0.0018108383860821044,ENSG00000236816.3,ENSG00000236816,ANKRD20A7P
0.0030635950775713505,-0.009064735928325332,ENSG00000174939.11,ENSG00000174939,ASPHD1
0.005790378072786399,-0.005276762566505785,ENSG00000182040.9,ENSG00000182040,USH1G
0.01635825124630621,0.011938471870335402,ENSG00000147606.9,ENSG00000147606,SLC26A7
0.012593889069844802,-0.007023719921857154,ENSG00000185615.16,ENSG00000185615,PDIA2
0.003437438596961941,-0.0019445104854128783,ENSG00000270460.1,ENSG00000270460,AC106900.1
-0.003114905551827891,0.011627516589539925,ENSG00000266017.1,ENSG00000266017,MIR4477B
1.7725610763947834e-05,0.0076241961637288505,ENSG00000277893.2,ENSG00000277893,SRD5A2
0.0009085127673061368,0.008685211595424302,ENSG00000270947.1,ENSG00000270947,AC025811.1
0.023165836288223857,0.020054336716603175,ENSG00000249096.7,ENSG00000249096,LINC02362
-0.0045038376890426945,0.011599205702917266,ENSG00000176697.20,ENSG00000176697,BDNF
0.012272197123708592,0.010996656255516282,ENSG00000151364.17,ENSG00000151364,KCTD14
0.001443813065555927,0.0015874876906767734,ENSG00000223729.1,ENSG00000223729,LINC02247
-0.017077555922818257,0.007533318307148202,ENSG00000158428.4,ENSG00000158428,CATIP
0.0043354557748316305,0.015944221316264738,ENSG00000180287.17,ENSG00000180287,PLD5
0.003722137212754452,-0.0026096681246976805,ENSG00000223802.8,ENSG00000223802,CERS1
0.022147768694181093,-0.008806080408840403,ENSG00000173894.11,ENSG00000173894,CBX2
-0.016281650172893646,0.022844154687094765,ENSG00000149050.10,ENSG00000149050,ZNF214
-0.0033452156796376065,0.015580404771064262,ENSG00000214814.7,ENSG00000214814,FER1L6
-0.007529667904289089,0.026322562352292522,ENSG00000147434.9,ENSG00000147434,CHRNA6
0.020887772927078385,0.013541261325239258,ENSG00000128218.8,ENSG00000128218,VPREB3
-0.02355813982302316,0.01363275296474036,ENSG00000114654.7,ENSG00000114654,EFCC1
0.020301751199934437,0.02425855211255743,ENSG00000211751.9,ENSG00000211751,TRBC1
0.005286776916219052,0.0043477809730727126,ENSG00000156687.11,ENSG00000156687,UNC5D
-0.0005140353272831375,0.021997717095468626,ENSG00000186340.16,ENSG00000186340,THBS2
-0.0005959761391394343,0.010297546568079116,ENSG00000164520.11,ENSG00000164520,RAET1E
0.010321615911730692,0.0004508750724430994,ENSG00000114115.10,ENSG00000114115,RBP1
0.009081013137190785,0.015565428004027456,ENSG00000158445.10,ENSG00000158445,KCNB1
0.01565890644601976,0.00384228956010168,ENSG00000180318.4,ENSG00000180318,ALX1
0.0024680150719899323,0.016517937286206187,ENSG00000164761.9,ENSG00000164761,TNFRSF11B
0.006266915810583519,0.012608113859892942,ENSG00000132517.15,ENSG00000132517,SLC52A1
0.0049749070023830605,0.008480869323195738,ENSG00000138829.12,ENSG00000138829,FBN2
0.010859351890136926,0.007997073090543259,ENSG00000250056.8,ENSG00000250056,LINC01018
-0.010686456285794753,0.02119669889615282,ENSG00000280073.1,ENSG00000280073,AL157996.1
-0.0010019044490696609,0.007005652521465159,ENSG00000123405.14,ENSG00000123405,NFE2
0.007071507369265033,0.0024042669438272143,ENSG00000283537.2,ENSG00000283537,AC073264.3
0.00458267046527001,0.013120062319647234,ENSG00000166825.15,ENSG00000166825,ANPEP
-0.004565266752827367,0.00040456689865447834,ENSG00000254632.2,ENSG00000254632,AP003119.1
0.01961331619768647,0.006008088716527299,ENSG00000108700.5,ENSG00000108700,CCL8
0.0037186740767832893,0.007152895878221371,ENSG00000109705.8,ENSG00000109705,NKX3-2
0.017623600138159824,0.028086077738379314,ENSG00000232869.2,ENSG00000232869,TRBV29-1
0.006175989312517289,-0.00771834260857869,ENSG00000131650.14,ENSG00000131650,KREMEN2
0.013514445588644942,0.0006061019017642167,ENSG00000164411.12,ENSG00000164411,GJB7
0.006967564694408172,0.011186079870849205,ENSG00000176029.14,ENSG00000176029,C11orf16
0.00295643084348034,0.009530736716343313,ENSG00000258743.6,ENSG00000258743,LINC02301
0.0024860039784292084,-0.00246759352050699,ENSG00000262117.5,ENSG00000262117,BCAR4
-0.0061654118945613364,0.001384453190716286,ENSG00000174938.14,ENSG00000174938,SEZ6L2
0.014076272091705403,0.021566170529236928,ENSG00000166105.16,ENSG00000166105,GLB1L3
-0.015301629320529846,0.013556945249897671,ENSG00000102001.13,ENSG00000102001,CACNA1F
-0.013767067845770902,0.017289406788799234,ENSG00000261379.1,ENSG00000261379,AC010735.1
0.023921839868350975,0.013576785843875522,ENSG00000225492.6,ENSG00000225492,GBP1P1
-0.012739633046260893,0.024169707525245217,ENSG00000132874.15,ENSG00000132874,SLC14A2
0.01973833326435778,0.01304244160165372,ENSG00000163032.12,ENSG00000163032,VSNL1
-0.004405222705101776,0.01881249192887843,ENSG00000244734.4,ENSG00000244734,HBB
0.004313776293567835,0.016302456703360807,ENSG00000198185.11,ENSG00000198185,ZNF334
0.006213430880754752,0.000856948217779164,ENSG00000262152.7,ENSG00000262152,LINC00514
-0.006697648123078763,0.015779921250045334,ENSG00000198780.12,ENSG00000198780,FAM169A
-0.0046887067343564254,0.005680861961062831,ENSG00000207425.1,ENSG00000207425,Y_RNA
0.008118967898429827,0.014095458834308702,ENSG00000269994.3,ENSG00000269994,AL513318.1
-0.0019967435401724645,0.0038461176732666573,ENSG00000250230.3,ENSG00000250230,AP002754.1
0.003936682688223227,-0.00010648734945295972,ENSG00000154342.6,ENSG00000154342,WNT3A
0.004907290741226557,0.017256499687177688,ENSG00000205502.4,ENSG00000205502,C2CD4B
-0.011253466784943936,0.01138261855020332,ENSG00000176884.16,ENSG00000176884,GRIN1
-0.01012842869108058,-0.005419828569008438,ENSG00000144583.5,ENSG00000144583,MARCHF4
-0.01620990243536747,-0.0013116586488841632,ENSG00000223783.1,ENSG00000223783,LINC01983
-0.00923063555647266,0.012062366730818964,ENSG00000248265.2,ENSG00000248265,FLJ12825
0.0033571592879130903,-0.0027579253572872966,ENSG00000283907.1,ENSG00000283907,AD000090.1
0.0012454196087542636,0.005839049280433166,ENSG00000283342.1,ENSG00000283342,NBPF13P
-0.008587974155903752,-0.0020427895597496712,ENSG00000261713.6,ENSG00000261713,SSTR5-AS1
0.008614896812242952,0.021049700476188964,ENSG00000120659.15,ENSG00000120659,TNFSF11
-0.0026286818373860814,0.010186131052147508,ENSG00000122145.15,ENSG00000122145,TBX22
0.014448560121966372,-0.0010285665621160072,ENSG00000125872.8,ENSG00000125872,LRRN4
0.01755571206218867,-0.0046635932448695,ENSG00000261762.1,ENSG00000261762,AC027228.2
0.0062242770918520055,0.03063603566107497,ENSG00000151079.7,ENSG00000151079,KCNA6
0.017479003275082207,0.02355402965359736,ENSG00000223931.2,ENSG00000223931,AC142381.1
-0.0024914011643051193,0.008876652201016392,ENSG00000231476.1,ENSG00000231476,AC074389.2
-0.0107399986389812,0.0070627890338290575,ENSG00000159167.12,ENSG00000159167,STC1
-0.002119203739518706,0.03386115378305227,ENSG00000105492.16,ENSG00000105492,SIGLEC6
-0.013041934382714844,0.023828219725720308,ENSG00000261742.6,ENSG00000261742,LINC00922
0.012810351863015507,0.02558418876837232,ENSG00000145777.15,ENSG00000145777,TSLP
0.02073899447773748,-0.009358987431346647,ENSG00000170423.13,ENSG00000170423,KRT78
-0.017179691690262556,0.012276320475285636,ENSG00000241935.9,ENSG00000241935,HOGA1
-0.0006175807088728582,0.004105294263170029,ENSG00000258162.4,ENSG00000258162,AC069228.1
-0.007137485715594914,0.003845930183397906,ENSG00000206013.2,ENSG00000206013,IFITM5
0.0024521994317070503,0.013310271852708822,ENSG00000267640.6,ENSG00000267640,AC016582.3
-0.01485388804120536,0.015987401547785017,ENSG00000179348.12,ENSG00000179348,GATA2
-0.006122743340778174,-0.003628057628623914,ENSG00000182459.5,ENSG00000182459,TEX19
0.018167392332620203,0.02289212475759647,ENSG00000211957.2,ENSG00000211957,IGHV3-35
0.021163917246681426,0.0215555255118647,ENSG00000188848.16,ENSG00000188848,BEND4
0.018220505807691165,0.005160914388378949,ENSG00000178750.3,ENSG00000178750,STX19
-0.024867585413765318,0.013367752630637782,ENSG00000101222.12,ENSG00000101222,SPEF1
0.02106646091207838,0.01290868000364153,ENSG00000182253.15,ENSG00000182253,SYNM
0.012707290218162184,0.003712356997731994,ENSG00000092054.13,ENSG00000092054,MYH7
0.012455094180228872,0.020554171417586233,ENSG00000134765.10,ENSG00000134765,DSC1
0.023667667573846543,0.0033470008268633457,ENSG00000261040.7,ENSG00000261040,WFDC21P
0.012341825562243268,0.0123539100187061,ENSG00000286802.1,ENSG00000286802,AC104459.1
-0.007356493340419652,0.0010230051878104835,ENSG00000130054.5,ENSG00000130054,FAM155B
0.005185998822756473,-0.0038137931485285955,ENSG00000124657.1,ENSG00000124657,OR2B6
0.005891048395562866,0.0006951884667254779,ENSG00000228705.2,ENSG00000228705,LINC00659
-0.0016321723280512332,0.007188458775494599,ENSG00000233930.4,ENSG00000233930,KRTAP5-AS1
-0.00590014081663658,0.012417222241451295,ENSG00000235726.7,ENSG00000235726,AC010148.1
-0.01634956520011653,0.007062729306396821,ENSG00000088002.12,ENSG00000088002,SULT2B1
-0.01603070767342931,0.015528328361501937,ENSG00000288075.1,ENSG00000288075,AC108519.1
-0.002961945937856239,0.0046316738745553745,ENSG00000110975.8,ENSG00000110975,SYT10
-0.0012367225279997268,0.01829867725522368,ENSG00000183671.12,ENSG00000183671,GPR1
0.02175627709569619,0.005374506473670697,ENSG00000260807.7,ENSG00000260807,CEROX1
0.02240276657213852,0.005805014277864213,ENSG00000171049.9,ENSG00000171049,FPR2
-0.00603347120441643,0.0031380880223013836,ENSG00000152503.10,ENSG00000152503,TRIM36
-0.006599276589069586,0.02768409979957795,ENSG00000179388.9,ENSG00000179388,EGR3
-0.01292001354296254,0.01866562424435242,ENSG00000047662.5,ENSG00000047662,FAM184B
-0.004110891296944626,0.008465148351970994,ENSG00000252010.1,ENSG00000252010,SCARNA5
0.020506811177905857,-0.003153804764854706,ENSG00000177614.11,ENSG00000177614,PGBD5
0.011058570051939734,0.008339239262697341,ENSG00000204889.10,ENSG00000204889,KRT40
0.010662405090009196,0.017873416294064193,ENSG00000123689.6,ENSG00000123689,G0S2
-0.02229968914618806,0.017696795756296513,ENSG00000111319.13,ENSG00000111319,SCNN1A
0.010444543568674185,-0.006951873320751064,ENSG00000281566.3,ENSG00000281566,AL157778.1
0.004632290431263135,-0.0013998091749466788,ENSG00000170835.16,ENSG00000170835,CEL
0.021033866435646614,-0.0018178664924166366,ENSG00000235295.1,ENSG00000235295,LINC01634
0.01478339797573432,0.024618829495211113,ENSG00000227191.8,ENSG00000227191,TRGC2
0.01616278791404721,-0.0005594596586824677,ENSG00000225107.1,ENSG00000225107,AC092484.1
0.006811438978350788,0.010491411098308206,ENSG00000144488.15,ENSG00000144488,ESPNL
-0.0008483274870141311,0.02124866518619805,ENSG00000169435.14,ENSG00000169435,RASSF6
0.011476545760906821,0.002872731155377071,ENSG00000185038.14,ENSG00000185038,MROH2A
0.015161631915401303,-0.0013565525650546765,ENSG00000101489.20,ENSG00000101489,CELF4
-0.01609304422579684,0.011143461963119834,ENSG00000184999.12,ENSG00000184999,SLC22A10
-0.015388617610744903,0.025016405886064134,ENSG00000054803.4,ENSG00000054803,CBLN4
-0.002057478486630088,0.005100002209860339,ENSG00000236397.3,ENSG00000236397,DDX11L2
-0.004260321923891202,0.028779136962766926,ENSG00000269067.2,ENSG00000269067,ZNF728
-0.0004462322027597216,0.017086913345834592,ENSG00000143631.11,ENSG00000143631,FLG
0.020311723830544397,0.019528208479021054,ENSG00000168081.9,ENSG00000168081,PNOC
-0.009010333598111748,0.0006982017771150652,ENSG00000224090.1,ENSG00000224090,AC097468.1
-0.01598568568039715,0.015654502101806817,ENSG00000140479.18,ENSG00000140479,PCSK6
-0.00416554490645148,0.0065324626228654295,ENSG00000223564.1,ENSG00000223564,CYP4F32P
-0.011506006678799753,0.013367115433882724,ENSG00000092850.12,ENSG00000092850,TEKT2
-0.0012541241862683748,0.0042982495518170995,ENSG00000100987.15,ENSG00000100987,VSX1
-0.0015034602477904536,0.008876311256484727,ENSG00000279656.1,ENSG00000279656,AL132780.4
0.01673502318660395,-0.0031044171259437905,ENSG00000144834.14,ENSG00000144834,TAGLN3
-0.005764343019973408,0.0056668242571983,ENSG00000186471.13,ENSG00000186471,AKAP14
0.010792360133630618,0.006199126034827287,ENSG00000178248.11,ENSG00000178248,FAM230I
-0.0048335053170926595,0.004994605122184526,ENSG00000187867.10,ENSG00000187867,PALM3
0.010578880206385722,0.004436097350107009,ENSG00000250328.6,ENSG00000250328,MGC32805
0.016585236821637487,0.011157742269949748,ENSG00000260302.3,ENSG00000260302,LINC01882
0.008005988146946204,-0.003985157599715327,ENSG00000254251.1,ENSG00000254251,AC103770.1
0.026019431149732142,-0.005756548716240165,ENSG00000112333.12,ENSG00000112333,NR2E1
-0.005300515455283404,0.01404167532865045,ENSG00000262619.2,ENSG00000262619,LINC00621
-0.010660844030668812,0.008753499560870119,ENSG00000254842.6,ENSG00000254842,LINC02551
0.0005637156801547352,-0.0004277125410349965,ENSG00000283047.1,ENSG00000283047,FRG1FP
-0.011250222705870373,0.008536973017549764,ENSG00000248740.6,ENSG00000248740,LINC02428
0.01499508723565637,0.012904715607687356,ENSG00000258732.1,ENSG00000258732,AC025884.1
0.014095722108436643,-0.0051020556733148955,ENSG00000160282.14,ENSG00000160282,FTCD
0.01581569390117799,0.014411324046867546,ENSG00000164398.15,ENSG00000164398,ACSL6
-0.01035402791848693,0.011355929151836712,ENSG00000072133.11,ENSG00000072133,RPS6KA6
-0.013202351957125671,0.009779302585376732,ENSG00000247011.2,ENSG00000247011,AC005920.1
-0.0023736594780668194,0.005034613212620545,ENSG00000287335.1,ENSG00000287335,AL139351.3
-0.0083309788087891,0.005959590080086105,ENSG00000230500.1,ENSG00000230500,MKX-AS1
0.01582687947311982,0.024749079809067584,ENSG00000167483.19,ENSG00000167483,NIBAN3
-0.018711004475884363,0.008789618977923644,ENSG00000127585.12,ENSG00000127585,FBXL16
0.014733289686532682,0.0033972327051953097,ENSG00000272583.1,ENSG00000272583,AL592494.2
-0.015785179825266536,0.014043011389175046,ENSG00000223823.1,ENSG00000223823,LINC01342
-0.00835007951548364,0.017455406549829012,ENSG00000197766.8,ENSG00000197766,CFD
-0.014250946966983652,0.009082374171182028,ENSG00000124713.6,ENSG00000124713,GNMT
0.009043517820460412,0.022442312867238835,ENSG00000009694.13,ENSG00000009694,TENM1
0.005631987506247456,-0.004019330927896046,ENSG00000274641.2,ENSG00000274641,H2BC17
0.01903636128372319,0.007475145332450913,ENSG00000272808.4,ENSG00000272808,AC015712.6
-0.020453220825688727,0.014403730899416526,ENSG00000261257.1,ENSG00000261257,AP000821.1
0.00967712810125888,0.0011823283267912083,ENSG00000283000.2,ENSG00000283000,LINC02635
0.015205169042841882,0.015836250751339282,ENSG00000250961.2,ENSG00000250961,AC025470.2
-0.02354463497796284,0.023692571238712302,ENSG00000072858.11,ENSG00000072858,SIDT1
0.0017473021507326315,-0.004013976858238925,ENSG00000160221.18,ENSG00000160221,GATD3A
0.021545132685319265,-0.00560473521634119,ENSG00000225833.1,ENSG00000225833,GS1-594A7.3
0.018902941792625066,0.024628190820715993,ENSG00000211752.3,ENSG00000211752,TRBV27
-0.002616776926300773,0.024090288867431597,ENSG00000172346.15,ENSG00000172346,CSDC2
-0.003223088920571239,0.01397559950809129,ENSG00000254404.1,ENSG00000254404,AP003306.1
-0.008777469336525463,0.02833145041365826,ENSG00000165646.14,ENSG00000165646,SLC18A2
0.019816809766215523,0.028994308459653555,ENSG00000160654.11,ENSG00000160654,CD3G
-0.013444140250037937,0.02487428311950008,ENSG00000267767.3,ENSG00000267767,LINC01801
0.01122687913030052,0.01876013687053971,ENSG00000080166.16,ENSG00000080166,DCT
-0.015046196299485164,0.01801320448778996,ENSG00000100003.18,ENSG00000100003,SEC14L2
0.01243103396495099,-0.007538745051529536,ENSG00000119919.11,ENSG00000119919,NKX2-3
0.008887667965215751,0.01006296832065666,ENSG00000182013.18,ENSG00000182013,PNMA8A
0.005682309009368691,-0.005134283984814645,ENSG00000253395.1,ENSG00000253395,AP003469.2
-0.01350706872922645,0.01155376447985369,ENSG00000113492.14,ENSG00000113492,AGXT2
0.014344269819481925,-0.005682292189568159,ENSG00000100167.20,ENSG00000100167,SEPTIN3
0.0007589548550521805,0.00396446793909091,ENSG00000230836.1,ENSG00000230836,LINC01293
0.0012290419190080604,0.006199629180196137,ENSG00000235034.7,ENSG00000235034,C19orf81
-0.004982160440888034,0.011173537351506016,ENSG00000006747.15,ENSG00000006747,SCIN
-0.0021578545963503388,0.01528495234767424,ENSG00000109265.14,ENSG00000109265,CRACD
-0.009651962441194376,0.0033253108867934687,ENSG00000179148.10,ENSG00000179148,ALOXE3
0.005005513106685113,0.026121214494753877,ENSG00000287692.1,ENSG00000287692,AC053545.1
-0.009701614443563817,0.0037368799833355304,ENSG00000255815.3,ENSG00000255815,KRT8P11
0.026503756456594776,0.01468677398183702,ENSG00000146648.19,ENSG00000146648,EGFR
-0.012221790533493376,0.016094751883470714,ENSG00000251372.6,ENSG00000251372,LINC00499
0.0019509753226370048,-0.00045679335197520586,ENSG00000170075.9,ENSG00000170075,GPR37L1
-0.010627352376933756,0.0072410962089090826,ENSG00000206077.13,ENSG00000206077,ZDHHC11B
0.000981079910448637,0.002143242587698904,ENSG00000231806.3,ENSG00000231806,PCAT7
-0.011793668496403035,0.001776425976946344,ENSG00000168830.8,ENSG00000168830,HTR1E
0.01300696559864216,0.01471958300029877,ENSG00000257671.1,ENSG00000257671,KRT7-AS
0.02489062306767892,-0.0014278650559881058,ENSG00000117013.17,ENSG00000117013,KCNQ4
-0.005514496645641663,0.002006483875855673,ENSG00000250337.7,ENSG00000250337,PURPL
0.009903947121887469,0.010166862491759672,ENSG00000005981.13,ENSG00000005981,ASB4
0.011127966329669586,0.0013177545696499504,ENSG00000272398.6,ENSG00000272398,CD24
-0.004234380268205028,-0.0036380328560743787,ENSG00000271824.2,ENSG00000271824,SMIM32
-0.01066009676667104,0.0004018757591081962,ENSG00000008735.14,ENSG00000008735,MAPK8IP2
0.01589698218091904,0.011053386420832924,ENSG00000182263.14,ENSG00000182263,FIGN
0.0061590246353553785,0.010015362585399819,ENSG00000139055.7,ENSG00000139055,ERP27
0.002211969722026461,-0.007046784397022142,ENSG00000105290.13,ENSG00000105290,APLP1
0.008719403366528647,-0.0012513896233896191,ENSG00000147246.10,ENSG00000147246,HTR2C
-0.012478546811360918,0.0026894632309677822,ENSG00000227579.6,ENSG00000227579,AL136114.1
-0.015989746953101732,0.012593176316717502,ENSG00000287963.1,ENSG00000287963,AC010476.2
-0.00916677333094943,0.02959419652175822,ENSG00000169224.13,ENSG00000169224,GCSAML
-0.004658363124846846,0.007369351589632135,ENSG00000230628.1,ENSG00000230628,AL160408.3
-0.008629347136431743,0.015747845238227868,ENSG00000230387.4,ENSG00000230387,AL118508.1
0.005168226249373552,0.011167714245539419,ENSG00000157064.11,ENSG00000157064,NMNAT2
0.02252720842118289,0.018198904474009334,ENSG00000188389.11,ENSG00000188389,PDCD1
0.02251466842730135,0.027568487519908386,ENSG00000117090.15,ENSG00000117090,SLAMF1
-0.003761840255821205,0.015205616919094554,ENSG00000171587.15,ENSG00000171587,DSCAM
0.008718272348557762,0.019998808741902643,ENSG00000184226.15,ENSG00000184226,PCDH9
0.005197761744043539,0.005064077116872321,ENSG00000253326.2,ENSG00000253326,AL606534.4
0.014622592528200355,0.00882873954170092,ENSG00000260604.2,ENSG00000260604,AL590004.3
0.014553100397700393,0.00972666764592622,ENSG00000253369.2,ENSG00000253369,AC022034.3
-0.001798727970197446,0.006011753047160364,ENSG00000183668.18,ENSG00000183668,PSG9
0.015023944277494108,0.00789636483490342,ENSG00000115919.15,ENSG00000115919,KYNU
0.001069949906279011,0.026020545687343917,ENSG00000277531.2,ENSG00000277531,PNMA8C
0.015323209128304682,0.00661387468451509,ENSG00000251320.1,ENSG00000251320,AC011352.3
0.004701457468243497,0.005837964099513656,ENSG00000284727.1,ENSG00000284727,AC116562.3
-0.00572483783869783,0.030056156714548653,ENSG00000118729.12,ENSG00000118729,CASQ2
0.023010542683189274,0.004046563307485481,ENSG00000234899.11,ENSG00000234899,SOX9-AS1
-0.024741331705777313,0.01421341965498432,ENSG00000134533.6,ENSG00000134533,RERG
0.02197793822215819,0.009206746397611022,ENSG00000058335.16,ENSG00000058335,RASGRF1
0.013155700722602904,0.0005781626520347918,ENSG00000088538.13,ENSG00000088538,DOCK3
-0.0018414646036002825,0.007824997208489635,ENSG00000133135.14,ENSG00000133135,RNF128
0.010462643142688065,-0.001572983951957288,ENSG00000176490.5,ENSG00000176490,DIRAS1
-0.006157783059033529,0.007909618846426724,ENSG00000262877.5,ENSG00000262877,AC110285.2
-0.009694804690137995,0.01849022476587283,ENSG00000258676.5,ENSG00000258676,AC091544.2
0.024470082338838926,-0.0028062947146155334,ENSG00000157111.13,ENSG00000157111,TMEM171
0.011176142951086671,0.01486396207773956,ENSG00000102230.14,ENSG00000102230,PCYT1B
-0.00108835573592279,-0.0016234912110486182,ENSG00000113327.17,ENSG00000113327,GABRG2
-0.002298090694172558,0.012815899227972377,ENSG00000288543.1,ENSG00000288543,AL035409.2
0.021354969983028785,0.018431963890171616,ENSG00000211594.2,ENSG00000211594,IGKJ4
0.011242619723637047,-0.006167533612685015,ENSG00000229637.4,ENSG00000229637,PRAC2
0.003919054580007515,0.019335488822666766,ENSG00000166923.12,ENSG00000166923,GREM1
0.02309262293328013,0.010984161637517864,ENSG00000166523.8,ENSG00000166523,CLEC4E
0.0063002795953834385,0.003168605998792818,ENSG00000165949.12,ENSG00000165949,IFI27
-0.028890151652852938,0.015436209531042399,ENSG00000168589.15,ENSG00000168589,DYNLRB2
-0.000791133229221748,0.003668570432145796,ENSG00000132204.14,ENSG00000132204,LINC00470
0.006090737123128806,-0.005296392116165028,ENSG00000101180.16,ENSG00000101180,HRH3
0.022812260736962152,0.012811451314621108,ENSG00000158458.21,ENSG00000158458,NRG2
0.02451180705457234,0.012402802220640238,ENSG00000163568.15,ENSG00000163568,AIM2
0.001159026845072479,-1.0052181647914563e-05,ENSG00000173991.6,ENSG00000173991,TCAP
-0.004072723811117075,0.019123239266100534,ENSG00000165084.16,ENSG00000165084,C8orf34
0.021320372128246744,-0.012356758453761751,ENSG00000225255.6,ENSG00000225255,PSLNR
0.02101970651079153,0.01587473817036441,ENSG00000235304.2,ENSG00000235304,LINC01281
-0.0043857126277591,0.0074207015852196445,ENSG00000178462.12,ENSG00000178462,TUBAL3
0.02652695539817248,0.004226917331421861,ENSG00000280032.1,ENSG00000280032,AP002800.1
-0.01925778744343396,0.014725024314262222,ENSG00000276107.1,ENSG00000276107,AC037198.1
0.022953730181218747,-0.003260941304925273,ENSG00000259144.2,ENSG00000259144,RANBP20P
-0.009178593659799747,0.008774751118796853,ENSG00000177181.15,ENSG00000177181,RIMKLA
0.02051707929848029,0.027482231923206445,ENSG00000189233.12,ENSG00000189233,NUGGC
-0.01699130957683422,0.017694899187402798,ENSG00000275805.1,ENSG00000275805,AC090206.1
-0.017596448973961773,0.011431363857861542,ENSG00000109738.11,ENSG00000109738,GLRB
-0.009395300188527024,0.025970675424101676,ENSG00000139874.6,ENSG00000139874,SSTR1
0.005149316904671877,0.0030728339180224468,ENSG00000251363.3,ENSG00000251363,LINC02315
0.020284436625667316,0.02662461813008436,ENSG00000198851.10,ENSG00000198851,CD3E
-0.006545237517087179,0.01628307138585607,ENSG00000168032.10,ENSG00000168032,ENTPD3
0.02116390832460905,0.024849170579705683,ENSG00000177301.16,ENSG00000177301,KCNA2
0.01154117522913096,0.0026940460435564448,ENSG00000261241.7,ENSG00000261241,LINC02128
0.015508590903024498,0.026792595023047403,ENSG00000078589.13,ENSG00000078589,P2RY10
-0.0033547478935546013,0.031993644273664655,ENSG00000133392.18,ENSG00000133392,MYH11
0.0024646264864194994,0.01841089342191353,ENSG00000225871.2,ENSG00000225871,AC245100.2
-0.020554628996759756,0.01289380245801341,ENSG00000257108.2,ENSG00000257108,NHLRC4
-0.009252112000616534,0.022898440410881876,ENSG00000078053.17,ENSG00000078053,AMPH
-0.0019797128566036116,0.0022355550347223536,ENSG00000131094.4,ENSG00000131094,C1QL1
0.020415718058169104,-0.005286814705259448,ENSG00000175868.14,ENSG00000175868,CALCB
-0.013881666001426247,0.026232496139349363,ENSG00000169507.9,ENSG00000169507,SLC38A11
0.002955378757498308,0.027968119063607817,ENSG00000229108.2,ENSG00000229108,LINC02587
-0.0021548055545157745,0.013727332280127708,ENSG00000087258.16,ENSG00000087258,GNAO1
-0.001383191891798022,0.013170885186587345,ENSG00000189295.13,ENSG00000189295,ANKRD62P1-PARP4P3
-0.0030062763534085034,-0.0009259596354133792,ENSG00000158406.5,ENSG00000158406,H4C8
-0.005637986406019366,0.0111712199340242,ENSG00000283075.1,ENSG00000283075,AL157931.2
0.0004202276381155403,0.002229860234405519,ENSG00000255020.1,ENSG00000255020,AF131216.3
0.02367341512762214,0.00024576251518967115,ENSG00000259704.2,ENSG00000259704,AC124248.1
-0.010209431934861079,0.027595916561930556,ENSG00000168329.14,ENSG00000168329,CX3CR1
-0.008614549922611946,0.016112887163778566,ENSG00000115461.5,ENSG00000115461,IGFBP5
0.0021904826514461302,0.02448365845282771,ENSG00000164619.10,ENSG00000164619,BMPER
0.010558969018229517,0.0061603542744623355,ENSG00000287929.1,ENSG00000287929,AL354953.1
0.003991730794455872,0.0015055881164514646,ENSG00000171431.4,ENSG00000171431,KRT20
-0.011745468769951967,0.01615986841717338,ENSG00000120093.11,ENSG00000120093,HOXB3
0.011800906842517894,-0.0021431747771870372,ENSG00000175832.13,ENSG00000175832,ETV4
-0.018192248923048233,0.013791969996241759,ENSG00000174473.16,ENSG00000174473,GALNTL6
0.021690066199893058,0.0076398564646091,ENSG00000275004.4,ENSG00000275004,ZNF280B
0.00469469966379064,0.025589689317475125,ENSG00000123612.16,ENSG00000123612,ACVR1C
0.010893968002994152,0.011591759422957764,ENSG00000130988.13,ENSG00000130988,RGN
-0.012089400021746004,0.004855461421654917,ENSG00000111218.12,ENSG00000111218,PRMT8
-0.002406912000876342,0.004550639689658712,ENSG00000236496.2,ENSG00000236496,GPS2P1
0.012714443511396629,0.012851915582773531,ENSG00000249574.1,ENSG00000249574,AC226118.1
-0.0031909678531597493,0.0028692652681806988,ENSG00000109181.12,ENSG00000109181,UGT2B10
0.005947355691842672,0.011671100503820045,ENSG00000131398.15,ENSG00000131398,KCNC3
-0.010406441081221483,0.02137884840416119,ENSG00000044524.11,ENSG00000044524,EPHA3
-0.008898574656481887,0.02476855252577855,ENSG00000279675.1,ENSG00000279675,AC080100.1
0.021767717703828796,0.0003938063723078775,ENSG00000168453.15,ENSG00000168453,HR
0.02604836284243523,0.0007489404504686764,ENSG00000070729.14,ENSG00000070729,CNGB1
0.0008406148987486622,0.013734838407444305,ENSG00000279249.3,ENSG00000279249,AC007614.1
-0.01590179166489977,0.01588202694170941,ENSG00000260228.6,ENSG00000260228,AC009119.1
-0.009229891549567892,0.018994964455679254,ENSG00000184408.10,ENSG00000184408,KCND2
0.02201491643694606,0.018207516907899797,ENSG00000205056.8,ENSG00000205056,LINC02397
-0.022973237669178068,0.015134776172999737,ENSG00000179082.3,ENSG00000179082,C9orf106
-0.007225087198239669,0.011913526513035816,ENSG00000198842.10,ENSG00000198842,STYXL2
0.0016195240369138964,0.024945156695710912,ENSG00000258498.8,ENSG00000258498,DIO3OS
-0.01516259245850092,0.003129064391489612,ENSG00000196364.9,ENSG00000196364,PRSS29P
0.004497366569585797,-0.004421286496735971,ENSG00000187608.10,ENSG00000187608,ISG15
-0.002861083500552859,0.020958559341790684,ENSG00000181656.7,ENSG00000181656,GPR88
0.028310725689809628,0.003410633034332909,ENSG00000131019.11,ENSG00000131019,ULBP3
0.0018167621137759903,0.010579243386102105,ENSG00000265018.6,ENSG00000265018,AGAP12P
0.00023553210938700937,0.011329084353289297,ENSG00000228695.10,ENSG00000228695,CES1P1
0.02274943395447505,-0.0007849530699730387,ENSG00000004809.14,ENSG00000004809,SLC22A16
0.014223586037896146,0.03249285327007216,ENSG00000183813.7,ENSG00000183813,CCR4
-0.021372892617875464,0.01992595317687704,ENSG00000282728.1,ENSG00000282728,PGR-AS1
0.016711667698612,0.028931706671055494,ENSG00000280135.1,ENSG00000280135,AL096816.1
0.017057396593411905,0.0076482149285015495,ENSG00000237438.7,ENSG00000237438,CECR7
0.018174079389890244,0.020653885206663333,ENSG00000259490.2,ENSG00000259490,IGHV3OR15-7
0.0076003197950242655,0.012178098271682338,ENSG00000181215.15,ENSG00000181215,C4orf50
-0.014378478836597099,0.024184981007059667,ENSG00000067798.16,ENSG00000067798,NAV3
0.01389046960855396,0.016332347477348835,ENSG00000211979.2,ENSG00000211979,IGHV7-81
0.007131371179180832,0.003102125273396112,ENSG00000121075.11,ENSG00000121075,TBX4
0.006692770273420399,0.01830051523845044,ENSG00000092969.12,ENSG00000092969,TGFB2
-0.0020123308363838473,0.006524244216646679,ENSG00000175946.8,ENSG00000175946,KLHL38
0.01842056300754874,0.020160951815516498,ENSG00000211804.3,ENSG00000211804,TRDV1
-0.020313766126378273,0.015100292993917316,ENSG00000215217.7,ENSG00000215217,C5orf49
0.012700347915552503,0.0014229109568533096,ENSG00000228626.1,ENSG00000228626,AC245100.3
0.0062291459391627954,0.011577422527004742,ENSG00000248383.5,ENSG00000248383,PCDHAC1
0.0022099817244979132,0.00031206662723918984,ENSG00000126709.15,ENSG00000126709,IFI6
-0.0030807828064266913,0.03639991906537498,ENSG00000187955.12,ENSG00000187955,COL14A1
0.025965775141190788,-0.0040458395499235016,ENSG00000271826.5,ENSG00000271826,PLS3-AS1
-0.019358029341803386,0.014916647858488192,ENSG00000255606.1,ENSG00000255606,AP000439.1
0.014476398413458868,-0.0030795950611435816,ENSG00000147160.9,ENSG00000147160,AWAT2
-0.004389077166792,-0.002887901151079888,ENSG00000117407.17,ENSG00000117407,ARTN
-0.015908192594917218,0.011776629197382336,ENSG00000228146.8,ENSG00000228146,CASP16P
-0.0166540912392321,0.02493511267704148,ENSG00000233968.7,ENSG00000233968,AL157895.1
0.019844173332943457,0.025019366949369074,ENSG00000211772.11,ENSG00000211772,TRBC2
0.021985807567089035,0.01948327563678214,ENSG00000229961.3,ENSG00000229961,AL357143.1
0.00461455839195458,0.004289296508289033,ENSG00000185467.7,ENSG00000185467,KPNA7
-0.008993358869282153,0.01923973059998818,ENSG00000257315.3,ENSG00000257315,ZBED6
-0.0017368825128175917,0.01175961860677818,ENSG00000123892.12,ENSG00000123892,RAB38
0.017226494328633102,0.02637022162902557,ENSG00000126353.3,ENSG00000126353,CCR7
0.004322452926418001,0.007848938764878832,ENSG00000286403.1,ENSG00000286403,AC010378.1
0.027311538807371017,0.01765878538887966,ENSG00000135898.10,ENSG00000135898,GPR55
0.002840651166596511,0.0018501794457994893,ENSG00000155897.10,ENSG00000155897,ADCY8
-0.004980638846937379,0.0021493440600417824,ENSG00000255346.10,ENSG00000255346,NOX5
-0.014366714849831336,0.007132365314808324,ENSG00000143369.15,ENSG00000143369,ECM1
0.01656378830301536,0.006628400106231264,ENSG00000135477.11,ENSG00000135477,KRT87P
0.012803333395355372,0.009947212196514846,ENSG00000264070.1,ENSG00000264070,DND1P1
0.01470014929275235,0.0128153375482565,ENSG00000224557.7,ENSG00000224557,HLA-DPB2
-0.004188874820303381,0.005396652523209284,ENSG00000152595.16,ENSG00000152595,MEPE
0.01903900870635976,0.014308602823589697,ENSG00000124256.15,ENSG00000124256,ZBP1
0.023658720492572748,0.015032711986337715,ENSG00000159958.7,ENSG00000159958,TNFRSF13C
-0.012095585383982945,0.025338942582895034,ENSG00000077063.11,ENSG00000077063,CTTNBP2
-0.021445415824948678,0.012000786800507379,ENSG00000244265.2,ENSG00000244265,SIAH2-AS1
-0.00405830603018226,0.013240298425170768,ENSG00000126733.21,ENSG00000126733,DACH2
-0.005488676085026111,0.015686776442545788,ENSG00000233251.8,ENSG00000233251,AC007743.1
-0.021164834330689313,0.019714117599495096,ENSG00000288585.1,ENSG00000288585,AC010184.1
-0.0040907740770357165,0.008082962629089805,ENSG00000269855.2,ENSG00000269855,RNF225
0.010166446118698361,0.0246337091483731,ENSG00000196549.12,ENSG00000196549,MME
-0.008551490253894838,0.0014024003345479556,ENSG00000248568.1,ENSG00000248568,KRT8P48
-0.017294509256509643,0.02674871318120045,ENSG00000128606.13,ENSG00000128606,LRRC17
0.011702296327964268,0.0129964513078375,ENSG00000144868.14,ENSG00000144868,TMEM108
0.005767097609299968,-0.0004339005630585045,ENSG00000179477.11,ENSG00000179477,ALOX12B
0.01595389469796628,0.023597809838607958,ENSG00000107317.13,ENSG00000107317,PTGDS
0.0015403350881430054,0.017487229246767315,ENSG00000121871.4,ENSG00000121871,SLITRK3
0.016409965774835583,-0.0006917930462805648,ENSG00000213468.7,ENSG00000213468,FIRRE
0.0015705960992308968,-0.004568121946867033,ENSG00000196361.10,ENSG00000196361,ELAVL3
0.01939713917818726,0.02594618711265465,ENSG00000211788.2,ENSG00000211788,TRAV13-1
-0.020545813037283648,0.017184204930886907,ENSG00000271367.1,ENSG00000271367,AL034374.1
0.003487734452812204,0.006579315103421262,ENSG00000261829.1,ENSG00000261829,AC009407.1
0.010753344794959338,0.004941080887019127,ENSG00000224652.2,ENSG00000224652,LINC00885
-0.018159544993304258,0.009689932286161058,ENSG00000150676.13,ENSG00000150676,CCDC83
0.02210235980390999,0.022307066841276254,ENSG00000172116.23,ENSG00000172116,CD8B
-0.007947597976991133,-0.0015409076393315287,ENSG00000214725.9,ENSG00000214725,CDIPTOSP
0.0024262341964261507,0.002094140383864184,ENSG00000184672.12,ENSG00000184672,RALYL
0.0004575383028517328,0.007593447800210369,ENSG00000279127.1,ENSG00000279127,AL121950.1
0.022861222245658567,0.01806614893737679,ENSG00000278195.2,ENSG00000278195,SSTR3
0.0025203590648915234,0.0034885901912479977,ENSG00000268080.2,ENSG00000268080,AC016885.3
0.017798044307467946,0.01989478243706176,ENSG00000253481.2,ENSG00000253481,IGKV1OR22-1
0.008742038144273248,0.005960742966381114,ENSG00000166869.3,ENSG00000166869,CHP2
0.010295939285504221,0.011048621591785317,ENSG00000250133.2,ENSG00000250133,HOXC-AS2
0.024898385646123993,0.0172895970939644,ENSG00000101670.12,ENSG00000101670,LIPG
-0.0030665251255414883,0.008851500664939881,ENSG00000234685.1,ENSG00000234685,NUS1P2
0.024753163319866132,0.022156173985184217,ENSG00000127152.18,ENSG00000127152,BCL11B
0.005195489300512427,0.011431904904700134,ENSG00000169618.7,ENSG00000169618,PROKR1
0.0027338198115755027,0.00508565280187613,ENSG00000205436.7,ENSG00000205436,EXOC3L4
-0.01018179038733788,0.01829439837563569,ENSG00000130558.20,ENSG00000130558,OLFM1
0.005337426309201784,0.02264466888601726,ENSG00000108924.14,ENSG00000108924,HLF
0.020665118772652126,-0.004855228431453098,ENSG00000169684.13,ENSG00000169684,CHRNA5
0.016056916015871416,0.004625819573888488,ENSG00000180543.5,ENSG00000180543,TSPYL5
-0.004059751795748273,0.011724563808837851,ENSG00000279013.1,ENSG00000279013,AC110774.1
0.004617561194674837,0.017069359560592218,ENSG00000165495.16,ENSG00000165495,PKNOX2
0.0017531174513249733,-0.00859058227216989,ENSG00000163499.12,ENSG00000163499,CRYBA2
0.028611222017414836,0.015825200155657394,ENSG00000237943.7,ENSG00000237943,PRKCQ-AS1
0.0011104952345667718,0.01872488568256252,ENSG00000269289.6,ENSG00000269289,AC011503.1
-0.01590616904120838,0.013970907161798949,ENSG00000171435.14,ENSG00000171435,KSR2
-0.009985313152807162,0.017191875351834675,ENSG00000286153.1,ENSG00000286153,AP000331.1
0.0130807733494698,-0.004850718337658644,ENSG00000286868.1,ENSG00000286868,AC074290.1
-0.0027099485190087576,-0.0016246766108210242,ENSG00000175877.4,ENSG00000175877,TMEM270
-0.0016968617375681878,0.012035248713563656,ENSG00000259271.1,ENSG00000259271,ANKRD62P1
0.022429585794657852,0.009845690886254225,ENSG00000205846.4,ENSG00000205846,CLEC6A
-0.008170465561263114,0.0034898448074350942,ENSG00000284648.1,ENSG00000284648,AC097493.3
0.014361868243926847,0.008270793459370306,ENSG00000231870.4,ENSG00000231870,KRT17P3
0.020628878675398706,-0.008335485411301089,ENSG00000216588.9,ENSG00000216588,IGSF23
-0.013855854778897217,0.021393156233062212,ENSG00000163749.17,ENSG00000163749,CCDC158
0.01772317665107658,0.0184524583564034,ENSG00000102970.11,ENSG00000102970,CCL17
-0.006960622831109343,0.010412033651803886,ENSG00000099953.10,ENSG00000099953,MMP11
-0.0015207002530319843,0.010559454516138727,ENSG00000156009.10,ENSG00000156009,MAGEA8
-0.005634933268503578,0.009672188702017448,ENSG00000215834.10,ENSG00000215834,FMO9P
0.014505860814600195,0.006708712693107256,ENSG00000267506.5,ENSG00000267506,AC021683.2
0.0093852767031113,0.030377046927175105,ENSG00000163687.14,ENSG00000163687,DNASE1L3
-0.003298569705724423,-0.000334403439295506,ENSG00000277157.2,ENSG00000277157,H4C4
0.004578268130851967,0.010883949157955432,ENSG00000174326.14,ENSG00000174326,SLC16A11
0.0030507386373809955,0.010696270924437866,ENSG00000230445.4,ENSG00000230445,LRRC37A6P
-0.0018955727165968648,0.0071798349035611326,ENSG00000173227.14,ENSG00000173227,SYT12
0.004101087017541629,-0.0024213001728420687,ENSG00000234068.7,ENSG00000234068,PAGE2
-0.027112395665872292,0.016752322831156404,ENSG00000089101.19,ENSG00000089101,CFAP61
-0.00661973119713933,0.011143591552534755,ENSG00000187017.17,ENSG00000187017,ESPN
-0.0023869174870178814,0.011236547342452144,ENSG00000162344.4,ENSG00000162344,FGF19
0.0008697517512697045,0.0144719219048472,ENSG00000125675.18,ENSG00000125675,GRIA3
0.008947516495243535,-0.00531077027204963,ENSG00000233515.2,ENSG00000233515,LINC01518
0.008323521999803941,0.0013887832763251897,ENSG00000108813.11,ENSG00000108813,DLX4
0.003969370899389545,0.004880069892332172,ENSG00000260487.1,ENSG00000260487,AC116348.1
-0.012162801271777435,0.01151494743452242,ENSG00000227482.1,ENSG00000227482,AL157702.2
0.004785654182667925,0.005230504277545964,ENSG00000204956.5,ENSG00000204956,PCDHGA1
0.005698808087187238,0.010373562228153353,ENSG00000163531.15,ENSG00000163531,NFASC
0.018118620678272784,0.025228361020191423,ENSG00000211694.2,ENSG00000211694,TRGV10
0.0016961974280440826,0.029370551357912018,ENSG00000129596.5,ENSG00000129596,CDO1
-0.013647788363644596,0.008577109844921767,ENSG00000186973.11,ENSG00000186973,FAM183A
-0.01215118400078929,0.007498670153317122,ENSG00000253937.1,ENSG00000253937,NATP
0.008676851407094018,0.012248086374229743,ENSG00000180432.6,ENSG00000180432,CYP8B1
0.015479074920917628,0.002243307848836567,ENSG00000259727.1,ENSG00000259727,AC103740.2
-0.015042138321652068,0.013627622083576757,ENSG00000112796.10,ENSG00000112796,ENPP5
0.02155843351509043,-0.012431277125697299,ENSG00000181418.8,ENSG00000181418,DDN
0.014781710633647025,0.018053554693807924,ENSG00000227591.5,ENSG00000227591,HSD11B1-AS1
-0.0034816638837595376,0.023218023769303445,ENSG00000069702.11,ENSG00000069702,TGFBR3
-0.02502903836857362,0.010756781596558684,ENSG00000224842.2,ENSG00000224842,AL161908.1
0.0012787378723694662,0.005148183254526159,ENSG00000176945.17,ENSG00000176945,MUC20
-0.012000339675536596,0.02057273239130412,ENSG00000125378.16,ENSG00000125378,BMP4
-0.003881920815230002,0.022910115849647573,ENSG00000274979.1,ENSG00000274979,AC020656.2
-0.008684295164463798,0.01356761045995906,ENSG00000272927.1,ENSG00000272927,AC107464.2
0.01822174087733098,-0.006687885570928518,ENSG00000197472.15,ENSG00000197472,ZNF695
0.016771390423773423,0.01969128701579754,ENSG00000211645.2,ENSG00000211645,IGLV1-50
-0.024529973324056445,0.01704123447314149,ENSG00000154099.18,ENSG00000154099,DNAAF1
-0.006910101724890944,0.020711024088309462,ENSG00000257398.8,ENSG00000257398,AC126177.3
-0.004636582226469598,0.011323621206347424,ENSG00000239830.1,ENSG00000239830,RPS4XP22
-0.007521248825492106,0.012979218717477035,ENSG00000236283.5,ENSG00000236283,AC019197.1
0.016099882997644643,0.019628483374397026,ENSG00000176083.18,ENSG00000176083,ZNF683
-0.007597377238012619,0.02382842737665052,ENSG00000139970.17,ENSG00000139970,RTN1
-0.029436105306077525,0.016025195061783435,ENSG00000187486.5,ENSG00000187486,KCNJ11
0.01827491336877299,0.02266026269116189,ENSG00000117560.8,ENSG00000117560,FASLG
0.0177095376541883,0.030629501243560096,ENSG00000177272.9,ENSG00000177272,KCNA3
-0.0019954649699774115,0.006191509326153991,ENSG00000154118.13,ENSG00000154118,JPH3
-0.005163126171140404,0.014959618234791913,ENSG00000230838.1,ENSG00000230838,LINC01614
-0.01256976497646933,0.021737831503174498,ENSG00000100626.17,ENSG00000100626,GALNT16
0.011780964832491513,0.008701216232386262,ENSG00000215009.5,ENSG00000215009,ACSM4
-0.0026131555971878563,0.011613718690003924,ENSG00000236289.4,ENSG00000236289,GACAT3
0.021287449300981642,0.009931051010181467,ENSG00000279965.1,ENSG00000279965,AL390755.2
-0.005426677284557889,0.028288356992645463,ENSG00000004799.8,ENSG00000004799,PDK4
-0.01559502546193613,0.014148510008389781,ENSG00000253955.2,ENSG00000253955,AC008663.2
-0.008679955517829064,0.0018466884944260908,ENSG00000139547.7,ENSG00000139547,RDH16
-0.008676036101421501,0.005623304772381819,ENSG00000185933.7,ENSG00000185933,CALHM1
0.014422357717823308,0.020485515381461265,ENSG00000246223.9,ENSG00000246223,LINC01550
-0.005480223193029253,0.021745505249724035,ENSG00000278897.1,ENSG00000278897,AC020951.1
0.007975590621343552,0.01715245145910179,ENSG00000198626.17,ENSG00000198626,RYR2
-0.0015111051582436899,0.008936231472638494,ENSG00000276715.4,ENSG00000276715,YWHAEP7
0.00936628340939396,0.016992797302741624,ENSG00000149294.17,ENSG00000149294,NCAM1
0.010752496977454402,0.020178198211637754,ENSG00000254211.6,ENSG00000254211,LINC01485
-0.0002913263776535291,0.006319442220472983,ENSG00000185745.10,ENSG00000185745,IFIT1
0.005162730188180637,0.028824249511649573,ENSG00000143196.5,ENSG00000143196,DPT
-0.006090115290985977,0.012218169826570502,ENSG00000009950.16,ENSG00000009950,MLXIPL
0.013171563308896971,0.020121850560001493,ENSG00000178343.5,ENSG00000178343,SHISA3
-0.02317188573765747,0.0014054511355025396,ENSG00000250244.5,ENSG00000250244,AC010307.4
-0.01426577643056641,0.014403246408846672,ENSG00000283294.1,ENSG00000283294,AP005212.4
0.020335147059247556,0.01530693578958445,ENSG00000214425.8,ENSG00000214425,LRRC37A4P
-0.015842235768367158,0.013009807761275373,ENSG00000279970.1,ENSG00000279970,AC023024.2
0.014084414062609818,0.0030142815501475973,ENSG00000134398.15,ENSG00000134398,ERN2
-0.014571367460221798,0.020161176672623758,ENSG00000188153.14,ENSG00000188153,COL4A5
0.016995951105555428,0.0229783752661636,ENSG00000253883.1,ENSG00000253883,IGHV3-19
0.014695400236277788,0.0038606869501895693,ENSG00000172867.4,ENSG00000172867,KRT2
-0.02255661499742277,0.009282955842192173,ENSG00000076344.16,ENSG00000076344,RGS11
0.0028660851750931886,0.01657447769865925,ENSG00000217455.8,ENSG00000217455,AC073316.1
0.012379291212733798,-0.0012865778167572644,ENSG00000197641.12,ENSG00000197641,SERPINB13
0.016972138599017392,0.022992476199047835,ENSG00000253763.1,ENSG00000253763,IGHV3-6
-0.014610615670646133,0.013478396001921545,ENSG00000172379.21,ENSG00000172379,ARNT2
-0.0026994831977902906,0.02823275740634918,ENSG00000145423.5,ENSG00000145423,SFRP2
0.02396073356850991,-0.0067531226722087135,ENSG00000196503.5,ENSG00000196503,ARL9
0.010874202660259439,0.01100770203556948,ENSG00000162174.12,ENSG00000162174,ASRGL1
0.00473332766081373,0.010989713835571839,ENSG00000016082.15,ENSG00000016082,ISL1
-0.01565480194483771,0.004148007888469345,ENSG00000184925.12,ENSG00000184925,LCN12
0.013386483618118953,0.007811840965144609,ENSG00000169067.4,ENSG00000169067,ACTBL2
0.02078249394311164,0.021854398761423668,ENSG00000161405.17,ENSG00000161405,IKZF3
-0.010593288535669551,0.015107202414947582,ENSG00000279878.1,ENSG00000279878,AP003108.5
-0.019328783365155002,0.02573140233789112,ENSG00000260618.1,ENSG00000260618,AC025917.1
0.00807083774046815,0.022880419243936148,ENSG00000175445.17,ENSG00000175445,LPL
0.018300841047152943,0.025967123793311227,ENSG00000211789.2,ENSG00000211789,TRAV12-2
-0.0055421282619994685,0.0043411694406918205,ENSG00000142273.13,ENSG00000142273,CBLC
0.02105695120714283,0.024324250844514082,ENSG00000167286.10,ENSG00000167286,CD3D
-0.004823491769010266,0.00560488489970314,ENSG00000128285.4,ENSG00000128285,MCHR1
-0.0044224135792136614,0.00844990390716248,ENSG00000273812.3,ENSG00000273812,BX640514.2
0.005041280189879106,0.019259098612425037,ENSG00000138944.8,ENSG00000138944,SHISAL1
0.003943930406329577,0.012214086424289635,ENSG00000233009.1,ENSG00000233009,NALCN-AS1
-0.0015837900657722573,0.010263799647076133,ENSG00000188000.5,ENSG00000188000,OR7D2
-0.01323885019348284,0.011229814603016848,ENSG00000261226.1,ENSG00000261226,AC092384.3
0.02900110491174349,0.002627448071701275,ENSG00000154548.9,ENSG00000154548,SRSF12
0.013877629481273171,0.0015890697884491777,ENSG00000224984.1,ENSG00000224984,AL512363.1
-0.02515966352293132,0.010934915911404526,ENSG00000084444.14,ENSG00000084444,FAM234B
-0.0029095923127756464,0.012211677459799192,ENSG00000230606.11,ENSG00000230606,AC092683.1
0.0020423186915871886,0.0032619902151495212,ENSG00000112539.15,ENSG00000112539,C6orf118
0.012326988395853736,-0.003218121807544828,ENSG00000272626.1,ENSG00000272626,AC021146.12
0.010904196441931713,-0.005778810122870768,ENSG00000213937.4,ENSG00000213937,CLDN9
0.019497118010131074,0.023842711647807043,ENSG00000186810.8,ENSG00000186810,CXCR3
-0.022067921281585953,0.012467635416578061,ENSG00000182575.8,ENSG00000182575,NXPH3
0.015142553602486874,0.015201127254786777,ENSG00000196878.15,ENSG00000196878,LAMB3
-0.004891644108128927,0.017813079531110988,ENSG00000145244.12,ENSG00000145244,CORIN
0.011570880907605814,0.0028721153803294595,ENSG00000246095.2,ENSG00000246095,LINC01096
-0.010641557577380797,0.00912351352980944,ENSG00000196684.12,ENSG00000196684,HSH2D
0.009969375577515803,0.018968858381062884,ENSG00000003096.14,ENSG00000003096,KLHL13
-0.018259334499541147,0.01699395573597146,ENSG00000145491.12,ENSG00000145491,ROPN1L
0.010958225316609952,-0.006004239649198089,ENSG00000164362.21,ENSG00000164362,TERT
0.010578389182514098,0.004812093529670765,ENSG00000165376.11,ENSG00000165376,CLDN2
0.007608599778821639,0.009600830519637825,ENSG00000237863.3,ENSG00000237863,AL035425.1
0.01862584909156676,0.025854732444901152,ENSG00000211785.1,ENSG00000211785,TRAV12-1
0.009912235522681149,0.00043173351326890314,ENSG00000137252.9,ENSG00000137252,HCRTR2
0.02054593947146364,0.02711185235646432,ENSG00000163564.15,ENSG00000163564,PYHIN1
0.02014225471749317,0.0048372271388821735,ENSG00000165325.14,ENSG00000165325,DEUP1
0.022629879334730693,-0.008693618955010736,ENSG00000286417.1,ENSG00000286417,AL133334.1
0.000772198115513097,0.00019516907227952292,ENSG00000182583.12,ENSG00000182583,VCX
-0.00806493751457553,0.010918347348495784,ENSG00000222038.4,ENSG00000222038,POTEJ
0.00055748784927488,0.026700385407734055,ENSG00000004776.13,ENSG00000004776,HSPB6
0.02472136501891048,0.00508953783779971,ENSG00000224739.2,ENSG00000224739,AC016735.1
4.0574792401497454e-05,0.03922229619193652,ENSG00000154258.17,ENSG00000154258,ABCA9
0.016628761583880925,0.023545814539912824,ENSG00000070915.10,ENSG00000070915,SLC12A3
-0.026379129519892377,0.01512756583850347,ENSG00000185133.14,ENSG00000185133,INPP5J
0.016348727938038737,0.007976613948766042,ENSG00000230426.4,ENSG00000230426,LINC01036
0.019403306304349884,0.02373098369536291,ENSG00000211721.2,ENSG00000211721,TRBV6-5
-0.0019297307557201932,0.001438699133674474,ENSG00000116661.11,ENSG00000116661,FBXO2
0.009517631704673466,0.00020421307951638186,ENSG00000116254.18,ENSG00000116254,CHD5
0.00841973935479956,0.002754824416949401,ENSG00000248359.2,ENSG00000248359,AC010280.1
-0.006944588977992211,0.0036703632064268173,ENSG00000180596.7,ENSG00000180596,H2BC4
0.014834830252917042,0.007224044720899285,ENSG00000130413.15,ENSG00000130413,STK33
0.019290539347922204,0.025045301704061593,ENSG00000211795.3,ENSG00000211795,TRAV8-6
0.014400640062764336,0.005415484731974753,ENSG00000184385.2,ENSG00000184385,UMODL1-AS1
0.002562690536773662,0.01205463014175228,ENSG00000205667.3,ENSG00000205667,ARSH
0.021843631411787443,-0.002516433354360781,ENSG00000272666.1,ENSG00000272666,KLHDC7B-DT
-0.004720766741609936,0.00978746620359574,ENSG00000183569.18,ENSG00000183569,SERHL2
0.007080613995790707,0.010974222756865153,ENSG00000108342.13,ENSG00000108342,CSF3
-0.01194644145563446,0.010664157662108431,ENSG00000164588.8,ENSG00000164588,HCN1
-0.024019159148929232,0.012079394789218071,ENSG00000121753.12,ENSG00000121753,ADGRB2
-0.0060739398854591274,0.005975670084299628,ENSG00000118137.10,ENSG00000118137,APOA1
0.007611549139534223,0.0007089637191252435,ENSG00000274373.1,ENSG00000274373,AC148476.1
-0.0021088267570520134,0.01332455332359213,ENSG00000154269.15,ENSG00000154269,ENPP3
0.007737111049009648,3.88549414458836e-05,ENSG00000239572.3,ENSG00000239572,AC108749.1
0.018589280419852246,0.018043435259118234,ENSG00000211647.1,ENSG00000211647,IGLV5-48
0.009375900577212755,0.003829293492756475,ENSG00000267327.2,ENSG00000267327,AC009271.1
0.0026355363782359143,0.001818316397409091,ENSG00000229970.3,ENSG00000229970,AC007128.1
-0.001399953089982082,0.009490311711687497,ENSG00000173212.4,ENSG00000173212,MAB21L3
0.0029671405323102432,0.019743214567162094,ENSG00000224957.6,ENSG00000224957,LINC01266
0.010865047134375139,0.015272222663775297,ENSG00000080007.8,ENSG00000080007,DDX43
0.014960495044457251,0.003683271631058003,ENSG00000228623.6,ENSG00000228623,ZNF883
0.016059115861343152,0.0006405326531516682,ENSG00000112559.15,ENSG00000112559,MDFI
-0.009791694102643893,0.011011209825537637,ENSG00000139344.8,ENSG00000139344,AMDHD1
0.015784651473680005,0.0035227980586370953,ENSG00000185269.12,ENSG00000185269,NOTUM
0.004982245295038528,0.011285851224698532,ENSG00000162931.12,ENSG00000162931,TRIM17
-0.002890951942997474,0.009008413985702296,ENSG00000215915.10,ENSG00000215915,ATAD3C
0.0032600891013756083,0.007919247710523583,ENSG00000055732.13,ENSG00000055732,MCOLN3
-0.0034415142617637558,0.018843272365267224,ENSG00000122824.11,ENSG00000122824,NUDT10
0.027052414100080108,-0.0010785184586845134,ENSG00000218565.2,ENSG00000218565,AL592429.1
0.020784392554176436,-0.004327531796276876,ENSG00000182632.15,ENSG00000182632,CCNYL2
0.01895986721457694,0.024448813878724007,ENSG00000211797.2,ENSG00000211797,TRAV17
0.008962952318166455,0.00864630128569025,ENSG00000203930.12,ENSG00000203930,LINC00632
0.027907447448345935,0.015834713726639253,ENSG00000135925.9,ENSG00000135925,WNT10A
-0.011579210742268519,0.022679507902344857,ENSG00000254506.1,ENSG00000254506,AP003080.1
0.004355323461718476,0.004445471414175916,ENSG00000262503.1,ENSG00000262503,AC027763.1
-0.003976448440704801,0.02745698498785885,ENSG00000006283.18,ENSG00000006283,CACNA1G
-0.016624828317693588,0.012886316738668437,ENSG00000261488.1,ENSG00000261488,TBILA
-0.0025741332682296227,0.0316441992207581,ENSG00000115602.17,ENSG00000115602,IL1RL1
-0.003710745224734173,0.00828301391144665,ENSG00000270977.2,ENSG00000270977,AC015849.5
-0.02540992221252465,0.018165136209231998,ENSG00000172771.12,ENSG00000172771,EFCAB12
-0.0005739831645557112,0.007552773167268222,ENSG00000105357.19,ENSG00000105357,MYH14
0.014412278428201461,-0.0029067468579715293,ENSG00000182393.3,ENSG00000182393,IFNL1
0.008807236312768566,0.016232101476897427,ENSG00000253686.2,ENSG00000253686,LINC01484
0.013493759695863104,0.002356865448304758,ENSG00000167772.12,ENSG00000167772,ANGPTL4
0.003750601089200418,0.00669185670354202,ENSG00000205212.5,ENSG00000205212,CCDC144NL
0.020970269906588297,0.0133399861799842,ENSG00000115523.17,ENSG00000115523,GNLY
0.023385427554517398,-0.012727166708708862,ENSG00000258314.3,ENSG00000258314,AL589182.1
-0.005447808919856981,0.013960914356452497,ENSG00000254153.1,ENSG00000254153,AC103957.2
0.01491905526098244,0.00978876295415961,ENSG00000140279.13,ENSG00000140279,DUOX2
-0.010846001973357541,0.003930108424605178,ENSG00000267750.6,ENSG00000267750,RUNDC3A-AS1
0.007465238799380159,0.010278324997059753,ENSG00000175093.5,ENSG00000175093,SPSB4
0.009005993582431628,0.006809721428997689,ENSG00000159173.19,ENSG00000159173,TNNI1
0.01045491465861006,0.013041994064693058,ENSG00000259430.2,ENSG00000259430,CERS3-AS1
0.008991993263538589,0.0034754011952719053,ENSG00000082929.8,ENSG00000082929,LINC01587
0.021318241813593795,-0.006963201973650237,ENSG00000286610.1,ENSG00000286610,AL356433.1
0.016585867626067202,0.024464145255299947,ENSG00000283063.1,ENSG00000283063,TRBV6-2
0.024403205859145558,0.014557144364295725,ENSG00000228590.2,ENSG00000228590,MIR4432HG
-0.005024433928090643,0.002394747525063321,ENSG00000143502.15,ENSG00000143502,SUSD4
0.0188388329752062,0.02431584866413731,ENSG00000211793.2,ENSG00000211793,TRAV9-2
-0.014020469552620854,0.0048814341953238565,ENSG00000253414.3,ENSG00000253414,AC124067.2
-0.017119263312221432,0.01661251169730066,ENSG00000214578.5,ENSG00000214578,HMGN2P15
0.004827090498023853,0.0029804223132205306,ENSG00000251533.2,ENSG00000251533,LINC00605
-0.024824825996787366,0.019637604504773705,ENSG00000243478.9,ENSG00000243478,AOX2P
0.0010019562224843556,0.018083352459838078,ENSG00000171189.17,ENSG00000171189,GRIK1
-0.006878603728692369,0.0029188714991451752,ENSG00000176136.6,ENSG00000176136,MC5R
-0.018210203171294154,0.013001024452942385,ENSG00000204241.8,ENSG00000204241,LINC02731
0.022170686439239307,-0.002557018434500158,ENSG00000159556.10,ENSG00000159556,ISL2
-0.007674374357341955,0.0179844454467645,ENSG00000184828.10,ENSG00000184828,ZBTB7C
0.008102011389256826,0.02127695648671038,ENSG00000196666.6,ENSG00000196666,FAM180B
0.020553296616478794,-0.009865140115720194,ENSG00000242540.3,ENSG00000242540,AC010729.2
0.007451412793944749,0.011966800970346154,ENSG00000277128.2,ENSG00000277128,AL589743.3
-0.007150843942725927,0.009033773802737935,ENSG00000232124.3,ENSG00000232124,AP001057.1
0.009398404923679018,0.016432896314735625,ENSG00000242611.2,ENSG00000242611,AC093627.6
-0.026287495903249854,0.0173295005454582,ENSG00000118513.19,ENSG00000118513,MYB
0.010048926194786792,0.024613321007997846,ENSG00000138685.17,ENSG00000138685,FGF2
-0.0014406799919590963,0.0009382876241487199,ENSG00000185168.5,ENSG00000185168,LINC00482
0.01936906584652742,0.008960224429481705,ENSG00000133101.10,ENSG00000133101,CCNA1
0.0006831903388389652,0.012361374250620104,ENSG00000101198.15,ENSG00000101198,NKAIN4
0.00674438470067128,0.006846434592861043,ENSG00000287069.1,ENSG00000287069,AC061958.1
0.01267607585623756,0.013907319355351529,ENSG00000165626.17,ENSG00000165626,BEND7
-0.009866074024428885,0.006397337866648285,ENSG00000135100.18,ENSG00000135100,HNF1A
0.02398533639706747,0.007486311788297296,ENSG00000163734.4,ENSG00000163734,CXCL3
-0.0034942057325623695,0.018034690816173683,ENSG00000162892.16,ENSG00000162892,IL24
0.0005560091830309898,0.03353131577560053,ENSG00000185610.6,ENSG00000185610,DBX2
-0.008126372964233011,0.014832155712059253,ENSG00000174885.13,ENSG00000174885,NLRP6
0.01899852180955361,0.025401139599760453,ENSG00000211794.3,ENSG00000211794,TRAV12-3
0.02060607729675654,0.0021904521962509645,ENSG00000205057.6,ENSG00000205057,CLLU1-AS1
0.01891522779513828,0.023485915704880216,ENSG00000276557.1,ENSG00000276557,TRBV18
-0.003114171579401717,0.023487778337942952,ENSG00000158022.7,ENSG00000158022,TRIM63
-0.019474663611029487,0.01821113691832444,ENSG00000251635.2,ENSG00000251635,LINC02278
-0.005320912392255121,0.013951947284644483,ENSG00000227141.2,ENSG00000227141,AL160286.1
-0.009030993478925442,0.009100496830482363,ENSG00000285934.1,ENSG00000285934,AC091074.2
-0.0025392405160817697,0.00866649332254729,ENSG00000235902.1,ENSG00000235902,AC108472.1
0.006793444583523611,0.015713314951490913,ENSG00000138759.19,ENSG00000138759,FRAS1
-0.007223634575486398,0.008596227975418008,ENSG00000273108.1,ENSG00000273108,AL121929.2
0.014469059517084772,0.003254161991284378,ENSG00000154639.19,ENSG00000154639,CXADR
-0.006674582467482102,0.020674666329230745,ENSG00000279530.2,ENSG00000279530,AC092881.1
0.006395779535999292,0.003937483696399144,ENSG00000273492.6,ENSG00000273492,AP000229.1
0.01163889616258971,0.012214665196167561,ENSG00000137959.16,ENSG00000137959,IFI44L
0.02446039460992823,0.0007812637306129922,ENSG00000214376.6,ENSG00000214376,VSTM5
0.02140718926047343,0.02683409595099169,ENSG00000160185.15,ENSG00000160185,UBASH3A
0.017906688596214998,0.02589851525858987,ENSG00000211801.3,ENSG00000211801,TRAV21
-0.013039690369843492,0.012474641072951929,ENSG00000264061.1,ENSG00000264061,FGF7P1
-0.0021637712843801953,0.02385238329961474,ENSG00000170345.10,ENSG00000170345,FOS
-0.0015339217467162487,0.01500065741098544,ENSG00000249007.1,ENSG00000249007,AL691482.3
0.013217249069245379,0.0047279765630929525,ENSG00000124678.20,ENSG00000124678,TCP11
-0.021729974779177128,0.009913968864111881,ENSG00000135549.15,ENSG00000135549,PKIB
-0.002052867711952242,0.03409012722198395,ENSG00000149451.18,ENSG00000149451,ADAM33
-0.022083902961936495,0.011913908055309348,ENSG00000125508.3,ENSG00000125508,SRMS
0.022607338463848957,0.005732045018184534,ENSG00000164841.5,ENSG00000164841,TMEM74
-0.002568488657768527,0.017658987592438488,ENSG00000177822.8,ENSG00000177822,TENM3-AS1
-0.004493593345564796,0.014934771187019294,ENSG00000173077.16,ENSG00000173077,DELEC1
0.021544661554206656,0.008334896248677299,ENSG00000257829.1,ENSG00000257829,AC121757.1
-0.004390524818322768,0.0009111658854088186,ENSG00000261634.4,ENSG00000261634,AC026992.2
-0.002312969795883643,0.0026170038487504555,ENSG00000279352.1,ENSG00000279352,AC006557.6
0.008656438682096054,0.011133764571791048,ENSG00000254877.1,ENSG00000254877,AP001636.2
-0.0037620057271821657,0.007268211126536429,ENSG00000236209.1,ENSG00000236209,AC104135.1
-0.0013617437083029646,0.012348581431957177,ENSG00000165899.11,ENSG00000165899,OTOGL
-0.01816419853703645,0.02320563635899286,ENSG00000207146.1,ENSG00000207146,Y_RNA
-0.0047501390343896496,0.016506995340801724,ENSG00000269345.1,ENSG00000269345,VN1R85P
-0.004846272816850488,0.008421924125283456,ENSG00000157856.12,ENSG00000157856,DRC1
-0.00964454635585921,0.01536820901677028,ENSG00000183840.7,ENSG00000183840,GPR39
0.008206725750773802,0.006595134460469357,ENSG00000233723.9,ENSG00000233723,LINC01122
-0.026622728577682855,0.015406552967693476,ENSG00000136944.19,ENSG00000136944,LMX1B
0.0024398128383021737,0.02111673337047236,ENSG00000286647.1,ENSG00000286647,AC008459.1
-0.010617790639274042,0.011580620650822266,ENSG00000198758.11,ENSG00000198758,EPS8L3
0.018303579125401835,0.02392780572002683,ENSG00000275791.1,ENSG00000275791,TRBV10-3
0.012352568019962972,0.001991734511906214,ENSG00000288611.1,ENSG00000288611,NPBWR1
0.026827741766633828,0.009619588150448357,ENSG00000115590.14,ENSG00000115590,IL1R2
-0.0021620037701986098,0.02052833125656466,ENSG00000244586.1,ENSG00000244586,WNT5A-AS1
0.019968721856262937,0.029937875881275073,ENSG00000122224.18,ENSG00000122224,LY9
-0.015993622754655195,0.0022304933831414084,ENSG00000250475.1,ENSG00000250475,AC017037.2
-0.02739610085336969,0.017422754884571994,ENSG00000254231.3,ENSG00000254231,AC103760.1
0.023784298259587375,0.007346964187575764,ENSG00000166527.8,ENSG00000166527,CLEC4D
-0.006115926428999084,0.005764815826392428,ENSG00000277241.1,ENSG00000277241,AC026355.4
0.005752969551399971,0.008746293802465773,ENSG00000278318.5,ENSG00000278318,ZNF229
0.01735242354271825,0.007040783203623614,ENSG00000121552.4,ENSG00000121552,CSTA
-0.022503737558427186,0.009056441590001962,ENSG00000286424.1,ENSG00000286424,AL157996.2
0.022016682050415032,0.019062933830100732,ENSG00000187862.12,ENSG00000187862,TTC24
0.018914240679528214,0.015151853568588863,ENSG00000188820.13,ENSG00000188820,CALHM6
-0.005528795681841418,0.005025455341008082,ENSG00000169783.13,ENSG00000169783,LINGO1
0.00828775184257142,0.018465224484102056,ENSG00000185274.12,ENSG00000185274,GALNT17
0.0009123617291390347,0.00887746628623546,ENSG00000171815.6,ENSG00000171815,PCDHB1
0.011425969101697204,0.022557135010886728,ENSG00000102468.11,ENSG00000102468,HTR2A
0.0033484231101148657,-0.004187237090595759,ENSG00000224675.1,ENSG00000224675,AC009227.1
0.012608870958625066,0.0075632744063005046,ENSG00000267466.1,ENSG00000267466,AC021683.1
0.011837235467536247,0.0013246888214367006,ENSG00000267260.2,ENSG00000267260,AC020928.1
0.006451583288633332,0.0028003972473038723,ENSG00000188095.6,ENSG00000188095,MESP2
-0.005217456858544573,0.024654931738415552,ENSG00000151789.12,ENSG00000151789,ZNF385D
0.029996894263313808,0.00863472402867546,ENSG00000182175.14,ENSG00000182175,RGMA
0.0075332755232105225,0.0045772641773337164,ENSG00000168878.19,ENSG00000168878,SFTPB
0.00668734252430063,0.023212348092031137,ENSG00000106006.6,ENSG00000106006,HOXA6
0.004903351324719822,0.020161049027760992,ENSG00000127743.6,ENSG00000127743,IL17B
0.016755464948274713,0.021388803753702508,ENSG00000211958.2,ENSG00000211958,IGHV3-38
0.002205838253334453,0.0186483290651229,ENSG00000041515.16,ENSG00000041515,MYO16
0.009744033288098818,0.0074911880597745145,ENSG00000242242.6,ENSG00000242242,NECTIN3-AS1
-0.015024274738308826,0.01243302183435509,ENSG00000258894.1,ENSG00000258894,ARHGAP16P
-0.007489070066035005,0.004686129845483435,ENSG00000185681.13,ENSG00000185681,MORN5
0.018988274619070662,-0.011542961759445457,ENSG00000101057.16,ENSG00000101057,MYBL2
0.020275725791180414,0.022153149787709547,ENSG00000204475.10,ENSG00000204475,NCR3
0.001933340254640158,0.004011119739070458,ENSG00000136327.7,ENSG00000136327,NKX2-8
-0.016345880113068183,0.020149974259785833,ENSG00000131044.17,ENSG00000131044,TTLL9
0.0204164560277398,0.025730192086822402,ENSG00000116824.5,ENSG00000116824,CD2
-0.0031841120589847357,0.003368608962076821,ENSG00000244541.6,ENSG00000244541,LINC01213
0.010699114915436373,0.003550406375502682,ENSG00000248243.1,ENSG00000248243,LINC02014
-0.01812022681657714,0.0207946078085662,ENSG00000132031.13,ENSG00000132031,MATN3
-0.0007744814856743523,0.0032706432019841245,ENSG00000109758.9,ENSG00000109758,HGFAC
0.011792069771788297,0.029056585472291112,ENSG00000122121.11,ENSG00000122121,XPNPEP2
0.004075463389392481,0.0040235868774110345,ENSG00000214617.9,ENSG00000214617,SLC6A10P
-0.017661447245230187,0.009778289431960336,ENSG00000254815.6,ENSG00000254815,LMNTD2-AS1
-0.013962348937059247,0.014651086865449985,ENSG00000274928.6,ENSG00000274928,KRT89P
0.023421251850115163,0.009924778815631313,ENSG00000256234.1,ENSG00000256234,AC022509.2
-0.019971211062497003,0.01812943052828034,ENSG00000131781.13,ENSG00000131781,FMO5
-0.02106511000355432,0.01952930679576486,ENSG00000279205.1,ENSG00000279205,AC092162.3
0.019274850253705286,0.018812348419276752,ENSG00000277282.1,ENSG00000277282,IGHV1OR21-1
-0.009934469584124216,0.007246438914123641,ENSG00000257542.5,ENSG00000257542,OR7E47P
-0.003958907619437123,0.024730348193783606,ENSG00000280362.1,ENSG00000280362,AC084759.3
0.01708825397275577,0.022922384788746385,ENSG00000253936.1,ENSG00000253936,IGHV3-63
0.0022372645920119387,0.005371978629143885,ENSG00000261192.1,ENSG00000261192,RNF126P1
0.0053209452662594265,0.013552517226798759,ENSG00000205089.8,ENSG00000205089,CCNI2
-0.006118954180106645,0.013529684742705326,ENSG00000101298.15,ENSG00000101298,SNPH
-0.008907439510030903,0.005284928415714005,ENSG00000109072.14,ENSG00000109072,VTN
0.020519067824803276,-0.004549185443164617,ENSG00000249992.2,ENSG00000249992,TMEM158
-0.0024243154393295005,0.02920405168466956,ENSG00000260947.1,ENSG00000260947,AL356489.2
-0.011856472170022357,0.008889121295006113,ENSG00000186115.13,ENSG00000186115,CYP4F2
0.013273113294621608,0.013088609203996841,ENSG00000147180.17,ENSG00000147180,ZNF711
-0.012185970965769214,0.015184834044638548,ENSG00000118492.17,ENSG00000118492,ADGB
0.023087567013954632,0.01829379998072322,ENSG00000233355.7,ENSG00000233355,CHRM3-AS2
0.006025106131714679,0.014874261137832951,ENSG00000133878.9,ENSG00000133878,DUSP26
0.013063840124402256,-0.000987947603540126,ENSG00000170439.7,ENSG00000170439,METTL7B
0.0014796609732858344,0.004294392943327834,ENSG00000103888.17,ENSG00000103888,CEMIP
0.005705924859295609,0.0058845363623483225,ENSG00000170558.10,ENSG00000170558,CDH2
-0.0017721551068366438,0.01301714493273653,ENSG00000177234.7,ENSG00000177234,LINC01561
-0.01000532397449658,0.00275335596389631,ENSG00000143320.9,ENSG00000143320,CRABP2
0.022200932208150666,0.018606047938948884,ENSG00000226979.9,ENSG00000226979,LTA
-0.0020774431965128034,0.001661518394093625,ENSG00000134595.9,ENSG00000134595,SOX3
-0.0016664228272534262,0.010450522292134182,ENSG00000258752.2,ENSG00000258752,AL357093.2
0.004320218959881875,0.03757343893345801,ENSG00000154175.18,ENSG00000154175,ABI3BP
0.004534475114822468,-0.0037456224915797982,ENSG00000156925.12,ENSG00000156925,ZIC3
0.0046886016572063195,0.0010605660774609478,ENSG00000142623.11,ENSG00000142623,PADI1
0.004274086275344323,0.011986912495160162,ENSG00000070601.10,ENSG00000070601,FRMPD1
0.018553117836916166,0.016221958770268493,ENSG00000231331.1,ENSG00000231331,AC103563.3
-0.009710908542829228,0.00785824281102145,ENSG00000260788.6,ENSG00000260788,AC009063.2
0.013806302113437334,-0.006934215743534224,ENSG00000214429.3,ENSG00000214429,CYCSP6
-0.01665328845115608,0.01489164504578812,ENSG00000237233.2,ENSG00000237233,TMEM26-AS1
-0.010670166945164102,0.02004788313079825,ENSG00000166928.11,ENSG00000166928,MS4A14
-0.0008207392322656386,-0.0004757651366281474,ENSG00000006047.13,ENSG00000006047,YBX2
0.01802915316460507,0.007585431546325814,ENSG00000146147.15,ENSG00000146147,MLIP
-0.0038988370118596006,0.014973535735465983,ENSG00000279286.2,ENSG00000279286,AL133373.3
0.018649852187234674,0.02631799379972881,ENSG00000226660.2,ENSG00000226660,TRBV2
0.01946008967278154,0.030583939936886954,ENSG00000173208.4,ENSG00000173208,ABCD2
-0.005757754047011081,0.02977991387257053,ENSG00000269113.4,ENSG00000269113,TRABD2B
0.013540486291506226,0.008133236579505808,ENSG00000179399.15,ENSG00000179399,GPC5
0.001078166206147673,0.001341872118015137,ENSG00000225489.7,ENSG00000225489,AL354707.1
-0.0009527109958923015,0.005391621087522432,ENSG00000236318.2,ENSG00000236318,AC019117.2
0.012315364254584111,0.00038215852453958625,ENSG00000160678.12,ENSG00000160678,S100A1
-0.012969477330149078,0.011481422412964301,ENSG00000250195.1,ENSG00000250195,AC109927.1
0.00682426234695671,-0.0017870562454570733,ENSG00000223553.6,ENSG00000223553,SMPD4P1
0.018804610830617616,0.02690331181606241,ENSG00000211786.3,ENSG00000211786,TRAV8-2
0.025663428661809075,-0.004838284960034303,ENSG00000227036.8,ENSG00000227036,LINC00511
0.018676537557496292,0.030474065359923884,ENSG00000121807.6,ENSG00000121807,CCR2
0.01858978093984753,0.0037671912478742446,ENSG00000178882.15,ENSG00000178882,RFLNA
0.002569042169666707,0.011856629117153848,ENSG00000197520.10,ENSG00000197520,FAM177B
-0.00217983443856152,0.008831628402739133,ENSG00000120068.7,ENSG00000120068,HOXB8
-0.0007615686852214789,0.03181149597437088,ENSG00000169313.10,ENSG00000169313,P2RY12
-0.011856113052849906,0.014607809363491138,ENSG00000091262.16,ENSG00000091262,ABCC6
0.027822890131837644,0.008950314810548693,ENSG00000229124.7,ENSG00000229124,VIM-AS1
0.004962942857269535,-0.004292488254237978,ENSG00000106327.13,ENSG00000106327,TFR2
0.0029224833240786043,0.009531624342045861,ENSG00000187010.21,ENSG00000187010,RHD
0.02542300327120944,0.0025934174363667697,ENSG00000158220.14,ENSG00000158220,ESYT3
-0.0006179575935091156,-0.0007727633948806682,ENSG00000263740.2,ENSG00000263740,RN7SL4P
0.00504388849210115,0.02489650027652286,ENSG00000211448.13,ENSG00000211448,DIO2
-0.02742459981595294,0.012997388603572801,ENSG00000007402.12,ENSG00000007402,CACNA2D2
0.007551750499842669,0.016789930095672735,ENSG00000173805.16,ENSG00000173805,HAP1
0.01774305926817012,0.020521083377880202,ENSG00000117707.16,ENSG00000117707,PROX1
0.020360284723658667,0.00876008955504673,ENSG00000168811.7,ENSG00000168811,IL12A
0.006879092062812615,0.011736132005201273,ENSG00000181291.8,ENSG00000181291,TMEM132E
-0.017508071574137373,0.021015127737827773,ENSG00000251429.1,ENSG00000251429,AIDAP2
0.008791566325088873,-0.0016953399425121362,ENSG00000267374.2,ENSG00000267374,MIR924HG
0.01044104610336122,0.0064877126928427325,ENSG00000259702.3,ENSG00000259702,AC024337.1
-0.004729055223238539,0.007068231052720269,ENSG00000166268.11,ENSG00000166268,MYRFL
0.021120670058339418,0.017040515434239623,ENSG00000111863.13,ENSG00000111863,ADTRP
0.019660488666112013,0.004751826474682158,ENSG00000176076.7,ENSG00000176076,KCNE5
0.003510835003671286,0.0029647325673599163,ENSG00000251273.4,ENSG00000251273,LINC02228
0.01750277208989773,0.015814503560610538,ENSG00000183347.15,ENSG00000183347,GBP6
-0.0017100414318783452,-0.002482292902590152,ENSG00000123999.5,ENSG00000123999,INHA
0.025160943766162756,0.0005647483318062436,ENSG00000288009.1,ENSG00000288009,AL353135.2
0.009562861556724181,0.003203597011170727,ENSG00000185275.6,ENSG00000185275,CD24P4
-0.015773468950936738,0.015271869403668141,ENSG00000249379.2,ENSG00000249379,AL033397.2
0.011422530700655518,0.012208420883189354,ENSG00000260135.7,ENSG00000260135,MMP2-AS1
0.00964132154685357,0.01655408583755559,ENSG00000168952.15,ENSG00000168952,STXBP6
0.017945920780579105,0.0316091321376896,ENSG00000259834.1,ENSG00000259834,AL365361.1
-0.008567133215577331,0.013761871894477851,ENSG00000188211.9,ENSG00000188211,NCR3LG1
0.007877970166941245,0.006961924826700915,ENSG00000251226.1,ENSG00000251226,LINC02714
0.011507293331992106,-0.0034601391491111202,ENSG00000124635.9,ENSG00000124635,H2BC11
-0.007704160809754349,0.01840919547004912,ENSG00000216921.9,ENSG00000216921,FAM240C
-0.005128665049644777,0.023264480436103907,ENSG00000144057.15,ENSG00000144057,ST6GAL2
-0.007347134634297934,0.012906364496595307,ENSG00000162552.15,ENSG00000162552,WNT4
0.0050926948272562176,0.022450355026291963,ENSG00000130032.17,ENSG00000130032,PRRG3
-0.008913132646628881,0.015490059938496186,ENSG00000256229.8,ENSG00000256229,ZNF486
-0.0029679449106679028,0.009283562873253555,ENSG00000204941.14,ENSG00000204941,PSG5
0.006933637170219414,-0.002229888763702512,ENSG00000259485.2,ENSG00000259485,LINC02253
-0.0005606716823464261,0.012221096033538627,ENSG00000215548.2,ENSG00000215548,FRG1JP
-0.006127561507166763,0.021622920419138776,ENSG00000261039.3,ENSG00000261039,LINC02544
0.016328664039540905,0.003976631611732542,ENSG00000183196.10,ENSG00000183196,CHST6
0.005430894884147023,0.004692509962793785,ENSG00000233288.2,ENSG00000233288,AC092447.5
0.0073263283399712595,0.006256205098354002,ENSG00000164100.9,ENSG00000164100,NDST3
0.011157264835109565,0.008943575914791474,ENSG00000233633.2,ENSG00000233633,AC093326.1
0.021679737554294334,-0.002645028544012579,ENSG00000283178.1,ENSG00000283178,BX119927.1
0.0016988234717301264,0.0033124508929140433,ENSG00000100031.19,ENSG00000100031,GGT1
0.011462681709265217,0.000605054948151073,ENSG00000250590.6,ENSG00000250590,LINC02492
0.016110470281381444,0.017062515884543394,ENSG00000154760.14,ENSG00000154760,SLFN13
0.009868472931107935,-0.0031808850209374424,ENSG00000266830.1,ENSG00000266830,AC061975.6
0.023677598599771796,-0.005809447361738691,ENSG00000092621.13,ENSG00000092621,PHGDH
0.0046821054906381965,0.013161505055383684,ENSG00000113205.5,ENSG00000113205,PCDHB3
-0.014476692066197599,0.022823997527690622,ENSG00000261754.2,ENSG00000261754,AC008555.1
0.012352177483329167,-0.0029502134689609544,ENSG00000116035.4,ENSG00000116035,VAX2
0.017654290159758917,-0.00041349514896974946,ENSG00000286013.1,ENSG00000286013,AC005050.2
0.0096834523928535,0.0008131469877459545,ENSG00000180535.4,ENSG00000180535,BHLHA15
-0.02447276152697433,0.016220690620354698,ENSG00000147642.17,ENSG00000147642,SYBU
-0.011171996745358124,-0.0003385505039013905,ENSG00000162460.7,ENSG00000162460,TMEM82
0.0023048194196133146,0.008625925552191379,ENSG00000146678.10,ENSG00000146678,IGFBP1
0.015014526123156175,-0.0035996890499153736,ENSG00000067842.17,ENSG00000067842,ATP2B3
0.006153792779643981,0.003912558491247319,ENSG00000268869.6,ENSG00000268869,ESPNP
-0.005495305161502004,0.005132716401881329,ENSG00000257512.1,ENSG00000257512,AC124947.2
0.01652694094816051,-0.0038396488685061183,ENSG00000230033.1,ENSG00000230033,AC006357.1
-0.0028510724940215134,0.0071369875865956835,ENSG00000262966.2,ENSG00000262966,AC005695.1
-0.0012753597541140796,0.008936893836180583,ENSG00000235974.1,ENSG00000235974,VN2R19P
0.019387541816255724,0.0250368790433406,ENSG00000237702.2,ENSG00000237702,TRBV3-1
0.015352660143361365,0.004183750416424115,ENSG00000234477.1,ENSG00000234477,AC004231.1
0.020006655452847206,0.013017628141139706,ENSG00000287415.1,ENSG00000287415,AC099541.2
-0.011630228251788916,0.008229529840151927,ENSG00000239265.5,ENSG00000239265,CLRN1-AS1
0.027215247261317282,0.010510788540399845,ENSG00000137571.11,ENSG00000137571,SLCO5A1
0.004966336253789776,0.005994730374508705,ENSG00000273367.1,ENSG00000273367,AL355472.3
-0.00043906226861728346,0.005371296358292025,ENSG00000197893.14,ENSG00000197893,NRAP
0.006120071509468455,0.025765462905983128,ENSG00000255310.2,ENSG00000255310,AF131215.5
0.023417616860975717,0.00054908660994515,ENSG00000163377.16,ENSG00000163377,TAFA4
0.0015633850711206352,0.02303993078125633,ENSG00000267653.1,ENSG00000267653,AC002546.1
0.020245629807547773,0.004388974178458563,ENSG00000285294.1,ENSG00000285294,LINC00842
0.0021913510662528207,0.0012817019848316601,ENSG00000266521.1,ENSG00000266521,AC021549.1
0.020075024270332094,0.00877610605320717,ENSG00000278192.1,ENSG00000278192,AL118505.1
0.0068337847198807,0.01937762882727518,ENSG00000237945.7,ENSG00000237945,LINC00649
0.006455660403149144,0.003284819384077839,ENSG00000261332.1,ENSG00000261332,AC116348.2
0.0036469885759851774,0.0030128034399756515,ENSG00000200087.1,ENSG00000200087,SNORA73B
-0.005328784080527848,0.0021219382792528963,ENSG00000182747.5,ENSG00000182747,SLC35D3
0.019315270454542587,0.021126436597636595,ENSG00000143185.4,ENSG00000143185,XCL2
0.0036866930882929693,0.001175005956285166,ENSG00000173213.9,ENSG00000173213,TUBB8B
0.011585530525302198,0.01392220114691442,ENSG00000253649.5,ENSG00000253649,PRSS51
0.018165010184403044,0.024538208166795326,ENSG00000211807.3,ENSG00000211807,TRAV26-1
0.006754363280214236,0.011295752998094013,ENSG00000228318.3,ENSG00000228318,AP001610.2
0.01991865741624798,0.022852609363205902,ENSG00000211706.2,ENSG00000211706,TRBV6-1
0.013806468885054636,0.002340888060501037,ENSG00000181333.12,ENSG00000181333,HEPHL1
0.020479005080187084,-0.0011544671104316859,ENSG00000158748.4,ENSG00000158748,HTR6
0.024740180777359615,-0.004800437120836182,ENSG00000248846.3,ENSG00000248846,LINC02065
-0.005766965432294639,0.012349083882423803,ENSG00000260701.2,ENSG00000260701,AC025284.1
0.008684782503497235,0.01123307236810087,ENSG00000228793.2,ENSG00000228793,AL033523.1
0.01752978803136686,0.02227102929536911,ENSG00000197540.8,ENSG00000197540,GZMM
-0.012535658136333106,0.015171778140128118,ENSG00000241720.2,ENSG00000241720,AL158847.1
0.02040397775852121,0.023575456469848342,ENSG00000230099.2,ENSG00000230099,TRBV5-4
0.009588507545960141,-0.004709601772059396,ENSG00000184357.5,ENSG00000184357,H1-5
-0.006382104929144922,0.008673008193690691,ENSG00000142102.16,ENSG00000142102,PGGHG
0.006633786200092163,0.011905676356968636,ENSG00000255151.2,ENSG00000255151,GLYATL1B
-0.0013346367689979842,0.006060522485053817,ENSG00000233191.2,ENSG00000233191,AC006372.2
0.0015604146326590284,0.03351943918967117,ENSG00000106511.6,ENSG00000106511,MEOX2
0.005296256125805247,0.015558629134930722,ENSG00000186281.12,ENSG00000186281,GPAT2
0.010473006600122545,-0.010749183359154497,ENSG00000105613.10,ENSG00000105613,MAST1
-0.017831968254207388,0.02560540013053747,ENSG00000131831.18,ENSG00000131831,RAI2
0.02164114892370165,0.0245154973375637,ENSG00000137078.9,ENSG00000137078,SIT1
0.006089347988710152,0.032806664587899194,ENSG00000165379.13,ENSG00000165379,LRFN5
0.009668293282069687,0.0016919199514025549,ENSG00000232624.8,ENSG00000232624,LINC01517
-0.01428207143626206,0.016327263635757407,ENSG00000198237.8,ENSG00000198237,GUSBP13
0.0014453485171653526,0.022009903346353325,ENSG00000126950.8,ENSG00000126950,TMEM35A
0.0015105076174923358,0.019089612349473446,ENSG00000180229.12,ENSG00000180229,HERC2P3
0.014311889772574415,-0.0027457740209332533,ENSG00000279694.1,ENSG00000279694,AC011270.2
-0.013561484649333702,0.015539845532877404,ENSG00000070731.11,ENSG00000070731,ST6GALNAC2
0.019644987968852157,0.015014394855758359,ENSG00000240403.5,ENSG00000240403,KIR3DL2
0.022382296220494095,0.024767378015353135,ENSG00000145287.11,ENSG00000145287,PLAC8
-0.01960348562193901,0.010598059688149175,ENSG00000108852.15,ENSG00000108852,MPP2
0.02133804489214446,0.027459332278732547,ENSG00000153283.13,ENSG00000153283,CD96
0.017609059058630267,0.022258111351607865,ENSG00000211710.3,ENSG00000211710,TRBV4-1
0.012331361783054832,0.004263846812156719,ENSG00000180155.20,ENSG00000180155,LYNX1
0.018309051249915727,0.026105041139304314,ENSG00000211787.1,ENSG00000211787,TRAV8-3
0.00947520856148531,0.008200616626150322,ENSG00000260838.3,ENSG00000260838,AC022893.2
-0.01845326850554979,0.020371068755316864,ENSG00000234604.2,ENSG00000234604,AL021068.1
-0.02427527459331724,0.019263707150759708,ENSG00000243710.8,ENSG00000243710,CFAP57
-0.017946252714971397,0.008934423527808658,ENSG00000228127.3,ENSG00000228127,LINC01649
0.01607444681337283,0.0217682319127698,ENSG00000237254.2,ENSG00000237254,TRBV30
0.008555581677437904,-0.001431889779586116,ENSG00000250682.6,ENSG00000250682,LINC00491
-0.01081234460468863,0.01367820075732876,ENSG00000259675.2,ENSG00000259675,AC018618.1
-0.009112828183491375,0.019733869702044052,ENSG00000141293.16,ENSG00000141293,SKAP1
0.005888741083264128,0.0034574919187745938,ENSG00000263711.6,ENSG00000263711,LINC02864
0.0021328148163136523,0.02227258690285699,ENSG00000267594.5,ENSG00000267594,CYP4F24P
0.020426871264376208,0.0007824915559947515,ENSG00000130707.18,ENSG00000130707,ASS1
-0.005802711773029553,0.0048157877659741185,ENSG00000140323.6,ENSG00000140323,DISP2
-0.002935822008740238,0.03478960890500969,ENSG00000168497.5,ENSG00000168497,CAVIN2
0.01131586335497584,2.7116264229903212e-05,ENSG00000260978.1,ENSG00000260978,AC126407.1
0.018015646483498144,0.023080581969201663,ENSG00000276953.1,ENSG00000276953,TRBV12-4
-0.003477107265393253,0.02788345261257994,ENSG00000124491.16,ENSG00000124491,F13A1
-0.007833266422267282,0.010452650497672798,ENSG00000269235.2,ENSG00000269235,ZNF350-AS1
0.0022018183023868165,0.03199593706490767,ENSG00000287059.1,ENSG00000287059,AC090004.2
0.023537256831424845,-0.005708979840444913,ENSG00000233388.2,ENSG00000233388,AL022334.1
-0.008992010108609927,0.015408085349604268,ENSG00000257178.5,ENSG00000257178,AC103702.1
-0.00753740791695705,0.009015903924072992,ENSG00000114113.6,ENSG00000114113,RBP2
0.0182387721732824,-0.013572931666217947,ENSG00000167771.6,ENSG00000167771,RCOR2
0.026213973426879367,0.013360077201508523,ENSG00000134460.18,ENSG00000134460,IL2RA
0.008038827760300083,1.3778208338504481e-05,ENSG00000268654.2,ENSG00000268654,MIMT1
0.0037251602631402357,0.02023371309101707,ENSG00000120907.18,ENSG00000120907,ADRA1A
0.004543970858613736,0.004453814605272294,ENSG00000106236.4,ENSG00000106236,NPTX2
0.001307990979280294,0.01786821123200239,ENSG00000150750.8,ENSG00000150750,C11orf53
0.020573947294908558,0.007212869611028219,ENSG00000163406.11,ENSG00000163406,SLC15A2
0.01943026011232581,0.017717191840033387,ENSG00000276980.1,ENSG00000276980,AC008760.2
-0.000652196966130542,0.005411024522016817,ENSG00000250584.3,ENSG00000250584,LINC01511
0.007589252268116646,0.00879840381769567,ENSG00000285668.1,ENSG00000285668,AC126544.2
0.01763319714456665,-0.0032111522780919593,ENSG00000176165.12,ENSG00000176165,FOXG1
0.004820879415126664,0.009126868566300546,ENSG00000277147.6,ENSG00000277147,LINC00869
0.013953704052836035,0.03073252469661545,ENSG00000174123.11,ENSG00000174123,TLR10
-0.012675400777055217,0.018351287097133635,ENSG00000198929.13,ENSG00000198929,NOS1AP
-0.014920741035244467,0.014129587815308724,ENSG00000249091.1,ENSG00000249091,AC093903.1
-0.0024847681993698575,0.007643804868930391,ENSG00000015592.16,ENSG00000015592,STMN4
-0.00013969158230784764,0.02714427612802111,ENSG00000262655.4,ENSG00000262655,SPON1
-0.018256579689314736,0.016062956580442662,ENSG00000139629.16,ENSG00000139629,GALNT6
-0.0026885763842599258,0.009260969949582058,ENSG00000275325.4,ENSG00000275325,PDCD6IPP1
-0.00255875225533614,0.00953543485470839,ENSG00000268119.6,ENSG00000268119,AC010615.2
-0.013139337699352325,0.013701665203343847,ENSG00000152661.9,ENSG00000152661,GJA1
-0.016496106389731768,0.016229289027433074,ENSG00000286176.2,ENSG00000286176,AC116317.1
-0.002469625528294955,0.019681263136111876,ENSG00000153303.17,ENSG00000153303,FRMD1
0.011439280877055947,0.0038662390808305177,ENSG00000171847.11,ENSG00000171847,FAM90A1
0.005904081928393532,0.004884790678716232,ENSG00000154975.14,ENSG00000154975,CA10
0.01653838790773767,0.016105179229712007,ENSG00000259683.1,ENSG00000259683,AC243562.2
-0.00034457305235668814,0.007100519076290785,ENSG00000268751.1,ENSG00000268751,SCGB1B2P
-0.013898022551398645,0.011986485408679625,ENSG00000238358.2,ENSG00000238358,AC004969.1
0.0019033595278717735,0.01603462181813604,ENSG00000196876.18,ENSG00000196876,SCN8A
0.007939807809879535,0.017730950286207053,ENSG00000065325.13,ENSG00000065325,GLP2R
0.004447909307771909,0.014495464545537637,ENSG00000113211.5,ENSG00000113211,PCDHB6
0.0001300876833096472,0.009746925301568227,ENSG00000213988.11,ENSG00000213988,ZNF90
-0.012117142152228678,0.011824773218215057,ENSG00000177202.3,ENSG00000177202,SPACA4
0.005254620101798278,0.002213159415265399,ENSG00000186487.20,ENSG00000186487,MYT1L
0.018976052223295084,0.023531558555252918,ENSG00000211777.2,ENSG00000211777,TRAV3
0.009453989590354296,0.002777377223502087,ENSG00000234965.2,ENSG00000234965,SHISA8
-0.0015872069988529566,0.009507019530444047,ENSG00000204961.7,ENSG00000204961,PCDHA9
-0.0004171170871346225,0.010632998818597503,ENSG00000215018.10,ENSG00000215018,COL28A1
0.026843697222767717,-0.00112006894156662,ENSG00000104783.14,ENSG00000104783,KCNN4
-0.0024027759381276283,0.008671872480584484,ENSG00000204963.6,ENSG00000204963,PCDHA7
-0.00300790040361946,0.008209245268957204,ENSG00000256463.8,ENSG00000256463,SALL3
0.00451177424018378,0.010634626922464861,ENSG00000142319.18,ENSG00000142319,SLC6A3
0.01367474246669831,0.015079587081117117,ENSG00000145850.9,ENSG00000145850,TIMD4
-0.015015303941797028,0.005755526157312588,ENSG00000262772.2,ENSG00000262772,LINC01977
0.002646108015832757,0.007676755099043922,ENSG00000168658.19,ENSG00000168658,VWA3B
-0.008963877731155008,0.023079056586983192,ENSG00000286214.1,ENSG00000286214,AUXG01000058.1
-0.00042504443002787276,0.0022462166115423295,ENSG00000254338.1,ENSG00000254338,MAFA-AS1
-0.015133821071526384,0.011170267553676071,ENSG00000271727.2,ENSG00000271727,AL357054.2
-0.0011787604426715414,0.013448088815094862,ENSG00000138669.9,ENSG00000138669,PRKG2
-0.007489078245710178,0.0035542875913498707,ENSG00000213144.2,ENSG00000213144,AC084880.1
-0.013096431600632674,0.028978827029526998,ENSG00000125869.10,ENSG00000125869,LAMP5
-0.004292104160082506,0.012145066625135585,ENSG00000253553.7,ENSG00000253553,AC090578.1
0.002938102900781535,0.017382951087564148,ENSG00000188525.4,ENSG00000188525,AC010969.1
-0.026522671847524295,0.01931830080976381,ENSG00000165140.11,ENSG00000165140,FBP1
0.01866893930935153,0.0172205898209649,ENSG00000261618.2,ENSG00000261618,LINC02605
0.022457005344748353,0.018136309911368057,ENSG00000105374.10,ENSG00000105374,NKG7
0.01668310465243622,0.01410192948944622,ENSG00000086967.10,ENSG00000086967,MYBPC2
0.021379222072317006,0.008167304655593973,ENSG00000287051.1,ENSG00000287051,AC121757.2
-0.003338029611648456,-0.00197707834971215,ENSG00000256982.2,ENSG00000256982,AC135782.1
-0.014020062338973637,0.020090308824502467,ENSG00000245384.2,ENSG00000245384,CXXC4-AS1
0.020520803333282073,-0.00029574021827871396,ENSG00000218358.2,ENSG00000218358,RAET1K
-0.014218093001201594,0.005912036368296334,ENSG00000260963.2,ENSG00000260963,AC026462.3
0.0024690880887793,0.015050133224774014,ENSG00000134115.13,ENSG00000134115,CNTN6
0.014637641416737925,0.011913703753777184,ENSG00000160111.14,ENSG00000160111,CPAMD8
0.005555284652444287,0.012302263858251937,ENSG00000136541.15,ENSG00000136541,ERMN
-0.017417126883804243,0.015992989809970166,ENSG00000272551.1,ENSG00000272551,AC017048.3
0.018683170593174973,-0.0011801365257059489,ENSG00000273032.3,ENSG00000273032,DGCR5
-0.002777174676345422,0.024382372158869757,ENSG00000240694.9,ENSG00000240694,PNMA2
-0.011681285598864603,0.02350755726342886,ENSG00000157214.14,ENSG00000157214,STEAP2
-0.00887492773823155,0.01143636743440713,ENSG00000258590.5,ENSG00000258590,NBEAP1
0.012583606993646856,0.011177627489052717,ENSG00000049247.14,ENSG00000049247,UTS2
-0.017357435620251004,0.0034733413755322685,ENSG00000198003.12,ENSG00000198003,CCDC151
0.0198705413172184,0.01565956655718014,ENSG00000185155.12,ENSG00000185155,MIXL1
0.01836876110982621,0.021122437230136508,ENSG00000278473.1,ENSG00000278473,IGHV3-41
-0.02318134627403647,0.005599527058601285,ENSG00000267795.6,ENSG00000267795,SMIM22
-0.0018281583174426191,0.007115723692608692,ENSG00000179520.11,ENSG00000179520,SLC17A8
-0.001246744935273703,0.004523167974943011,ENSG00000224712.12,ENSG00000224712,NPIPA3
0.010580676518938924,0.0026585059832683073,ENSG00000198153.8,ENSG00000198153,ZNF849P
-0.02132200146473906,0.016696844272006576,ENSG00000250740.1,ENSG00000250740,AC109361.2
0.0004145067121030918,0.014051405941806967,ENSG00000222032.1,ENSG00000222032,AC112721.2
-0.008793415189452878,0.01707067049899476,ENSG00000281560.1,ENSG00000281560,LSINCT5
-0.01327153445313939,0.021625447042241563,ENSG00000166450.13,ENSG00000166450,PRTG
0.019219692710160316,0.0244003771375447,ENSG00000145649.8,ENSG00000145649,GZMA
0.00819371379702028,0.0030528576793954687,ENSG00000248187.1,ENSG00000248187,AC078850.1
-0.01627907047978203,0.021147939427746825,ENSG00000128655.18,ENSG00000128655,PDE11A
0.009619324323679209,0.004452794363778038,ENSG00000157601.14,ENSG00000157601,MX1
0.023785588476888973,0.0009725423981186876,ENSG00000165568.18,ENSG00000165568,AKR1E2
0.0012068995732348639,-0.0010530885815705168,ENSG00000166165.13,ENSG00000166165,CKB
0.004466986199131836,0.008772614751473168,ENSG00000166183.16,ENSG00000166183,ASPG
-0.008087248912006881,0.009049209753180349,ENSG00000178125.14,ENSG00000178125,PPP1R42
-0.011146242274917194,0.020142465005849784,ENSG00000272463.1,ENSG00000272463,AL357054.4
0.00526295057172961,0.021548057344961482,ENSG00000173253.15,ENSG00000173253,DMRT2
0.0067652803547905175,-0.004181844452090146,ENSG00000287080.2,ENSG00000287080,H3C3
-0.012906538040803406,0.012825238178824383,ENSG00000151838.12,ENSG00000151838,CCDC175
0.0005644431809769522,0.00937770536228699,ENSG00000132938.21,ENSG00000132938,MTUS2
0.0009060242101750026,0.007595737957765033,ENSG00000134769.21,ENSG00000134769,DTNA
-0.0026874492341139953,0.02147913956354162,ENSG00000134363.12,ENSG00000134363,FST
0.0015471767538556465,0.009608836439930437,ENSG00000253767.2,ENSG00000253767,PCDHGA8
-0.015363787059608435,0.012526100894691033,ENSG00000228607.2,ENSG00000228607,CLDN25
0.006685072258476485,0.0034953496452018707,ENSG00000116675.16,ENSG00000116675,DNAJC6
0.013150189626638475,0.0197179428713689,ENSG00000165443.12,ENSG00000165443,PHYHIPL
0.012465067175626015,0.007634424653240644,ENSG00000273442.1,ENSG00000273442,AC006946.3
0.006500310618658755,0.002616836376986994,ENSG00000204711.9,ENSG00000204711,C9orf135
0.02132441669376393,0.007855828865300018,ENSG00000255221.3,ENSG00000255221,CARD17
0.01249390911874057,0.004002358519867206,ENSG00000282221.1,ENSG00000282221,AC119427.1
-0.008884932838685635,0.018654957955232077,ENSG00000139211.7,ENSG00000139211,AMIGO2
-0.008873109604256222,0.014871549006884184,ENSG00000133937.5,ENSG00000133937,GSC
0.020216448052640276,0.010679003183203441,ENSG00000259772.6,ENSG00000259772,AC012236.1
-0.00029913968383344297,0.005042317022688221,ENSG00000235454.1,ENSG00000235454,HAUS6P3
-0.008915573225355883,-0.002120513764904031,ENSG00000253404.1,ENSG00000253404,AC034243.1
0.01606778617866556,0.002609482224733214,ENSG00000256812.2,ENSG00000256812,CAPNS2
0.02212762469344707,-0.003744452288471065,ENSG00000244676.5,ENSG00000244676,AL109761.1
0.0014503706192135328,0.015326523227205152,ENSG00000142149.9,ENSG00000142149,HUNK
-0.01336073550090248,0.00765850866557526,ENSG00000128536.16,ENSG00000128536,CDHR3
-0.0011959699392546817,0.018753713540583458,ENSG00000113209.9,ENSG00000113209,PCDHB5
-0.020605409345381815,0.015680344814237086,ENSG00000140443.15,ENSG00000140443,IGF1R
0.0015920619421802115,-0.0006873787477902692,ENSG00000255345.1,ENSG00000255345,AP002957.1
-0.0015828667845193402,0.02964093069954845,ENSG00000148357.16,ENSG00000148357,HMCN2
0.005810274435052646,-0.008254655734107894,ENSG00000261949.6,ENSG00000261949,GFY
-0.009487962208183383,0.01606957800340241,ENSG00000260742.1,ENSG00000260742,AC009962.1
0.013564433040944264,0.008072518383073846,ENSG00000233256.1,ENSG00000233256,AL355870.1
0.0062249638582770475,0.006810899533246872,ENSG00000151640.13,ENSG00000151640,DPYSL4
-0.002123688648265153,0.011633549271091672,ENSG00000066468.23,ENSG00000066468,FGFR2
0.012906850940871697,0.010647513868288183,ENSG00000253641.6,ENSG00000253641,LINCR-0001
0.013701694370856,0.00874140712821156,ENSG00000224063.6,ENSG00000224063,AC007319.1
-8.691224560739061e-05,0.015149253710612478,ENSG00000174776.11,ENSG00000174776,WDR49
0.007837675289131268,0.031709941573433535,ENSG00000197992.7,ENSG00000197992,CLEC9A
0.013461750751804526,-0.0046422633261472895,ENSG00000180066.10,ENSG00000180066,LINC02870
0.009688679798255578,0.015393383316934201,ENSG00000151572.18,ENSG00000151572,ANO4
0.002051045144814553,0.037112647788310436,ENSG00000017427.17,ENSG00000017427,IGF1
-0.007307170668946743,0.01463830518463057,ENSG00000165449.11,ENSG00000165449,SLC16A9
-0.0057876847150346005,0.007212495668993984,ENSG00000188064.10,ENSG00000188064,WNT7B
0.016582938049891083,0.015386970508100234,ENSG00000254098.1,ENSG00000254098,IGKV2-26
0.008274480068344187,-0.0029734991126598317,ENSG00000263745.7,ENSG00000263745,AP005230.1
0.006919263943852612,0.008377839308330847,ENSG00000204616.11,ENSG00000204616,TRIM31
0.007051322985973011,-0.00874259671621614,ENSG00000169006.7,ENSG00000169006,NTSR2
0.023396677251365045,0.007558908662240959,ENSG00000102554.14,ENSG00000102554,KLF5
-0.016887002184181387,0.02126225597902625,ENSG00000283267.1,ENSG00000283267,FAM237B
-0.0014980805960145957,0.011356697889729931,ENSG00000280162.1,ENSG00000280162,AL136531.3
-0.0001290352515271854,0.025795411471857238,ENSG00000133687.16,ENSG00000133687,TMTC1
0.01886201433852377,0.022264560753005015,ENSG00000211776.2,ENSG00000211776,TRAV2
-0.007842288680325696,0.026250181922727992,ENSG00000277494.2,ENSG00000277494,GPIHBP1
0.022160687866439144,0.022948650870484127,ENSG00000026751.17,ENSG00000026751,SLAMF7
-0.014985575773441069,0.00913506276405553,ENSG00000257817.2,ENSG00000257817,AC026765.3
0.001901217002091387,0.024326184634466706,ENSG00000172901.20,ENSG00000172901,LVRN
0.012839745248031945,0.0029944257114516448,ENSG00000224535.2,ENSG00000224535,LINC02771
0.01469455757543329,0.012256756960252302,ENSG00000170627.11,ENSG00000170627,GTSF1
0.02002526963137095,0.022554464002690157,ENSG00000077264.15,ENSG00000077264,PAK3
-0.0013141387577873457,0.017244077244918818,ENSG00000256379.2,ENSG00000256379,TRAV8-5
-0.02296580865239438,0.020203657975180582,ENSG00000173210.20,ENSG00000173210,ABLIM3
-0.009095419042123505,0.005940092823753967,ENSG00000261540.1,ENSG00000261540,AC079414.1
-0.0018388348588214488,0.018087738232407998,ENSG00000262576.3,ENSG00000262576,PCDHGA4
-0.015899421247280728,0.018268658329865857,ENSG00000164591.14,ENSG00000164591,MYOZ3
0.0047080886704662425,0.0055413446502755575,ENSG00000149948.14,ENSG00000149948,HMGA2
0.0057037212672211264,0.0012294074144477926,ENSG00000212232.1,ENSG00000212232,SNORD17
-0.0038368113509153743,0.007533211641053025,ENSG00000169181.13,ENSG00000169181,GSG1L
-0.011173133956500289,0.02094152100727859,ENSG00000283930.1,ENSG00000283930,AL117339.4
0.007727274224040622,0.01918735629912039,ENSG00000137869.15,ENSG00000137869,CYP19A1
-0.012839856566679594,0.014416231563646636,ENSG00000224746.2,ENSG00000224746,AC015987.1
0.010656419296843462,0.00464772785388632,ENSG00000217236.2,ENSG00000217236,SP9
0.010544327686329184,0.00812644437726431,ENSG00000142677.4,ENSG00000142677,IL22RA1
0.007578247751556685,-0.007784864563032794,ENSG00000073150.14,ENSG00000073150,PANX2
-0.01346758693909099,0.026209942280554375,ENSG00000150594.7,ENSG00000150594,ADRA2A
-0.002014137996758118,0.008529791700561604,ENSG00000134193.15,ENSG00000134193,REG4
-0.004851339349320693,0.024030454853278805,ENSG00000218336.9,ENSG00000218336,TENM3
0.004469941253538967,0.02021254173991292,ENSG00000169302.16,ENSG00000169302,STK32A
-0.026344344911330905,0.011442822786606617,ENSG00000183779.7,ENSG00000183779,ZNF703
-0.016520954465857274,0.010307085487315008,ENSG00000173947.14,ENSG00000173947,PIFO
0.0001681512122965985,0.017100150846351074,ENSG00000204118.2,ENSG00000204118,NAP1L6P
-0.013172684031466307,0.01642492595719249,ENSG00000251307.1,ENSG00000251307,AC026704.1
0.015660167996844714,0.0004338231372133822,ENSG00000062096.15,ENSG00000062096,ARSF
-0.0004347017786732779,0.006641332968825646,ENSG00000257258.2,ENSG00000257258,AC012150.1
0.021404996098884223,0.02140875431539076,ENSG00000254750.1,ENSG00000254750,CASP1P2
-0.014334203054065095,0.021762959285592257,ENSG00000227051.7,ENSG00000227051,C14orf132
0.004841427613252264,0.008251936359934705,ENSG00000229886.1,ENSG00000229886,AC068533.2
0.01925533005813653,-0.0015110014830368554,ENSG00000105880.7,ENSG00000105880,DLX5
-0.004824367084622546,0.0290948901400173,ENSG00000141052.18,ENSG00000141052,MYOCD
0.005881291123555922,-0.0038478966126698146,ENSG00000244128.7,ENSG00000244128,LINC01322
-0.0007260050232628744,0.0011315857586564082,ENSG00000226562.4,ENSG00000226562,CYP4F26P
0.00741858084544899,0.017172864931157557,ENSG00000166592.12,ENSG00000166592,RRAD
-0.007327480183877433,0.02021504979158656,ENSG00000186417.14,ENSG00000186417,GLDN
0.0082852248366956,-0.003676436737890433,ENSG00000157766.19,ENSG00000157766,ACAN
0.019930433029617677,0.00637869972755268,ENSG00000115598.10,ENSG00000115598,IL1RL2
0.0036327782125400525,0.011559849429158166,ENSG00000273445.1,ENSG00000273445,AC133644.1
-0.014249706622301921,0.015688410691483655,ENSG00000244471.6,ENSG00000244471,AL137058.1
0.0002839081406680789,0.020733731480659053,ENSG00000179796.12,ENSG00000179796,LRRC3B
-0.01870015203546308,0.012037764930759417,ENSG00000236616.3,ENSG00000236616,BAK1P2
0.02245048772116248,0.018420006675457255,ENSG00000049249.9,ENSG00000049249,TNFRSF9
-0.023918871764129022,0.011897506163521898,ENSG00000185924.7,ENSG00000185924,RTN4RL1
-0.014048961544718654,0.020395195842514917,ENSG00000215912.12,ENSG00000215912,TTC34
0.009662727324395702,0.026817111387991338,ENSG00000239961.3,ENSG00000239961,LILRA4
-0.010160058786696636,-0.0011594560501838208,ENSG00000137825.11,ENSG00000137825,ITPKA
0.003030354365592157,0.010542991326761545,ENSG00000108551.5,ENSG00000108551,RASD1
0.0027128249960325125,-0.001145830083171593,ENSG00000260088.1,ENSG00000260088,DDX59-AS1
-0.00288488205017844,-0.0005954283520993146,ENSG00000039068.19,ENSG00000039068,CDH1
-0.012734269974592023,0.012807191062335726,ENSG00000236467.8,ENSG00000236467,KCNMA1-AS1
0.010106089144654872,0.030947413992704752,ENSG00000197769.6,ENSG00000197769,MAP1LC3C
0.004249482645097186,0.02825975374295436,ENSG00000228536.3,ENSG00000228536,LYPLAL1-AS1
0.020660302198147053,0.023159712452772322,ENSG00000115085.14,ENSG00000115085,ZAP70
-0.0034220596183844963,0.006451947815473597,ENSG00000183793.14,ENSG00000183793,NPIPA5
-0.007884139521250513,0.011064758555929805,ENSG00000214988.4,ENSG00000214988,RPL7AP26
0.01496847523987655,0.0066781730507469,ENSG00000231123.1,ENSG00000231123,SPATA20P1
0.01736484369622651,0.02513795095940744,ENSG00000211792.2,ENSG00000211792,TRAV14DV4
0.0011704250082722114,-0.002732974492188021,ENSG00000276168.1,ENSG00000276168,RN7SL1
0.0075059821152816735,0.014982904840029695,ENSG00000172156.4,ENSG00000172156,CCL11
0.0192409978220577,0.00954984615672053,ENSG00000198759.12,ENSG00000198759,EGFL6
-0.0006902870075572821,0.004133269448421136,ENSG00000139044.12,ENSG00000139044,B4GALNT3
0.002796612168426171,0.0012849082047335257,ENSG00000163485.17,ENSG00000163485,ADORA1
-0.0011160299763051027,0.018016221389990792,ENSG00000184139.8,ENSG00000184139,RPL7AP28
0.020082503906973637,-0.0014160448685502681,ENSG00000166126.11,ENSG00000166126,AMN
-0.024455645718318403,0.017069063431860022,ENSG00000261664.5,ENSG00000261664,TTC39A-AS1
0.021485382761729614,0.012155449177443932,ENSG00000159753.14,ENSG00000159753,CARMIL2
0.001017884378119894,0.033707011157326,ENSG00000154263.17,ENSG00000154263,ABCA10
-0.004192660412431226,0.0057850930077212,ENSG00000278071.1,ENSG00000278071,AL161669.3
-0.008409388008838318,0.0015160981798060759,ENSG00000274290.3,ENSG00000274290,H2BC6
-0.006180814435427325,0.006486142599783655,ENSG00000233559.2,ENSG00000233559,LINC00513
0.025218505986722414,0.004738123841285224,ENSG00000134755.17,ENSG00000134755,DSC2
0.012373312124561687,-0.0007194321339896549,ENSG00000198028.4,ENSG00000198028,ZNF560
0.006646179899877322,0.00464765419863352,ENSG00000133134.12,ENSG00000133134,BEX2
-0.010131062559236223,0.01689243857920834,ENSG00000129993.15,ENSG00000129993,CBFA2T3
0.004256901059835795,-0.0009059067548368094,ENSG00000233854.2,ENSG00000233854,POU6F2-AS2
0.022091728268384597,0.022823878548829748,ENSG00000073861.3,ENSG00000073861,TBX21
0.016182730215114786,0.0019669853969342247,ENSG00000189433.7,ENSG00000189433,GJB4
0.024692887701506464,0.002254532739443237,ENSG00000187185.4,ENSG00000187185,AC092118.1
0.017400129682127657,0.014077295900332902,ENSG00000228168.1,ENSG00000228168,HNRNPA1P21
-0.0011936472747460481,0.03550419068832151,ENSG00000168477.19,ENSG00000168477,TNXB
0.017897852145993133,0.02002275825412135,ENSG00000134545.14,ENSG00000134545,KLRC1
0.014790771185758608,0.02189399669056552,ENSG00000159648.11,ENSG00000159648,TEPP
0.007681782966000245,0.02218984888806423,ENSG00000237807.4,ENSG00000237807,AC022034.1
0.013843762095813417,-0.00130122697659412,ENSG00000151790.9,ENSG00000151790,TDO2
0.013769625032424923,0.004974930384437443,ENSG00000248362.1,ENSG00000248362,AC011352.1
-0.02213725204844556,0.01248211786414639,ENSG00000124171.9,ENSG00000124171,PARD6B
-0.0004976639210926464,0.016698572252821904,ENSG00000284485.1,ENSG00000284485,MIR205
0.010615578463841334,-0.005174728784446877,ENSG00000272438.1,ENSG00000272438,AL645608.6
0.0023110438255310155,-0.002026443332973168,ENSG00000198054.12,ENSG00000198054,DSCR8
0.013027225567305468,0.025884720038265262,ENSG00000185518.12,ENSG00000185518,SV2B
-0.013399555017061955,0.01509058668154461,ENSG00000172139.15,ENSG00000172139,SLC9C1
0.020146166984896616,-0.010134833370586757,ENSG00000285201.1,ENSG00000285201,AC104454.2
0.020007198220152046,-0.008147923772821928,ENSG00000147889.18,ENSG00000147889,CDKN2A
0.0017478890234511163,0.002824546471720045,ENSG00000183628.14,ENSG00000183628,DGCR6
-0.011861005479884805,0.005114230389607321,ENSG00000234693.1,ENSG00000234693,RIPOR3-AS1
0.0012960998261235218,-0.0030702357976600423,ENSG00000257869.1,ENSG00000257869,AL139023.1
0.01017931242352937,0.007909504144223103,ENSG00000115155.19,ENSG00000115155,OTOF
0.002185754149517249,0.012166527929658442,ENSG00000080031.10,ENSG00000080031,PTPRH
0.01914506516067524,0.011106557372413395,ENSG00000226004.1,ENSG00000226004,LINC02528
0.0030432530057436296,0.0026718107988860833,ENSG00000244383.2,ENSG00000244383,FAM3D-AS1
0.018001944987541443,-0.0058586264433840626,ENSG00000228742.11,ENSG00000228742,LINC02577
0.0037030453309306486,0.009398181002082928,ENSG00000275993.3,ENSG00000275993,SIK1B
0.00047678228183206856,-0.0029088504293167928,ENSG00000255239.2,ENSG00000255239,TREHP1
0.01998957213901316,0.007968586042735964,ENSG00000270547.6,ENSG00000270547,LINC01235
-0.0013938793949651077,0.028331524201592934,ENSG00000165072.10,ENSG00000165072,MAMDC2
-0.015635567364366144,0.015031787239884914,ENSG00000187980.7,ENSG00000187980,PLA2G2C
-0.005770669811791117,-0.001998561530374294,ENSG00000258203.5,ENSG00000258203,AC004801.5
0.023240679955877076,0.018322325076354316,ENSG00000149970.16,ENSG00000149970,CNKSR2
-0.022150647106815594,0.013667508320490592,ENSG00000259964.7,ENSG00000259964,THSD4-AS1
0.0004211321723946832,0.02949344971940463,ENSG00000138356.14,ENSG00000138356,AOX1
0.008313244743599842,0.0061361928743058495,ENSG00000286667.1,ENSG00000286667,AC010641.2
-0.009176797059085154,0.008483348876587882,ENSG00000215023.2,ENSG00000215023,AC131097.1
0.009106860320982764,0.01748495650871538,ENSG00000041982.16,ENSG00000041982,TNC
-0.0009202752489383723,0.01000720529413226,ENSG00000144649.9,ENSG00000144649,GASK1A
-0.007578149248470199,0.007644732928911188,ENSG00000163060.8,ENSG00000163060,TEKT4
-0.0001896894331444249,0.02709778976301012,ENSG00000163792.6,ENSG00000163792,TCF23
-0.004242704654537251,0.0066303213995602935,ENSG00000238042.5,ENSG00000238042,LINC02257
0.00439002698605117,-0.0012825202310672171,ENSG00000165553.4,ENSG00000165553,NGB
0.01299797989804839,0.016684131813043155,ENSG00000163518.11,ENSG00000163518,FCRL4
0.009706597703715226,0.004314409430090062,ENSG00000119915.5,ENSG00000119915,ELOVL3
0.017250695409025272,-0.006357893342662075,ENSG00000183571.11,ENSG00000183571,PGPEP1L
0.021081652392544867,0.014023789400857363,ENSG00000211676.2,ENSG00000211676,IGLJ2
-0.015378724039814346,0.029623570325589595,ENSG00000115705.22,ENSG00000115705,TPO
-0.004311240099638721,0.015019323596639125,ENSG00000183690.13,ENSG00000183690,EFHC2
-0.013312703552346171,0.012147161257737817,ENSG00000286530.1,ENSG00000286530,AC108057.1
0.010025011379987606,0.005324147993379868,ENSG00000230107.1,ENSG00000230107,AL022316.1
-0.0011181334229298247,0.019963561789178012,ENSG00000180914.10,ENSG00000180914,OXTR
0.005318574269584062,0.013458292313160659,ENSG00000036565.15,ENSG00000036565,SLC18A1
-0.01673869337929616,0.017898493741458743,ENSG00000104368.19,ENSG00000104368,PLAT
0.02252556890202538,0.0019001171013301647,ENSG00000223723.1,ENSG00000223723,TFDP1P2
-0.0025815958550292574,0.006583256684189515,ENSG00000106038.13,ENSG00000106038,EVX1
0.007372336056338511,0.013884832398424442,ENSG00000174226.9,ENSG00000174226,SNX31
0.01824747103885952,0.023781988224628417,ENSG00000211778.2,ENSG00000211778,TRAV4
0.01590684388326976,0.022926794953372905,ENSG00000260314.3,ENSG00000260314,MRC1
0.01809789016714144,0.004616603940260306,ENSG00000062282.15,ENSG00000062282,DGAT2
0.004685431812117054,0.005372953954808091,ENSG00000005073.6,ENSG00000005073,HOXA11
-0.01595461735443051,0.012893048229082278,ENSG00000287818.1,ENSG00000287818,AL512283.3
-0.012189083817434733,0.014200804420031876,ENSG00000156675.16,ENSG00000156675,RAB11FIP1
0.00841878932755351,0.0007704656985676852,ENSG00000226690.8,ENSG00000226690,AC013470.2
-0.023017766373413295,0.007388440375246343,ENSG00000162755.14,ENSG00000162755,KLHDC9
0.030280349786630013,0.015205955422359514,ENSG00000241106.8,ENSG00000241106,HLA-DOB
-0.019781520678636973,0.017349554807626094,ENSG00000010310.9,ENSG00000010310,GIPR
0.02032424814286479,0.007660653031903222,ENSG00000183421.12,ENSG00000183421,RIPK4
0.004421538937926449,-0.0025414155012535235,ENSG00000235277.1,ENSG00000235277,AF127577.3
-0.00014024702141998707,0.012244019696302798,ENSG00000134376.16,ENSG00000134376,CRB1
0.014931185328836874,0.005588433213303185,ENSG00000168062.10,ENSG00000168062,BATF2
-0.010647893435636055,0.010133761233816116,ENSG00000214081.8,ENSG00000214081,CYP4F30P
0.0037087494123648947,0.0013074771552909828,ENSG00000267284.2,ENSG00000267284,AC022031.2
0.024046572378246832,0.019724489672953385,ENSG00000007312.13,ENSG00000007312,CD79B
0.004859886979047529,0.010362338860241994,ENSG00000237510.7,ENSG00000237510,GPAT2P1
0.001852150513967004,0.01211648120093496,ENSG00000183691.6,ENSG00000183691,NOG
0.02163135992058104,-0.004940310103105196,ENSG00000091482.8,ENSG00000091482,SMPX
-0.0010535958164131828,0.017999501211137664,ENSG00000144802.11,ENSG00000144802,NFKBIZ
-0.007907235078459283,0.00433250823539221,ENSG00000183186.8,ENSG00000183186,C2CD4C
-0.008039147446617463,0.02439891493007743,ENSG00000197301.7,ENSG00000197301,HMGA2-AS1
0.012157640325220044,0.009674138543922477,ENSG00000060140.9,ENSG00000060140,STYK1
0.008763376059901106,0.016678093384485042,ENSG00000179088.15,ENSG00000179088,C12orf42
0.014728207138850305,0.00044822087226616787,ENSG00000120440.15,ENSG00000120440,TTLL2
-0.007057709824281815,0.011238634589272895,ENSG00000196074.13,ENSG00000196074,SYCP2
-0.0119893660398987,0.013566786499792465,ENSG00000168772.11,ENSG00000168772,CXXC4
-0.01514487974447835,0.013234498378982622,ENSG00000266145.1,ENSG00000266145,RHOT1P1
0.0018190289639588642,-0.0015098318719138034,ENSG00000143001.5,ENSG00000143001,TMEM61
-0.008510754472924383,0.004843171037570135,ENSG00000267134.3,ENSG00000267134,LINC01924
0.008642068258781735,0.025239988941530424,ENSG00000080200.10,ENSG00000080200,CRYBG3
-0.010763960688819282,0.01177296573326618,ENSG00000214216.11,ENSG00000214216,IQCJ
-0.004648992586874209,0.027385916787682135,ENSG00000184985.16,ENSG00000184985,SORCS2
-0.015148671493951703,0.009712263069788769,ENSG00000179902.13,ENSG00000179902,C1orf194
0.01341835857994059,0.023262314095797768,ENSG00000181800.6,ENSG00000181800,CELF2-AS1
0.01931968472744474,0.020674178085928616,ENSG00000172543.8,ENSG00000172543,CTSW
0.021140148207094873,0.0009159256915447762,ENSG00000171658.8,ENSG00000171658,NMRAL2P
0.007599262687797295,0.023104170147912537,ENSG00000172318.5,ENSG00000172318,B3GALT1
0.02183363450957931,-0.01009097522580029,ENSG00000263893.2,ENSG00000263893,AC080037.2
-0.004563317529665476,0.010973240380979667,ENSG00000154319.16,ENSG00000154319,FAM167A
-0.0023627195161860077,0.021130064891822127,ENSG00000151655.19,ENSG00000151655,ITIH2
-0.016030497749850957,0.013157399455264746,ENSG00000214708.4,ENSG00000214708,AC116407.1
0.013471954855537694,0.017778546366473486,ENSG00000124721.18,ENSG00000124721,DNAH8
0.011492081058633306,0.004792524713758193,ENSG00000196632.10,ENSG00000196632,WNK3
0.018458164538354953,0.024921247307840018,ENSG00000211810.3,ENSG00000211810,TRAV29DV5
-0.0026314607565405975,0.02198570878282587,ENSG00000103449.12,ENSG00000103449,SALL1
-0.008966937460823986,0.0012878350754501472,ENSG00000198033.12,ENSG00000198033,TUBA3C
0.013461165533624713,0.024015942053461605,ENSG00000010932.17,ENSG00000010932,FMO1
-0.0023741475976595816,0.003436459668218324,ENSG00000161509.14,ENSG00000161509,GRIN2C
0.02176513304494708,0.013822506783297106,ENSG00000092345.14,ENSG00000092345,DAZL
-0.0068920331063282774,0.01094927927194397,ENSG00000100505.13,ENSG00000100505,TRIM9
-0.0015386473020396112,0.021364847566448405,ENSG00000120471.15,ENSG00000120471,TP53AIP1
-0.011570646360438367,0.013550815191712251,ENSG00000260253.1,ENSG00000260253,AC084262.1
0.005600360567879898,-0.0004155666081404923,ENSG00000228834.1,ENSG00000228834,ATP5MFP2
0.011638177070214785,0.006729128485893403,ENSG00000242953.1,ENSG00000242953,AC139453.1
0.02338410138850487,0.016274913758279722,ENSG00000105976.16,ENSG00000105976,MET
-0.017249816627683295,0.02060120407567213,ENSG00000127084.19,ENSG00000127084,FGD3
0.01319060755443936,0.0029802102604084466,ENSG00000119125.17,ENSG00000119125,GDA
0.0042503587315521575,0.006524004003724231,ENSG00000258689.1,ENSG00000258689,LINC01269
-0.0026191254746979202,0.024196164268690357,ENSG00000004948.16,ENSG00000004948,CALCR
-0.013256537789968452,0.010487811254645006,ENSG00000280172.1,ENSG00000280172,FP475955.4
0.01126058045987791,0.0046271055648295775,ENSG00000197415.12,ENSG00000197415,VEPH1
0.009310982617466245,0.0024257037740909844,ENSG00000167580.8,ENSG00000167580,AQP2
-0.004597423551866065,0.0073023232393394045,ENSG00000236385.1,ENSG00000236385,AC026355.3
-0.0149774204873802,0.02008105372004543,ENSG00000267193.7,ENSG00000267193,AC091151.1
-0.005893518081853388,0.01651911051853737,ENSG00000047617.15,ENSG00000047617,ANO2
0.004074159593963287,0.01213153726888981,ENSG00000116785.14,ENSG00000116785,CFHR3
-0.004589701262375062,0.011608217490040554,ENSG00000213171.3,ENSG00000213171,LINGO4
0.012926233051792363,-0.0023888437858187277,ENSG00000279770.1,ENSG00000279770,LINC00552
-0.008702874750417578,0.014664264427146835,ENSG00000144893.12,ENSG00000144893,MED12L
0.011603761801610461,0.010044590603674733,ENSG00000064655.19,ENSG00000064655,EYA2
-0.006456564525436397,0.006088969564604834,ENSG00000226074.5,ENSG00000226074,PRSS44P
-0.002667670708392678,0.005769886235368493,ENSG00000287315.1,ENSG00000287315,AL670729.3
0.005170989601283557,-0.002128667624115133,ENSG00000233030.2,ENSG00000233030,AC243772.2
0.016178688958845548,-0.006895355985927537,ENSG00000236366.3,ENSG00000236366,AL359313.1
-0.0134660185588823,0.008852379866521513,ENSG00000248757.2,ENSG00000248757,LINC02115
0.001968336635332672,-0.006618369247035389,ENSG00000182759.4,ENSG00000182759,MAFA
0.0056464770154336435,0.006526483676454854,ENSG00000186777.12,ENSG00000186777,ZNF732
0.00025029763584584225,0.014033162592731045,ENSG00000205444.3,ENSG00000205444,KU-MEL-3
-0.012985630526689914,0.018062556665356222,ENSG00000288545.1,ENSG00000288545,AC023421.2
-0.017020280394624422,0.015576729684425573,ENSG00000264491.1,ENSG00000264491,AC005544.1
0.01833765135030658,0.024854481520875264,ENSG00000211790.2,ENSG00000211790,TRAV8-4
0.008607110380915724,0.007552425017260391,ENSG00000283757.1,ENSG00000283757,AL031686.1
0.019555108467522123,0.026081815469631918,ENSG00000242258.1,ENSG00000242258,LINC00996
0.00491410150683156,0.011091598031296973,ENSG00000240747.8,ENSG00000240747,KRBOX1
-0.0027621720992436574,0.014043001592196085,ENSG00000197134.13,ENSG00000197134,ZNF257
0.01039716128113823,-0.0018412396102394227,ENSG00000259685.3,ENSG00000259685,IDH2-DT
0.01393653536107051,0.00045630537080625544,ENSG00000169903.7,ENSG00000169903,TM4SF4
0.017731409845632876,0.020583916754223212,ENSG00000100450.13,ENSG00000100450,GZMH
0.019982029366078218,-0.0021962247562739476,ENSG00000189051.5,ENSG00000189051,RNF222
0.0006119345319439421,0.0011831071378707793,ENSG00000070985.13,ENSG00000070985,TRPM5
0.01767020485912931,0.02494183636672587,ENSG00000211716.2,ENSG00000211716,TRBV9
0.00651503621011635,0.023182183300362626,ENSG00000260398.1,ENSG00000260398,AC068700.1
0.01121575558561502,0.007352694614779459,ENSG00000287860.1,ENSG00000287860,AC079804.3
0.01590166407600014,0.021077764310496416,ENSG00000229092.2,ENSG00000229092,IGHV3-47
0.012728178880214155,0.014645402753723696,ENSG00000174482.10,ENSG00000174482,LINGO2
-0.010811122165609246,0.014331434240754155,ENSG00000260372.7,ENSG00000260372,AQP4-AS1
-0.005877614911775703,0.011937893316506281,ENSG00000135824.12,ENSG00000135824,RGS8
0.014081026721764325,0.016985815115613954,ENSG00000258545.6,ENSG00000258545,RHOXF1-AS1
-0.0018999199235960537,0.020283135528908373,ENSG00000081853.15,ENSG00000081853,PCDHGA2
-0.02134430737095396,0.018873948916414453,ENSG00000202522.1,ENSG00000202522,Y_RNA
-0.004152507739262399,0.012122671138674634,ENSG00000166920.13,ENSG00000166920,C15orf48
-0.015032836454068667,0.0041736299615474665,ENSG00000162004.18,ENSG00000162004,CCDC78
0.020710394862048898,0.006372884256306933,ENSG00000188269.10,ENSG00000188269,OR7A5
-0.005802185500074821,0.02314922610270268,ENSG00000254366.7,ENSG00000254366,AC062004.1
0.025919821881049084,0.012426723258193955,ENSG00000231768.2,ENSG00000231768,LINC01354
0.005444252252234606,0.004094777911312314,ENSG00000158639.13,ENSG00000158639,PAGE5
0.0004732889016704226,0.006668003447593648,ENSG00000170629.14,ENSG00000170629,DPY19L2P2
0.0038632061333419916,0.008174670741935128,ENSG00000182050.13,ENSG00000182050,MGAT4C
0.008972865105780065,0.007596821878018156,ENSG00000225778.5,ENSG00000225778,PROSER2-AS1
0.0059964037266550165,0.013668165392001412,ENSG00000164093.17,ENSG00000164093,PITX2
0.009635489804978902,0.004273521621881626,ENSG00000286486.1,ENSG00000286486,AL590483.4
0.01501836179635579,0.015196610329756754,ENSG00000265206.5,ENSG00000265206,AC004687.1
-0.0029235109527404697,0.023410859677482486,ENSG00000132321.17,ENSG00000132321,IQCA1
0.02343970542358586,0.025948290974895004,ENSG00000198846.6,ENSG00000198846,TOX
-0.024021994196577943,0.009857254395140817,ENSG00000160460.16,ENSG00000160460,SPTBN4
-0.012830740051944347,0.02156697675750081,ENSG00000168421.13,ENSG00000168421,RHOH
0.004649777108687183,0.003582274780222681,ENSG00000162723.10,ENSG00000162723,SLAMF9
0.009063998655841897,0.00047029747459342836,ENSG00000263655.1,ENSG00000263655,AC090125.1
-0.016027306939906165,0.015362947941209775,ENSG00000255178.1,ENSG00000255178,LINC02720
0.018261834848617046,0.010206599250584892,ENSG00000174899.12,ENSG00000174899,SLC66A1L
0.008614531938216988,0.018435165047183608,ENSG00000102452.18,ENSG00000102452,NALCN
0.025167250352206492,0.023937551347751055,ENSG00000065675.15,ENSG00000065675,PRKCQ
0.020598233647231713,-0.007716373974522385,ENSG00000253196.1,ENSG00000253196,AC083841.1
0.005355662899169926,-0.004493390590542078,ENSG00000226251.6,ENSG00000226251,LINC02608
0.00030127245655314593,0.019153258653791902,ENSG00000073734.10,ENSG00000073734,ABCB11
0.017685130852607187,-0.0012698137126253661,ENSG00000137875.4,ENSG00000137875,BCL2L10
-0.009952486205832792,0.017166445411692193,ENSG00000260337.4,ENSG00000260337,AC091544.4
0.004046057824557623,0.03086406833649217,ENSG00000127074.15,ENSG00000127074,RGS13
0.018716505017075266,0.02351688290797018,ENSG00000211728.2,ENSG00000211728,TRBV5-6
-0.01021669547261146,0.00952731866571173,ENSG00000226306.6,ENSG00000226306,NPY6R
-0.0010208262014327531,0.03376460996450686,ENSG00000177363.5,ENSG00000177363,LRRN4CL
0.018111610076388205,0.02329514437247593,ENSG00000159618.16,ENSG00000159618,ADGRG5
0.0050535422907622895,-0.0023713144752448784,ENSG00000143847.15,ENSG00000143847,PPFIA4
0.023052188877145302,0.018053946553864303,ENSG00000169031.20,ENSG00000169031,COL4A3
-0.023997347380084515,0.025781509209763673,ENSG00000109452.12,ENSG00000109452,INPP4B
0.010113748868598654,0.003167220943145176,ENSG00000135114.12,ENSG00000135114,OASL
0.014217955882621867,0.012006519723245486,ENSG00000149596.7,ENSG00000149596,JPH2
0.012011344229084798,0.006924563724994278,ENSG00000203907.9,ENSG00000203907,OOEP
-0.006885340753310025,0.012987106385176323,ENSG00000079101.16,ENSG00000079101,CLUL1
0.02009483216508682,0.0275868456564374,ENSG00000110448.11,ENSG00000110448,CD5
-0.023644323521756525,0.015533897806931705,ENSG00000116299.17,ENSG00000116299,ELAPOR1
0.015503347425637446,0.008222082723049882,ENSG00000101333.17,ENSG00000101333,PLCB4
0.005703270267821536,0.03230721018039429,ENSG00000128918.15,ENSG00000128918,ALDH1A2
-0.006910357420039192,0.006490738162699435,ENSG00000133433.11,ENSG00000133433,GSTT2B
0.011639281062495642,0.018936117688892855,ENSG00000206579.9,ENSG00000206579,XKR4
0.004486884914083106,0.02957171397346273,ENSG00000166257.9,ENSG00000166257,SCN3B
-0.01639177695678575,0.015024822646972856,ENSG00000130561.17,ENSG00000130561,SAG
0.010247254580450945,0.018581048613782347,ENSG00000232629.9,ENSG00000232629,HLA-DQB2
-5.518704835987292e-05,0.028036373068884908,ENSG00000166960.16,ENSG00000166960,CCDC178
-0.0172689499599649,0.014712671370000806,ENSG00000069764.10,ENSG00000069764,PLA2G10
-0.0010274284883703508,0.0006765246613393357,ENSG00000250803.6,ENSG00000250803,AC010255.2
0.01760371863891443,0.005785477885579195,ENSG00000197320.5,ENSG00000197320,AC060834.1
0.006039128301493496,0.012100335846057514,ENSG00000233435.2,ENSG00000233435,AGGF1P2
0.012728831304671008,0.010140663317275003,ENSG00000253490.5,ENSG00000253490,LINC02099
0.01842042640727013,0.030853340715317666,ENSG00000166501.14,ENSG00000166501,PRKCB
-0.015496206598012922,0.022006929964635397,ENSG00000164675.11,ENSG00000164675,IQUB
0.0018948421497064685,0.017253677133742703,ENSG00000233110.1,ENSG00000233110,AC093797.1
-0.009024644056826358,0.014213352435711915,ENSG00000173572.11,ENSG00000173572,NLRP13
-0.007018313890442569,0.007416840622693665,ENSG00000172058.16,ENSG00000172058,SERF1A
-0.010982078325459744,0.012895837404890248,ENSG00000277112.3,ENSG00000277112,ANKRD20A21P
0.02196370639942778,-0.011679630345957601,ENSG00000103257.9,ENSG00000103257,SLC7A5
-0.021097822753042155,0.0188622470351703,ENSG00000271916.1,ENSG00000271916,AC012467.1
0.009759898656398787,-0.005501575933284333,ENSG00000261373.1,ENSG00000261373,VPS9D1-AS1
-0.008106220414966779,0.014478525563379077,ENSG00000229051.2,ENSG00000229051,LINC01788
0.006952319256758555,0.009680862876865452,ENSG00000205809.9,ENSG00000205809,KLRC2
0.007076799456286264,0.010074889866228644,ENSG00000167914.12,ENSG00000167914,GSDMA
0.01871119941024283,0.01215298181336545,ENSG00000234810.4,ENSG00000234810,AL603840.1
0.020219447888872227,-0.0004795791989090522,ENSG00000154277.13,ENSG00000154277,UCHL1
-0.023904053880827742,0.009183406758967286,ENSG00000272335.1,ENSG00000272335,AC093297.2
0.0052611291702429055,0.03377318879330112,ENSG00000013297.12,ENSG00000013297,CLDN11
0.00401158312173463,0.00822602993077083,ENSG00000103184.12,ENSG00000103184,SEC14L5
0.009215054759859334,0.01850566614715861,ENSG00000173597.9,ENSG00000173597,SULT1B1
0.005419337521798827,0.006421651743841393,ENSG00000146166.17,ENSG00000146166,LGSN
-0.010776331709069355,0.006241991077377672,ENSG00000175264.8,ENSG00000175264,CHST1
0.020821457912690425,0.023276455131521212,ENSG00000112195.9,ENSG00000112195,TREML2
0.0030287851866827903,0.005157851133736058,ENSG00000080618.17,ENSG00000080618,CPB2
0.005794951702410259,0.028211417284158,ENSG00000137675.5,ENSG00000137675,MMP27
-0.006193632507003679,0.020943620479522505,ENSG00000238273.3,ENSG00000238273,AC108058.1
0.001896897384956382,0.01324493685967809,ENSG00000181790.11,ENSG00000181790,ADGRB1
0.006529823123458886,0.003484010544657726,ENSG00000240541.3,ENSG00000240541,TM4SF1-AS1
-0.0058813911216503605,0.017295820005010953,ENSG00000182742.6,ENSG00000182742,HOXB4
-0.004914266904384634,0.02143226662349153,ENSG00000276975.3,ENSG00000276975,HYDIN2
0.0038656703733397206,0.0072809842309059574,ENSG00000185710.9,ENSG00000185710,SMG1P4
0.018327886281267053,0.013753069012802115,ENSG00000167618.10,ENSG00000167618,LAIR2
-0.007830486573023702,0.014041404016504857,ENSG00000235448.3,ENSG00000235448,LURAP1L-AS1
0.021178240621643897,0.01005212688609122,ENSG00000196218.13,ENSG00000196218,RYR1
-0.0031692773956134095,0.017407608061976384,ENSG00000270607.1,ENSG00000270607,AC009549.1
-0.01883253051920562,0.013292537606219757,ENSG00000233183.3,ENSG00000233183,AL138889.1
0.0054114563986516545,0.015898163858457243,ENSG00000204789.4,ENSG00000204789,ZNF204P
-0.014690508119653091,0.013447173888850502,ENSG00000246082.2,ENSG00000246082,NUDT16P1
0.0005158107974583607,0.014938849259611675,ENSG00000238113.7,ENSG00000238113,LINC01410
0.018050352976595924,0.024403953492716218,ENSG00000241657.1,ENSG00000241657,TRBV11-2
-0.00883024705799841,0.008026847949241864,ENSG00000286293.1,ENSG00000286293,AP005901.5
0.017000070081370354,0.014890993595196151,ENSG00000261616.1,ENSG00000261616,AC036108.3
0.009628205898983062,0.0025477491711243328,ENSG00000128242.13,ENSG00000128242,GAL3ST1
-0.006849969249132858,0.023161890798704707,ENSG00000156103.16,ENSG00000156103,MMP16
0.014236159914633503,0.00942815955912147,ENSG00000228412.9,ENSG00000228412,LNC-LBCS
0.014144500000225983,0.01082388610165431,ENSG00000176692.8,ENSG00000176692,FOXC2
0.015565510011224765,0.01694292971450712,ENSG00000176177.10,ENSG00000176177,ENTHD1
0.010335169982423708,-0.0006281673517887873,ENSG00000265460.6,ENSG00000265460,AC015910.1
-0.004251272187924391,0.01588647937651784,ENSG00000066382.16,ENSG00000066382,MPPED2
0.020715687112101585,0.01703622527002754,ENSG00000188676.13,ENSG00000188676,IDO2
0.0156462117738962,0.002536399669426887,ENSG00000182600.9,ENSG00000182600,SNORC
0.004459651090610988,0.01375959304644095,ENSG00000154556.18,ENSG00000154556,SORBS2
-0.010782368423633908,0.0018500850815251861,ENSG00000280229.1,ENSG00000280229,AL161658.1
-0.008102520359233423,0.012820548732990678,ENSG00000251348.1,ENSG00000251348,HSPD1P11
0.02123480353574403,0.009894185607931679,ENSG00000221887.6,ENSG00000221887,HMSD
0.02468236409177074,0.019338308231984982,ENSG00000081052.13,ENSG00000081052,COL4A4
-0.014256851368603512,0.019206510646895575,ENSG00000287359.1,ENSG00000287359,AL138740.1
-0.01646723368852452,0.024140886802206177,ENSG00000234459.1,ENSG00000234459,AC002064.2
0.016421389494348567,-0.004988244907471173,ENSG00000142698.15,ENSG00000142698,C1orf94
0.015653085638629455,-0.00246068111889807,ENSG00000237732.9,ENSG00000237732,CT75
0.026320154985815226,0.006720541564324589,ENSG00000281162.2,ENSG00000281162,LINC01127
-0.0074083864516526635,0.01130162897472172,ENSG00000260386.6,ENSG00000260386,LDC1P
-0.007411744890496514,0.0055785598606436365,ENSG00000286391.1,ENSG00000286391,AL592078.2
-0.001454927048578623,0.031095940342624185,ENSG00000143341.12,ENSG00000143341,HMCN1
0.005275300277019245,0.014322024255604181,ENSG00000172575.12,ENSG00000172575,RASGRP1
0.01879821532152772,0.005462406048802854,ENSG00000111846.19,ENSG00000111846,GCNT2
-0.019111828210260223,0.02428594285678118,ENSG00000164309.15,ENSG00000164309,CMYA5
0.013027069478383514,-5.435335946999508e-05,ENSG00000183019.7,ENSG00000183019,MCEMP1
-0.014685445273776193,0.01740516784588288,ENSG00000214894.6,ENSG00000214894,LINC00243
-0.004333092486404239,0.005535109843812671,ENSG00000259126.1,ENSG00000259126,AL161752.1
0.016940722634603365,-0.002487754754017757,ENSG00000272021.1,ENSG00000272021,AC008592.4
-0.01632749062138613,0.008291933611422133,ENSG00000230490.3,ENSG00000230490,AL139383.1
0.012515088809864254,-0.0007987717278359324,ENSG00000176244.7,ENSG00000176244,ACBD7
0.008922259125839056,0.00681044049130715,ENSG00000237742.7,ENSG00000237742,AL365259.1
0.02000875185739653,-0.008493966463701347,ENSG00000169548.3,ENSG00000169548,ZNF280A
-0.0034592830809059825,0.01895958053027151,ENSG00000162761.14,ENSG00000162761,LMX1A
0.02166304562964508,0.00211107053962919,ENSG00000235819.2,ENSG00000235819,AL158828.1
0.017329508030850423,0.028073963916367253,ENSG00000225079.2,ENSG00000225079,FTH1P22
0.018457959244275818,0.02196347252821604,ENSG00000160683.5,ENSG00000160683,CXCR5
-0.008391275148570876,0.011614177206596896,ENSG00000203799.13,ENSG00000203799,CCDC162P
0.005886520281938104,0.004600737440253361,ENSG00000267943.1,ENSG00000267943,AC010328.1
0.021392824249329638,0.005583513134778402,ENSG00000089692.9,ENSG00000089692,LAG3
0.023854739704731235,-0.0037751749829027068,ENSG00000224397.7,ENSG00000224397,PELATON
0.01109480060740661,0.007792924649325828,ENSG00000225964.6,ENSG00000225964,NRIR
-0.009582815934466731,0.021353574822997688,ENSG00000256139.2,ENSG00000256139,AC007637.1
0.011759701405823626,0.011383054504507873,ENSG00000255960.1,ENSG00000255960,AC092851.1
0.01775556102221845,0.024136527133865958,ENSG00000211803.2,ENSG00000211803,TRAV23DV6
0.006809085248333103,0.003768965377609293,ENSG00000008394.13,ENSG00000008394,MGST1
-0.0018043661118387938,0.004345994362197667,ENSG00000236651.1,ENSG00000236651,DLX2-DT
-0.010853325913108844,0.012587750259213054,ENSG00000254731.1,ENSG00000254731,AP003059.1
0.004015654416351883,0.013519784388548195,ENSG00000183098.11,ENSG00000183098,GPC6
0.017809277550646575,0.0129065006971359,ENSG00000233532.6,ENSG00000233532,LINC00460
0.029033436550612697,0.012954853043780405,ENSG00000228649.9,ENSG00000228649,SNHG26
0.029252386303524086,0.006184775123703466,ENSG00000176597.12,ENSG00000176597,B3GNT5
0.01422061021046147,0.012983778837739874,ENSG00000101307.16,ENSG00000101307,SIRPB1
6.113721848533104e-05,0.003849018289321568,ENSG00000228570.7,ENSG00000228570,NUTM2E
0.015998458750572424,-0.003868466850262003,ENSG00000110375.3,ENSG00000110375,UPK2
0.00019777665080306187,0.009300288998601523,ENSG00000245080.7,ENSG00000245080,MIR3150BHG
-0.0051453273357351375,0.03408272707558331,ENSG00000180660.8,ENSG00000180660,MAB21L1
0.008635016993981046,0.023144196607629612,ENSG00000121895.8,ENSG00000121895,TMEM156
0.01052573176462146,0.013397930440058815,ENSG00000141485.17,ENSG00000141485,SLC13A5
0.004408495497288903,0.004240094698280571,ENSG00000152208.13,ENSG00000152208,GRID2
0.015823779027482634,0.0196165470457954,ENSG00000276386.1,ENSG00000276386,CNTNAP3P2
0.019284523073511143,0.0134784325797875,ENSG00000075340.23,ENSG00000075340,ADD2
-0.00820414883059808,0.012852511946686998,ENSG00000178772.7,ENSG00000178772,CPN2
-0.016602431752280093,0.013922658653516395,ENSG00000231258.2,ENSG00000231258,ZSWIM5P2
-0.00841260310811814,-0.0037613327979567376,ENSG00000260001.6,ENSG00000260001,TGFBR3L
0.0010261648920712287,0.006320727812126661,ENSG00000187952.9,ENSG00000187952,HS6ST1P1
0.003055434964957777,0.009554338484656713,ENSG00000246375.3,ENSG00000246375,PPM1K-DT
0.021459711492028456,0.013495120717930222,ENSG00000267287.1,ENSG00000267287,AC068473.3
0.013885828528857502,0.0033198475707307486,ENSG00000235385.2,ENSG00000235385,LINC02154
-0.01031726659526859,0.005636946241322152,ENSG00000287972.1,ENSG00000287972,AC073648.7
0.005274440115378099,0.009786065071951388,ENSG00000261349.1,ENSG00000261349,AL031432.2
-0.0019072341796499972,0.015262159458810562,ENSG00000246379.8,ENSG00000246379,AC040168.1
0.006155961470769055,0.003744762708328419,ENSG00000170689.10,ENSG00000170689,HOXB9
-0.0020300204891935854,0.010027558884394085,ENSG00000236155.6,ENSG00000236155,ZPLD2P
-0.013208058845166992,0.016465932570853572,ENSG00000265752.3,ENSG00000265752,AC010754.1
0.024533427771970935,0.023384998046029972,ENSG00000182866.17,ENSG00000182866,LCK
-0.016854398922514648,0.010413983037595213,ENSG00000013588.9,ENSG00000013588,GPRC5A
-0.003961175794181689,0.008545200530157802,ENSG00000242866.10,ENSG00000242866,STRC
-0.016609058540750232,0.014996622921666373,ENSG00000177994.16,ENSG00000177994,C2orf73
0.009352812466139298,-0.0026811206099241407,ENSG00000251087.3,ENSG00000251087,ALG1L3P
-0.002496775128260471,0.0059746517395533084,ENSG00000229205.5,ENSG00000229205,LINC00200
0.010142221602477337,0.018548216867751,ENSG00000211695.2,ENSG00000211695,TRGV9
0.0043684713491637895,0.004178472178137851,ENSG00000236345.1,ENSG00000236345,SCAT8
0.020615217711520247,0.015266516922221762,ENSG00000279778.1,ENSG00000279778,AL445437.1
0.000885123794855905,0.01565833369584416,ENSG00000153707.17,ENSG00000153707,PTPRD
0.0031126142572219712,0.002145770885777941,ENSG00000135406.14,ENSG00000135406,PRPH
-0.009909393306079295,0.025242976678653016,ENSG00000172260.15,ENSG00000172260,NEGR1
0.0007673251156183256,0.008325660288208548,ENSG00000274253.5,ENSG00000274253,AC138649.1
-0.002057759486521366,0.006787842636085717,ENSG00000223523.1,ENSG00000223523,AC092598.1
-0.018106582029561957,0.01082584020909802,ENSG00000287003.1,ENSG00000287003,AC008674.1
0.014098234874203322,0.02476579477325605,ENSG00000152270.9,ENSG00000152270,PDE3B
0.018898511701638507,0.02299195863742096,ENSG00000211724.3,ENSG00000211724,TRBV6-6
-0.012489484987703987,0.023242162434446594,ENSG00000156049.7,ENSG00000156049,GNA14
0.012665958950206323,0.008154241572322446,ENSG00000271216.2,ENSG00000271216,LINC01050
0.025264395400947617,0.0028903343658865945,ENSG00000158806.14,ENSG00000158806,NPM2
-0.004538774460338333,0.005121473493087563,ENSG00000273542.2,ENSG00000273542,H4C12
0.017443666590595902,0.02302380598167509,ENSG00000253545.1,ENSG00000253545,IGHV3-52
-0.008407002048776768,0.016742832387115585,ENSG00000267136.1,ENSG00000267136,AP005131.1
0.0016221246725069093,0.005049800773137684,ENSG00000286949.1,ENSG00000286949,AC008969.2
-0.02247177657092162,0.01426140525124046,ENSG00000154153.13,ENSG00000154153,RETREG1
0.020414706198133962,-0.0035710960614215915,ENSG00000233217.2,ENSG00000233217,MROH3P
0.0242651461952267,-0.007803422240096033,ENSG00000266278.1,ENSG00000266278,LINC01910
0.020798097840913278,0.0037424065982241132,ENSG00000204528.3,ENSG00000204528,PSORS1C3
0.0036956123917776616,0.010277497264896884,ENSG00000164929.17,ENSG00000164929,BAALC
-0.002369302065502709,0.00878965976354977,ENSG00000084110.11,ENSG00000084110,HAL
-3.6970850798330754e-05,0.011123779904995369,ENSG00000276085.1,ENSG00000276085,CCL3L3
0.01685943193309765,-0.00782835338729511,ENSG00000274997.2,ENSG00000274997,H2AC12
0.0007944845041449938,0.02559122738720705,ENSG00000258331.1,ENSG00000258331,LINC02461
-0.013118053122374221,0.0016629572269002543,ENSG00000263427.1,ENSG00000263427,AC129492.2
0.0014585997161216668,0.009794275199104826,ENSG00000040731.10,ENSG00000040731,CDH10
0.003367800702615979,0.000939088519966216,ENSG00000200959.1,ENSG00000200959,SNORA74A
0.0005760271016191399,0.004616533323743168,ENSG00000182912.6,ENSG00000182912,TSPEAR-AS2
0.0064066322429775216,0.011453847934434557,ENSG00000137878.17,ENSG00000137878,GCOM1
0.010890745006947202,-0.0037532959908493408,ENSG00000110680.13,ENSG00000110680,CALCA
-0.007869050461815925,0.008497843682299031,ENSG00000280222.1,ENSG00000280222,AL365209.1
-0.0032291360038322675,0.00593328354143152,ENSG00000279726.2,ENSG00000279726,AC005609.5
-0.00824255645922668,0.02542568454327849,ENSG00000214553.10,ENSG00000214553,LRRC37A11P
0.010966956437947262,0.02734752285512588,ENSG00000226530.2,ENSG00000226530,AL158055.1
0.008795526189112985,0.011933626615553678,ENSG00000145358.6,ENSG00000145358,DDIT4L
0.0003461279375867544,0.011219431988231336,ENSG00000201183.1,ENSG00000201183,RNVU1-3
0.004852143956537595,0.0051864347833980255,ENSG00000277619.1,ENSG00000277619,AC008406.3
-0.000860291506408219,0.014223804578873067,ENSG00000232229.6,ENSG00000232229,LINC00865
7.373412572471896e-06,0.007534481325668933,ENSG00000265728.1,ENSG00000265728,AP001099.1
-0.0006833213800536543,0.025686063260026978,ENSG00000188580.15,ENSG00000188580,NKAIN2
0.0026940004071115157,0.0023858643866295193,ENSG00000230524.8,ENSG00000230524,COL6A4P1
-0.007034427136955369,0.02759843032703055,ENSG00000198542.14,ENSG00000198542,ITGBL1
0.019518012579578425,-0.0011275669738774836,ENSG00000238062.6,ENSG00000238062,SPATA3-AS1
0.018338933487715318,0.0262298664693845,ENSG00000109684.15,ENSG00000109684,CLNK
-0.01706804502239066,0.01415681410536735,ENSG00000225652.2,ENSG00000225652,KCNMA1-AS3
0.008560356494715966,0.01410696617588685,ENSG00000226496.3,ENSG00000226496,LINC00323
0.006173386102372549,0.003871678737787971,ENSG00000255521.2,ENSG00000255521,AL356215.1
-0.010301893003033517,0.019365531971348018,ENSG00000163071.11,ENSG00000163071,SPATA18
0.010082919547664302,-0.0009763657812071226,ENSG00000136931.10,ENSG00000136931,NR5A1
-0.023633783600632122,0.018772617438458723,ENSG00000137501.17,ENSG00000137501,SYTL2
-0.00271692610062456,0.012427191090110356,ENSG00000269720.2,ENSG00000269720,CCDC194
-0.0009538248251480067,0.013277681908679432,ENSG00000225330.1,ENSG00000225330,AF064860.1
0.009588693006786947,-0.007055167640108896,ENSG00000232445.2,ENSG00000232445,EMSLR
0.01648346518742326,0.005651010166384999,ENSG00000180251.5,ENSG00000180251,SLC9A4
-0.021639883496076758,0.014567066760580729,ENSG00000169891.18,ENSG00000169891,REPS2
0.015804789214213574,0.006096500534800014,ENSG00000235961.6,ENSG00000235961,PNMA6A
0.015276861447749984,0.026859185957136086,ENSG00000188404.10,ENSG00000188404,SELL
0.010352777789081058,0.01270806783980633,ENSG00000277639.2,ENSG00000277639,AC007906.2
-0.001187456759586861,0.033342793013611496,ENSG00000116194.13,ENSG00000116194,ANGPTL1
0.024547342558232346,-0.0027591194945753234,ENSG00000143882.12,ENSG00000143882,ATP6V1C2
-0.007355465346398779,-0.00039809360830262135,ENSG00000270882.2,ENSG00000270882,H4C14
0.004822493433984105,0.015917496691773284,ENSG00000214797.3,ENSG00000214797,AP002358.1
-0.009714335308782537,0.011880483835804862,ENSG00000239899.3,ENSG00000239899,RN7SL674P
-0.02466247294581913,0.010603294491879143,ENSG00000232352.1,ENSG00000232352,SEMA3B-AS1
-0.0008568487497127259,0.005113691047943272,ENSG00000219438.9,ENSG00000219438,TAFA5
0.007481711380787283,0.021013165382442345,ENSG00000275340.1,ENSG00000275340,FGD5P1
0.009533856522072766,0.0259930407637449,ENSG00000203727.4,ENSG00000203727,SAMD5
0.016573132869668192,0.0038827210409474794,ENSG00000259362.2,ENSG00000259362,AC046168.1
0.0026770209214528363,-0.0036904311229293916,ENSG00000170498.9,ENSG00000170498,KISS1
-0.01526309884352455,0.00775030775725736,ENSG00000186564.6,ENSG00000186564,FOXD2
0.002198716058758864,0.016619101579558544,ENSG00000262209.3,ENSG00000262209,PCDHGB3
-0.008102383118241782,0.02126951958522572,ENSG00000286004.1,ENSG00000286004,AC124944.3
0.01585861529339425,0.0032214020392123273,ENSG00000250295.6,ENSG00000250295,RDH10-AS1
-0.0013249153237554956,0.007548487318342483,ENSG00000204962.6,ENSG00000204962,PCDHA8
-0.0023561977824751792,0.00151395671426217,ENSG00000008300.17,ENSG00000008300,CELSR3
0.0068371149312434955,-0.0014688229783243036,ENSG00000184486.10,ENSG00000184486,POU3F2
-0.005224781803654031,0.017765653452914754,ENSG00000169306.10,ENSG00000169306,IL1RAPL1
0.0226739593714126,0.005680516259913777,ENSG00000146281.6,ENSG00000146281,PM20D2
-0.013360186200281699,0.01823059869634839,ENSG00000156113.24,ENSG00000156113,KCNMA1
-0.020605332766320563,0.017390380369400982,ENSG00000172602.11,ENSG00000172602,RND1
0.004107273600483429,0.007172387064339785,ENSG00000287558.1,ENSG00000287558,AL109933.5
0.010250437735415244,0.008402509831595873,ENSG00000232721.2,ENSG00000232721,AC239800.2
0.002360872473316203,0.01694862458656487,ENSG00000179813.7,ENSG00000179813,FAM216B
0.000945953560368107,0.006256337995515595,ENSG00000256209.2,ENSG00000256209,AC073578.1
-0.0011371357921408046,0.0026147604109288875,ENSG00000287535.1,ENSG00000287535,AC009630.4
-0.009938464592503509,0.014333448372907476,ENSG00000164176.13,ENSG00000164176,EDIL3
0.007745808322708789,0.005214216303639888,ENSG00000218027.2,ENSG00000218027,AL512329.1
0.021934559084916185,0.014588184251965798,ENSG00000138131.4,ENSG00000138131,LOXL4
-0.014646809752019936,0.010446533832381422,ENSG00000126803.9,ENSG00000126803,HSPA2
0.0037046933959714655,0.02357546610080269,ENSG00000122592.8,ENSG00000122592,HOXA7
-0.0008296087849253413,0.004291190787632943,ENSG00000253227.2,ENSG00000253227,AC090192.2
-0.023146569266620738,0.011568746662788558,ENSG00000228133.3,ENSG00000228133,AC099684.1
-0.010774858273041202,0.015776423996358407,ENSG00000164404.8,ENSG00000164404,GDF9
0.006652009868363195,-0.0008249922088732411,ENSG00000286540.1,ENSG00000286540,AL096854.1
0.0009047233271489058,0.005560189547371236,ENSG00000237032.1,ENSG00000237032,RPSAP7
-0.0052955034145388035,0.006331615539758569,ENSG00000103089.9,ENSG00000103089,FA2H
0.013883651792132492,-0.011369217395868702,ENSG00000178752.16,ENSG00000178752,ERFE
-0.0019120803473940378,0.009150035058676582,ENSG00000138435.16,ENSG00000138435,CHRNA1
-0.008061762553156158,0.00979478312196077,ENSG00000286542.1,ENSG00000286542,AC124242.3
-0.02234182840075051,0.008723783946673884,ENSG00000276397.2,ENSG00000276397,LINC01879
0.0006879675536344033,0.015120571008597825,ENSG00000253910.2,ENSG00000253910,PCDHGB2
-1.7040681298058787e-05,0.006158651748770049,ENSG00000254852.8,ENSG00000254852,NPIPA2
-0.0016287267789450042,-0.002178667548717591,ENSG00000235349.1,ENSG00000235349,AC016769.3
0.012056521109429704,0.002672517069818638,ENSG00000104901.7,ENSG00000104901,DKKL1
0.01821136057837089,0.023077072588255303,ENSG00000233093.6,ENSG00000233093,LINC00892
-0.004139784066653641,0.006719551716529628,ENSG00000146360.8,ENSG00000146360,GPR6
0.0008358733833352302,0.00552232576832104,ENSG00000237917.1,ENSG00000237917,PARP4P1
0.004995892385253868,-0.0019878118781282315,ENSG00000104369.5,ENSG00000104369,JPH1
-0.00398034755834924,0.0033510374073935914,ENSG00000287136.1,ENSG00000287136,AC073578.5
-0.009716320066385285,0.003978333272090386,ENSG00000274698.1,ENSG00000274698,AC099521.1
0.01096527197022534,0.006908024255211919,ENSG00000158055.16,ENSG00000158055,GRHL3
0.018372491240421267,-0.0030353596951257144,ENSG00000273209.1,ENSG00000273209,AC069148.1
0.02103326875175336,-0.0071672297814210795,ENSG00000159527.3,ENSG00000159527,PGLYRP3
0.0008300732619606662,0.01893411083539201,ENSG00000183230.17,ENSG00000183230,CTNNA3
-0.0035346846027189687,0.017675928461198417,ENSG00000171951.5,ENSG00000171951,SCG2
-0.008732216945163098,0.0214135513608042,ENSG00000232545.1,ENSG00000232545,AC253536.3
-0.00017998337812636322,0.012092510659468017,ENSG00000158246.8,ENSG00000158246,TENT5B
0.01633626875173679,0.017960769232823963,ENSG00000230481.2,ENSG00000230481,IGKV1OR22-5
-0.014425845237553244,0.015720916648230283,ENSG00000249715.12,ENSG00000249715,FER1L5
-0.0005461639460179161,0.019988223291558443,ENSG00000197614.11,ENSG00000197614,MFAP5
0.001669437401437495,0.00936351924761586,ENSG00000249173.6,ENSG00000249173,LINC01093
0.00273652025477943,0.015292760107467754,ENSG00000236975.2,ENSG00000236975,LINC02814
0.02091831757250914,-0.0024711009606743187,ENSG00000179046.8,ENSG00000179046,TRIML2
0.015321890186499057,0.024868262409001463,ENSG00000211799.3,ENSG00000211799,TRAV19
0.006906389148889875,0.0058862605243250815,ENSG00000101197.13,ENSG00000101197,BIRC7
0.004258971841963356,0.0011485014853428132,ENSG00000184774.10,ENSG00000184774,MGAT4EP
0.0263689430252247,0.002125155995636635,ENSG00000204446.4,ENSG00000204446,LINC02872
-0.01688772011411266,0.017784508553681824,ENSG00000263677.2,ENSG00000263677,AC012588.1
0.014497787103612169,0.0029789898015878773,ENSG00000233718.8,ENSG00000233718,MYCNOS
0.007199407917251305,-0.00047146909033917415,ENSG00000142549.9,ENSG00000142549,IGLON5
-0.018528882136195673,0.016803216005591984,ENSG00000185761.11,ENSG00000185761,ADAMTSL5
0.016293284607067443,0.027034388989074114,ENSG00000108405.4,ENSG00000108405,P2RX1
-0.01488830247077585,0.01631014534262384,ENSG00000228058.2,ENSG00000228058,LINC01736
-0.0010158552993767829,0.029641061851551402,ENSG00000173114.13,ENSG00000173114,LRRN3
-0.009061723596330383,0.01861937182089642,ENSG00000264727.1,ENSG00000264727,AC005725.1
-0.006443719705980591,-0.00303991853863643,ENSG00000187837.4,ENSG00000187837,H1-2
-0.022173848203003884,0.020787319385516735,ENSG00000171791.14,ENSG00000171791,BCL2
-0.003961191438379725,0.015465825335718535,ENSG00000268079.1,ENSG00000268079,BNIP3P30
0.012542690380961544,0.01613960340056257,ENSG00000280294.1,ENSG00000280294,AC011008.2
-0.0016279190866250414,0.004327723767966612,ENSG00000168481.9,ENSG00000168481,LGI3
0.01487190810742448,0.014772066707334872,ENSG00000184588.18,ENSG00000184588,PDE4B
-0.0030902526250569436,0.03642588569197191,ENSG00000196569.13,ENSG00000196569,LAMA2
-0.023432012816527154,0.01349975021758656,ENSG00000248399.1,ENSG00000248399,AL645924.1
0.017201340995656213,-0.0024587051613970835,ENSG00000164794.9,ENSG00000164794,KCNV1
0.0020024845155715743,0.00369001506090751,ENSG00000232023.3,ENSG00000232023,LINC01807
0.0058561648259422,0.010670399471408312,ENSG00000177791.12,ENSG00000177791,MYOZ1
0.0007229974961788576,0.009561609083418882,ENSG00000129682.16,ENSG00000129682,FGF13
0.021234178026165375,0.01760015141835739,ENSG00000211595.2,ENSG00000211595,IGKJ3
-0.026807836373663026,0.01850648723799649,ENSG00000118307.20,ENSG00000118307,CFAP94
-0.0006566519125527643,-0.0026379273090649693,ENSG00000274419.6,ENSG00000274419,TBC1D3D
0.002975518910091623,0.011406020984648558,ENSG00000225940.7,ENSG00000225940,C5orf67
0.018422859959873843,0.0017424441009448095,ENSG00000101187.16,ENSG00000101187,SLCO4A1
0.00023854497483940195,0.005180093108158005,ENSG00000235890.2,ENSG00000235890,TSPEAR-AS1
0.006123648246957308,0.021287418535348466,ENSG00000215475.5,ENSG00000215475,SIAH3
0.021824997017515817,0.010787910447377537,ENSG00000182885.17,ENSG00000182885,ADGRG3
-0.002118045349018438,0.005146427189844344,ENSG00000249577.1,ENSG00000249577,AC010424.1
0.017182034240111402,-0.002682705760281557,ENSG00000282317.1,ENSG00000282317,AL451007.2
0.019025967483816277,0.02248069498214258,ENSG00000211817.2,ENSG00000211817,TRAV38-2DV8
0.011371689979945112,0.007505126732379261,ENSG00000129194.8,ENSG00000129194,SOX15
-0.02150657083632577,0.02197933058354268,ENSG00000102362.15,ENSG00000102362,SYTL4
-0.0008077143103021366,0.007206442704239469,ENSG00000135248.15,ENSG00000135248,FAM71F1
-0.011099703123885344,0.015439567744132873,ENSG00000133256.13,ENSG00000133256,PDE6B
0.007321180011598415,0.004325246898940481,ENSG00000277117.5,ENSG00000277117,FP565260.3
0.0001879896853818681,0.03406486506110941,ENSG00000156486.8,ENSG00000156486,KCNS2
-0.0028032745465946373,0.015729657365890815,ENSG00000165694.10,ENSG00000165694,FRMD7
0.020213434068391923,0.027211736915263143,ENSG00000139193.4,ENSG00000139193,CD27
-0.007537611291580942,0.002001739396871591,ENSG00000287760.1,ENSG00000287760,AC099521.3
0.019494835239744098,-0.004227379909921997,ENSG00000213420.8,ENSG00000213420,GPC2
0.023499642424133778,0.018838901378787416,ENSG00000271503.6,ENSG00000271503,CCL5
-0.012805696889395238,0.021304933329352422,ENSG00000213366.13,ENSG00000213366,GSTM2
0.018950600565446833,0.003203427468557372,ENSG00000272425.1,ENSG00000272425,AC009902.3
0.012622809402961671,0.0020666436733579,ENSG00000169583.13,ENSG00000169583,CLIC3
-0.019210958991580013,0.019479166665574428,ENSG00000186952.15,ENSG00000186952,TMEM232
-0.001399194040294424,0.009079755387180723,ENSG00000268717.1,ENSG00000268717,BNIP3P33
-0.010778309933016393,0.005356473890000655,ENSG00000266952.2,ENSG00000266952,LINC01538
-0.005492105152212384,-0.003116698073844281,ENSG00000261678.3,ENSG00000261678,SCRT1
-0.007771299529148377,0.025797068611860006,ENSG00000079435.10,ENSG00000079435,LIPE
-0.004345246526412438,0.00700968808636377,ENSG00000244791.3,ENSG00000244791,AC087667.1
0.009001109782100869,0.002255543805464813,ENSG00000122585.8,ENSG00000122585,NPY
0.006738126115239837,0.010661025949767287,ENSG00000135519.8,ENSG00000135519,KCNH3
0.00939272758196514,0.016049095579504364,ENSG00000164935.6,ENSG00000164935,DCSTAMP
0.013008989080379013,-0.006151573460324177,ENSG00000187094.12,ENSG00000187094,CCK
0.027770162635908775,0.01218013598614751,ENSG00000157368.11,ENSG00000157368,IL34
-0.0028152756618604145,0.019734113293840203,ENSG00000119715.15,ENSG00000119715,ESRRB
0.01632948604929588,0.003319324387697386,ENSG00000163221.9,ENSG00000163221,S100A12
-0.0004202833129527844,0.014164569242295684,ENSG00000109339.24,ENSG00000109339,MAPK10
0.016361366622287078,0.032491976101586544,ENSG00000254838.5,ENSG00000254838,GVINP1
0.005772389097084458,-0.004533216670388036,ENSG00000277775.2,ENSG00000277775,H3C7
0.019269762087755583,-0.007349683072180009,ENSG00000133980.5,ENSG00000133980,VRTN
0.005145117349960152,-0.003788117091258913,ENSG00000197153.5,ENSG00000197153,H3C12
0.0004426917827446335,0.014649751520882501,ENSG00000183914.14,ENSG00000183914,DNAH2
-0.019960366853570024,0.004581586919474148,ENSG00000103269.14,ENSG00000103269,RHBDL1
-0.004943797088527171,0.0072982687527376805,ENSG00000274750.2,ENSG00000274750,H3C6
0.027615072882909212,0.010348231808793745,ENSG00000106123.12,ENSG00000106123,EPHB6
0.007336253217687161,0.018299802650091627,ENSG00000078399.19,ENSG00000078399,HOXA9
0.0034859123574207773,0.012411991632486744,ENSG00000272108.1,ENSG00000272108,AC244517.1
0.016936174384358717,0.023614289988867953,ENSG00000101916.12,ENSG00000101916,TLR8
-0.020521697109015833,0.010835138941161808,ENSG00000110092.4,ENSG00000110092,CCND1
0.021352558940780905,0.014735333201267003,ENSG00000286288.1,ENSG00000286288,AL109809.4
-0.01680308449370913,0.017817665471350837,ENSG00000287071.1,ENSG00000287071,CDRT15P4
0.00048119977619146014,0.0020328660939191853,ENSG00000127561.15,ENSG00000127561,SYNGR3
-0.007443209893263716,0.014119827013355202,ENSG00000243004.6,ENSG00000243004,AC005062.1
-0.005418056412213154,0.014781262946483364,ENSG00000255571.9,ENSG00000255571,MIR9-3HG
0.00567480557749046,0.0033235159935382924,ENSG00000225760.2,ENSG00000225760,LINC00431
0.02205672109688906,-0.0024983750858167987,ENSG00000226917.6,ENSG00000226917,LINC01276
-0.005576027695550884,0.0042662394143036676,ENSG00000204572.10,ENSG00000204572,KRTAP5-10
0.021555444594784815,-0.0001247758005071248,ENSG00000254027.1,ENSG00000254027,AC009902.2
0.0206112410229803,0.0020513152024571883,ENSG00000143674.11,ENSG00000143674,MAP3K21
-0.002797918412787616,0.02167565330399505,ENSG00000284825.1,ENSG00000284825,AL121935.1
0.018411712177545975,0.02402897067262425,ENSG00000174255.8,ENSG00000174255,ZNF80
-0.028517663270783616,0.014027065502271561,ENSG00000143412.10,ENSG00000143412,ANXA9
0.008617776960732864,0.002912372990019943,ENSG00000168843.14,ENSG00000168843,FSTL5
-0.013975045437114447,0.01182569902746823,ENSG00000255980.1,ENSG00000255980,AP000439.2
0.00869971896555163,-0.0008742256199182721,ENSG00000175121.11,ENSG00000175121,WFDC5
-0.008868579220496916,0.0068463160492776174,ENSG00000205361.8,ENSG00000205361,MT1DP
0.005626627116366272,0.015420123338969314,ENSG00000255189.1,ENSG00000255189,GLYATL1P1
-0.010608600189145683,0.009384871876352572,ENSG00000223349.1,ENSG00000223349,KLF2P3
0.014825060564448947,-0.0054508959177508145,ENSG00000112494.10,ENSG00000112494,UNC93A
-0.0025501637159221296,0.02826573475842744,ENSG00000175745.14,ENSG00000175745,NR2F1
-0.01427470534254944,0.013974463349315994,ENSG00000286472.1,ENSG00000286472,AL035252.5
0.005529925843648237,0.0003890421409476197,ENSG00000189229.11,ENSG00000189229,AC069277.1
0.0007059007677474865,0.009881345803324146,ENSG00000260792.1,ENSG00000260792,LINC02280
0.022837651627086883,0.023638875194994545,ENSG00000115607.9,ENSG00000115607,IL18RAP
0.007794774772237499,-0.0047849884706996524,ENSG00000272468.1,ENSG00000272468,AL021807.1
-0.004512368451551406,-0.0033656464399108594,ENSG00000077080.10,ENSG00000077080,ACTL6B
0.01595849630032971,0.00811462821942612,ENSG00000232810.4,ENSG00000232810,TNF
0.014817354278276457,0.002921268897694299,ENSG00000231233.1,ENSG00000231233,CFAP58-DT
0.0023242413492130776,0.0006744741155645071,ENSG00000253626.3,ENSG00000253626,EIF5AL1
0.016221921688329602,0.0040244420432426035,ENSG00000169427.8,ENSG00000169427,KCNK9
0.005147701469151467,0.011967585523901857,ENSG00000242419.5,ENSG00000242419,PCDHGC4
-0.02110574765163716,0.0193436736301346,ENSG00000166780.11,ENSG00000166780,BMERB1
0.016011381684535485,-0.007844554193934636,ENSG00000262668.2,ENSG00000262668,AJ003147.2
0.02427374778443301,0.014437958443677726,ENSG00000173762.8,ENSG00000173762,CD7
-0.010783578811831257,0.015606927065212356,ENSG00000275212.3,ENSG00000275212,LINC02826
0.003984596222743308,0.0030741431609102123,ENSG00000259517.3,ENSG00000259517,LINC02169
-0.004904365195001664,0.020503871362574273,ENSG00000186766.8,ENSG00000186766,FOXI2
0.0163837516935722,0.0003575189376736919,ENSG00000088836.14,ENSG00000088836,SLC4A11
-0.0074460288856975365,0.011498803663164366,ENSG00000163898.10,ENSG00000163898,LIPH
-0.006478331352586615,0.016260300319864703,ENSG00000143171.13,ENSG00000143171,RXRG
-0.017504403887410445,0.006561975611348366,ENSG00000115457.10,ENSG00000115457,IGFBP2
-0.0024605557222015227,0.0281401248826354,ENSG00000053438.11,ENSG00000053438,NNAT
-0.0055962394431686106,0.003630959157413161,ENSG00000102886.15,ENSG00000102886,GDPD3
-0.011168764081276374,0.01564562140707953,ENSG00000233073.2,ENSG00000233073,GRM3-AS1
0.010029238317376444,0.015683906535144034,ENSG00000007933.13,ENSG00000007933,FMO3
0.013612243074700138,-0.0032740347488725606,ENSG00000285715.1,ENSG00000285715,AC063960.1
-0.01199431195629578,0.0015533286786181427,ENSG00000122180.5,ENSG00000122180,MYOG
0.014004066900705273,0.022059679254857363,ENSG00000154678.18,ENSG00000154678,PDE1C
0.02618878241502931,0.007995032698447866,ENSG00000140379.9,ENSG00000140379,BCL2A1
-0.0071345407845877515,0.008738649525297357,ENSG00000287852.1,ENSG00000287852,AL450326.3
0.00103450533470803,0.025652117418911182,ENSG00000250208.6,ENSG00000250208,FZD10-AS1
-0.0011859693444137946,0.003842545492111436,ENSG00000134668.12,ENSG00000134668,SPOCD1
-0.015864496327658836,0.014210085835640806,ENSG00000170482.17,ENSG00000170482,SLC23A1
0.0034210530778598118,0.0035643863498703823,ENSG00000255298.4,ENSG00000255298,OR8G5
0.025294453277688648,0.01574170191337167,ENSG00000253522.6,ENSG00000253522,MIR3142HG
-0.005285095398905386,0.015046525111036551,ENSG00000228113.7,ENSG00000228113,AC003991.1
-0.015000223842654002,0.005093411687268653,ENSG00000255650.6,ENSG00000255650,FAM222A-AS1
-0.0008524284364526256,0.009146873437297781,ENSG00000186715.11,ENSG00000186715,MST1L
-0.0025759197577518954,0.010193528728049323,ENSG00000282995.1,ENSG00000282995,FRG1EP
-0.006846990611381901,0.011237743350860177,ENSG00000178722.13,ENSG00000178722,C5orf64
0.0006149389644437877,0.0045807890003331094,ENSG00000021852.13,ENSG00000021852,C8B
0.005437413051437512,0.025334310787844306,ENSG00000248869.7,ENSG00000248869,LINC02511
0.021673814524495908,0.000899047670832705,ENSG00000112394.17,ENSG00000112394,SLC16A10
0.010764356336558513,0.010551263336675472,ENSG00000158525.16,ENSG00000158525,CPA5
0.017831947367786698,0.02833660462800771,ENSG00000267074.1,ENSG00000267074,AC015911.3
-0.009062192738561613,0.00898408923889642,ENSG00000283511.1,ENSG00000283511,AC137936.2
0.011997969786930171,0.024499584765691373,ENSG00000246430.7,ENSG00000246430,LINC00968
0.022272677965702613,0.0053508897385796525,ENSG00000287626.1,ENSG00000287626,AL021978.1
0.01836440348904799,0.025713440063168166,ENSG00000153563.16,ENSG00000153563,CD8A
0.012667285457326488,0.014454123589606016,ENSG00000230438.7,ENSG00000230438,SERPINB9P1
0.002171818222095565,0.008891626552632356,ENSG00000242741.2,ENSG00000242741,LINC02005
0.007048618257223347,0.005315330605580301,ENSG00000197140.15,ENSG00000197140,ADAM32
-0.012625471111930617,0.008891791749374238,ENSG00000204334.7,ENSG00000204334,ERICH2
0.00974811149671355,0.021167112006506058,ENSG00000187546.14,ENSG00000187546,AGMO
0.012435546023563313,0.015798051278325148,ENSG00000229391.7,ENSG00000229391,HLA-DRB6
-0.0024080906184918657,0.02413836821125745,ENSG00000173641.18,ENSG00000173641,HSPB7
0.00470389015005775,0.008583103627117504,ENSG00000049089.15,ENSG00000049089,COL9A2
-0.005528918746931435,0.01725714872528818,ENSG00000138379.5,ENSG00000138379,MSTN
0.017331015303582557,0.02405215695772172,ENSG00000035720.8,ENSG00000035720,STAP1
0.009296726500658235,0.01699408934155433,ENSG00000089250.19,ENSG00000089250,NOS1
-0.0030669225229191946,0.004275121319752858,ENSG00000213214.5,ENSG00000213214,ARHGEF35
-0.0038026904755206667,0.007982779656747544,ENSG00000279720.1,ENSG00000279720,SOWAHCP2
0.024452360496989282,0.015469693719732048,ENSG00000235576.1,ENSG00000235576,LINC01871
-0.010362178875919689,0.018926081945823136,ENSG00000243978.8,ENSG00000243978,RTL9
-0.016040043849797087,0.019279016959255744,ENSG00000280255.1,ENSG00000280255,AC004947.2
0.01177446161560275,0.002114315652825929,ENSG00000187690.4,ENSG00000187690,EZHIP
-0.003173541293124019,-0.0017084347584783272,ENSG00000199753.1,ENSG00000199753,SNORD104
-0.011432658973596289,0.00870160209465117,ENSG00000198088.10,ENSG00000198088,NUP62CL
0.01017993215225594,0.016731258798411374,ENSG00000226409.3,ENSG00000226409,AL450332.1
-0.0052878781369311255,0.008751238090043367,ENSG00000143839.15,ENSG00000143839,REN
0.014865947374438367,0.00895904862142332,ENSG00000221957.8,ENSG00000221957,KIR2DS4
-0.02018311633991423,0.016507766203147003,ENSG00000135111.16,ENSG00000135111,TBX3
-0.0009973738773748145,0.008663398866603158,ENSG00000176920.13,ENSG00000176920,FUT2
0.009695936603705097,0.023444380257215784,ENSG00000188783.6,ENSG00000188783,PRELP
0.013237641905836992,0.01318892561103175,ENSG00000261959.1,ENSG00000261959,AC015909.3
-0.018486077276231958,0.017131609112866916,ENSG00000162415.7,ENSG00000162415,ZSWIM5
0.026119867505232174,0.008299271337532672,ENSG00000154655.16,ENSG00000154655,L3MBTL4
-0.017259927772901872,0.0046232317745984975,ENSG00000287902.1,ENSG00000287902,AL023754.2
0.006559404805785217,0.002737675428619973,ENSG00000233539.5,ENSG00000233539,AC011294.1
-0.011803431068460138,0.019693155144416295,ENSG00000248727.6,ENSG00000248727,LINC01948
-0.011970791195229733,0.003010673344823409,ENSG00000263952.5,ENSG00000263952,AP005120.1
0.0016339951416772444,0.003297681347928836,ENSG00000120669.16,ENSG00000120669,SOHLH2
0.008324785747560149,0.010107204844171637,ENSG00000147588.7,ENSG00000147588,PMP2
0.02306966004950433,-0.00623419601712097,ENSG00000232325.4,ENSG00000232325,AC093627.1
0.01725328830158204,0.020364955057618137,ENSG00000270864.1,ENSG00000270864,IGHV3OR16-6
-0.0011503199446101977,0.00779233717662479,ENSG00000268658.5,ENSG00000268658,LINC00664
0.017172194566557435,-0.008852554953088983,ENSG00000248238.2,ENSG00000248238,LINC02438
0.0006681698493695696,0.01692130978554737,ENSG00000243232.6,ENSG00000243232,PCDHAC2
0.015174862420709015,0.025659539323511917,ENSG00000211791.2,ENSG00000211791,TRAV13-2
-0.02681847654641115,0.008919791202414106,ENSG00000130005.13,ENSG00000130005,GAMT
0.0023547996253606403,0.009556831323568661,ENSG00000253616.5,ENSG00000253616,AC107959.3
0.010481122629559808,0.0004714426468547143,ENSG00000116544.12,ENSG00000116544,DLGAP3
-0.004963863801641014,0.004713140251242376,ENSG00000114279.13,ENSG00000114279,FGF12
0.01430455397760396,0.01492771137566952,ENSG00000205364.4,ENSG00000205364,MT1M
-0.002036094387554815,0.03301247523729172,ENSG00000038295.8,ENSG00000038295,TLL1
0.015713607685591213,0.022594413145342808,ENSG00000172322.14,ENSG00000172322,CLEC12A
0.006902471025024081,0.01817571812942385,ENSG00000171649.12,ENSG00000171649,ZIK1
0.002872619459944515,0.005814180497933306,ENSG00000215612.8,ENSG00000215612,HMX1
0.00817813200095809,0.0005708835077535457,ENSG00000185697.16,ENSG00000185697,MYBL1
-0.0035786554219809476,0.006122582686495732,ENSG00000255693.3,ENSG00000255693,LINC02389
0.009596649227137283,-0.002400957358836369,ENSG00000124731.13,ENSG00000124731,TREM1
-0.004363011460827028,0.005378282161745462,ENSG00000256056.1,ENSG00000256056,AC087257.2
-0.006710728558571592,0.00026562041676589485,ENSG00000099822.3,ENSG00000099822,HCN2
-0.024630953377073345,0.014076650434535551,ENSG00000160188.10,ENSG00000160188,RSPH1
0.0029612663698555886,0.00629949092583877,ENSG00000102931.8,ENSG00000102931,ARL2BP
-0.007936465376416742,0.003773483212685611,ENSG00000176840.12,ENSG00000176840,MIR7-3HG
-0.0022071750711363863,0.006912693268929065,ENSG00000287538.1,ENSG00000287538,AC109635.6
0.0011157669269729975,0.00939559744776201,ENSG00000166473.17,ENSG00000166473,PKD1L2
0.00652403980674552,0.023014018287546657,ENSG00000073737.17,ENSG00000073737,DHRS9
0.02385030158008907,0.001160498259865557,ENSG00000034053.14,ENSG00000034053,APBA2
0.020909582615247477,0.0025539072388779775,ENSG00000272549.1,ENSG00000272549,LINC02538
0.017388270171070825,0.014063258321276438,ENSG00000111732.11,ENSG00000111732,AICDA
-0.005873075510524338,0.012528840225357274,ENSG00000172824.16,ENSG00000172824,CES4A
-0.016306728146813766,0.011742633040054767,ENSG00000236420.1,ENSG00000236420,CHCHD3P1
0.0029366932335985352,0.01042634761696608,ENSG00000271361.1,ENSG00000271361,HTATSF1P2
0.007688388805045359,0.024163903579825716,ENSG00000132561.14,ENSG00000132561,MATN2
0.01832574153506535,0.008956568463613996,ENSG00000171094.18,ENSG00000171094,ALK
0.02124903200997563,0.01942100470231424,ENSG00000285744.1,ENSG00000285744,AC083837.1
0.012200433130422777,0.00333463709773619,ENSG00000231131.8,ENSG00000231131,LNCAROD
0.0008314956734386205,0.00697228545198518,ENSG00000278983.1,ENSG00000278983,AC048380.2
-0.0007096312397918761,0.016026919057555274,ENSG00000179542.16,ENSG00000179542,SLITRK4
-0.020494984160799246,0.015757697336077917,ENSG00000278570.5,ENSG00000278570,NR2E3
-0.00558665304265131,0.022537076714318514,ENSG00000141469.18,ENSG00000141469,SLC14A1
-0.002100293414280901,0.010273421353355145,ENSG00000279774.1,ENSG00000279774,AL590483.3
0.003594982836324731,0.016648605917027864,ENSG00000231551.8,ENSG00000231551,AC245100.4
-0.0024932459564872204,0.01688586171526396,ENSG00000253846.2,ENSG00000253846,PCDHGA10
0.00708712780591236,0.002924668781672418,ENSG00000133055.9,ENSG00000133055,MYBPH
-0.010058453113140074,0.010923190275473829,ENSG00000227392.2,ENSG00000227392,HPN-AS1
0.002027632367969836,0.012835357655776125,ENSG00000250644.3,ENSG00000250644,AC068580.4
0.0024672122675539116,0.012635004992008689,ENSG00000259663.2,ENSG00000259663,AC010478.1
-0.012590425565553152,0.01132731157115138,ENSG00000236008.3,ENSG00000236008,LINC01814
0.009924945358127182,0.009763018506431555,ENSG00000140481.15,ENSG00000140481,CCDC33
0.004561654838230624,0.005500173336853767,ENSG00000225676.2,ENSG00000225676,AC002378.1
0.003252917278574969,0.006814168495133106,ENSG00000180592.17,ENSG00000180592,SKIDA1
-0.004969945698489035,0.029209098482195342,ENSG00000165810.17,ENSG00000165810,BTNL9
-0.0042014611826249075,0.02019973168174911,ENSG00000287223.1,ENSG00000287223,Z94277.1
-0.0008130126340676743,0.0008137195879256849,ENSG00000253692.3,ENSG00000253692,IGHEP1
0.007484040109448558,0.018545049231989227,ENSG00000178828.7,ENSG00000178828,RNF186
0.011882895329449718,0.011653017642330515,ENSG00000265929.1,ENSG00000265929,MIR5195
0.00359963041672292,0.009371877616043788,ENSG00000223387.6,ENSG00000223387,LINC02068
-0.0010764319292138858,0.01706788337820592,ENSG00000174844.14,ENSG00000174844,DNAH12
0.0011317515472145565,0.013499198523247248,ENSG00000259881.1,ENSG00000259881,AC092384.2
0.01761204141810234,0.018518044729423377,ENSG00000287593.1,ENSG00000287593,AL022724.3
0.001522053676460938,0.013051001276360295,ENSG00000067840.12,ENSG00000067840,PDZD4
-0.002556997451363458,0.012538513958810291,ENSG00000254739.1,ENSG00000254739,AC137894.1
0.0068298588625191215,0.008292088315795336,ENSG00000178919.9,ENSG00000178919,FOXE1
0.010673047395333835,0.01974468063288585,ENSG00000254951.7,ENSG00000254951,AC044810.2
0.018828556283107954,0.02256807682864112,ENSG00000211782.2,ENSG00000211782,TRAV8-1
-0.00041615183950274035,0.006537457305304671,ENSG00000235939.1,ENSG00000235939,AL138760.1
0.013445133371207809,0.011395671028585195,ENSG00000198046.12,ENSG00000198046,ZNF667
-0.022925845958932562,0.012423745569530428,ENSG00000260586.2,ENSG00000260586,AC064799.2
-0.0028874740046432954,0.02915518631370588,ENSG00000131386.19,ENSG00000131386,GALNT15
0.021728374727559716,0.02482200270541701,ENSG00000101082.14,ENSG00000101082,SLA2
0.00396322613715905,0.014576262541097338,ENSG00000205488.9,ENSG00000205488,CALML3-AS1
-0.0009698980803943234,0.021783794030853183,ENSG00000241717.1,ENSG00000241717,VWFP1
0.0028809282931177584,-0.005848377956858094,ENSG00000105519.18,ENSG00000105519,CAPS
0.001654655038686055,0.006049238707024336,ENSG00000287346.1,ENSG00000287346,AL132712.2
0.00824846019634567,0.005578192931886374,ENSG00000203995.10,ENSG00000203995,ZYG11A
0.020763369529679596,0.01707591759035869,ENSG00000229228.1,ENSG00000229228,LINC00582
-0.007483838729920153,0.008538261255532623,ENSG00000224205.2,ENSG00000224205,AC253536.1
0.0020699764875578156,0.03168626592916171,ENSG00000180139.11,ENSG00000180139,ACTA2-AS1
0.004191795419803849,0.005661141786894195,ENSG00000196260.5,ENSG00000196260,SFTA2
-0.009254651732016481,0.02513358300625743,ENSG00000137872.17,ENSG00000137872,SEMA6D
0.007944550669231797,0.013850162164357025,ENSG00000231453.1,ENSG00000231453,LINC01305
-0.009796621821538978,0.010475953573033216,ENSG00000264570.1,ENSG00000264570,SNX19P3
0.004537043528535574,0.0017904183229397862,ENSG00000257194.2,ENSG00000257194,AC126178.1
-0.01505260976399596,0.02183956365928273,ENSG00000236732.1,ENSG00000236732,AC094019.2
-0.010171261092704914,0.017182052802729456,ENSG00000133321.11,ENSG00000133321,PLAAT4
-0.013781041446167113,0.008535865799202003,ENSG00000243967.4,ENSG00000243967,NBPF5P
0.014206816736822168,-0.004915869950624068,ENSG00000236502.1,ENSG00000236502,SIX3-AS1
-0.015711639792334815,0.01697113086795008,ENSG00000225179.2,ENSG00000225179,LINC00457
0.02360934954092404,0.002754648990251953,ENSG00000280693.2,ENSG00000280693,SH3PXD2A-AS1
-0.01830424756187446,0.01589682716328842,ENSG00000184731.6,ENSG00000184731,FAM110C
-0.01597160302191766,0.016648262278938956,ENSG00000235438.7,ENSG00000235438,ESRRAP2
0.0055767041724023355,0.014649597568842786,ENSG00000270076.1,ENSG00000270076,AF131215.7
0.010570438336981312,0.008548647943713492,ENSG00000144847.13,ENSG00000144847,IGSF11
0.005220727896084895,0.008164491215568136,ENSG00000285887.1,ENSG00000285887,AL009176.1
-0.014273165934324459,0.010547893168896877,ENSG00000183317.17,ENSG00000183317,EPHA10
0.02195574978212065,0.024727753280909294,ENSG00000198821.11,ENSG00000198821,CD247
-0.001284394095826942,0.02632585745489282,ENSG00000272636.4,ENSG00000272636,DOC2B
-0.020728276157577052,0.018973311302688863,ENSG00000163364.10,ENSG00000163364,LINC01116
0.009215636647971218,0.02286778162011748,ENSG00000198099.9,ENSG00000198099,ADH4
0.004398283749233137,0.0017092700319510984,ENSG00000250891.2,ENSG00000250891,LINC02208
-0.006563890340540101,0.01535323879238747,ENSG00000286179.1,ENSG00000286179,AL139351.2
0.001570598383249556,0.02554064632075193,ENSG00000178662.16,ENSG00000178662,CSRNP3
-0.0049551192052236705,0.013433335143424083,ENSG00000115474.7,ENSG00000115474,KCNJ13
-0.005277980113630972,-0.0015320458171527225,ENSG00000264647.1,ENSG00000264647,AC104564.4
0.016188082010505575,0.029699932606049577,ENSG00000234663.7,ENSG00000234663,LINC01934
-0.027884465891961516,0.012852133350385495,ENSG00000164237.9,ENSG00000164237,CMBL
0.004819402893500956,0.017371802118627266,ENSG00000147231.14,ENSG00000147231,RADX
-0.013140638816380334,0.012935771882972288,ENSG00000269356.1,ENSG00000269356,AL356740.2
-0.011084118729765108,0.017699661392617895,ENSG00000279693.1,ENSG00000279693,AC099521.2
0.009678430984200471,0.01608533124590348,ENSG00000164694.17,ENSG00000164694,FNDC1
-0.005398468942347945,0.03304365069213381,ENSG00000154330.13,ENSG00000154330,PGM5
0.0016382085714364597,0.007334543428667874,ENSG00000280870.3,ENSG00000280870,MIR325HG
0.002702425019567048,0.02634201894249339,ENSG00000120738.8,ENSG00000120738,EGR1
0.01798963687107088,0.029121646646065185,ENSG00000164483.17,ENSG00000164483,SAMD3
0.004538514783834206,-0.0022825033838247306,ENSG00000251604.1,ENSG00000251604,LINC01385
-0.0035836722101907042,0.027942034368854216,ENSG00000007314.12,ENSG00000007314,SCN4A
0.021679620650325394,-0.008885116847379504,ENSG00000136943.11,ENSG00000136943,CTSV
-0.0033447136703587694,-0.00036374988096935624,ENSG00000186891.14,ENSG00000186891,TNFRSF18
-0.00706491200193139,0.022221352682418077,ENSG00000102466.16,ENSG00000102466,FGF14
0.003410152861226114,0.008343491979292848,ENSG00000186710.11,ENSG00000186710,CFAP73
0.025683466461169674,0.010474082928290327,ENSG00000136002.20,ENSG00000136002,ARHGEF4
0.0064044664198154196,0.0026637823684522383,ENSG00000267665.2,ENSG00000267665,AC021683.3
0.02132580298642271,0.001879929623331148,ENSG00000126878.13,ENSG00000126878,AIF1L
-0.0026422108816190103,0.024380416881104996,ENSG00000253661.2,ENSG00000253661,ZFHX4-AS1
0.008653425181106131,0.00789328244925994,ENSG00000281706.3,ENSG00000281706,LINC01012
0.010060550761464344,0.01150094619113221,ENSG00000122012.14,ENSG00000122012,SV2C
-0.012716207658841744,0.006390035160980991,ENSG00000267751.5,ENSG00000267751,AC009005.1
0.015668845415934746,0.02496269283412825,ENSG00000256553.1,ENSG00000256553,TRAV1-2
0.010638215200808786,0.010309572206420974,ENSG00000134321.12,ENSG00000134321,RSAD2
-0.01654347300026737,0.008613127909439074,ENSG00000197165.11,ENSG00000197165,SULT1A2
0.00469796755592238,0.008020557511947066,ENSG00000233143.2,ENSG00000233143,DIRC3-AS1
0.0010867020589239913,-0.0029308591709255438,ENSG00000168298.7,ENSG00000168298,H1-4
0.006912762139153326,0.022156240746539515,ENSG00000223949.8,ENSG00000223949,ROR1-AS1
0.0008121538813699339,0.017075830508304305,ENSG00000111432.4,ENSG00000111432,FZD10
0.00834557188171669,0.01495751184513736,ENSG00000255893.1,ENSG00000255893,AP000786.1
-0.008879027886313983,0.0042866768643374745,ENSG00000259479.6,ENSG00000259479,SORD2P
-0.004405466550365894,0.010962215639799643,ENSG00000254162.1,ENSG00000254162,AC009812.3
-0.0193020221198157,0.014322989718259576,ENSG00000275763.3,ENSG00000275763,ZNF516-DT
0.0008937125894836885,0.012410667071716617,ENSG00000204583.10,ENSG00000204583,LRCOL1
0.00901815699648198,0.019507862168617284,ENSG00000100433.16,ENSG00000100433,KCNK10
-0.00470882302600649,0.007870288989209346,ENSG00000125618.17,ENSG00000125618,PAX8
-0.018590126405175468,0.009219416759226858,ENSG00000259390.4,ENSG00000259390,AC022196.1
-0.015272115934683356,0.010941892268272925,ENSG00000271911.1,ENSG00000271911,AL357054.3
-0.015700567259093533,0.018892247134415088,ENSG00000159239.13,ENSG00000159239,AC005041.1
-0.027879781544598786,0.020074108593545432,ENSG00000092068.20,ENSG00000092068,SLC7A8
-0.007295716190085275,0.016580958473191857,ENSG00000175591.12,ENSG00000175591,P2RY2
0.014512854105290199,-0.008672059257186875,ENSG00000284505.1,ENSG00000284505,LYNX1-SLURP2
0.022885023107109215,-0.006883905501244491,ENSG00000226580.1,ENSG00000226580,RPL39P40
-0.01785501958850501,0.015579454849658317,ENSG00000143365.19,ENSG00000143365,RORC
0.009148308142103682,0.010671303383517577,ENSG00000276070.5,ENSG00000276070,CCL4L2
-0.003960143991969032,0.009163443792743727,ENSG00000164418.21,ENSG00000164418,GRIK2
0.019957399988915686,0.0177834307607968,ENSG00000167664.8,ENSG00000167664,TMIGD2
-0.0022124193252268964,0.017372484548359664,ENSG00000232118.2,ENSG00000232118,BACH1-AS1
0.015449550949428991,0.03253834672322309,ENSG00000135426.16,ENSG00000135426,TESPA1
-0.010909593585752343,0.01476413644728664,ENSG00000232140.2,ENSG00000232140,AC073257.1
-0.0038857468588046726,0.019310626630310766,ENSG00000099869.8,ENSG00000099869,IGF2-AS
-0.004986645723438633,0.011943808112580811,ENSG00000272727.2,ENSG00000272727,LINC02266
0.014586482008727095,0.014195972785076007,ENSG00000181634.8,ENSG00000181634,TNFSF15
-0.0029139242579169088,0.005126596544419831,ENSG00000215160.3,ENSG00000215160,OR7E122P
-0.023086641553926902,0.018742734271658904,ENSG00000134215.16,ENSG00000134215,VAV3
0.0014224206249204656,0.011664849967619548,ENSG00000215218.4,ENSG00000215218,UBE2QL1
0.00854470036372264,0.008884603388339525,ENSG00000023839.12,ENSG00000023839,ABCC2
0.02207009518054459,0.01692028666921494,ENSG00000140563.15,ENSG00000140563,MCTP2
0.008823034228830556,0.007292835165143193,ENSG00000135697.10,ENSG00000135697,BCO1
0.02021420976205538,0.010058435938765055,ENSG00000183570.16,ENSG00000183570,PCBP3
0.018925765497754973,0.01123833361218114,ENSG00000282556.3,ENSG00000282556,AC068733.3
-0.010571232587165049,0.019581184138995122,ENSG00000285847.2,ENSG00000285847,AL713852.1
-0.004689290737411817,0.01567928473339892,ENSG00000253671.3,ENSG00000253671,AC027117.1
0.0018445068082170487,0.022585953339246234,ENSG00000204186.10,ENSG00000204186,ZDBF2
0.020044028562704846,-0.009427042780189718,ENSG00000204610.13,ENSG00000204610,TRIM15
0.007421528183545101,0.0034352259366749404,ENSG00000169715.15,ENSG00000169715,MT1E
-0.002034672299602763,0.020997218487926145,ENSG00000114251.15,ENSG00000114251,WNT5A
0.002442171148204428,0.0031584304701294443,ENSG00000149506.11,ENSG00000149506,ZP1
0.002347223951031742,-0.0001627134898427069,ENSG00000261578.1,ENSG00000261578,AP003119.3
0.00444955272372669,0.015322073956319664,ENSG00000265179.7,ENSG00000265179,AP000894.2
-0.013299927446908324,0.003318982676774785,ENSG00000102003.11,ENSG00000102003,SYP
0.01642817601982087,0.03005498838198527,ENSG00000111796.4,ENSG00000111796,KLRB1
-0.01309421251848501,0.008532878648963241,ENSG00000256443.1,ENSG00000256443,AP003559.1
0.02027275488589768,0.01907057778444071,ENSG00000211829.9,ENSG00000211829,TRDC
0.0019417580609938396,0.025339130867946334,ENSG00000120049.20,ENSG00000120049,KCNIP2
0.004860932255106017,0.0023915212194840006,ENSG00000103485.19,ENSG00000103485,QPRT
-0.007985265972487218,0.012682565637375428,ENSG00000188611.16,ENSG00000188611,ASAH2
-0.008169948725802168,0.018921219237073458,ENSG00000055813.6,ENSG00000055813,CCDC85A
-0.004091132595549305,2.334260743826393e-05,ENSG00000142609.18,ENSG00000142609,CFAP74
-0.015517907888215653,0.004658141812375697,ENSG00000167971.16,ENSG00000167971,CASKIN1
0.007441183707261384,0.01612655125839977,ENSG00000163884.4,ENSG00000163884,KLF15
0.018662783874245827,0.020716033245668997,ENSG00000211750.2,ENSG00000211750,TRBV24-1
0.02054486040619915,0.02046072984654812,ENSG00000143184.5,ENSG00000143184,XCL1
0.005168755783407784,-0.00549375522018476,ENSG00000073067.14,ENSG00000073067,CYP2W1
-0.017576554821575576,0.011641734925427976,ENSG00000262884.1,ENSG00000262884,AC015921.1
0.008904648304301708,0.006343191589051031,ENSG00000285373.2,ENSG00000285373,LINC02478
-0.01987234613101572,0.014070957785226093,ENSG00000270624.1,ENSG00000270624,AC008555.3
0.009500078642254358,-0.011076392235319529,ENSG00000250982.2,ENSG00000250982,GAPDHP35
-0.008188682792513667,0.02369390975035708,ENSG00000115896.16,ENSG00000115896,PLCL1
0.002817202063042764,-0.005459052732202,ENSG00000236924.1,ENSG00000236924,AL162411.1
0.014482051994240182,0.006220260810687445,ENSG00000226012.1,ENSG00000226012,AP001434.1
-0.022607795694894923,0.0064453430556834545,ENSG00000167964.13,ENSG00000167964,RAB26
0.0046474155953487774,0.026108113205452907,ENSG00000166448.15,ENSG00000166448,TMEM130
0.001629309093845022,0.002763129244964917,ENSG00000175329.13,ENSG00000175329,ISX
-0.004002217439512669,0.008616704169588384,ENSG00000260918.1,ENSG00000260918,AC107398.3
-0.00665576696639092,0.020471334653787702,ENSG00000101049.17,ENSG00000101049,SGK2
0.0014181438309663445,0.012184816743536246,ENSG00000160201.12,ENSG00000160201,U2AF1
0.016282286344578192,-0.0032880327520775003,ENSG00000231982.1,ENSG00000231982,AC112907.2
0.010977847673445654,0.01835029203484955,ENSG00000185668.8,ENSG00000185668,POU3F1
0.022338666955031096,0.014410115913111214,ENSG00000136842.14,ENSG00000136842,TMOD1
-0.0004900000323117379,0.001920030349920864,ENSG00000228714.4,ENSG00000228714,AL691420.1
0.004275982811778246,-0.0047618560398379915,ENSG00000155070.8,ENSG00000155070,UNC93B2
-0.008231870846180406,0.007179389867383412,ENSG00000279281.1,ENSG00000279281,AC015883.1
0.0007883315670449891,0.01655325278922056,ENSG00000124749.17,ENSG00000124749,COL21A1
-0.011747226455689699,0.014389123279060443,ENSG00000111058.8,ENSG00000111058,ACSS3
0.013206012347161731,0.0003289301623339922,ENSG00000065833.9,ENSG00000065833,ME1
0.02206582273049579,0.013480548306612352,ENSG00000228956.8,ENSG00000228956,SATB1-AS1
-0.005056991883390135,0.025085401052206968,ENSG00000133110.15,ENSG00000133110,POSTN
0.013849825291761226,0.025223526612693666,ENSG00000286330.1,ENSG00000286330,AL353660.1
-0.01400778793278814,0.014449412539852454,ENSG00000273409.3,ENSG00000273409,LINC02712
-0.0014035432035714838,0.0024859309834348794,ENSG00000238741.1,ENSG00000238741,SCARNA7
-0.004591895692245114,0.006650340041020107,ENSG00000239335.4,ENSG00000239335,LLPH-DT
-0.007076811761507375,0.003761714255501165,ENSG00000265702.2,ENSG00000265702,AC005821.1
0.013280457514093832,0.008383435950296612,ENSG00000153157.13,ENSG00000153157,SYCP2L
0.0035759341427854846,-0.004644891143077452,ENSG00000185130.5,ENSG00000185130,H2BC13
-0.003818699259253051,0.01392335702610523,ENSG00000227582.2,ENSG00000227582,ADGRF5P1
0.012700023591530862,0.028325020187846276,ENSG00000235366.2,ENSG00000235366,LINC01055
-0.001801858898564325,0.003290560955577198,ENSG00000266066.1,ENSG00000266066,POLRMTP1
-0.009513383859929208,0.022330358539721682,ENSG00000115423.19,ENSG00000115423,DNAH6
0.0007963474773119263,0.009361633224437203,ENSG00000233421.4,ENSG00000233421,LINC01783
0.002859314698780027,0.013173682372995772,ENSG00000184305.15,ENSG00000184305,CCSER1
-0.008544548946842274,0.015499961451004837,ENSG00000186912.6,ENSG00000186912,P2RY4
-0.016956257368240652,0.007455135850509375,ENSG00000260907.1,ENSG00000260907,AC015818.2
0.02045711390627852,0.0017799603464213666,ENSG00000255910.2,ENSG00000255910,AC024901.1
-0.008654037943512554,0.0026853642819730183,ENSG00000223940.1,ENSG00000223940,KRT8P8
0.003847003561152774,0.008528930059794847,ENSG00000218537.1,ENSG00000218537,MIF-AS1
0.013318616120278954,0.00549561526799215,ENSG00000144821.10,ENSG00000144821,MYH15
-0.0039157134037998845,0.010733091242510907,ENSG00000214659.4,ENSG00000214659,KRT8P26
-0.004306131319662673,-0.001056330011663402,ENSG00000278716.1,ENSG00000278716,AC133540.1
-0.00648893890961221,0.0007752060975652149,ENSG00000099194.6,ENSG00000099194,SCD
0.0042252453622145065,-0.002218291133943335,ENSG00000100314.4,ENSG00000100314,CABP7
0.01348154377842655,-0.00747808584883223,ENSG00000263513.5,ENSG00000263513,FAM72C
0.005124579677651313,0.008360247727311526,ENSG00000279044.1,ENSG00000279044,AC007787.2
0.013915818538316095,-0.001635000264747981,ENSG00000180861.9,ENSG00000180861,LINC01559
-0.01459404976463305,0.010429246769705965,ENSG00000165807.8,ENSG00000165807,PPP1R36
0.02013532376171289,0.01300730540407559,ENSG00000259370.2,ENSG00000259370,AC103740.1
0.006408820330578988,0.011818006593081881,ENSG00000271811.1,ENSG00000271811,Z97200.1
-0.006377498421167429,0.01846716978537463,ENSG00000213045.3,ENSG00000213045,AC097065.1
-0.003932036682548565,-0.0012826772377712706,ENSG00000261693.1,ENSG00000261693,AC134682.1
0.01157433135781642,0.023930988696088246,ENSG00000102962.5,ENSG00000102962,CCL22
-0.010479694637758784,0.01177643376110356,ENSG00000265660.1,ENSG00000265660,MIR4664
-0.01356173171352252,0.004195339337651059,ENSG00000279521.1,ENSG00000279521,AL359396.2
0.011175153884417888,0.008730749203778452,ENSG00000152969.20,ENSG00000152969,JAKMIP1
0.011155584609129994,-0.004910627387089397,ENSG00000136535.15,ENSG00000136535,TBR1
0.013328251026574875,0.004662372163866995,ENSG00000198915.12,ENSG00000198915,RASGEF1A
0.004333204161209096,0.021285616491432256,ENSG00000288048.1,ENSG00000288048,AC104088.3
0.010551400990993788,0.0067779937157183105,ENSG00000240665.1,ENSG00000240665,LSP1P2
0.012147512001013914,0.006776620052397698,ENSG00000287185.1,ENSG00000287185,AC041005.1
0.013646772890702498,-0.006028325765774293,ENSG00000220891.1,ENSG00000220891,LL22NC03-63E9.3
-0.0018406204651746426,0.0026706914558790725,ENSG00000187475.6,ENSG00000187475,H1-6
-0.008529515099939844,0.011585318094831829,ENSG00000186723.4,ENSG00000186723,OR10H1
0.004176660352679427,0.009615716074780711,ENSG00000096696.14,ENSG00000096696,DSP
-0.00760203757866029,0.01059887159961472,ENSG00000186051.7,ENSG00000186051,TAL2
-0.016712531142034727,0.011657014729025151,ENSG00000219395.2,ENSG00000219395,HSPA8P15
-0.003490842565243251,0.013974341961639072,ENSG00000249288.1,ENSG00000249288,SLC25A15P5
0.02158090524489315,0.020053751358138746,ENSG00000206432.4,ENSG00000206432,TMEM200C
0.012861728263577052,0.020944611234209425,ENSG00000101680.15,ENSG00000101680,LAMA1
0.020016888133838177,-0.0018603461660280706,ENSG00000131015.5,ENSG00000131015,ULBP2
0.002524576783821339,0.015012057099518307,ENSG00000163817.16,ENSG00000163817,SLC6A20
0.00857547704373868,0.0007256601793157909,ENSG00000134612.12,ENSG00000134612,FOLH1B
0.004531266402284124,0.015606550749946746,ENSG00000254786.1,ENSG00000254786,AP001636.1
-0.014470809420790735,0.013253807587689393,ENSG00000272485.1,ENSG00000272485,AL392183.1
-0.004780062847185727,0.018360076229004763,ENSG00000127903.14,ENSG00000127903,ZNF835
0.006733402879522375,0.00028448269008601927,ENSG00000227121.2,ENSG00000227121,LINC02672
-0.00973748173153915,0.015234093555514111,ENSG00000259354.5,ENSG00000259354,AC025580.2
0.00249344762427145,0.0076223723899825355,ENSG00000286378.1,ENSG00000286378,AL713852.2
-0.018787318770729765,0.024084302223124604,ENSG00000172915.18,ENSG00000172915,NBEA
-0.005270630333996759,0.010093180210281138,ENSG00000228696.10,ENSG00000228696,ARL17B
0.005274096824702107,0.0004864661792198238,ENSG00000151012.13,ENSG00000151012,SLC7A11
0.011835760879004502,0.01253455978532006,ENSG00000256948.1,ENSG00000256948,AC026369.3
0.02160323919465961,0.004334726548708592,ENSG00000163235.16,ENSG00000163235,TGFA
-0.026741510727127937,0.018640662340420257,ENSG00000196177.13,ENSG00000196177,ACADSB
0.017122523538066054,-0.0031594037742866737,ENSG00000253824.2,ENSG00000253824,AP003472.1
-0.005119409834591694,0.02170851022278036,ENSG00000134532.19,ENSG00000134532,SOX5
-0.00655782875067071,0.01573565043101528,ENSG00000251791.1,ENSG00000251791,SCARNA6
0.018129905179319658,0.006507146603158893,ENSG00000156510.13,ENSG00000156510,HKDC1
0.0006455279290048365,0.003384556961916788,ENSG00000201998.1,ENSG00000201998,SNORA23
0.008110545409903771,0.002524639680019105,ENSG00000233124.2,ENSG00000233124,LINC00456
-0.012265988511609493,0.019930407257801788,ENSG00000287306.1,ENSG00000287306,AC016821.1
0.0007723218199441461,0.03363384623732942,ENSG00000102010.15,ENSG00000102010,BMX
0.02859954816894826,0.0111587183253215,ENSG00000111728.10,ENSG00000111728,ST8SIA1
0.024558612249830636,0.019513419245820004,ENSG00000180644.8,ENSG00000180644,PRF1
0.021109751625659035,-9.173058171844549e-05,ENSG00000287260.1,ENSG00000287260,AL357075.3
0.017905657471907387,0.02020904421479232,ENSG00000224137.1,ENSG00000224137,LINC01857
-0.016019485525846602,0.008888804691473334,ENSG00000232022.7,ENSG00000232022,FAAHP1
-0.009938961394976497,0.011323882241509209,ENSG00000259033.2,ENSG00000259033,AL356804.1
0.0022959340724477664,0.004801023850803707,ENSG00000121743.4,ENSG00000121743,GJA3
0.020554729665579995,0.014338493403361472,ENSG00000170128.5,ENSG00000170128,GPR25
-0.0005518907330748985,0.0028965677809786906,ENSG00000225630.1,ENSG00000225630,MTND2P28
0.013636085202968771,0.0013844939887972458,ENSG00000231298.7,ENSG00000231298,MANCR
0.0028843578213284433,0.01044710332862069,ENSG00000256001.2,ENSG00000256001,AC079949.1
-0.0027547159427930485,0.003630276268994166,ENSG00000186998.16,ENSG00000186998,EMID1
0.02486923957189026,0.004697117950708326,ENSG00000287839.1,ENSG00000287839,AL353807.5
-0.017089811115337198,0.023684854824190818,ENSG00000110318.15,ENSG00000110318,CEP126
-0.0005329272369930888,0.03149318999278481,ENSG00000011465.18,ENSG00000011465,DCN
-0.011545765076785256,0.0167765200277728,ENSG00000232306.2,ENSG00000232306,AC012485.2
0.006609089135007775,-0.004688725084055696,ENSG00000214975.4,ENSG00000214975,PPIAP29
