mean_basal,mean_luminal_a,mean_difference,p_value,FDR,regulation,Ensembl_ID_versioned,Ensembl_ID,gene_symbol,minus_log10_FDR
9.143688398824738,2.6431515439267463,6.500536854897991,2.0203051897737183e-82,7.524514440135003e-79,Basal-up,ENSG00000280916.2,ENSG00000280916,FOXCUT,78.123521520023
9.994717504029532,3.779097119861454,6.215620384168078,1.3281801807507275e-65,1.5957204178768596e-63,Basal-up,ENSG00000102243.13,ENSG00000102243,VGLL1,62.79704319795373
6.299499753889131,0.21082656848286702,6.088673185406264,1.2046034925703875e-71,3.1060237746891837e-69,Basal-up,ENSG00000204019.5,ENSG00000204019,CT83,68.50779522433933
8.795816271716802,2.7631255442703213,6.0326907274464805,4.764490716791629e-65,5.41375351955442e-63,Basal-up,ENSG00000156219.17,ENSG00000156219,ART3,62.26650152092129
8.76666015568156,2.7907065702740064,5.975953585407554,2.37797812398924e-71,5.776074399718793e-69,Basal-up,ENSG00000065371.17,ENSG00000065371,ROPN1,68.2383672213977
8.17695176201804,2.2943384992311473,5.882613262786894,1.9637263780546104e-52,8.096446272126758e-51,Basal-up,ENSG00000143452.16,ENSG00000143452,HORMAD1,50.0917055617468
10.212900943763534,4.340520432208258,5.872380511555276,1.248290376686802e-65,1.5105665496946425e-63,Basal-up,ENSG00000166535.20,ENSG00000166535,A2ML1,62.820860136641286
9.909251578699244,4.310084111216923,5.599167467482322,8.665241600017174e-67,1.2052236449484468e-64,Basal-up,ENSG00000261175.6,ENSG00000261175,LINC02188,63.9189323566121
10.221689397641637,4.63739372387835,5.584295673763287,6.020463169393988e-42,1.2105934339417305e-40,Basal-up,ENSG00000185686.18,ENSG00000185686,PRAME,39.91700168595841
7.4986240376363185,1.967236994604008,5.531387043032311,2.310390758101161e-67,3.411643093019864e-65,Basal-up,ENSG00000136928.7,ENSG00000136928,GABBR2,64.46703640858291
7.773957557756795,2.389288367256247,5.3846691905005475,7.29176056215467e-56,3.766098829636742e-54,Basal-up,ENSG00000258910.3,ENSG00000258910,LINC01956,53.42410828745193
6.859541052810013,1.4763323826345707,5.383208670175443,2.824216954416818e-70,5.8799846156553874e-68,Basal-up,ENSG00000229544.9,ENSG00000229544,NKX1-2,67.23062381020698
14.141303946407701,8.843982977420676,5.297320968987025,3.908628140421712e-58,2.426244727165477e-56,Basal-up,ENSG00000094755.17,ENSG00000094755,GABRP,55.61506539543271
12.282031770649017,7.051348158495057,5.2306836121539595,3.203293501790056e-62,2.7531896969231454e-60,Basal-up,ENSG00000186832.9,ENSG00000186832,KRT16,59.56016386434633
9.780926324406222,4.743297828293976,5.037628496112246,2.815124624927041e-38,4.569635710777453e-37,Basal-up,ENSG00000102854.16,ENSG00000102854,MSLN,36.34011842030327
8.823770851863689,3.7998688599271686,5.02390199193652,1.2089469453363292e-46,3.299991987595583e-45,Basal-up,ENSG00000164434.12,ENSG00000164434,FABP7,44.481487114590976
5.474960573693755,0.5642783591640137,4.910682214529741,5.396908128462689e-81,9.521282129793124e-78,Basal-up,ENSG00000257271.1,ENSG00000257271,KIRREL3-AS1,77.02130456585903
8.527263402110759,3.654729934439726,4.872533467671032,1.3882281753995575e-52,5.766221615786018e-51,Basal-up,ENSG00000152977.10,ENSG00000152977,ZIC1,50.2391086701921
5.5851888490890165,0.7366671269308754,4.848521722158141,1.4267806223841625e-60,1.082029105482288e-58,Basal-up,ENSG00000103355.13,ENSG00000103355,PRSS33,57.965761056992534
6.828272363688989,2.0621104224029247,4.7661619412860645,1.6690778631787938e-68,2.85446377417108e-66,Basal-up,ENSG00000186007.10,ENSG00000186007,LEMD1,65.5444754642276
10.484081127271539,5.769052279062549,4.7150288482089895,5.823488084769937e-69,1.0608876119646103e-66,Basal-up,ENSG00000198729.5,ENSG00000198729,PPP1R14C,65.97433062183748
5.837425622796587,1.1534924622923617,4.683933160504226,2.5140546446276185e-74,9.061409858915889e-72,Basal-up,ENSG00000254416.6,ENSG00000254416,LINC02732,71.04280422546759
11.863883897149982,7.203230389134308,4.660653508015674,4.365973989960109e-53,1.8762493351726007e-51,Basal-up,ENSG00000135374.11,ENSG00000135374,ELF5,50.72670944863591
8.896281556868528,4.279310122111409,4.61697143475712,7.992399490342171e-58,4.809788705857623e-56,Basal-up,ENSG00000114547.10,ENSG00000114547,ROPN1B,55.31787400177495
5.06221088712365,0.46075810652465743,4.601452780598993,4.130152740739997e-72,1.1075417589568377e-69,Basal-up,ENSG00000224853.3,ENSG00000224853,LINC00393,68.95563989007769
7.174974653107197,2.5865892734387455,4.588385379668452,2.3043866414436057e-41,4.4908744314645155e-40,Basal-up,ENSG00000167656.5,ENSG00000167656,LY6D,39.34766908799773
8.319292625159877,3.7554751933031607,4.563817431856716,6.27436630039679e-50,2.154884819562504e-48,Basal-up,ENSG00000107159.13,ENSG00000107159,CA9,47.66657593829456
11.397085100656502,6.8364505107785245,4.560634589877978,6.332382729557157e-79,5.73679646202043e-76,Basal-up,ENSG00000135069.14,ENSG00000135069,PSAT1,75.24133055834302
6.834289703460388,2.308606401903299,4.525683301557089,1.6418740716369418e-52,6.811338970454244e-51,Basal-up,ENSG00000189001.11,ENSG00000189001,SBSN,50.16676750624879
10.250948297920567,5.7772933259167365,4.473654972003831,1.1796269018449466e-27,1.031865703283993e-26,Basal-up,ENSG00000181617.6,ENSG00000181617,FDCSP,25.986376822202967
5.758993132271656,1.327737610953465,4.431255521318191,4.209497109515961e-58,2.6033642640401295e-56,Basal-up,ENSG00000082556.14,ENSG00000082556,OPRK1,55.58446506093629
9.353060445311161,4.924727135556859,4.4283333097543025,6.379619579973207e-40,1.1472363107333794e-38,Basal-up,ENSG00000166426.8,ENSG00000166426,CRABP1,37.94034711577183
7.1976161275072315,2.7714408924916696,4.426175235015561,4.1119381214489735e-56,2.1542282225452284e-54,Basal-up,ENSG00000203688.6,ENSG00000203688,LINC02487,53.66670828871603
7.709648991602354,3.2931443247256666,4.416504666876687,4.458701272100496e-77,2.7676975303853448e-74,Basal-up,ENSG00000188763.5,ENSG00000188763,FZD9,73.55788137377534
9.863571874689658,5.4568728647053915,4.4066990099842664,2.2412986856417083e-60,1.658462073790509e-58,Basal-up,ENSG00000174607.11,ENSG00000174607,UGT8,57.780294455607766
7.086010418516526,2.6826370995842654,4.40337331893226,1.7593714667325303e-56,9.558206088310277e-55,Basal-up,ENSG00000088386.17,ENSG00000088386,SLC15A1,54.01962360971698
5.690211363326213,1.2963868414578235,4.39382452186839,2.2241934937095104e-70,4.659685369321424e-68,Basal-up,ENSG00000213130.3,ENSG00000213130,EEF1DP5,67.3316434066964
9.113249909107937,4.730913614519914,4.382336294588023,6.522781369489008e-39,1.0970578600364853e-37,Basal-up,ENSG00000205420.11,ENSG00000205420,KRT6A,36.95977046665327
5.788265359130963,1.4075203634928568,4.380744995638106,1.4821574942414895e-60,1.1164476226286456e-58,Basal-up,ENSG00000259374.2,ENSG00000259374,NDUFB4P11,57.95216164674116
7.587777662099095,3.236125231003546,4.351652431095548,5.274080266277485e-57,2.9762149920138263e-55,Basal-up,ENSG00000140519.14,ENSG00000140519,RHCG,54.52633569998341
7.80953079014044,3.4700386650092874,4.3394921251311525,1.5039153560883694e-66,2.00044614032072e-64,Basal-up,ENSG00000179066.8,ENSG00000179066,AC020907.1,63.698873137
7.590534805424589,3.261365186275162,4.329169619149427,1.0785890176376976e-70,2.378572623106291e-68,Basal-up,ENSG00000248538.8,ENSG00000248538,AC022784.1,67.62368358406631
7.1000545785448645,2.797216532447447,4.302838046097417,3.9069432440082707e-56,2.0526761369773862e-54,Basal-up,ENSG00000179869.15,ENSG00000179869,ABCA13,53.68767956646905
10.896796396453821,6.594187113469118,4.302609282984703,1.474490653190339e-76,8.52153908533451e-74,Basal-up,ENSG00000119866.22,ENSG00000119866,BCL11A,73.06948195970483
6.448687706619169,2.1613703972256886,4.28731730939348,5.277378536745536e-65,5.976274613233458e-63,Basal-up,ENSG00000174502.19,ENSG00000174502,SLC26A9,62.22356945465454
8.944018189687778,4.661015705530805,4.283002484156973,1.9593267930108216e-37,3.027968377211745e-36,Basal-up,ENSG00000167755.15,ENSG00000167755,KLK6,35.518848664731465
6.624285149310591,2.345520348020508,4.278764801290083,1.380289907812313e-49,4.6174967774320093e-48,Basal-up,ENSG00000137440.5,ENSG00000137440,FGFBP1,47.335593398983335
8.695572265966309,4.4655199268754,4.230052339090909,7.521853494098558e-57,4.188247992062852e-55,Basal-up,ENSG00000026559.14,ENSG00000026559,KCNG1,54.377967611043864
7.89291226005647,3.6707110353816836,4.2222012246747855,4.448877030640072e-66,5.606254062671248e-64,Basal-up,ENSG00000281406.2,ENSG00000281406,BLACAT1,63.251327224892535
5.233587403872507,1.0136832923813677,4.2199041114911395,2.135304917480959e-74,7.779937047169755e-72,Basal-up,ENSG00000287313.1,ENSG00000287313,AC016995.1,71.10902391717192
4.9371970998184285,0.7209000828842803,4.216297016934148,1.0751026937280921e-66,1.4769443563018709e-64,Basal-up,ENSG00000152192.8,ENSG00000152192,POU4F1,63.830635866371374
7.76732573800752,3.5534059007614514,4.213919837246069,8.400262704969276e-50,2.86446394578403e-48,Basal-up,ENSG00000228639.8,ENSG00000228639,ROCR,47.54295663972457
8.773236877796252,4.566127732992134,4.207109144804118,1.9835274470984201e-56,1.0723845165603072e-54,Basal-up,ENSG00000188910.8,ENSG00000188910,GJB3,53.96964946513019
9.666357828403886,5.478641607898047,4.1877162205058385,6.277107589419994e-45,1.53582953574714e-43,Basal-up,ENSG00000268104.3,ENSG00000268104,SLC6A14,42.81365698469036
7.6199712304389315,3.4325759819915165,4.187395248447415,1.1055932995653792e-44,2.666150172764857e-43,Basal-up,ENSG00000124102.5,ENSG00000124102,PI3,42.57411539229413
10.690121401989316,6.506625656624139,4.183495745365177,2.5337404664622822e-51,9.54280679054109e-50,Basal-up,ENSG00000163064.7,ENSG00000163064,EN1,49.020323869073664
5.146196821805429,0.973934778155119,4.17226204365031,2.4133328245357634e-67,3.548022643791175e-65,Basal-up,ENSG00000254607.2,ENSG00000254607,AP001783.1,64.45001361712606
6.374148820351116,2.208952205853161,4.165196614497955,8.1017231675880145e-50,2.7654761769607967e-48,Basal-up,ENSG00000240280.7,ENSG00000240280,TCAM1P,47.55823007838412
11.951376523084976,7.794392618504055,4.156983904580921,5.92770397931878e-46,1.5402840107501201e-44,Basal-up,ENSG00000185479.6,ENSG00000185479,KRT6B,43.812399192845845
4.962505523989632,0.8114695352779071,4.151035988711725,1.1454911886344878e-67,1.7374146897297752e-65,Basal-up,ENSG00000205325.3,ENSG00000205325,AC005863.1,64.76009651087551
7.069377143332051,2.923425343248808,4.145951800083243,2.068207091898274e-71,5.113219611385743e-69,Basal-up,ENSG00000246228.6,ENSG00000246228,CASC8,68.2913055540435
6.575915877171008,2.4824507834245724,4.093465093746436,2.9600760153845e-54,1.3799964956284901e-52,Basal-up,ENSG00000163735.7,ENSG00000163735,CXCL5,51.86012201644742
5.200248106541899,1.1246323783712802,4.075615728170619,1.072877803217993e-56,5.895551469486414e-55,Basal-up,ENSG00000231817.9,ENSG00000231817,LINC01198,54.22947556479228
6.82824995866855,2.7569218571203074,4.071328101548243,3.310838576597198e-34,4.2423283290343295e-33,Basal-up,ENSG00000117148.8,ENSG00000117148,ACTL8,32.372395722908124
6.626823584343323,2.562108819163002,4.064714765180321,8.702391023018794e-28,7.678445567033166e-27,Basal-up,ENSG00000072041.17,ENSG00000072041,SLC6A15,26.114726690123113
4.581340280103077,0.5176971946470542,4.063643085456023,1.2378119074888086e-42,2.602977110352877e-41,Basal-up,ENSG00000280081.4,ENSG00000280081,LINC01667,40.58452965090388
9.697491219002584,5.634762698875475,4.062728520127109,1.0762843171716632e-62,9.62054674975844e-61,Basal-up,ENSG00000081985.13,ENSG00000081985,IL12RB2,60.0168002456695
8.460179910408742,4.403803167100317,4.056376743308426,2.084999078511363e-68,3.5120185483266776e-66,Basal-up,ENSG00000154645.14,ENSG00000154645,CHODL,65.45444319908295
6.363558863995971,2.3121996226394614,4.05135924135651,1.6335239429656908e-32,1.8986034177604007e-31,Basal-up,ENSG00000107807.13,ENSG00000107807,TLX1,30.72156574166908
8.392506401278224,4.3771198377931535,4.0153865634850705,2.6146744073618038e-51,9.836575323767415e-50,Basal-up,ENSG00000132164.10,ENSG00000132164,SLC6A11,49.00715607807988
5.31132224351982,1.3017477897099465,4.009574453809874,5.597590206700727e-39,9.452454595899665e-38,Basal-up,ENSG00000110148.10,ENSG00000110148,CCKBR,37.0244554000588
4.529134387382991,0.5330939521390116,3.996040435243979,2.4110976232678787e-62,2.0937821847652667e-60,Basal-up,ENSG00000173237.4,ENSG00000173237,C11orf86,59.67906849977023
7.933157370009401,3.949425708584431,3.9837316614249705,8.093938957264616e-50,2.7654761769607967e-48,Basal-up,ENSG00000141639.12,ENSG00000141639,MAPK4,47.55823007838412
6.923395223609523,2.9634502272196017,3.9599449963899214,3.870684078455648e-56,2.036818372210884e-54,Basal-up,ENSG00000146013.11,ENSG00000146013,GFRA3,53.69104769631325
4.702229399121902,0.7888757080970611,3.9133536910248408,3.171732257457389e-62,2.733071086631663e-60,Basal-up,ENSG00000183674.12,ENSG00000183674,LINC00518,59.56334907224793
7.3747117152763275,3.4618366957428726,3.912875019533455,1.8098339642891643e-59,1.2431482476019013e-57,Basal-up,ENSG00000130829.18,ENSG00000130829,DUSP9,56.90547707789383
12.741748233607318,8.844907979260288,3.8968402543470297,5.250580724055896e-50,1.812558865812087e-48,Basal-up,ENSG00000007062.12,ENSG00000007062,PROM1,47.741707880104705
7.944470635236501,4.071575016452528,3.8728956187839723,1.8851366395317874e-40,3.489220328940116e-39,Basal-up,ENSG00000142449.13,ENSG00000142449,FBN3,38.45727160589677
12.40903146354667,8.536764703732386,3.872266759814284,2.3482805745580453e-79,2.5391730599737316e-76,Basal-up,ENSG00000054598.9,ENSG00000054598,FOXC1,75.59530769832664
10.815752306267266,6.950028058895316,3.8657242473719498,3.6489280007135315e-39,6.240411560403958e-38,Basal-up,ENSG00000181143.15,ENSG00000181143,MUC16,37.204786767285796
6.147825463859517,2.3031945667402245,3.8446308971192926,3.554361626945527e-44,8.337452885599306e-43,Basal-up,ENSG00000104044.16,ENSG00000104044,OCA2,42.07896660723816
6.378202677780923,2.538483198196776,3.8397194795841467,1.0552208983949443e-55,5.383714537929761e-54,Basal-up,ENSG00000136231.14,ENSG00000136231,IGF2BP3,53.268917975880775
5.934719826157008,2.0999955201247658,3.8347243060322422,1.401378971086757e-51,5.4305460243731895e-50,Basal-up,ENSG00000155918.8,ENSG00000155918,RAET1L,49.26515650126746
8.003315560125897,4.175338908926981,3.8279766511989157,1.5206679927029528e-36,2.2288059079756437e-35,Basal-up,ENSG00000272620.2,ENSG00000272620,AFAP1-AS1,34.65192774971865
7.185335602680296,3.381059893600382,3.804275709079914,1.3636606076071402e-37,2.123079589734851e-36,Basal-up,ENSG00000179455.10,ENSG00000179455,MKRN3,35.6730337247531
9.097104067177268,5.296883048415184,3.800221018762084,6.376059650883407e-51,2.340914780915792e-49,Basal-up,ENSG00000019169.10,ENSG00000019169,MARCO,48.630614396150314
6.181980914297317,2.387714055964698,3.794266858332619,3.543573075666693e-59,2.3803721341953415e-57,Basal-up,ENSG00000186897.5,ENSG00000186897,C1QL4,56.62335514244187
8.339392681479664,4.595285151871382,3.744107529608282,1.9363100823180082e-57,1.1268248951267296e-55,Basal-up,ENSG00000069482.7,ENSG00000069482,GAL,54.94814356664124
9.012336117376062,5.2704887849187765,3.7418473324572856,2.873900721323231e-28,2.6057114465446227e-27,Basal-up,ENSG00000130294.17,ENSG00000130294,KIF1A,26.584073679226613
10.913797310577754,7.207060935921533,3.706736374656221,7.595949169563285e-23,4.916320064950016e-22,Basal-up,ENSG00000205426.10,ENSG00000205426,KRT81,21.308359851188992
10.735151848164826,7.042912181099794,3.6922396670650315,1.2022641110695317e-75,5.4459314868987435e-73,Basal-up,ENSG00000144354.14,ENSG00000144354,CDCA7,72.26392782664809
5.498136721761807,1.8412501993425985,3.656886522419209,7.220176537508626e-33,8.58532520529582e-32,Basal-up,ENSG00000006377.11,ENSG00000006377,DLX6,31.066243249461657
5.918039401136311,2.2662699948257092,3.651769406310602,5.8274883638506904e-67,8.277008896452336e-65,Basal-up,ENSG00000286010.1,ENSG00000286010,AC108925.1,64.08212657800424
5.451918396462947,1.8122059330676317,3.6397124633953153,1.3364461898768263e-34,1.7492259384877477e-33,Basal-up,ENSG00000136155.17,ENSG00000136155,SCEL,32.757154091321134
6.5259907286971455,2.8896313128938793,3.636359415803266,7.968382111684358e-46,2.056198370928866e-44,Basal-up,ENSG00000174963.18,ENSG00000174963,ZIC4,43.68693498926629
6.764700247061921,3.130702593431242,3.633997653630679,4.339619616825342e-41,8.307484269330981e-40,Basal-up,ENSG00000187957.8,ENSG00000187957,DNER,39.08053047240847
7.384265200288683,3.7518144468077,3.6324507534809825,7.835152731383864e-54,3.5684010809237376e-52,Basal-up,ENSG00000115596.4,ENSG00000115596,WNT6,51.44752633774814
6.118321081231132,2.493319584587199,3.625001496643933,1.0426555312710225e-34,1.3748943118884608e-33,Basal-up,ENSG00000132975.8,ENSG00000132975,GPR12,32.861730684762996
10.232894634953881,6.613720950437023,3.6191736845168583,1.4204257854581328e-51,5.497999114152034e-50,Basal-up,ENSG00000176887.7,ENSG00000176887,SOX11,49.25979533446689
4.693365534110534,1.0798993532631633,3.6134661808473703,1.067525463828725e-62,9.567768328218948e-61,Basal-up,ENSG00000164076.17,ENSG00000164076,CAMKV,60.01918934913684
4.640532107336016,1.0309353428029626,3.6095967645330536,2.4259913023524667e-49,7.956871668772474e-48,Basal-up,ENSG00000148604.15,ENSG00000148604,RGR,47.09925764633674
4.044561699704177,0.4372870097316289,3.6072746899725483,9.907986466113387e-43,2.0940460677435103e-41,Basal-up,ENSG00000275216.2,ENSG00000275216,AL161431.1,40.679013768336866
5.183833437108994,1.5888638695582713,3.5949695675507227,5.800661556591433e-61,4.51132657487111e-59,Basal-up,ENSG00000152463.15,ENSG00000152463,OLAH,58.345695733192514
8.944728022444151,5.356593503746714,3.588134518697437,1.4411580610651242e-28,1.3311550897465683e-27,Basal-up,ENSG00000161798.7,ENSG00000161798,AQP5,26.87577134294958
5.316069271841607,1.727975718903252,3.5880935529383544,3.766347512720924e-43,8.134534060979728e-42,Basal-up,ENSG00000144119.4,ENSG00000144119,C1QL2,41.08966731802407
6.109675588026197,2.523344161375705,3.5863314266504918,3.275321472414074e-58,2.0406835642252744e-56,Basal-up,ENSG00000146090.16,ENSG00000146090,RASGEF1C,55.69022433333645
9.55311137322965,5.982058272667619,3.5710531005620307,7.595645337612019e-38,1.204380471697043e-36,Basal-up,ENSG00000167614.14,ENSG00000167614,TTYH1,35.91923629492528
5.062905958736106,1.494836385867805,3.568069572868301,1.7551806620664085e-47,5.0156569303040075e-46,Basal-up,ENSG00000163218.15,ENSG00000163218,PGLYRP4,45.29967217679682
5.57971359747779,2.0288140920901854,3.5508995053876045,8.77448775834807e-51,3.183125862119343e-49,Basal-up,ENSG00000148798.11,ENSG00000148798,INA,48.497146188855204
10.697248359971232,7.166372517748787,3.5308758422224447,6.672696659350084e-29,6.282831236556597e-28,Basal-up,ENSG00000100146.18,ENSG00000100146,SOX10,27.20184460573314
5.687452148178725,2.167803005231284,3.519649142947441,1.2258367621608417e-45,3.1318634350328823e-44,Basal-up,ENSG00000103546.18,ENSG00000103546,SLC6A2,43.50419718362071
5.09934129833362,1.5831142522258124,3.5162270461078076,3.46909519608425e-29,3.3214530412094846e-28,Basal-up,ENSG00000183072.10,ENSG00000183072,NKX2-5,27.478671883245845
10.16642292208654,6.655891898114428,3.5105310239721117,8.27146933720605e-55,3.9722013206754554e-53,Basal-up,ENSG00000163362.11,ENSG00000163362,INAVA,52.40096874853447
6.100738389993645,2.5916932574587617,3.5090451325348835,8.367331224233044e-49,2.645971156946148e-47,Basal-up,ENSG00000275874.1,ENSG00000275874,PICSAR,46.577414894255625
6.567427611804624,3.0670344730025154,3.500393138802109,2.364864430999227e-29,2.282472091191883e-28,Basal-up,ENSG00000259439.2,ENSG00000259439,LINC01833,27.64159452407426
5.941996751589309,2.442891558458767,3.4991051931305415,1.9604542170268474e-59,1.3438532792380352e-57,Basal-up,ENSG00000253348.1,ENSG00000253348,AC008514.1,56.87164814459739
9.368404778579153,5.8707849463201045,3.4976198322590486,1.2719614920829079e-59,8.827360085842457e-58,Basal-up,ENSG00000111344.11,ENSG00000111344,RASAL1,57.05416915730246
10.298762356973725,6.805717471710929,3.4930448852627967,2.4410461355684363e-53,1.0766298218980788e-51,Basal-up,ENSG00000114805.18,ENSG00000114805,PLCH1,50.9679335946983
5.231288781732427,1.757721209771902,3.4735675719605252,1.160222092363394e-39,2.0522767565182568e-38,Basal-up,ENSG00000238266.2,ENSG00000238266,LINC00707,37.687764073519254
5.558318697454724,2.0863312061149957,3.4719874913397284,5.669025674715228e-46,1.4776496159910921e-44,Basal-up,ENSG00000170523.3,ENSG00000170523,KRT83,43.83042853473797
8.145464870181568,4.676768364103989,3.4686965060775794,1.0487145525071442e-38,1.7454275968242042e-37,Basal-up,ENSG00000165186.12,ENSG00000165186,PTCHD1,36.75809816171768
3.977661585426373,0.545512569036526,3.432149016389847,3.003273266490449e-52,1.2217199016111634e-50,Basal-up,ENSG00000120289.12,ENSG00000120289,MAGEB4,49.91302835148146
9.52924266992235,6.104422208724721,3.42482046119763,3.6234750956986913e-56,1.9248634739749624e-54,Basal-up,ENSG00000101311.16,ENSG00000101311,FERMT1,53.71560006854613
11.950907541998184,8.534289930447857,3.4166176115503273,3.330488015283844e-46,8.81120428352916e-45,Basal-up,ENSG00000081277.13,ENSG00000081277,PKP1,44.05496472973234
14.178110820893071,10.78179348572022,3.396317335172851,1.263752702958454e-47,3.648664134639739e-46,Basal-up,ENSG00000104332.12,ENSG00000104332,SFRP1,45.437866112296064
9.777700003680163,6.3850502023344085,3.3926498013457547,9.822045583039725e-46,2.522873317574648e-44,Basal-up,ENSG00000198732.11,ENSG00000198732,SMOC1,43.59810455640259
11.439449554920834,8.050156657146093,3.389292897774741,1.502177505115923e-47,4.31843824798334e-46,Basal-up,ENSG00000206075.14,ENSG00000206075,SERPINB5,45.364673286266964
3.6528474071350048,0.26358202521984125,3.3892653819151635,1.6475772980465625e-64,1.775781062074623e-62,Basal-up,ENSG00000112238.12,ENSG00000112238,PRDM13,61.750610579882924
4.095768579310788,0.7250503907764512,3.370718188534337,9.884512673533052e-58,5.895531402434661e-56,Basal-up,ENSG00000137090.12,ENSG00000137090,DMRT1,55.22947704302968
4.943969565062601,1.5759170139682392,3.3680525510943617,4.357173794515511e-46,1.1437154705729048e-44,Basal-up,ENSG00000171403.10,ENSG00000171403,KRT9,43.941682004327475
11.356372436840854,7.992192910381865,3.3641795264589884,1.8436335966709667e-34,2.3990139037426554e-33,Basal-up,ENSG00000157765.13,ENSG00000157765,SLC34A2,32.619967235024575
8.84788217175506,5.492426861918368,3.3554553098366924,8.815727178533373e-39,1.4738312968799934e-37,Basal-up,ENSG00000262406.3,ENSG00000262406,MMP12,36.83155222545065
5.9226791563683445,2.57081994087597,3.3518592154923743,6.293255902671608e-48,1.8684671200846085e-46,Basal-up,ENSG00000164485.15,ENSG00000164485,IL22RA2,45.728514540143195
5.787147683578659,2.4372114923378216,3.349936191240837,2.0435223204266782e-19,1.0770262292563247e-18,Basal-up,ENSG00000071991.9,ENSG00000071991,CDH19,17.967773720023672
4.700088464998439,1.3506836495395398,3.3494048154588993,8.989997079579975e-37,1.3363401423836842e-35,Basal-up,ENSG00000131686.15,ENSG00000131686,CA6,34.87408298560399
8.254439159095956,4.90566076250032,3.3487783965956357,3.034624844037985e-64,3.1887343188762775e-62,Basal-up,ENSG00000186603.6,ENSG00000186603,HPDL,61.49638166409121
11.267486861502148,7.919704811235475,3.347782050266673,6.54658981390396e-66,8.127470020817064e-64,Basal-up,ENSG00000164626.9,ENSG00000164626,KCNK5,63.090044623778034
9.677046674548931,6.332865315011058,3.344181359537873,4.421231387115866e-38,7.097685636787539e-37,Basal-up,ENSG00000188505.5,ENSG00000188505,NCCRP1,36.148883239875985
4.858674932018611,1.5304863660421917,3.3281885659764194,7.602077437230237e-38,1.2048304288224942e-36,Basal-up,ENSG00000157851.17,ENSG00000157851,DPYSL5,35.919074072598534
5.751242183746588,2.4242571575235923,3.326985026222996,1.7769469811382652e-42,3.6995815408543264e-41,Basal-up,ENSG00000144481.17,ENSG00000144481,TRPM8,40.43184739614259
10.25852779342956,6.936263935797108,3.3222638576324517,1.2583363715212082e-34,1.6495672731087563e-33,Basal-up,ENSG00000143546.10,ENSG00000143546,S100A8,32.782629968239796
5.592548697524021,2.2726727580364146,3.319875939487606,7.642631537319005e-58,4.61587403839519e-56,Basal-up,ENSG00000124159.15,ENSG00000124159,MATN4,55.33574605106036
5.272178107822534,1.960762405029311,3.311415702793223,1.72000007576827e-43,3.830857311611456e-42,Basal-up,ENSG00000136099.13,ENSG00000136099,PCDH8,41.41670402393283
7.013978285312059,3.7085144722444463,3.305463813067613,7.390389556468927e-33,8.778379090462028e-32,Basal-up,ENSG00000138083.5,ENSG00000138083,SIX3,31.056585668268802
4.755257035213598,1.4571699692566542,3.2980870659569437,1.0373280782906957e-55,5.300493473217091e-54,Basal-up,ENSG00000253217.1,ENSG00000253217,AP001574.1,53.275683695923995
4.521478347588348,1.226968660437422,3.2945096871509265,3.9411411002638326e-18,1.9176520493662892e-17,Basal-up,ENSG00000230257.5,ENSG00000230257,NFE4,16.7172301910907
7.948392597981514,4.67920053019295,3.2691920677885644,1.452552844518263e-72,4.057464279021014e-70,Basal-up,ENSG00000154548.9,ENSG00000154548,SRSF12,69.39174529491328
5.9173595083047825,2.6505148190963506,3.266844689208432,2.1343050859734217e-37,3.2953434583983924e-36,Basal-up,ENSG00000121742.19,ENSG00000121742,GJB6,35.48209931420694
5.252036324610509,1.9882634361869147,3.2637728884235937,6.53730035613966e-56,3.388570610126711e-54,Basal-up,ENSG00000167419.11,ENSG00000167419,LPO,53.469983460217584
7.180604951235498,3.9179786445875364,3.2626263066479617,3.389701618167929e-34,4.33840390381783e-33,Basal-up,ENSG00000164106.8,ENSG00000164106,SCRG1,32.36267001778204
3.857301099170647,0.5991676612460262,3.258133437924621,6.907135663901945e-51,2.5275893826855153e-49,Basal-up,ENSG00000146857.4,ENSG00000146857,STRA8,48.59729347758831
7.077754168039067,3.8235305423323522,3.2542236257067145,1.84792851575347e-43,4.1048750064980994e-42,Basal-up,ENSG00000109255.11,ENSG00000109255,NMU,41.38670006261631
6.886206312582247,3.6458509247438395,3.2403553878384073,3.140281132464613e-32,3.5950212964553903e-31,Basal-up,ENSG00000256916.1,ENSG00000256916,AP000851.1,30.444298532567423
7.308829095039769,4.071008999345441,3.237820095694328,3.317434092302148e-43,7.197436296049709e-42,Basal-up,ENSG00000135116.9,ENSG00000135116,HRK,41.142822170339635
5.908085239233801,2.670428725400426,3.2376565138333744,4.628946312148777e-51,1.7107197396166153e-49,Basal-up,ENSG00000177459.11,ENSG00000177459,ERICH5,48.7668211333622
5.330934450381185,2.0940641064563756,3.236870343924809,5.9840544901016546e-43,1.2816965272089934e-41,Basal-up,ENSG00000108688.11,ENSG00000108688,CCL7,40.89221479241496
5.861658802317202,2.6346819917646402,3.226976810552562,1.7361161025532245e-34,2.2599849226246244e-33,Basal-up,ENSG00000007372.24,ENSG00000007372,PAX6,32.64589445821666
5.205568060638456,1.9954523128816124,3.210115747756843,1.0520238899156545e-31,1.170001353350124e-30,Basal-up,ENSG00000231764.10,ENSG00000231764,DLX6-AS1,29.931813635901573
4.29342569892066,1.0856327948453444,3.2077929040753155,1.4089036106563926e-50,5.024090322255562e-49,Basal-up,ENSG00000139915.21,ENSG00000139915,MDGA2,48.29894256152711
5.959188638258236,2.762239163231007,3.1969494750272287,6.128884627529e-39,1.0318443632082978e-37,Basal-up,ENSG00000101425.14,ENSG00000101425,BPI,36.98638580396573
5.39146813699199,2.195931955481714,3.195536181510276,5.511603561388098e-29,5.217637243502473e-28,Basal-up,ENSG00000170465.10,ENSG00000170465,KRT6C,27.28252611853239
12.36037708202527,9.166031515568932,3.194345566456338,5.811367480907766e-49,1.855209885333603e-47,Basal-up,ENSG00000118849.10,ENSG00000118849,RARRES1,46.7316069502614
4.1880662494260985,1.0055163165214878,3.1825499329046107,8.111043610277473e-49,2.569774875392258e-47,Basal-up,ENSG00000248515.2,ENSG00000248515,AC024230.1,46.59010492128245
3.9578077076852396,0.7883342646373381,3.1694734430479015,4.7027960119120514e-60,3.3900585445009024e-58,Basal-up,ENSG00000112333.12,ENSG00000112333,NR2E1,57.469792801698354
8.435204142656453,5.267053369887512,3.16815077276894,4.499417807587372e-30,4.5386844691642704e-29,Basal-up,ENSG00000005513.10,ENSG00000005513,SOX8,28.343070008502803
4.431415676716474,1.267219832449154,3.1641958442673204,2.0836535598763875e-38,3.4170287342004164e-37,Basal-up,ENSG00000268496.1,ENSG00000268496,AC245884.9,36.46635136915201
9.38275222425873,6.221153207199597,3.1615990170591335,1.9675278269687747e-37,3.0392411410135174e-36,Basal-up,ENSG00000185634.12,ENSG00000185634,SHC4,35.517234840539736
4.683058778823512,1.5222261954288958,3.1608325833946163,6.148252483902153e-65,6.91575245840269e-63,Basal-up,ENSG00000271826.5,ENSG00000271826,PLS3-AS1,62.16016056020346
9.724228783855931,6.566023920289921,3.1582048635660103,2.2074135735871023e-49,7.282726671913353e-48,Basal-up,ENSG00000073792.16,ENSG00000073792,IGF2BP2,47.13770598925036
5.797482286660796,2.6435314623868806,3.1539508242739154,7.941005265208781e-38,1.2573570925356558e-36,Basal-up,ENSG00000140835.10,ENSG00000140835,CHST4,35.9005413640852
4.874657004269164,1.7219494753540203,3.152707528915143,1.1389139101285773e-47,3.3053155209965288e-46,Basal-up,ENSG00000266573.6,ENSG00000266573,AC018697.1,45.48078707702941
13.051220940072952,9.899538783801034,3.1516821562719173,7.232647380118655e-41,1.3712575802125413e-39,Basal-up,ENSG00000137673.9,ENSG00000137673,MMP7,38.86288095866217
3.996143806323688,0.8509628021506372,3.1451810041730504,8.546933972833662e-46,2.2021001288961136e-44,Basal-up,ENSG00000140522.12,ENSG00000140522,RLBP1,43.657162937662896
10.241329620621102,7.0966711727026,3.144658447918501,3.5375347486096214e-75,1.500989427511323e-72,Basal-up,ENSG00000105173.14,ENSG00000105173,CCNE1,71.82362236677716
6.769089384436585,3.630361374245488,3.138728010191097,1.4350580820516404e-48,4.46225852600844e-47,Basal-up,ENSG00000183837.9,ENSG00000183837,PNMA3,46.35044527197993
4.511404493109711,1.3747653681018364,3.136639125007875,2.1001384448403672e-45,5.296963180665848e-44,Basal-up,ENSG00000140600.17,ENSG00000140600,SH3GL3,43.275973045846584
6.068237557367777,2.93793460536285,3.130302952004927,1.2412968877359083e-29,1.2180407399563128e-28,Basal-up,ENSG00000204542.3,ENSG00000204542,C6orf15,27.91433818556002
8.525060192032312,5.400218440492919,3.1248417515393925,1.443719389516216e-40,2.6937718400138473e-39,Basal-up,ENSG00000196196.3,ENSG00000196196,HRCT1,38.5696391913967
8.371707855985504,5.259481289977752,3.1122265660077515,4.224527283829121e-34,5.372008898101371e-33,Basal-up,ENSG00000231826.6,ENSG00000231826,LINC01819,32.26986327664496
7.628451705199496,4.521413456268415,3.1070382489310813,6.856290947932795e-63,6.296517056841296e-61,Basal-up,ENSG00000175697.11,ENSG00000175697,GPR156,60.200899615828035
4.881193908546919,1.7817742859502028,3.0994196225967166,3.3536828971568543e-37,5.121432834291469e-36,Basal-up,ENSG00000183760.11,ENSG00000183760,ACP7,35.29060851852203
5.243039074040091,2.1455934599408417,3.0974456140992492,9.892258336981462e-37,1.465908485657023e-35,Basal-up,ENSG00000184697.7,ENSG00000184697,CLDN6,34.833893141164694
5.221010603355078,2.130285453022539,3.090725150332539,6.8388640094625015e-40,1.226531415715265e-38,Basal-up,ENSG00000115850.10,ENSG00000115850,LCT,37.91132132353012
9.574810354361999,6.489940904940088,3.0848694494219107,6.5758028142655e-21,3.7925139424325456e-20,Basal-up,ENSG00000167754.13,ENSG00000167754,KLK5,19.421072813939944
8.251947814207837,5.167654720700137,3.0842930935077,9.336242775216168e-35,1.2350073315913415e-33,Basal-up,ENSG00000177359.20,ENSG00000177359,AC024940.1,32.90833046421791
4.33863876506611,1.2569140625715762,3.081724702494533,1.0987959853305123e-49,3.709128039101588e-48,Basal-up,ENSG00000253417.5,ENSG00000253417,LINC02159,47.430728174566916
8.371830949830251,5.296858814998689,3.0749721348315617,4.28247958050038e-48,1.290905715273136e-46,Basal-up,ENSG00000147697.9,ENSG00000147697,GSDMC,45.889105476426
9.78449034135527,6.7149798803081895,3.06951046104708,1.5106809892576453e-63,1.4849861219916794e-61,Basal-up,ENSG00000227036.8,ENSG00000227036,LINC00511,60.82827760504751
8.77951480810013,5.711373176742721,3.068141631357409,7.438011826862284e-24,5.1153499474030314e-23,Basal-up,ENSG00000169035.12,ENSG00000169035,KLK7,22.29112465031401
4.896462202024755,1.8331764907196098,3.063285711305145,9.039424912212365e-36,1.2588347447335209e-34,Basal-up,ENSG00000245526.11,ENSG00000245526,LINC00461,33.90003127875707
4.359973911345483,1.2977669527143938,3.062206958631089,2.497336040678817e-46,6.664864974805251e-45,Basal-up,ENSG00000117507.6,ENSG00000117507,FMO6P,44.17620864464337
6.219482982299023,3.1591109613241986,3.060372020974824,1.8413998259530332e-25,1.3986794055278875e-24,Basal-up,ENSG00000243955.6,ENSG00000243955,GSTA1,23.854281819722495
7.013471470541649,3.964375067432925,3.049096403108724,2.0652035509191752e-45,5.212772818283943e-44,Basal-up,ENSG00000186684.14,ENSG00000186684,CYP27C1,43.28293120197028
4.8764893764092925,1.828133075058179,3.0483563013511135,3.8815805613517434e-48,1.1721673911397337e-46,Basal-up,ENSG00000232803.1,ENSG00000232803,SLCO4A1-AS1,45.93101036454889
3.351568612562204,0.3083123989540058,3.043256213608198,5.2096074552340435e-71,1.1799056885097645e-68,Basal-up,ENSG00000258314.3,ENSG00000258314,AL589182.1,67.92815270506397
8.815155208144565,5.776884542333713,3.0382706658108525,1.0599396094489267e-58,6.885499168358143e-57,Basal-up,ENSG00000144681.10,ENSG00000144681,STAC,56.16206456982895
8.5514138674651,5.514995016698005,3.036418850767096,1.1646547737861026e-52,4.8677341667469027e-51,Basal-up,ENSG00000185904.12,ENSG00000185904,LINC00839,50.31267314717724
4.059095785981325,1.0229029717497675,3.036192814231557,1.3391725006739332e-53,6.0092452774551866e-52,Basal-up,ENSG00000248846.3,ENSG00000248846,LINC02065,51.2211800691651
3.791373803952068,0.7555086445580848,3.0358651593939836,8.789363119160018e-63,7.98426698520986e-61,Basal-up,ENSG00000266278.1,ENSG00000266278,LINC01910,60.09776494914244
8.415724405650431,5.3850548460292424,3.030669559621189,2.647317175171268e-24,1.87132163036147e-23,Basal-up,ENSG00000129451.12,ENSG00000129451,KLK10,22.727851562426938
4.9960259466725265,1.9661618457395602,3.0298641009329663,4.872516016374136e-49,1.5644323454871748e-47,Basal-up,ENSG00000257060.7,ENSG00000257060,AC091078.1,46.805643213353136
3.6221181437968877,0.5924329904913386,3.0296851533055493,5.740061218262789e-17,2.581256399733951e-16,Basal-up,ENSG00000147381.11,ENSG00000147381,MAGEA4,15.58816885424768
7.347852145375681,4.322091187372027,3.025760958003654,1.338842902726324e-39,2.3558012650596527e-38,Basal-up,ENSG00000163739.5,ENSG00000163739,CXCL1,37.62786134933841
7.445693643358596,4.420567066700708,3.025126576657888,4.1124216135297643e-50,1.4284805438913752e-48,Basal-up,ENSG00000077935.17,ENSG00000077935,SMC1B,47.845125670393706
5.629874858183728,2.607915791753158,3.0219590664305698,8.870157091129328e-64,8.92875872956922e-62,Basal-up,ENSG00000181418.8,ENSG00000181418,DDN,61.049208912261285
4.867718071124909,1.845823397851203,3.0218946732737058,1.5594811199296179e-50,5.537479569919576e-49,Basal-up,ENSG00000010438.17,ENSG00000010438,PRSS3,48.25668786306008
6.755558832402922,3.736615333551576,3.018943498851346,3.094433932549431e-30,3.147009266354883e-29,Basal-up,ENSG00000287853.1,ENSG00000287853,AL031668.2,28.50210197830671
4.4134495193044385,1.396266029469972,3.0171834898344665,2.9285476221409237e-36,4.211279120298746e-35,Basal-up,ENSG00000133488.15,ENSG00000133488,SEC14L4,34.37558597292591
8.655891861105639,5.6419132773230585,3.0139785837825803,3.594195107854156e-58,2.2352025976859243e-56,Basal-up,ENSG00000117013.17,ENSG00000117013,KCNQ4,55.65068310650548
8.206067625034914,5.202059713617269,3.004007911417645,1.8534855510441064e-26,1.5057885523751442e-25,Basal-up,ENSG00000169550.14,ENSG00000169550,MUC15,24.822236008868355
6.480921947647438,3.477149540376889,3.0037724072705494,3.6281584827614552e-37,5.533024219388716e-36,Basal-up,ENSG00000165621.8,ENSG00000165621,OXGR1,35.25703742876943
6.655451430777278,3.6604624493801623,2.994988981397116,3.874490564605454e-44,9.063009331861466e-43,Basal-up,ENSG00000184599.13,ENSG00000184599,TAFA3,42.042727572829094
10.025319041923872,7.033312995078496,2.9920060468453764,1.07819464353719e-28,1.0016930280312253e-27,Basal-up,ENSG00000148346.12,ENSG00000148346,LCN2,26.99926534898538
6.318294341066765,3.327960284507554,2.990334056559211,2.758039084155576e-49,8.993139114873045e-48,Basal-up,ENSG00000125965.9,ENSG00000125965,GDF5,47.04608868843304
7.674899616172364,4.684785522866861,2.990114093305503,7.317883704909747e-30,7.293947718958511e-29,Basal-up,ENSG00000102109.9,ENSG00000102109,PCSK1N,28.137037353916288
12.054660147737167,9.065877792852243,2.9887823548849237,3.188947692304977e-33,3.850631363330793e-32,Basal-up,ENSG00000163220.11,ENSG00000163220,S100A9,31.414468056171966
8.89503986896711,5.9119201947007785,2.983119674266332,1.3421804651057284e-42,2.8171502310797753e-41,Basal-up,ENSG00000128510.12,ENSG00000128510,CPA4,40.55018999263465
8.10922015261594,5.128629935962881,2.9805902166530593,1.2084189649131488e-56,6.597101580437907e-55,Basal-up,ENSG00000196503.5,ENSG00000196503,ARL9,54.180646828715666
4.270442712484641,1.29466463506082,2.975778077423821,1.4584961399135995e-54,6.866403175548294e-53,Basal-up,ENSG00000218565.2,ENSG00000218565,AL592429.1,52.16327069963221
5.143272757632873,2.1824807070959604,2.960792050536913,1.6697780173516023e-31,1.8345119351565293e-30,Basal-up,ENSG00000240086.7,ENSG00000240086,AC092969.1,29.736479458421112
8.32533603465049,5.36477378006046,2.9605622545900303,1.0383695987802093e-47,3.0187466566446324e-46,Basal-up,ENSG00000204175.5,ENSG00000204175,GPRIN2,45.52017333289873
4.034516610012871,1.0746087832802482,2.959907826732623,8.819217517111052e-63,7.989734356042229e-61,Basal-up,ENSG00000286417.1,ENSG00000286417,AL133334.1,60.097467659937934
9.036960512163766,6.079266788922049,2.957693723241717,4.792133687252011e-37,7.248750956529215e-36,Basal-up,ENSG00000129151.9,ENSG00000129151,BBOX1,35.139736820935184
8.643576769578829,5.698783657869812,2.944793111709017,1.7876453661839902e-40,3.3160969936074904e-39,Basal-up,ENSG00000133019.12,ENSG00000133019,CHRM3,38.479372775114385
3.870857303043597,0.93488927702735,2.935968026016247,1.1040676656301321e-54,5.249411085379011e-53,Basal-up,ENSG00000286610.1,ENSG00000286610,AL356433.1,52.27988941596857
13.151218280706313,10.216412244294956,2.9348060364113575,2.5688671914665327e-44,6.072526675455443e-43,Basal-up,ENSG00000133048.13,ENSG00000133048,CHI3L1,42.21663056874553
8.528282038575973,5.596146081751017,2.9321359568249568,7.079701399337635e-44,1.6287686403966888e-42,Basal-up,ENSG00000163661.4,ENSG00000163661,PTX3,41.788140600979986
4.2672862451131985,1.3372241977086665,2.9300620474045322,8.978996382539216e-61,6.8873217103595995e-59,Basal-up,ENSG00000233388.2,ENSG00000233388,AL022334.1,58.161949630420985
12.139764368544013,9.215417865569822,2.92434650297419,1.7494825656824667e-38,2.878873618148075e-37,Basal-up,ENSG00000124107.5,ENSG00000124107,SLPI,36.54077740012561
5.580304237496962,2.656857114288126,2.9234471232088355,1.0943850229204592e-68,1.9307255772786209e-66,Basal-up,ENSG00000288009.1,ENSG00000288009,AL353135.2,65.71427945006474
8.266866428055602,5.343892917572052,2.9229735104835495,4.8214210265092426e-55,2.355889691087315e-53,Basal-up,ENSG00000127252.7,ENSG00000127252,PLAAT1,52.6278450482116
3.1885293506908408,0.26808149797952285,2.920447852711318,4.719956381536143e-69,8.79770084034062e-67,Basal-up,ENSG00000225255.6,ENSG00000225255,PSLNR,66.05563080998796
5.212183557284696,2.293519804023947,2.9186637532607493,1.3261684902097578e-43,2.987879063076548e-42,Basal-up,ENSG00000225472.2,ENSG00000225472,AL136366.1,41.5246369849361
10.03298746133846,7.115282232191345,2.9177052291471144,6.713541288806079e-30,6.713541288806079e-29,Basal-up,ENSG00000196611.5,ENSG00000196611,MMP1,28.173048335793695
4.531330183848313,1.6155004446643424,2.9158297391839705,1.3945301530885369e-35,1.922066230737161e-34,Basal-up,ENSG00000126233.2,ENSG00000126233,SLURP1,33.71623165144994
9.67810643995148,6.7678895859119015,2.910216854039578,9.669117233226565e-35,1.2770244667366212e-33,Basal-up,ENSG00000092758.18,ENSG00000092758,COL9A3,32.89380078193243
3.3287286797169644,0.4250669138212175,2.903661765895747,4.0440626874454495e-36,5.756135086334245e-35,Basal-up,ENSG00000178597.7,ENSG00000178597,PSAPL1,34.23986902249062
3.9137698962974645,1.0101642693001502,2.9036056269973143,9.818283053793638e-52,3.8447295322799386e-50,Basal-up,ENSG00000176654.12,ENSG00000176654,NANOGP1,49.415134206387876
3.044270612058814,0.14967911504967893,2.894591497009135,1.0805945891139714e-68,1.9266771610159743e-66,Basal-up,ENSG00000286995.1,ENSG00000286995,AC092448.1,65.71519105074952
3.5058751801063153,0.6121464892388139,2.8937286908675013,3.554237042738732e-54,1.6501111589003088e-52,Basal-up,ENSG00000263893.2,ENSG00000263893,AC080037.2,51.7824867987734
3.667955026943329,0.7743398131463374,2.8936152137969917,1.9644870881532033e-30,2.0193071816895237e-29,Basal-up,ENSG00000133863.9,ENSG00000133863,TEX15,28.694797610147457
7.7241343397375255,4.838945724798444,2.8851886149390813,5.415087948683784e-30,5.434543354487438e-29,Basal-up,ENSG00000231106.2,ENSG00000231106,LINC01436,28.264836942278343
6.69439771955929,3.819854417668617,2.874543301890673,7.847118866646286e-52,3.0945344048233352e-50,Basal-up,ENSG00000124134.9,ENSG00000124134,KCNS1,49.50940468448777
3.8681331658062486,0.9978297454485952,2.8703034203576534,1.3408928914379302e-30,1.3971628760024689e-29,Basal-up,ENSG00000223784.2,ENSG00000223784,LINP1,28.8547529625144
13.405438204474072,10.535917996614613,2.869520207859459,7.887975881281091e-69,1.4215319975297967e-66,Basal-up,ENSG00000092621.13,ENSG00000092621,PHGDH,65.84724336024773
3.5233369288226224,0.6608946597457874,2.862442269076835,3.285958215314715e-43,7.138387516354455e-42,Basal-up,ENSG00000259144.2,ENSG00000259144,RANBP20P,41.146399879517624
10.212915897146951,7.352839105417857,2.860076791729094,6.8325068679533795e-16,2.879014836125673e-15,Basal-up,ENSG00000178372.8,ENSG00000178372,CALML5,14.540756097111876
6.949578166217596,4.0897059250665215,2.8598722411510744,3.93061765497171e-17,1.789410617882001e-16,Basal-up,ENSG00000134760.6,ENSG00000134760,DSG1,15.747289989998261
5.738119329359135,2.879242377737574,2.8588769516215606,1.4755065005570386e-29,1.4432149955842407e-28,Basal-up,ENSG00000180347.13,ENSG00000180347,ITPRID1,27.84066896728436
5.548970033071553,2.697262792280555,2.851707240790998,1.4512819773318533e-22,9.232676386442157e-22,Basal-up,ENSG00000129455.15,ENSG00000129455,KLK8,21.03467238658229
5.6972750281360325,2.8468956787700685,2.850379349365964,8.590520484682806e-44,1.9602058995681936e-42,Basal-up,ENSG00000225194.3,ENSG00000225194,LINC00092,41.70769830805692
12.59222661470183,9.743695390858433,2.8485312238433966,7.549221307057545e-45,1.8376898926112487e-43,Basal-up,ENSG00000137699.17,ENSG00000137699,TRIM29,42.73572777330379
4.175755005821459,1.32817715214567,2.8475778536757894,1.380514201682317e-48,4.296958983585359e-47,Basal-up,ENSG00000216588.9,ENSG00000216588,IGSF23,46.36683879183333
10.256636919521457,7.4093440060183005,2.847292913503156,1.4989269854844325e-69,2.9042793383490278e-67,Basal-up,ENSG00000176597.12,ENSG00000176597,B3GNT5,66.53696161480761
5.952070910978427,3.1060551101296636,2.8460158008487633,5.2122958295931786e-42,1.053141387630882e-40,Basal-up,ENSG00000173262.12,ENSG00000173262,SLC2A14,39.977513319464194
11.447017934109303,8.601029607753457,2.8459883263558456,1.0435834866871306e-62,9.378262325402846e-61,Basal-up,ENSG00000173894.11,ENSG00000173894,CBX2,60.0278776234972
4.4091783872648,1.56503632173701,2.8441420655277896,3.68380177671643e-32,4.200035222977372e-31,Basal-up,ENSG00000137674.4,ENSG00000137674,MMP20,30.37674706744006
7.824324210844811,4.985944905332093,2.838379305512718,9.289673102369753e-43,1.969575220692183e-41,Basal-up,ENSG00000158164.7,ENSG00000158164,TMSB15A,40.70562742825534
4.6486851354933165,1.8114142951089653,2.837270840384351,2.1823844019217635e-44,5.1808445575366514e-43,Basal-up,ENSG00000288605.1,ENSG00000288605,AC007461.1,42.28559943778754
4.035970799811934,1.2027974332452467,2.833173366566687,2.8116037876374003e-43,6.143739176115102e-42,Basal-up,ENSG00000233221.7,ENSG00000233221,AC133785.1,41.211567229952195
3.147896345441182,0.3178604308520382,2.830035914589144,7.533238920343996e-58,4.558017483933768e-56,Basal-up,ENSG00000214107.8,ENSG00000214107,MAGEB1,55.341224013258014
6.746809130800964,3.9178040495619264,2.8290050812390373,4.222053522787496e-41,8.087041947647822e-40,Basal-up,ENSG00000285973.2,ENSG00000285973,AC063960.2,39.09221030418941
3.8647050174228204,1.0366090862000008,2.8280959312228195,2.0720249889497402e-39,3.6080144223166387e-38,Basal-up,ENSG00000136695.15,ENSG00000136695,IL36RN,37.44273173512122
3.675148600684089,0.8508067800979203,2.824341820586169,2.4414480553400285e-26,1.9653539580931256e-25,Basal-up,ENSG00000253301.6,ENSG00000253301,LINC01606,24.706559222284355
6.213257089128456,3.3908896823236785,2.8223674068047777,1.0089242566611537e-26,8.32983770524184e-26,Basal-up,ENSG00000204644.10,ENSG00000204644,ZFP57,25.079363460106364
8.280445349271197,5.458228428951285,2.822216920319912,2.479675400626553e-65,2.876080257058895e-63,Basal-up,ENSG00000131019.11,ENSG00000131019,ULBP3,62.54119899912661
4.368329571567908,1.5487470408420754,2.8195825307258326,8.637472963649277e-24,5.919609358853481e-23,Basal-up,ENSG00000185915.5,ENSG00000185915,KLHL34,22.227706951873703
11.426765266624626,8.609622184769178,2.8171430818554484,4.2299259575532306e-66,5.368543057237383e-64,Basal-up,ENSG00000182175.14,ENSG00000182175,RGMA,63.27014355937547
4.339575950990319,1.5238433032423524,2.815732647747967,6.861667172097166e-22,4.186441274275519e-21,Basal-up,ENSG00000105143.12,ENSG00000105143,SLC1A6,20.378154996522323
8.688517644940092,5.8762850593389855,2.812232585601106,1.0484784378724945e-28,9.75166405035683e-28,Basal-up,ENSG00000171243.8,ENSG00000171243,SOSTDC1,27.010921268791375
3.6925007700034285,0.8822157600252559,2.8102850099781724,1.6751297289569378e-63,1.6322775730999e-61,Basal-up,ENSG00000259230.1,ENSG00000259230,LINC02323,60.78720598638164
7.074581891007472,4.268106559861385,2.8064753311460864,4.107308575955924e-54,1.8989928753936906e-52,Basal-up,ENSG00000214376.6,ENSG00000214376,VSTM5,51.72147666463792
4.183374976214162,1.3874802307814116,2.79589474543275,6.085600905283792e-41,1.1570580961152168e-39,Basal-up,ENSG00000267432.6,ENSG00000267432,DNAH17-AS1,38.936644834489194
4.61350884652987,1.819400665568474,2.7941081809613957,7.918234205922031e-31,8.36756653791004e-30,Basal-up,ENSG00000171234.14,ENSG00000171234,UGT2B7,29.07740082549755
5.892385144815144,3.0994864790472456,2.7928986657678982,1.1075849606236805e-53,5.0306568943232755e-52,Basal-up,ENSG00000157111.13,ENSG00000157111,TMEM171,51.29837530183216
4.560320509998925,1.769421927462952,2.7908985825359727,1.2022413776584053e-36,1.770612081683205e-35,Basal-up,ENSG00000204538.4,ENSG00000204538,PSORS1C2,34.75187657671955
8.080501944374115,5.293883541066738,2.7866184033073766,2.340210166145169e-33,2.850430405857052e-32,Basal-up,ENSG00000171124.13,ENSG00000171124,FUT3,31.54508955796496
3.1961705941384864,0.4125447854698359,2.7836258086686505,3.345690598132716e-63,3.1769843866688004e-61,Basal-up,ENSG00000283473.4,ENSG00000283473,FAM240A,60.497984919513506
13.26218459618995,10.480600679856618,2.7815839163333322,1.0892386253326638e-48,3.4218630479054257e-47,Basal-up,ENSG00000117115.13,ENSG00000117115,PADI2,46.46573737607171
3.524162196491888,0.743080198243352,2.781081998248536,6.29706085344315e-32,7.078386311449174e-31,Basal-up,ENSG00000206073.11,ENSG00000206073,SERPINB4,30.15006573890783
3.5078434128644043,0.7288673245321545,2.7789760883322496,1.9929698079284416e-18,9.898406869426784e-18,Basal-up,ENSG00000197172.10,ENSG00000197172,MAGEA6,17.004434698684566
4.144065976497383,1.3672666778631122,2.7767992986342707,5.937174171328756e-31,6.315902196856233e-30,Basal-up,ENSG00000187689.10,ENSG00000187689,AMTN,29.19956460375787
13.224811108547334,10.450457741131386,2.774353367415948,2.1263061141347436e-57,1.2352475033933554e-55,Basal-up,ENSG00000062038.14,ENSG00000062038,CDH3,54.908246015207084
10.97361293574879,8.203582378386287,2.770030557362503,7.881205312395707e-27,6.543918802861136e-26,Basal-up,ENSG00000134762.17,ENSG00000134762,DSC3,25.184162098042133
5.840254259397637,3.071930213149818,2.7683240462478196,3.1220852645212106e-34,4.0050630718236116e-33,Basal-up,ENSG00000179799.9,ENSG00000179799,OR7E22P,32.39739064024659
7.188137641005708,4.420465595250123,2.7676720457555852,2.3558871523902388e-23,1.572467888254098e-22,Basal-up,ENSG00000257743.8,ENSG00000257743,MGAM2,21.80341821462447
4.880734211347663,2.117922637828592,2.7628115735190715,7.452586484971135e-63,6.806831034774725e-61,Basal-up,ENSG00000204446.4,ENSG00000204446,LINC02872,60.16705502970622
13.794942508109086,11.033664506775423,2.761278001333663,7.907462176492614e-65,8.80591801182832e-63,Basal-up,ENSG00000103257.9,ENSG00000103257,SLC7A5,62.055225362389585
3.675617304552384,0.9157015571339789,2.7599157474184053,1.4368517990458656e-14,5.5449311885813284e-14,Basal-up,ENSG00000221867.9,ENSG00000221867,MAGEA3,13.256103838983686
8.831936317142445,6.072841132538227,2.7590951846042175,8.264853464021315e-33,9.789324668339026e-32,Basal-up,ENSG00000275385.2,ENSG00000275385,CCL18,31.009247267638152
8.740711928158063,5.98650465716846,2.7542072709896033,2.0406899833756324e-26,1.653466962599739e-25,Basal-up,ENSG00000110195.14,ENSG00000110195,FOLR1,24.78160447816423
3.515522026104043,0.7630949484455617,2.7524270776584814,7.207120262008142e-33,8.572841418825867e-32,Basal-up,ENSG00000287023.1,ENSG00000287023,AC018978.1,31.066875209816466
5.547121630050204,2.7968354739166306,2.750286156133573,3.667397174117065e-50,1.2752194323278424e-48,Basal-up,ENSG00000185519.9,ENSG00000185519,FAM131C,47.894415077936316
8.219285985972192,5.471681729024786,2.7476042569474064,8.17150276490996e-64,8.27518950694205e-62,Basal-up,ENSG00000158220.14,ENSG00000158220,ESYT3,61.082222051826946
6.908961231705996,4.162762155886817,2.746199075819179,6.320719489600136e-12,2.0378043405924455e-11,Basal-up,ENSG00000143556.9,ENSG00000143556,S100A7,10.690837517032376
7.34452711882067,4.5990988885926045,2.7454282302280655,7.631158231807194e-49,2.42231462055092e-47,Basal-up,ENSG00000111981.5,ENSG00000111981,ULBP1,46.61576944951039
3.3686643076421015,0.6253487093514289,2.7433155982906725,3.7020707400509655e-55,1.824903105978064e-53,Basal-up,ENSG00000224717.1,ENSG00000224717,LEMD1-DT,52.73876018964925
9.456241266074613,6.714111273152216,2.742129992922397,6.739597973692103e-62,5.619684678561177e-60,Basal-up,ENSG00000167771.6,ENSG00000167771,RCOR2,59.250288052082674
7.754512928745159,5.015139659401377,2.7393732693437824,1.628595029072432e-63,1.5915599234550417e-61,Basal-up,ENSG00000197472.15,ENSG00000197472,ZNF695,60.79817700521393
10.036280005986413,7.297870512308596,2.7384094936778167,1.4560412334534092e-61,1.1875061349235591e-59,Basal-up,ENSG00000136943.11,ENSG00000136943,CTSV,58.92536413803441
11.881117185084712,9.151261702978335,2.7298554821063767,1.2220594300079085e-38,2.0258868493504e-37,Basal-up,ENSG00000064886.14,ENSG00000064886,CHI3L2,36.69338481468898
5.325244499639845,2.59837696987513,2.7268675297647147,2.993135209173183e-56,1.6001577705181035e-54,Basal-up,ENSG00000280032.1,ENSG00000280032,AP002800.1,53.79583719516443
6.657766420948607,3.9433962479906572,2.71437017295795,1.3203424904347566e-66,1.7703152111749218e-64,Basal-up,ENSG00000204531.20,ENSG00000204531,POU5F1,63.75194939901339
3.320217393655804,0.6067274903132527,2.713489903342551,9.417188950470026e-44,2.1430018575679246e-42,Basal-up,ENSG00000232325.4,ENSG00000232325,AC093627.1,41.668977452508734
12.623279443285119,9.909878970206888,2.713400473078231,1.2288157745005703e-67,1.8470809309981664e-65,Basal-up,ENSG00000101057.16,ENSG00000101057,MYBL2,64.73351407526042
9.806343654520843,7.098874112925517,2.7074695415953256,8.435070262687256e-43,1.7917842535188644e-41,Basal-up,ENSG00000177614.11,ENSG00000177614,PGBD5,40.74671428437647
12.490704232227065,9.784299727896174,2.706404504330891,3.194679529952272e-79,3.149578171882358e-76,Basal-up,ENSG00000117399.14,ENSG00000117399,CDC20,75.50174760808063
7.2934684558592195,4.59011870471752,2.7033497511416993,3.0047364666936355e-46,7.96825683256097e-45,Basal-up,ENSG00000171119.2,ENSG00000171119,NRTN,44.098636676195
6.044475524284732,3.3477636522156016,2.6967118720691308,7.558750406267376e-50,2.5880420185708114e-48,Basal-up,ENSG00000148734.8,ENSG00000148734,NPFFR1,47.58702867688846
5.630897480735109,2.9389226206572507,2.691974860077858,1.509911236995552e-41,2.9702009779396066e-40,Basal-up,ENSG00000118322.14,ENSG00000118322,ATP10B,39.52721416325616
5.4460664595513695,2.7572241233461265,2.688842336205243,2.4487208356269964e-42,5.051145994474888e-41,Basal-up,ENSG00000156222.12,ENSG00000156222,SLC28A1,40.29661007878947
10.36416620716797,7.683613434953362,2.680552772214609,2.577547945660625e-19,1.351468905655313e-18,Basal-up,ENSG00000141750.7,ENSG00000141750,STAC2,17.869193942016803
7.2429453648766975,4.564676368259345,2.6782689966173523,3.2004117832657456e-30,3.2518279167950225e-29,Basal-up,ENSG00000164099.3,ENSG00000164099,PRSS12,28.487872444862642
4.2508905071602685,1.573175834824649,2.6777146723356196,5.3276514667754675e-21,3.093415506085461e-20,Basal-up,ENSG00000130287.14,ENSG00000130287,NCAN,19.509561741852476
4.849620012008696,2.171957805712783,2.677662206295913,3.030712706825571e-23,2.0088884700967598e-22,Basal-up,ENSG00000187715.13,ENSG00000187715,KBTBD12,21.697044173837156
7.829179295943103,5.158988491820866,2.670190804122237,1.4662317869902803e-60,1.1094376862283115e-58,Basal-up,ENSG00000234899.11,ENSG00000234899,SOX9-AS1,57.95489708575931
6.964375141459952,4.294808402054721,2.669566739405231,3.412970786329246e-30,3.464651143481415e-29,Basal-up,ENSG00000180537.13,ENSG00000180537,RNF182,28.4603404880618
4.68978780926195,2.0215127151308194,2.6682750941311304,3.037505246658325e-44,7.160138949928766e-43,Basal-up,ENSG00000132437.18,ENSG00000132437,DDC,42.145078549675134
9.914261910984207,7.252402059465839,2.6618598515183676,3.0389811709733364e-31,3.295588769039995e-30,Basal-up,ENSG00000131203.13,ENSG00000131203,IDO1,29.482066985833846
6.905218944127696,4.2440766305223,2.6611423136053958,1.1999012806809758e-56,6.561287264017341e-55,Basal-up,ENSG00000169684.13,ENSG00000169684,CHRNA5,54.183010947695145
4.055011909597787,1.398633154051078,2.656378755546709,8.516339808540088e-48,2.499717253785147e-46,Basal-up,ENSG00000070729.14,ENSG00000070729,CNGB1,45.60210911215412
3.5586143945156583,0.9024666542476473,2.656147740268011,3.7362150952153255e-40,6.813815559935675e-39,Basal-up,ENSG00000182632.15,ENSG00000182632,CCNYL2,38.1666096263282
7.945967234226406,5.290949569556358,2.655017664670048,2.273599194315604e-38,3.715799365843932e-37,Basal-up,ENSG00000204248.11,ENSG00000204248,COL11A2,36.42994774372555
4.2234598650204935,1.5745244176858004,2.648935447334693,5.693087117986649e-39,9.608876142744837e-38,Basal-up,ENSG00000179270.7,ENSG00000179270,PCARE,37.01732740458396
4.753900841806083,2.1049942141099356,2.6489066276961477,3.329765622375896e-23,2.2005864286679816e-22,Basal-up,ENSG00000286042.1,ENSG00000286042,LCAL1,21.657461569724774
3.8312200264241363,1.186568063640227,2.644651962783909,5.641882561499113e-23,3.6757221275306173e-22,Basal-up,ENSG00000186297.12,ENSG00000186297,GABRA5,21.434657327275442
4.319051615018213,1.6762558327795525,2.642795782238661,1.2185440253833515e-41,2.4126164046574096e-40,Basal-up,ENSG00000237751.2,ENSG00000237751,LINC01143,39.61751172350508
3.5704511886101415,0.9341186589297412,2.6363325296804003,7.930677960688531e-47,2.1807737919793237e-45,Basal-up,ENSG00000175868.14,ENSG00000175868,CALCB,44.661389380725815
3.5011785880983597,0.8673907090291358,2.633787879069224,7.58396504587543e-56,3.9049847670928485e-54,Basal-up,ENSG00000205334.2,ENSG00000205334,LINC01460,53.40838065591739
4.178377395758697,1.5497651864172133,2.628612209341484,4.2239757406311653e-23,2.776228761293268e-22,Basal-up,ENSG00000011677.13,ENSG00000011677,GABRA3,21.556544750870636
13.651276301977909,11.022911930293807,2.6283643716841016,6.43294475570812e-63,5.923964511300445e-61,Basal-up,ENSG00000134755.17,ENSG00000134755,DSC2,60.22738755187138
4.790750757366263,2.163872092403382,2.6268786649628812,1.380615998007587e-48,4.296958983585359e-47,Basal-up,ENSG00000004809.14,ENSG00000004809,SLC22A16,46.36683879183333
11.853051039985202,9.226790421656776,2.626260618328425,1.5243898920759065e-59,1.053557715100709e-57,Basal-up,ENSG00000140511.12,ENSG00000140511,HAPLN3,56.977341668254084
5.253487930331616,2.6298230751337672,2.6236648551978488,9.183835385464404e-27,7.593541246195532e-26,Basal-up,ENSG00000101746.15,ENSG00000101746,NOL4,25.11955564373348
10.008655296319382,7.385551754764487,2.6231035415548956,1.9123673753707147e-76,1.0683759070404392e-73,Basal-up,ENSG00000115163.15,ENSG00000115163,CENPA,72.97127591432098
11.854074751483687,9.233176619735222,2.620898131748465,8.689194005552703e-59,5.688706700510285e-57,Basal-up,ENSG00000104783.14,ENSG00000104783,KCNN4,56.24498645709768
5.118971882923655,2.4995047181853853,2.61946716473827,1.4693904288781678e-22,9.346103828462274e-22,Basal-up,ENSG00000214336.5,ENSG00000214336,FOXI3,21.02936939858693
3.730625587684425,1.1169913857145473,2.6136342019698775,2.380349603573088e-59,1.6151683949750994e-57,Basal-up,ENSG00000286480.1,ENSG00000286480,AC009501.2,56.79178219209699
6.964055112469366,4.351299481272968,2.612755631196398,3.488915985233214e-33,4.205266588458013e-32,Basal-up,ENSG00000184368.16,ENSG00000184368,MAP7D2,31.37620646735088
11.282424650226913,8.670504878292235,2.6119197719346783,5.1349395601153205e-22,3.158223377157166e-21,Basal-up,ENSG00000047457.14,ENSG00000047457,CP,20.500557156140292
3.028307771847017,0.4167572961105273,2.6115504757364896,1.0704381913124615e-57,6.361895066098175e-56,Basal-up,ENSG00000285576.1,ENSG00000285576,AL138686.2,55.19641349847769
9.08498798953001,6.474193535539497,2.610794453990513,1.0721432985772495e-59,7.502764795054155e-58,Basal-up,ENSG00000133069.17,ENSG00000133069,TMCC2,57.124778668078854
8.677984789388153,6.071425695564023,2.6065590938241305,3.867847574903368e-51,1.438959497344738e-49,Basal-up,ENSG00000143882.12,ENSG00000143882,ATP6V1C2,48.84195143005731
3.821294211059047,1.2185958554362613,2.6026983556227856,9.267065760599596e-48,2.705854044384133e-46,Basal-up,ENSG00000115592.11,ENSG00000115592,PRKAG3,45.56769563324768
4.647951871265475,2.0475582162143704,2.6003936550511044,5.540883840242796e-42,1.1175115904027589e-40,Basal-up,ENSG00000205358.4,ENSG00000205358,MT1H,39.951747963836425
7.6449445740267254,5.044997308461504,2.5999472655652216,6.1276443535363514e-27,5.12259133556105e-26,Basal-up,ENSG00000164825.4,ENSG00000164825,DEFB1,25.290510289407678
6.782405071844462,4.182852519774491,2.599552552069971,1.7631517016367962e-26,1.4337905152563177e-25,Basal-up,ENSG00000224259.7,ENSG00000224259,LINC01133,24.843514296864942
7.310503750513795,4.713108385879664,2.5973953646341306,8.961068632126e-34,1.1191319692580607e-32,Basal-up,ENSG00000151025.11,ENSG00000151025,GPR158,31.95111869797461
6.86156082693699,4.266403718433614,2.5951571085033756,2.4932760087182203e-27,2.1369115779144654e-26,Basal-up,ENSG00000119547.6,ENSG00000119547,ONECUT2,25.67021344789597
3.4705541050612627,0.8764427053700589,2.594111399691204,9.547193876916732e-41,1.800911304188232e-39,Basal-up,ENSG00000142700.12,ENSG00000142700,DMRTA2,38.74450767588128
4.39664021994179,1.806646501362806,2.5899937185789836,2.3216635812716283e-33,2.829896845244545e-32,Basal-up,ENSG00000253831.3,ENSG00000253831,ETV3L,31.548229394990756
4.851632209945503,2.263247054189045,2.588385155756458,1.477558983812241e-29,1.4448009666682122e-28,Basal-up,ENSG00000231107.2,ENSG00000231107,LINC01508,27.8401919764585
9.81369598714343,7.225507271383316,2.588188715760113,2.442696581591358e-28,2.226793293852116e-27,Basal-up,ENSG00000196754.13,ENSG00000196754,S100A2,26.652320095272145
3.007626526101784,0.42091803624046625,2.586708489861318,2.4563462507990198e-37,3.782118802332712e-36,Basal-up,ENSG00000148704.13,ENSG00000148704,VAX1,35.42226483340024
13.514383443751774,10.934937115207847,2.579446328543927,5.66745478046453e-21,3.284458579549984e-20,Basal-up,ENSG00000186081.12,ENSG00000186081,KRT5,19.48353621066829
3.680678226004173,1.1077413806742697,2.5729368453299033,1.3515631524973489e-48,4.218286487123942e-47,Basal-up,ENSG00000163377.16,ENSG00000163377,TAFA4,46.37486392825895
5.072591435702166,2.5048931670576446,2.5676982686445213,1.1149383048193768e-23,7.600718319614707e-23,Basal-up,ENSG00000257588.1,ENSG00000257588,AC025154.2,22.11914536199511
10.53973306823422,7.972378776312131,2.567354291922089,1.00922257424124e-44,2.4425372338315065e-43,Basal-up,ENSG00000078081.8,ENSG00000078081,LAMP3,42.61215880721029
4.3338328357482965,1.7685546193003139,2.5652782164479824,8.000451990607778e-32,8.936192959852473e-31,Basal-up,ENSG00000176381.6,ENSG00000176381,PRR18,30.04884746203945
5.0503197719164445,2.4864472760245815,2.563872495891863,8.711560985852812e-38,1.3748188523812911e-36,Basal-up,ENSG00000267147.2,ENSG00000267147,LINC01842,35.86175452117474
7.989195287556127,5.425338891274793,2.5638563962813343,2.215090212236573e-33,2.7029422611638124e-32,Basal-up,ENSG00000103569.10,ENSG00000103569,AQP9,31.568163231373333
6.558942440195045,3.9953223452010245,2.5636200949940204,3.832141503992981e-09,1.0015858340260796e-08,Basal-up,ENSG00000105141.6,ENSG00000105141,CASP14,7.999311826553585
8.742430168822978,6.180403811060953,2.562026357762025,6.658555285006936e-47,1.840022861940911e-45,Basal-up,ENSG00000115507.10,ENSG00000115507,OTX1,44.735176780928995
3.5201463847353356,0.9591890555974116,2.560957329137924,7.986562766331093e-51,2.9067272956288623e-49,Basal-up,ENSG00000242540.3,ENSG00000242540,AC010729.2,48.53659571111194
6.166232733841621,3.6122240605102767,2.5540086733313445,1.9630370895594494e-19,1.0359100006617244e-18,Basal-up,ENSG00000214128.11,ENSG00000214128,TMEM213,17.984677974237343
5.5766336695972205,3.0227569263631793,2.5538767432340412,7.340618614648412e-40,1.312306858469412e-38,Basal-up,ENSG00000105255.11,ENSG00000105255,FSD1,37.881964601425466
7.743801430353102,5.193982276374039,2.5498191539790627,4.542731612655486e-26,3.5896361069356885e-25,Basal-up,ENSG00000265190.7,ENSG00000265190,ANXA8,24.444949575031686
10.547790207907601,7.998437471534621,2.54935273637298,2.2388065448009132e-76,1.2054284675208214e-73,Basal-up,ENSG00000203760.9,ENSG00000203760,CENPW,72.91885855640452
5.536996239618549,2.9885599381192196,2.5484363014993296,2.1593043864976144e-26,1.747040382220614e-25,Basal-up,ENSG00000251493.5,ENSG00000251493,FOXD1,24.757697056337683
5.272767023241564,2.7258603568964324,2.546906666345132,1.9353405976377565e-37,2.9922793742074537e-36,Basal-up,ENSG00000249816.7,ENSG00000249816,LINC00964,35.523997861003934
10.727865110089864,8.181286512710663,2.5465785973792006,8.238532005132257e-68,1.2784981148705244e-65,Basal-up,ENSG00000065328.17,ENSG00000065328,MCM10,64.89329990799895
10.40377984619394,7.866360244177256,2.5374196020166835,2.6630989569558802e-68,4.419162229562431e-66,Basal-up,ENSG00000184661.14,ENSG00000184661,CDCA2,65.35466005498658
10.785936128522795,8.251708114076303,2.5342280144464926,6.536878534190316e-74,2.1694670145154396e-71,Basal-up,ENSG00000178999.13,ENSG00000178999,AURKB,70.66364694867966
10.83786907348418,8.305401155456467,2.532467918027713,2.601061794040581e-37,4.001045413876488e-36,Basal-up,ENSG00000147889.18,ENSG00000147889,CDKN2A,35.397826519132366
3.4165160064527162,0.8863296246076231,2.530186381845093,1.5964139324026172e-25,1.2186698932848035e-24,Basal-up,ENSG00000204655.12,ENSG00000204655,MOG,23.91411391779414
7.7314872135219375,5.205630414036853,2.5258567994850845,3.072525366983841e-24,2.164132176955208e-23,Basal-up,ENSG00000269404.7,ENSG00000269404,SPIB,22.664716217701677
3.487603722997516,0.9621269385277385,2.5254767844697774,1.2156272299501665e-44,2.918898620911861e-43,Basal-up,ENSG00000253196.1,ENSG00000253196,AC083841.1,42.5347809886513
9.568641166144912,7.043821985490263,2.5248191806546494,1.8900334306017356e-64,2.0176407832410884e-62,Basal-up,ENSG00000111716.14,ENSG00000111716,LDHB,61.695156152144136
2.9331089101203247,0.408528134326084,2.5245807757942407,1.3623557543157423e-43,3.062787718622648e-42,Basal-up,ENSG00000169548.3,ENSG00000169548,ZNF280A,41.513883103038566
3.127135662046881,0.6073739256533419,2.519761736393539,2.9441480983481593e-36,4.231897266579344e-35,Basal-up,ENSG00000253164.5,ENSG00000253164,AC023403.1,34.3734648837657
8.030596825786716,5.515992663722737,2.5146041620639794,2.4017144646956567e-35,3.267267404894416e-34,Basal-up,ENSG00000231367.6,ENSG00000231367,LINC02613,33.48581531985037
3.513918263396291,0.9995434514157944,2.5143748119804963,1.4225900683888556e-15,5.863898068420369e-15,Basal-up,ENSG00000171209.3,ENSG00000171209,CSN3,14.231813587600783
8.650180655617994,6.136066339951339,2.5141143156666557,2.7167477478972724e-53,1.1935174902951057e-51,Basal-up,ENSG00000229124.7,ENSG00000229124,VIM-AS1,50.92317121228103
6.2440692254402945,3.7302244158675686,2.513844809572726,2.7431593585551808e-18,1.351222655382361e-17,Basal-up,ENSG00000166396.13,ENSG00000166396,SERPINB7,16.869273081742953
4.462617612745092,1.9509283923218657,2.511689220423226,1.465419710026809e-45,3.7240992175965605e-44,Basal-up,ENSG00000223723.1,ENSG00000223723,TFDP1P2,43.42897875704604
9.797725049552902,7.289744145643647,2.507980903909255,5.43568413767584e-60,3.909959920491291e-58,Basal-up,ENSG00000073464.13,ENSG00000073464,CLCN4,57.4078276943685
5.915454610743495,3.407533794750234,2.5079208159932613,4.820734494566303e-37,7.28543824426792e-36,Basal-up,ENSG00000181577.16,ENSG00000181577,C6orf223,35.13754431879546
3.6216561945719996,1.1169163650186067,2.504739829553393,1.4869644569983506e-53,6.628064973216052e-52,Basal-up,ENSG00000231566.2,ENSG00000231566,LINC02595,51.17861324295474
3.4255680540931293,0.926861840259495,2.4987062138336342,5.695250648866423e-38,9.090704845238216e-37,Basal-up,ENSG00000148482.12,ENSG00000148482,SLC39A12,36.0414024425723
6.083371240633257,3.585098876322813,2.498272364310444,9.642005548544464e-31,1.0125314097343686e-29,Basal-up,ENSG00000225431.1,ENSG00000225431,LINC01671,28.994591495656273
4.98868639669743,2.4910005430205384,2.4976858536768916,3.2075807398746964e-25,2.40532676511409e-24,Basal-up,ENSG00000233725.7,ENSG00000233725,NRAD1,23.618825916110918
5.2048043610581365,2.7071989151484805,2.497605445909656,1.7006502906044483e-25,1.29578208277716e-24,Basal-up,ENSG00000268089.3,ENSG00000268089,GABRQ,23.88746802948778
4.165487816079807,1.6714295309411764,2.494058285138631,1.6060328801500352e-26,1.3095164714821012e-25,Basal-up,ENSG00000272763.1,ENSG00000272763,AC103702.2,24.882889034521074
9.783842147199135,7.290858042653514,2.492984104545621,6.635966458765557e-14,2.450562913934356e-13,Basal-up,ENSG00000134757.5,ENSG00000134757,DSG3,12.610734143253868
2.759037174575354,0.2671728907963669,2.491864283778987,1.5977019526864366e-55,8.02923080270605e-54,Basal-up,ENSG00000101323.5,ENSG00000101323,HAO1,53.09532605797674
2.7538638791431094,0.2637796000305502,2.4900842791125593,1.0516478742471945e-47,3.0546998912275526e-46,Basal-up,ENSG00000259094.1,ENSG00000259094,AC013457.1,45.51503145055597
11.905495653216384,9.41875832069996,2.486737332516425,8.014641734303765e-68,1.24953856248308e-65,Basal-up,ENSG00000148468.17,ENSG00000148468,FAM171A1,64.90325033640413
11.84548368098461,9.359824136105756,2.485659544878855,8.690861523401684e-51,3.156204531575563e-49,Basal-up,ENSG00000163975.12,ENSG00000163975,MELTF,48.50083486095804
5.220776252642893,2.7370930035692926,2.4836832490736005,6.530394579645404e-31,6.933760732015012e-30,Basal-up,ENSG00000090932.11,ENSG00000090932,DLL3,29.159031148915336
3.618010628842879,1.1384064684298356,2.4796041604130434,2.501922094423112e-54,1.1712909023053451e-52,Basal-up,ENSG00000226580.1,ENSG00000226580,RPL39P40,51.9313352299694
7.026460399531981,4.548471715903822,2.4779886836281593,2.7354949822342774e-43,5.989143814793792e-42,Basal-up,ENSG00000167723.15,ENSG00000167723,TRPV3,41.22263525825968
12.789058067030638,10.314677002263071,2.4743810647675666,1.914033603745808e-36,2.78465305544963e-35,Basal-up,ENSG00000109846.9,ENSG00000109846,CRYAB,34.55522890659074
4.923820620531472,2.451513393375113,2.4723072271563584,1.8433873888986905e-33,2.2542993533704525e-32,Basal-up,ENSG00000259803.7,ENSG00000259803,SLC22A31,31.646988413540775
7.325887088503835,4.855333378262008,2.470553710241827,1.1546553297467121e-27,1.011077498775073e-26,Basal-up,ENSG00000168539.4,ENSG00000168539,CHRM1,25.995215554596513
4.338973488990661,1.8686497015234482,2.4703237874672124,2.7059656796712555e-36,3.8978929773347867e-35,Basal-up,ENSG00000283178.1,ENSG00000283178,BX119927.1,34.40917008927971
6.801103904674937,4.3309664445301035,2.4701374601448336,2.994002557740216e-26,2.3946305353245534e-25,Basal-up,ENSG00000256124.6,ENSG00000256124,LINC01152,24.620761483855883
4.79089611679757,2.3233752958770166,2.4675208209205532,4.09559809393705e-30,4.140061764438176e-29,Basal-up,ENSG00000261121.2,ENSG00000261121,LINC02473,28.382993179711328
8.950847947624204,6.4843838191882135,2.466464128435991,1.0720296838741736e-14,4.1711474176973074e-14,Basal-up,ENSG00000077274.9,ENSG00000077274,CAPN6,13.379744460942682
3.2688736052510974,0.8042043123547375,2.46466929289636,8.012243007235424e-47,2.2013966032994376e-45,Basal-up,ENSG00000091482.8,ENSG00000091482,SMPX,44.657301707965544
3.670803055920805,1.2067124294189437,2.4640906265018616,3.0383542122506913e-33,3.670112907915069e-32,Basal-up,ENSG00000248713.1,ENSG00000248713,C4orf54,31.435320574840496
7.9595941801518135,5.4960107632424835,2.46358341690933,9.367693008646548e-22,5.670008480495347e-21,Basal-up,ENSG00000159263.16,ENSG00000159263,SIM2,20.246416291542793
4.038437199875826,1.575076715945772,2.463360483930054,1.1096007821410592e-46,3.033753525070824e-45,Basal-up,ENSG00000187185.4,ENSG00000187185,AC092118.1,44.51801970603111
16.423833470580345,13.961124433063631,2.4627090375167136,2.1831204682484136e-19,1.1489746914066075e-18,Basal-up,ENSG00000211896.7,ENSG00000211896,IGHG1,17.93968953745924
7.098888597010886,4.636277629702646,2.4626109673082395,2.70486524654297e-23,1.7968110000816558e-22,Basal-up,ENSG00000264230.9,ENSG00000264230,ANXA8L1,21.745497602322523
4.8456465470647805,2.3852195155359306,2.46042703152885,2.2326550221841453e-41,4.356146469360451e-40,Basal-up,ENSG00000286133.2,ENSG00000286133,AC093817.2,39.36089752612343
3.0979163039600564,0.6386491981954939,2.4592671057645625,8.013253566996341e-48,2.3623945432341018e-46,Basal-up,ENSG00000170423.13,ENSG00000170423,KRT78,45.62664756919488
5.807249293045273,3.3485596451595288,2.4586896478857443,4.315535229813429e-14,1.612133521713431e-13,Basal-up,ENSG00000228278.5,ENSG00000228278,ORM2,12.792598991475138
7.361500326293196,4.90749125332022,2.454009072972976,6.128159682458177e-27,5.12259133556105e-26,Basal-up,ENSG00000152931.9,ENSG00000152931,PART1,25.290510289407678
3.598008252688276,1.1446667264746795,2.4533415262135967,9.524301658203135e-50,3.2378761823830535e-48,Basal-up,ENSG00000250166.3,ENSG00000250166,AC053513.1,47.489739762851315
3.050537529119923,0.5974544791191142,2.4530830500008087,3.903827289500062e-48,1.1778243991362924e-46,Basal-up,ENSG00000275186.1,ENSG00000275186,AC018445.1,45.92891945332718
3.8969655022368914,1.4451474427370485,2.4518180594998427,1.88528898691654e-36,2.7440246131759623e-35,Basal-up,ENSG00000244676.5,ENSG00000244676,AL109761.1,34.56161199744103
9.41659584798877,6.9665228734664595,2.4500729745223104,1.5864908945750576e-27,1.3812772671728813e-26,Basal-up,ENSG00000160307.10,ENSG00000160307,S100B,25.859719135674283
8.186955789099157,5.743540369467708,2.4434154196314486,9.169413802590211e-57,5.080309928311138e-55,Basal-up,ENSG00000165568.18,ENSG00000165568,AKR1E2,54.29410979243074
5.811101757539446,3.3715337746252754,2.4395679829141708,1.8639804805882806e-21,1.110964184020611e-20,Basal-up,ENSG00000131668.14,ENSG00000131668,BARX1,19.954299941898864
5.4056889925641,2.969154639170483,2.436534353393617,9.682571991133404e-23,6.228359492281553e-22,Basal-up,ENSG00000189292.16,ENSG00000189292,ALKAL2,21.20562632850462
4.429680138977566,1.9932081299522546,2.4364720090253114,2.0903289315094595e-52,8.565748873373726e-51,Basal-up,ENSG00000254027.1,ENSG00000254027,AC009902.2,50.067234662195666
4.291325971114576,1.860688332633362,2.4306376384812136,3.1111006009697143e-36,4.464216273309282e-35,Basal-up,ENSG00000286383.1,ENSG00000286383,AC096645.1,34.35025477374127
8.633777643595407,6.20563708260588,2.428140560989527,6.534000260042853e-30,6.537901155720491e-29,Basal-up,ENSG00000179913.11,ENSG00000179913,B3GNT3,28.184561649654956
6.866841058805616,4.439048542112493,2.427792516693123,2.0409833407289314e-21,1.212579964218961e-20,Basal-up,ENSG00000160886.13,ENSG00000160886,LY6K,19.916289612004924
9.306113054853165,6.880033549016126,2.4260795058370395,3.8050420149043644e-56,2.008582808497548e-54,Basal-up,ENSG00000154655.16,ENSG00000154655,L3MBTL4,53.69711025876318
6.722726903058183,4.298472562920259,2.4242543401379235,4.2384597245092354e-39,7.215498728570319e-38,Basal-up,ENSG00000115009.13,ENSG00000115009,CCL20,37.141733645501816
3.6233396005851564,1.2020012015895887,2.4213383989955677,8.186162769611555e-24,5.620650881552219e-23,Basal-up,ENSG00000236311.6,ENSG00000236311,TLX1NB,22.250213389431156
6.87537590385543,4.454850643840125,2.420525260015305,1.7487160072995535e-31,1.9193503786732493e-30,Basal-up,ENSG00000104055.16,ENSG00000104055,TGM5,29.71684573728413
9.935544342665729,7.516218621426164,2.4193257212395647,9.507868213421132e-74,3.124546495234082e-71,Basal-up,ENSG00000129195.16,ENSG00000129195,PIMREG,70.50521300837107
7.4786183968670015,5.061259613083257,2.4173587837837447,9.619296291661898e-32,1.0712252880282618e-30,Basal-up,ENSG00000197410.14,ENSG00000197410,DCHS2,29.970119183642144
3.574451937519559,1.157599594182348,2.416852343337211,2.3638168852026725e-42,4.879011206403546e-41,Basal-up,ENSG00000226917.6,ENSG00000226917,LINC01276,40.311668184373154
2.712859888846155,0.3005295437223899,2.412330345123765,4.88814967192272e-50,1.6909264912574774e-48,Basal-up,ENSG00000232598.2,ENSG00000232598,AL122034.1,47.77187527184351
3.246848160892178,0.835019338281036,2.411828822611142,4.953016604753367e-56,2.5820391382788937e-54,Basal-up,ENSG00000278200.1,ENSG00000278200,LINC01971,53.58803717902942
4.863699774885306,2.4542330995131167,2.409466675372189,1.6929545230445305e-37,2.627214611687623e-36,Basal-up,ENSG00000113946.4,ENSG00000113946,CLDN16,35.58050444915351
8.541148709401543,6.133536079061773,2.407612630339771,3.385390080325199e-54,1.5746385883689894e-52,Basal-up,ENSG00000224397.7,ENSG00000224397,PELATON,51.80281910986697
5.285608172733944,2.878563987042908,2.4070441856910363,3.237735912323942e-32,3.7015316432843973e-31,Basal-up,ENSG00000132429.10,ENSG00000132429,POPDC3,30.431618533612575
4.785121668630938,2.381944318718096,2.403177349912842,3.224690816132486e-45,8.05451834253062e-44,Basal-up,ENSG00000259704.2,ENSG00000259704,AC124248.1,43.09396042513123
8.4016096723605,6.0002632852745466,2.4013463870859537,2.0106331883704534e-21,1.1960323775364259e-20,Basal-up,ENSG00000149043.16,ENSG00000149043,SYT8,19.922257063495536
8.446378041614109,6.0459936695586425,2.4003843720554663,4.1843044724984e-31,4.494004675365151e-30,Basal-up,ENSG00000184454.7,ENSG00000184454,NCMAP,29.347366480095744
3.3387737567208924,0.940494159097565,2.3982795976233273,3.1752116558048303e-48,9.631954271726508e-47,Basal-up,ENSG00000234476.3,ENSG00000234476,LINC02765,46.01628558792014
2.8085197201258074,0.4112256421045503,2.397294078021257,1.7658277847787861e-47,5.0417842713615765e-46,Basal-up,ENSG00000159527.3,ENSG00000159527,PGLYRP3,45.297415740920904
3.0683079785638827,0.6722394730938621,2.3960685054700206,4.245205685944336e-43,9.156968764018928e-42,Basal-up,ENSG00000250509.2,ENSG00000250509,AC034213.1,41.038248267263185
12.159804452197417,9.765632598638547,2.39417185355887,5.560824608521182e-62,4.671650147309023e-60,Basal-up,ENSG00000111206.13,ENSG00000111206,FOXM1,59.33052968832337
5.26142227736923,2.8673688511556956,2.3940534262135347,4.8329666369253543e-42,9.806358454584617e-41,Basal-up,ENSG00000164841.5,ENSG00000164841,TMEM74,40.008492235911085
13.332352256905258,10.939066646488287,2.393285610416971,1.9811970510713856e-23,1.3282331008005699e-22,Basal-up,ENSG00000128422.17,ENSG00000128422,KRT17,21.876725700941094
4.856045879692424,2.4639692672622537,2.39207661243017,3.2869360907506945e-27,2.796398420354398e-26,Basal-up,ENSG00000228307.2,ENSG00000228307,OR2S1P,25.553400951869722
10.877588715597454,8.488901332180374,2.3886873834170803,1.2088281974733669e-58,7.807306585608335e-57,Basal-up,ENSG00000146281.6,ENSG00000146281,PM20D2,56.107498765963406
8.924861260122098,6.543081007080141,2.381780253041957,2.0626298947743528e-27,1.7791907893164256e-26,Basal-up,ENSG00000198910.14,ENSG00000198910,L1CAM,25.74977747838907
3.8538615829626397,1.473195951205923,2.3806656317567167,9.811939722353149e-38,1.5397763084891272e-36,Basal-up,ENSG00000224739.2,ENSG00000224739,AC016735.1,35.81254236685515
3.3444883920250583,0.9647964319915772,2.3796919600334814,5.717366157265791e-21,3.311666037524613e-20,Basal-up,ENSG00000101292.8,ENSG00000101292,PROKR2,19.479953465780003
6.830484921311052,4.452688192225771,2.377796729085281,2.9721933955884265e-26,2.3788902249313288e-25,Basal-up,ENSG00000100473.18,ENSG00000100473,COCH,24.623625598234504
3.1384764125139,0.7607910266166129,2.377685385897287,5.222877171044619e-37,7.868352484198456e-36,Basal-up,ENSG00000204610.13,ENSG00000204610,TRIM15,35.10411619291724
5.842665272918992,3.4653997802872225,2.377265492631769,1.0121323790630952e-29,1.000196855725087e-28,Basal-up,ENSG00000285108.1,ENSG00000285108,AC103718.1,27.999914515058688
8.635552893329747,6.258468885001484,2.3770840083282625,8.966912697143886e-48,2.625073481294874e-46,Basal-up,ENSG00000146233.8,ENSG00000146233,CYP39A1,45.580858535277365
4.1354223237652725,1.7602457358784014,2.3751765878868714,1.3216621471573635e-15,5.453239189157413e-15,Basal-up,ENSG00000163207.7,ENSG00000163207,IVL,14.263345452936136
11.681743325310881,9.308344234418211,2.3733990908926703,5.178979864309427e-75,2.0915590970078553e-72,Basal-up,ENSG00000142945.13,ENSG00000142945,KIF2C,71.67952985991825
4.744530065148228,2.3722545303891365,2.372275534759092,2.9859938259063976e-13,1.0539171637820623e-12,Basal-up,ENSG00000112280.17,ENSG00000112280,COL9A1,11.97719352263971
5.543969631369808,3.1727625770612597,2.371207054308548,6.548143757905607e-45,1.6009757750911448e-43,Basal-up,ENSG00000272666.1,ENSG00000272666,KLHDC7B-DT,42.79561523948847
11.048837384659292,8.682467827955275,2.366369556704017,3.9482037384323923e-64,4.110055568703533e-62,Basal-up,ENSG00000101447.15,ENSG00000101447,FAM83D,61.386152306343355
11.316690948230201,8.951509295216953,2.3651816530132486,5.773407157350461e-68,9.171782365610779e-66,Basal-up,ENSG00000165304.8,ENSG00000165304,MELK,65.03754625905938
4.143424054349381,1.7794269151958355,2.363997139153546,2.609890407897023e-25,1.966363822717649e-24,Basal-up,ENSG00000274209.4,ENSG00000274209,ANTXRL,23.706336124560664
12.204283303487767,9.84545557768528,2.3588277258024863,3.238369500602923e-58,2.0214179824992545e-56,Basal-up,ENSG00000159166.15,ENSG00000159166,LAD1,55.69434387514188
10.684749707879725,8.330940098441806,2.353809609437919,5.596876490015083e-40,1.0091839695820634e-38,Basal-up,ENSG00000100167.20,ENSG00000100167,SEPTIN3,37.996029656665506
4.7560609829142475,2.402869070904074,2.3531919120101734,1.6871403352843737e-13,6.066610602738919e-13,Basal-up,ENSG00000170477.13,ENSG00000170477,KRT4,12.21705388020167
7.839059968004572,5.489900836892611,2.3491591311119615,2.002591896360351e-52,8.236427038772878e-51,Basal-up,ENSG00000228649.9,ENSG00000228649,SNHG26,50.08426114435431
3.0507877302445356,0.7066496932018953,2.34413803704264,8.369664013364488e-38,1.3221071523467375e-36,Basal-up,ENSG00000285663.1,ENSG00000285663,AC108457.1,35.87873334531401
11.302030551406009,8.958283581751132,2.3437469696548767,4.225163654669135e-17,1.917512668623198e-16,Basal-up,ENSG00000117983.17,ENSG00000117983,MUC5B,15.717261758072606
10.487356074539482,8.145047124779445,2.342308949760037,2.1890948107841353e-65,2.5567406988670457e-63,Basal-up,ENSG00000024526.17,ENSG00000024526,DEPDC1,62.59231331529065
10.209268563502846,7.867577978814896,2.3416905846879503,9.258988325874239e-58,5.5421658693447225e-56,Basal-up,ENSG00000143674.11,ENSG00000143674,MAP3K21,55.256320480527236
2.834029142270061,0.49235174271146376,2.3416773995585975,3.4781923491473938e-28,3.136642656535395e-27,Basal-up,ENSG00000057149.16,ENSG00000057149,SERPINB3,26.503534955683723
7.219812450206117,4.878511663506944,2.341300786699173,1.3654554830955847e-40,2.5512858301763655e-39,Basal-up,ENSG00000137571.11,ENSG00000137571,SLCO5A1,38.59324088301527
5.487462124064462,3.147001378481846,2.340460745582616,6.23258677532173e-21,3.6007636799170004e-20,Basal-up,ENSG00000281655.1,ENSG00000281655,AP000851.2,19.443605380676992
11.008456892615849,8.668775099786632,2.339681792829216,5.0771734888855644e-71,1.1656633927907131e-68,Basal-up,ENSG00000112742.10,ENSG00000112742,TTK,67.93342684216586
5.4397774603635645,3.100635180851213,2.3391422795123513,6.715604104908412e-42,1.3471397342700777e-40,Basal-up,ENSG00000280693.2,ENSG00000280693,SH3PXD2A-AS1,39.87058735403578
2.6208667025223567,0.2887033202715812,2.3321633822507755,1.0481224915784231e-54,4.990492317856356e-53,Basal-up,ENSG00000285201.1,ENSG00000285201,AC104454.2,52.301856608608745
3.367664317963802,1.0355568780472852,2.3321074399165167,1.0216755882355958e-25,7.900015159782508e-25,Basal-up,ENSG00000268964.3,ENSG00000268964,ERVV-2,24.1023720753167
7.932950652001165,5.601066913521755,2.3318837384794104,1.396478207891797e-53,6.25801464285201e-52,Basal-up,ENSG00000229891.2,ENSG00000229891,LINC01315,51.203563425002166
2.603779587230525,0.27247669422470777,2.3313028930058173,5.028931059085977e-58,3.076090677017554e-56,Basal-up,ENSG00000241439.1,ENSG00000241439,AC092903.1,55.512000866546835
5.7820310468769724,3.454846612564376,2.3271844343125965,9.042117895265156e-46,2.3278939466151155e-44,Basal-up,ENSG00000261762.1,ENSG00000261762,AC027228.2,43.63303680900883
9.798771472851666,7.472310234753884,2.3264612380977816,1.4785065487731935e-55,7.450582740019446e-54,Basal-up,ENSG00000111728.10,ENSG00000111728,ST8SIA1,53.12780975800643
6.495767963127333,4.1693778041730685,2.326390158954265,8.477262293886903e-52,3.331275874455908e-50,Basal-up,ENSG00000158806.14,ENSG00000158806,NPM2,49.477389400394145
7.020677195468154,4.695674875140915,2.325002320327239,8.277185265865931e-38,1.3081152763405282e-36,Basal-up,ENSG00000198515.16,ENSG00000198515,CNGA1,35.883353982561744
11.982982264494083,9.658430484039062,2.324551780455021,6.774577108190783e-36,9.545347821208703e-35,Basal-up,ENSG00000115112.8,ENSG00000115112,TFCP2L1,34.02020824180364
5.456058890506429,3.131987916461744,2.324070974044685,6.093529266559223e-44,1.4096280263289521e-42,Basal-up,ENSG00000147509.14,ENSG00000147509,RGS20,41.8508954741711
6.970068504261348,4.6469853301236785,2.323083174137669,4.755074275841525e-22,2.932120855890506e-21,Basal-up,ENSG00000189280.3,ENSG00000189280,GJB5,20.532818132951565
9.371910436682864,7.049124007233302,2.322786429449562,3.993887538067992e-24,2.789064797417481e-23,Basal-up,ENSG00000169436.17,ENSG00000169436,COL22A1,22.55454139579707
3.6105559387866406,1.29156927496019,2.3189866638264505,2.750459946474011e-48,8.3814015823462595e-47,Basal-up,ENSG00000274997.2,ENSG00000274997,H2AC12,46.07668335027412
3.239066963340145,0.9218197653187313,2.317247198021414,1.2561071028700442e-35,1.7355610094065905e-34,Basal-up,ENSG00000235295.1,ENSG00000235295,LINC01634,33.76056011516288
4.432009647413895,2.115058360442246,2.3169512869716486,1.9674849208069138e-17,9.155920386706616e-17,Basal-up,ENSG00000153820.13,ENSG00000153820,SPHKAP,16.03829799229329
6.280182715766807,3.9651825768480053,2.3150001389188013,1.185062716837259e-30,1.2386436628744908e-29,Basal-up,ENSG00000122733.12,ENSG00000122733,PHF24,28.90705361493582
7.230675063997401,4.922160052094317,2.3085150119030837,2.43047598349379e-65,2.8288039918997165e-63,Basal-up,ENSG00000188610.12,ENSG00000188610,FAM72B,62.548397143806866
9.230983565258857,6.922627038422949,2.308356526835908,2.204684934032028e-22,1.387291890158693e-21,Basal-up,ENSG00000156689.7,ENSG00000156689,GLYATL2,20.857832152518416
12.045568259609665,9.737900970483233,2.3076672891264316,1.422222528437231e-65,1.6965444538511027e-63,Basal-up,ENSG00000175063.17,ENSG00000175063,UBE2C,62.77043475623148
6.651712833748741,4.344090612530944,2.3076222212177973,1.4954599049275418e-49,4.9878423893702683e-48,Basal-up,ENSG00000234753.5,ENSG00000234753,FOXP4-AS1,47.30208727823043
4.7031661521304695,2.3971197000704243,2.306046452060045,6.114970207671172e-36,8.626843491630374e-35,Basal-up,ENSG00000233922.3,ENSG00000233922,LINC01694,34.06414808086995
3.912443982516885,1.6066465290873337,2.305797453429551,3.3426802950137987e-44,7.857408379303123e-43,Basal-up,ENSG00000144130.11,ENSG00000144130,NT5DC4,42.104720674337756
7.38289823421602,5.0774278607525405,2.3054703734634794,4.018409685266562e-34,5.117670693394193e-33,Basal-up,ENSG00000197106.7,ENSG00000197106,SLC6A17,32.29092766308404
4.840433104346826,2.5354592705861427,2.3049738337606835,5.4355073931678485e-53,2.306306428088434e-51,Basal-up,ENSG00000205704.7,ENSG00000205704,LINC00634,50.63708299054234
8.918303723706748,6.613429804870175,2.3048739188365728,6.54144956553437e-34,8.221574407075818e-33,Basal-up,ENSG00000188883.5,ENSG00000188883,KLRG2,32.08504500839274
5.078738002733013,2.7741082533036847,2.3046297494293286,2.561264619003451e-26,2.0588390894243569e-25,Basal-up,ENSG00000276850.5,ENSG00000276850,AC245041.2,24.686377594764135
4.581554107857033,2.2775783979891817,2.3039757098678515,6.53045150730124e-52,2.599771193880494e-50,Basal-up,ENSG00000164385.9,ENSG00000164385,LINC01600,49.58506487264755
6.572847491036209,4.269998446093126,2.302849044943083,3.711002594316574e-38,5.977549589692051e-37,Basal-up,ENSG00000101489.20,ENSG00000101489,CELF4,36.223476812294535
12.361978162852862,10.06339109478959,2.298587068063272,1.1736116189091476e-46,3.206150078715129e-45,Basal-up,ENSG00000121039.10,ENSG00000121039,RDH10,44.49401615233985
4.190242946025235,1.8960343761431215,2.2942085698821133,1.8694688651237586e-34,2.4307446221469504e-33,Basal-up,ENSG00000189051.5,ENSG00000189051,RNF222,32.614260666421295
5.947613736305424,3.655862307800685,2.2917514285047393,1.9748271740046815e-29,1.918730633989476e-28,Basal-up,ENSG00000160200.18,ENSG00000160200,CBS,27.716985990550178
11.74043694445035,9.450545849706188,2.2898910947441617,1.4190286333103635e-28,1.3110760691445255e-27,Basal-up,ENSG00000108244.17,ENSG00000108244,KRT23,26.882372109643782
10.051992788920712,7.762139527028096,2.289853261892616,2.161699675464934e-23,1.4465995831819641e-22,Basal-up,ENSG00000130487.9,ENSG00000130487,KLHDC7B,21.839651664374944
10.019813656665427,7.731435632332882,2.2883780243325447,9.18079404166608e-42,1.8306973008723794e-40,Basal-up,ENSG00000249992.2,ENSG00000249992,TMEM158,39.737383458772285
3.468276152291992,1.1822155452064627,2.2860606070855294,2.2622782117205623e-31,2.4644642722415747e-30,Basal-up,ENSG00000183571.11,ENSG00000183571,PGPEP1L,29.608277473504714
11.049143429707179,8.763691526828215,2.2854519028789646,3.181012529261972e-46,8.422396522974827e-45,Basal-up,ENSG00000168453.15,ENSG00000168453,HR,44.0745643160283
8.501472592229591,6.217083009506713,2.284389582722878,1.00161084445754e-65,1.220872563862427e-63,Basal-up,ENSG00000140451.13,ENSG00000140451,PIF1,62.91332966586652
2.7231667822026964,0.4420438841727732,2.281122898029923,1.7175690141991969e-31,1.8857816362907657e-30,Basal-up,ENSG00000133980.5,ENSG00000133980,VRTN,29.724508597730402
2.9354992529111197,0.6552373899120428,2.280261862999077,4.65176398857584e-23,3.050217701429228e-22,Basal-up,ENSG00000254626.1,ENSG00000254626,AP003100.1,21.515669162897368
3.1606149658450877,0.8823080366980213,2.2783069291470666,1.2571171143525165e-53,5.679051977506247e-52,Basal-up,ENSG00000255133.2,ENSG00000255133,LINC02721,51.245724156419406
6.4895514195587465,4.2113442130232475,2.278207206535499,1.3015710807100328e-33,1.610508033421938e-32,Basal-up,ENSG00000261040.7,ENSG00000261040,WFDC21P,31.793037104521957
5.131121967917993,2.853069413720611,2.278052554197382,4.778594056336813e-41,9.132182027845496e-40,Basal-up,ENSG00000158748.4,ENSG00000158748,HTR6,39.03942544049094
6.0734744463852115,3.7975818991656647,2.275892547219547,2.8740776674922565e-27,2.4532488773705232e-26,Basal-up,ENSG00000255750.6,ENSG00000255750,AC022509.1,25.610258391220462
7.088575176984714,4.812863474995607,2.275711701989106,1.702586486423323e-47,4.8778375234965624e-46,Basal-up,ENSG00000254615.3,ENSG00000254615,AC027031.2,45.31177266975088
5.883122181685866,3.6104198147190045,2.272702366966861,2.7423306206757552e-34,3.528711032823467e-33,Basal-up,ENSG00000128564.7,ENSG00000128564,VGF,32.45238390468581
3.5372832361195297,1.2658951313550697,2.27138810476446,4.228131831332118e-45,1.0506077018995746e-43,Basal-up,ENSG00000233029.3,ENSG00000233029,AC244453.2,42.978559419752
3.087512845531256,0.8225781525532981,2.264934692977958,1.8121149282440523e-41,3.55632859453985e-40,Basal-up,ENSG00000278928.1,ENSG00000278928,AC136621.1,39.44899811828608
3.0316077993256294,0.7685065735249857,2.2631012258006438,1.001432261476692e-55,5.1327231505655527e-54,Basal-up,ENSG00000255202.1,ENSG00000255202,AL049629.1,53.289652160135155
9.833178746542838,7.57123881022145,2.2619399363213883,9.67329304138868e-69,1.733950709878869e-66,Basal-up,ENSG00000091651.9,ENSG00000091651,ORC6,65.76096325214924
4.177060562349296,1.9154786416120835,2.2615819207372123,2.1339701318509102e-20,1.193968933727967e-19,Basal-up,ENSG00000182256.13,ENSG00000182256,GABRG3,18.923006973111207
6.534014652949131,4.275120361951118,2.258894290998013,1.5918530037060804e-17,7.451321419386652e-17,Basal-up,ENSG00000117322.18,ENSG00000117322,CR2,16.127766702519033
3.0927750900889053,0.8354310079213406,2.2573440821675645,9.262524386228475e-17,4.1161317436879025e-16,Basal-up,ENSG00000179059.10,ENSG00000179059,ZFP42,15.385510733365136
6.100215035869897,3.8431776042670953,2.2570374316028015,3.393091894023396e-26,2.700295353458315e-25,Basal-up,ENSG00000180438.15,ENSG00000180438,TPRXL,24.568588730892156
7.920892618760319,5.663954551376015,2.2569380673843042,2.8785351322696586e-37,4.415949548452126e-36,Basal-up,ENSG00000170442.12,ENSG00000170442,KRT86,35.35497589699852
9.581249171142051,7.326241570154721,2.25500760098733,1.2818992275368385e-31,1.4190641382772398e-30,Basal-up,ENSG00000165125.22,ENSG00000165125,TRPV6,29.847997975035558
10.014393628073687,7.7598678985180225,2.254525729555665,2.537790104444105e-68,4.25333621504832e-66,Basal-up,ENSG00000164045.12,ENSG00000164045,CDC25A,65.37127028609177
2.621340080796896,0.37423935048899476,2.247100730307901,2.0836882100892492e-36,3.020987404939084e-35,Basal-up,ENSG00000284928.1,ENSG00000284928,AL445205.1,34.51985108537778
12.32559377844731,10.07896024169958,2.24663353674773,4.23136195966424e-66,5.368543057237383e-64,Basal-up,ENSG00000089685.15,ENSG00000089685,BIRC5,63.27014355937547
11.300218740318485,9.05425774000676,2.245961000311725,4.8412271091970845e-68,7.764494387573506e-66,Basal-up,ENSG00000068489.13,ENSG00000068489,PRR11,65.109886819631
3.4969161008523018,1.253046261615331,2.2438698392369707,2.087475549763391e-39,3.633031174873773e-38,Basal-up,ENSG00000179046.8,ENSG00000179046,TRIML2,37.43973087546028
5.906252820841636,3.665955177598319,2.240297643243317,1.4903558613741214e-40,2.7769165354786298e-39,Basal-up,ENSG00000165325.14,ENSG00000165325,DEUP1,38.55643717344593
10.517086660451989,8.277120801388087,2.2399658590639024,6.700372153208403e-42,1.3448890693146446e-40,Basal-up,ENSG00000112414.15,ENSG00000112414,ADGRG6,39.87131353616071
5.070257712799644,2.8335684541555857,2.2366892586440583,6.383007593480147e-29,6.021908655599621e-28,Basal-up,ENSG00000104833.12,ENSG00000104833,TUBB4A,27.22026583644696
6.9361842168353585,4.700004686745735,2.2361795300896237,3.651551863756753e-41,7.014327706196353e-40,Basal-up,ENSG00000115590.14,ENSG00000115590,IL1R2,39.1540139479401
9.907251517179112,7.672258949433176,2.2349925677459366,1.822501317484683e-66,2.4051277229167942e-64,Basal-up,ENSG00000154839.10,ENSG00000154839,SKA1,63.61886185572045
6.958811966810173,4.725267760732569,2.233544206077604,1.60535606336112e-33,1.974735238306963e-32,Basal-up,ENSG00000275004.4,ENSG00000275004,ZNF280B,31.704491123961677
8.512006061540493,6.279157398169922,2.2328486633705715,2.612828247359491e-28,2.3767164952914555e-27,Basal-up,ENSG00000110693.18,ENSG00000110693,SOX6,26.62402261964903
5.729623875250727,3.4991394823106328,2.2304843929400944,3.7366767728147884e-53,1.6182610519993763e-51,Basal-up,ENSG00000237505.8,ENSG00000237505,PKN2-AS1,50.790951418262786
10.02025977184149,7.790245393264918,2.2300143785765716,4.244224075679912e-66,5.368543057237383e-64,Basal-up,ENSG00000140534.14,ENSG00000140534,TICRR,63.27014355937547
9.711041082395838,7.482227419934943,2.2288136624608947,1.3778952503792757e-68,2.405575457953819e-66,Basal-up,ENSG00000085840.13,ENSG00000085840,ORC1,65.6187810156232
10.264167748928099,8.036091777060214,2.2280759718678844,4.490773752950631e-60,3.244196900838473e-58,Basal-up,ENSG00000157193.18,ENSG00000157193,LRP8,57.48889279491941
2.831965016133037,0.6105176007443931,2.221447415388644,7.602736277548623e-16,3.19113097950701e-15,Basal-up,ENSG00000176165.12,ENSG00000176165,FOXG1,14.4960553698868
3.7433588308939933,1.5228873519971087,2.2204714788968847,8.215335302564034e-29,7.68353904413913e-28,Basal-up,ENSG00000272549.1,ENSG00000272549,LINC02538,27.114438697505246
9.914907616340372,7.696727198572662,2.2181804177677096,4.412528186192888e-68,7.110958884672386e-66,Basal-up,ENSG00000105926.16,ENSG00000105926,MPP6,65.14807183242871
4.435406889238218,2.217694594980068,2.2177122942581495,7.163474968310238e-24,4.9305889309601474e-23,Basal-up,ENSG00000047936.11,ENSG00000047936,ROS1,22.307101203605022
3.9913769991136885,1.77914282905328,2.2122341700604085,2.354361898593456e-37,3.6317630391556676e-36,Basal-up,ENSG00000281162.2,ENSG00000281162,LINC01127,35.43988249554312
2.6024993707616355,0.3908520109558149,2.211647359805821,4.811839716629993e-47,1.3396417549953269e-45,Basal-up,ENSG00000225833.1,ENSG00000225833,GS1-594A7.3,44.873011324493284
7.579821979675591,5.36850624538482,2.211315734290771,2.6987256985793643e-43,5.912502314796098e-42,Basal-up,ENSG00000273032.3,ENSG00000273032,DGCR5,41.22822867622403
7.840590587698638,5.630842221553283,2.209748366145355,1.000951207566127e-43,2.276247250855942e-42,Basal-up,ENSG00000213420.8,ENSG00000213420,GPC2,41.642780565717096
2.590395424873514,0.3813297568187563,2.209065668054758,7.432026191429183e-48,2.1949032417330943e-46,Basal-up,ENSG00000248238.2,ENSG00000248238,LINC02438,45.65858462007225
6.99439892337846,4.786168791144363,2.208230132234097,9.09524955748037e-31,9.560136881992536e-30,Basal-up,ENSG00000171551.12,ENSG00000171551,ECEL1,29.01953588945314
6.781707542094191,4.574911663928941,2.2067958781652495,1.917494896655729e-28,1.75661188674228e-27,Basal-up,ENSG00000105877.18,ENSG00000105877,DNAH11,26.755324182765083
2.834643561005685,0.6279231202458557,2.2067204407598293,1.0147346778395653e-36,1.5017177219065002e-35,Basal-up,ENSG00000260015.1,ENSG00000260015,AC010547.2,34.82341169405585
8.040021772166288,5.834691602487327,2.2053301696789607,3.7962803818909294e-27,3.217479605587458e-26,Basal-up,ENSG00000100453.13,ENSG00000100453,GZMB,25.492484197246856
11.53236648104564,9.328686710061598,2.203679770984042,5.765680803291179e-73,1.6805706132723505e-70,Basal-up,ENSG00000134690.11,ENSG00000134690,CDCA8,69.77454323486945
12.452881197927361,10.249290252513896,2.203590945413465,1.7719084522763541e-50,6.278474769588096e-49,Basal-up,ENSG00000254726.3,ENSG00000254726,MEX3A,48.2021458466455
11.476216263418566,9.274840230978263,2.2013760324403027,4.942076107242205e-69,9.10210940190982e-67,Basal-up,ENSG00000166851.15,ENSG00000166851,PLK1,66.0408579488384
9.178705797575866,6.977505460215595,2.2012003373602704,1.1081079300983014e-30,1.1603804378911298e-29,Basal-up,ENSG00000102287.19,ENSG00000102287,GABRE,28.935399601299526
9.649622626953548,7.448644558296222,2.2009780686573253,1.9232658797039253e-51,7.359346151561139e-50,Basal-up,ENSG00000034053.14,ENSG00000034053,APBA2,49.13316076927433
5.522630356953116,3.324924583697916,2.1977057732552003,3.1762172777608922e-25,2.3823406388575767e-24,Basal-up,ENSG00000236882.8,ENSG00000236882,LINC01554,23.622996140838445
3.329802153874905,1.136222330931704,2.1935798229432013,2.096226296440915e-34,2.7160999403440074e-33,Basal-up,ENSG00000228742.11,ENSG00000228742,LINC02577,32.56605425400075
9.927752314755445,7.737366364376667,2.1903859503787775,1.4900890118295651e-49,4.9788541730484973e-48,Basal-up,ENSG00000164687.11,ENSG00000164687,FABP5,47.30287059370201
11.450386217050394,9.264681490151142,2.1857047268992513,3.0326721425873504e-70,6.2365135104004904e-68,Basal-up,ENSG00000138180.16,ENSG00000138180,CEP55,67.20505813249031
3.5174434222262936,1.33230895252809,2.1851344696982036,3.596071774959119e-34,4.592012415109702e-33,Basal-up,ENSG00000255910.2,ENSG00000255910,AC024901.1,32.33799694643623
2.911383883969019,0.7266302469767781,2.184753636992241,6.485186038948281e-55,3.136846118694753e-53,Basal-up,ENSG00000285212.1,ENSG00000285212,AL009178.3,52.50350678555502
12.30921926662801,10.12537188525678,2.18384738137123,2.040615773217588e-59,1.3959477697602766e-57,Basal-up,ENSG00000011426.11,ENSG00000011426,ANLN,56.85513083080258
4.230472745995385,2.049080057160307,2.181392688835078,8.049883766278689e-09,2.050084362905802e-08,Basal-up,ENSG00000109205.16,ENSG00000109205,ODAM,7.688228266948828
2.4861797051630163,0.30685960497245013,2.179320100190566,2.3717374733523103e-54,1.113454343232065e-52,Basal-up,ENSG00000230570.1,ENSG00000230570,AL139095.3,51.95332758634337
12.124920307385715,9.947058063153769,2.177862244231946,4.757633436572936e-67,6.903717436966443e-65,Basal-up,ENSG00000183943.6,ENSG00000183943,PRKX,64.16091699221717
3.1663604814678608,0.988619073508402,2.177741407959459,1.0685007236837527e-38,1.776594457236081e-37,Basal-up,ENSG00000224854.3,ENSG00000224854,CDKN2A-DT,36.7504116971722
7.8296736094154475,5.653201724241623,2.1764718851738243,8.161146529407688e-48,2.401770251674677e-46,Basal-up,ENSG00000112394.17,ENSG00000112394,SLC16A10,45.61946853864921
10.927394677697439,8.751015034601155,2.1763796430962845,2.653726901700439e-68,4.419162229562431e-66,Basal-up,ENSG00000080986.13,ENSG00000080986,NDC80,65.35466005498658
3.1425567299737853,0.9663978166506889,2.1761589133230963,1.9271297653014505e-19,1.0179229393776335e-18,Basal-up,ENSG00000268916.6,ENSG00000268916,CSAG3,17.99228509849221
7.355548413581279,5.179887530278723,2.175660883302556,8.038285132453658e-51,2.9223787162673172e-49,Basal-up,ENSG00000287839.1,ENSG00000287839,AL353807.5,48.53426350375854
3.3581250590395886,1.1860719566098725,2.1720531024297163,1.395549701145029e-14,5.390507718642703e-14,Basal-up,ENSG00000139800.8,ENSG00000139800,ZIC5,13.268370327759381
10.47476489862542,8.308329882103449,2.1664350165219712,4.09016291558332e-30,4.135814809362078e-29,Basal-up,ENSG00000154277.13,ENSG00000154277,UCHL1,28.38343891601488
10.41447833555567,8.248877399536003,2.1656009360196666,4.5751765542729566e-64,4.718766710745523e-62,Basal-up,ENSG00000186185.14,ENSG00000186185,KIF18B,61.326171493040675
10.763377207792999,8.599173715121808,2.1642034926711915,4.802972494280024e-69,8.894786630290963e-67,Basal-up,ENSG00000111665.12,ENSG00000111665,CDCA3,66.05086446538766
9.730029508207279,7.5670634584293675,2.1629660497779115,2.2796656712997176e-24,1.620322165012013e-23,Basal-up,ENSG00000172137.19,ENSG00000172137,CALB2,22.79039862707674
7.747918650900088,5.586838312772835,2.1610803381272525,1.866732774407004e-33,2.282016141434091e-32,Basal-up,ENSG00000047597.7,ENSG00000047597,XK,31.641681288002395
5.379069668220726,3.21862796617456,2.160441702046166,3.720389655868835e-36,5.304443269448037e-35,Basal-up,ENSG00000259341.2,ENSG00000259341,AC015660.1,34.2753601909699
11.61773430769539,9.458039157324055,2.159695150371334,1.0964208601499613e-45,2.807641499788136e-44,Basal-up,ENSG00000102554.14,ENSG00000102554,KLF5,43.55165834689959
5.509667153227707,3.351410472508925,2.1582566807187824,1.6562771625192867e-14,6.367520413768377e-14,Basal-up,ENSG00000109182.12,ENSG00000109182,CWH43,13.19602965404825
3.344874361638192,1.1882882461352586,2.1565861155029333,9.562545815810136e-18,4.532473638941682e-17,Basal-up,ENSG00000198930.13,ENSG00000198930,CSAG1,16.34366471310018
10.661474019029253,8.505184925597954,2.1562890934312993,7.222425481987489e-61,5.565418440372887e-59,Basal-up,ENSG00000174371.17,ENSG00000174371,EXO1,58.2545021773287
2.9348187754897346,0.7789570902259245,2.15586168526381,2.031483654537414e-36,2.946574301172398e-35,Basal-up,ENSG00000258077.2,ENSG00000258077,AC078923.1,34.5306826032088
8.364002468596077,6.208778668714547,2.1552237998815293,1.2777345864293621e-30,1.3330116195802123e-29,Basal-up,ENSG00000178776.5,ENSG00000178776,C5orf46,28.87516606491654
6.455165540149919,4.30099298853563,2.1541725516142884,3.207362303612063e-32,3.6705628001733133e-31,Basal-up,ENSG00000173557.15,ENSG00000173557,FAM166C,30.435267341123815
3.349502125043115,1.1954430820544835,2.1540590429886315,2.6535734659224186e-28,2.411816230415387e-27,Basal-up,ENSG00000249550.7,ENSG00000249550,LINC01234,26.61765578656383
4.0858478744063,1.932733262672872,2.153114611733428,9.071544287855912e-23,5.846532676964625e-22,Basal-up,ENSG00000166407.14,ENSG00000166407,LMO1,21.233101618652302
8.430269911886437,6.277251367967311,2.153018543919126,1.4184050956761285e-22,9.033809387623755e-22,Basal-up,ENSG00000168243.11,ENSG00000168243,GNG4,21.04412907724336
6.634733168708877,4.4824665621120765,2.1522666065968004,5.638355081852921e-54,2.5890090732015057e-52,Basal-up,ENSG00000160117.16,ENSG00000160117,ANKLE1,51.58686642757423
5.303776419320484,3.1526381511461197,2.1511382681743645,1.2802697441042822e-20,7.257676614641559e-20,Basal-up,ENSG00000154493.19,ENSG00000154493,C10orf90,19.13920238686646
12.293651861221589,10.143557231378365,2.150094629843224,3.8246875192846023e-45,9.524779022765221e-44,Basal-up,ENSG00000146648.19,ENSG00000146648,EGFR,43.021145091275116
7.453148701611838,5.30380880357387,2.149339898037968,1.092283709235928e-23,7.44930822656934e-23,Basal-up,ENSG00000105880.7,ENSG00000105880,DLX5,22.127884055752777
3.66575247887025,1.518403855657655,2.1473486232125953,5.034244732494679e-43,1.083105798672796e-41,Basal-up,ENSG00000287349.1,ENSG00000287349,AC108477.2,40.96532911905741
10.355462466071895,8.209421014593339,2.146041451478556,1.0270050137598866e-54,4.896900150957524e-53,Basal-up,ENSG00000118193.12,ENSG00000118193,KIF14,52.31007875126671
4.711614755457741,2.567966372009456,2.143648383448285,5.7346019529808255e-25,4.227487518449907e-24,Basal-up,ENSG00000167634.12,ENSG00000167634,NLRP7,23.373917665971813
8.596618587727962,6.4533653043141666,2.143253283413795,1.4840927122376174e-43,3.3230987117037366e-42,Basal-up,ENSG00000163293.12,ENSG00000163293,NIPAL1,41.4784567579354
5.526746391099531,3.384063682946938,2.1426827081525928,5.258948373138277e-28,4.690791630324509e-27,Basal-up,ENSG00000256234.1,ENSG00000256234,AC022509.2,26.32875385842145
2.7863107006523142,0.6492169987925264,2.1370937018597878,3.472038559092231e-46,9.171216115112024e-45,Basal-up,ENSG00000287887.1,ENSG00000287887,AL391560.2,44.03757307250183
4.460924959770652,2.3240638094917907,2.136861150278861,6.457416512013028e-49,2.0575342346262045e-47,Basal-up,ENSG00000287260.1,ENSG00000287260,AL357075.3,46.68665292997447
13.154569255870696,11.01906530942848,2.135503946442215,4.721208509945745e-67,6.880648228407885e-65,Basal-up,ENSG00000088325.16,ENSG00000088325,TPX2,64.16237064479371
10.936988281778463,8.803605747921937,2.133382533856526,3.4286416838499095e-39,5.875668161689619e-38,Basal-up,ENSG00000100302.7,ENSG00000100302,RASD2,37.23094273970557
2.6027162197592064,0.4698488045022299,2.1328674152569764,7.366503503592885e-18,3.521968298964962e-17,Basal-up,ENSG00000142698.15,ENSG00000142698,C1orf94,16.45321455741092
10.640959246614678,8.511010282459443,2.1299489641552345,6.710926812343627e-52,2.665287520731734e-50,Basal-up,ENSG00000101871.16,ENSG00000101871,MID1,49.574255934130164
3.363231054808304,1.2353180260146956,2.1279130287936083,5.089769116108664e-42,1.031493716880063e-40,Basal-up,ENSG00000179774.9,ENSG00000179774,ATOH7,39.986533413093284
6.566804146042143,4.440350725115064,2.1264534209270796,3.0462147772110893e-26,2.433487114683406e-25,Basal-up,ENSG00000181374.8,ENSG00000181374,CCL13,24.61377094900408
4.126266151665823,2.0003099464046277,2.1259562052611956,2.9835618263430366e-18,1.4629753133267787e-17,Basal-up,ENSG00000166736.11,ENSG00000166736,HTR3A,16.83476300222494
2.909216310602335,0.7868881298409062,2.122328180761429,1.330704854191335e-31,1.4716340056909783e-30,Basal-up,ENSG00000248517.1,ENSG00000248517,LINC02437,29.832200185292315
5.115430768393732,2.994197531142044,2.1212332372516878,3.01949780063239e-42,6.19422070239888e-41,Basal-up,ENSG00000158427.15,ENSG00000158427,TMSB15B,40.20801332462883
7.189459925541371,5.070315183545248,2.1191447419961227,1.2560916687930994e-33,1.5548077081958898e-32,Basal-up,ENSG00000237943.7,ENSG00000237943,PRKCQ-AS1,31.808323314954432
10.796210659654957,8.67798802049209,2.118222639162866,4.833250566166631e-67,6.9832137490476494e-65,Basal-up,ENSG00000123485.12,ENSG00000123485,HJURP,64.15594466444456
2.5913397409547754,0.47401364933434365,2.1173260916204315,4.172985653818515e-61,3.2758426022481646e-59,Basal-up,ENSG00000263680.2,ENSG00000263680,AC007639.1,58.484676973400404
4.994998579605861,2.8779266744524636,2.1170719051533973,9.779942440459066e-42,1.9466963812600234e-40,Basal-up,ENSG00000197889.10,ENSG00000197889,MEIG1,39.710701778436665
5.942658560059183,3.8262177841637066,2.116440775895476,8.646510684969104e-45,2.098704114121393e-43,Basal-up,ENSG00000178752.16,ENSG00000178752,ERFE,42.678048786125714
6.059953229943224,3.9440888327758348,2.115864397167389,2.32093329497999e-41,4.520492971977296e-40,Basal-up,ENSG00000231768.2,ENSG00000231768,LINC01354,39.344814201618874
5.0886497012585235,2.974432044234776,2.1142176570237474,2.9913545331073053e-35,4.052958930871337e-34,Basal-up,ENSG00000171049.9,ENSG00000171049,FPR2,33.39222779699512
6.502176508125339,4.38958378568275,2.1125927224425887,2.4847805749082757e-23,1.655203594414257e-22,Basal-up,ENSG00000086696.11,ENSG00000086696,HSD17B2,21.781148579234188
2.321168512505212,0.20876389018588287,2.112404622319329,1.7427438043595758e-73,5.408960400197499e-71,Basal-up,ENSG00000215369.3,ENSG00000215369,RPL37P3,70.26688619808071
3.3887057180010447,1.2775421398156648,2.11116357818538,1.028952706988829e-31,1.1447226929394474e-30,Basal-up,ENSG00000144834.14,ENSG00000144834,TAGLN3,29.94129970765802
5.1357178977516735,3.0246191288966395,2.111098768855034,1.163867333733056e-30,1.2172490803972555e-29,Basal-up,ENSG00000166126.11,ENSG00000166126,AMN,28.914620544881103
3.3731005873817725,1.2621310050520094,2.110969582329763,1.2981518235864411e-28,1.200718794884589e-27,Basal-up,ENSG00000235819.2,ENSG00000235819,AL158828.1,26.920558691289482
10.197351871185502,8.086409516768786,2.110942354416716,1.0641314312233933e-66,1.4735186555616836e-64,Basal-up,ENSG00000093009.11,ENSG00000093009,CDC45,63.83164436137075
7.995647530381336,5.884939712682513,2.110707817698823,8.175996733008542e-42,1.6322776086387513e-40,Basal-up,ENSG00000241106.8,ENSG00000241106,HLA-DOB,39.78720597692595
5.716858607586363,3.60728451598203,2.109574091604333,7.200394131942685e-19,3.679786725151986e-18,Basal-up,ENSG00000255836.1,ENSG00000255836,AC131206.1,17.434177351645435
4.546898751165774,2.4403333037205366,2.106565447445237,1.3483294960048512e-43,3.033288906448498e-42,Basal-up,ENSG00000272425.1,ENSG00000272425,AC009902.3,41.51808622322018
4.94373898366424,2.8418273495815956,2.101911634082644,1.786625666242853e-36,2.6049452950178525e-35,Basal-up,ENSG00000266010.2,ENSG00000266010,GATA6-AS1,34.58420139264136
7.566863988171481,5.466993996297328,2.0998699918741535,3.572809551866805e-30,3.623618038686091e-29,Basal-up,ENSG00000121380.12,ENSG00000121380,BCL2L14,28.440857587053014
5.894351123168789,3.7949242313309823,2.099426891837807,6.283702936240741e-18,3.0163213865500454e-17,Basal-up,ENSG00000101282.9,ENSG00000101282,RSPO4,16.520522386618875
2.587519582850696,0.4915523616135681,2.095967221237128,1.1051423993073702e-43,2.5080821411498338e-42,Basal-up,ENSG00000285347.1,ENSG00000285347,AL359555.4,41.60065824421136
7.805616739821768,5.710500418135738,2.09511632168603,3.651998037125893e-22,2.2698864120982745e-21,Basal-up,ENSG00000178445.10,ENSG00000178445,GLDC,20.643995874891985
6.987327587664796,4.892227450054518,2.0951001376102774,7.214187900599724e-18,3.45111429182393e-17,Basal-up,ENSG00000187527.11,ENSG00000187527,ATP13A5,16.46204065777993
7.7414507130153885,5.650833313992415,2.0906173990229737,6.167015362059537e-23,4.0077230503341543e-22,Basal-up,ENSG00000260807.7,ENSG00000260807,CEROX1,21.397102297586763
10.232671859885993,8.142245977936092,2.0904258819499013,1.0899397431062185e-56,5.979505759234116e-55,Basal-up,ENSG00000166016.6,ENSG00000166016,ABTB2,54.22333471148115
10.920100024763736,8.831505872606442,2.0885941521572935,9.023143618975876e-62,7.468043805137565e-60,Basal-up,ENSG00000143228.13,ENSG00000143228,NUF2,59.126793143284054
5.152057004294651,3.067647405482444,2.084409598812207,3.898034592451259e-22,2.4178778597144e-21,Basal-up,ENSG00000285417.1,ENSG00000285417,BX571818.1,20.61656564151984
12.444650655695275,10.361179770660765,2.08347088503451,1.3378998307249036e-45,3.4103728004485755e-44,Basal-up,ENSG00000126878.13,ENSG00000126878,AIF1L,43.46719814407844
7.0418661415485255,4.958986675815397,2.0828794657331287,1.807093003825542e-40,3.350318445145585e-39,Basal-up,ENSG00000273203.1,ENSG00000273203,AC006946.2,38.4749139116507
3.3697044867529136,1.2888205403602762,2.080883946392637,6.285840090762588e-30,6.295230350832445e-29,Basal-up,ENSG00000285294.1,ENSG00000285294,LINC00842,28.200988373853956
11.617563123742462,9.537000288530411,2.080562835212051,1.234248380792704e-63,1.2276559562068678e-61,Basal-up,ENSG00000169679.15,ENSG00000169679,BUB1,60.91092332477098
6.04512845978033,3.9654509451693305,2.079677514611,4.061522472359423e-53,1.7521522943820832e-51,Basal-up,ENSG00000176383.9,ENSG00000176383,B3GNT4,50.756428148319046
2.7147793750680997,0.6355371279039804,2.079242247164119,5.870287104234424e-46,1.5277331035243624e-44,Basal-up,ENSG00000233217.2,ENSG00000233217,MROH3P,43.81595251080677
5.424360800152469,3.3466356128110477,2.077725187341421,1.68653828680675e-38,2.7793885631151557e-37,Basal-up,ENSG00000163734.4,ENSG00000163734,CXCL3,36.55605073389179
10.16574836556246,8.089185507529514,2.076562858032945,1.3814410336876378e-58,8.837004475040004e-57,Basal-up,ENSG00000007968.7,ENSG00000007968,E2F2,56.05369492508068
9.252436949611663,7.179391316279185,2.0730456333324785,1.7529863363837233e-61,1.4193261351589955e-59,Basal-up,ENSG00000085999.13,ENSG00000085999,RAD54L,58.84791780015516
4.255520577619147,2.1831820603972405,2.0723385172219064,6.970948106224434e-40,1.2482167762854862e-38,Basal-up,ENSG00000218358.2,ENSG00000218358,RAET1K,37.90370998471039
11.43232187657435,9.362295640145838,2.0700262364285127,4.19173025697767e-68,6.787768029656595e-66,Basal-up,ENSG00000157456.8,ENSG00000157456,CCNB2,65.16827300801044
3.943453218745193,1.8741760591226875,2.0692771596225055,1.5387097473475329e-30,1.5953464500800898e-29,Basal-up,ENSG00000286970.1,ENSG00000286970,AC010491.2,28.797144989710535
3.049904498282225,0.9815004100538909,2.068404088228334,1.8210941695535322e-17,8.495904880088295e-17,Basal-up,ENSG00000169469.9,ENSG00000169469,SPRR1B,16.070790358584173
11.762939806090774,9.695964460902486,2.066975345188288,3.131892857738061e-55,1.550680185987885e-53,Basal-up,ENSG00000066279.18,ENSG00000066279,ASPM,52.80947776232984
4.059245217922376,1.9938356397290926,2.0654095781932833,1.3768225146860444e-19,7.329059979716724e-19,Basal-up,ENSG00000236081.1,ENSG00000236081,ELFN1-AS1,18.134951724103953
3.289783886322142,1.224846855075639,2.0649370312465027,4.3644391673928824e-41,8.350228361358985e-40,Basal-up,ENSG00000282317.1,ENSG00000282317,AL451007.2,39.07830164730419
2.956896783339951,0.8925977581408067,2.064299025199144,1.9292245105166432e-44,4.589610049149601e-43,Basal-up,ENSG00000196660.11,ENSG00000196660,SLC30A10,42.33822421221803
6.342340016424985,4.2812647557662835,2.0610752606587015,1.6663966977730675e-33,2.0462001307110082e-32,Basal-up,ENSG00000265763.4,ENSG00000265763,ZNF488,31.689051891927438
9.975341496066013,7.916685321382361,2.0586561746836525,1.7175986542817942e-37,2.6617617610506583e-36,Basal-up,ENSG00000157368.11,ENSG00000157368,IL34,35.57483081831711
5.101142487276043,3.0428137089684797,2.0583287783075632,4.8021439480637236e-39,8.129690158540203e-38,Basal-up,ENSG00000257829.1,ENSG00000257829,AC121757.1,37.089926006066506
4.162985925800385,2.1072715745463766,2.055714351254008,9.550837233562732e-17,4.240880435408965e-16,Basal-up,ENSG00000180458.2,ENSG00000180458,AC022148.1,15.372543971580399
11.274882253639149,9.219571032608801,2.0553112210303475,6.4702491317027026e-55,3.134143799055991e-53,Basal-up,ENSG00000148143.13,ENSG00000148143,ZNF462,52.50388108135057
11.441560973836513,9.387142836386884,2.0544181374496286,9.804648328012138e-71,2.205716858758167e-68,Basal-up,ENSG00000120254.16,ENSG00000120254,MTHFD1L,67.65645023739494
5.573819205479505,3.5216839977604364,2.0521352077190684,3.631901604243375e-28,3.269979634011226e-27,Basal-up,ENSG00000236740.6,ENSG00000236740,AL033384.1,26.485454952191116
3.9770042678005733,1.9253554334593264,2.051648834341247,1.3901751968196935e-23,9.404373884439179e-23,Basal-up,ENSG00000234896.1,ENSG00000234896,OR7E62P,22.026670113200755
2.998452395257198,0.9487177242470389,2.049734671010159,1.3862912377285743e-34,1.8130504209388144e-33,Basal-up,ENSG00000278910.4,ENSG00000278910,BANCR,32.74159011800542
10.317305378371513,8.26796054737618,2.0493448309953326,3.4038869257235184e-56,1.8139632710691947e-54,Basal-up,ENSG00000165138.18,ENSG00000165138,ANKS6,53.74137151073428
7.482218098161148,5.434733846516291,2.047484251644857,7.145943532935947e-52,2.834698547029739e-50,Basal-up,ENSG00000183150.8,ENSG00000183150,GPR19,49.547493118895424
6.819090344529987,4.771915072962965,2.0471752715670215,1.7173566925271344e-33,2.106072704167852e-32,Basal-up,ENSG00000157703.16,ENSG00000157703,SVOPL,31.676526640522848
6.145473785165705,4.100718156421352,2.044755628744353,7.973005748742605e-27,6.616864389647242e-26,Basal-up,ENSG00000172548.14,ENSG00000172548,NIPAL4,25.179347765980765
5.72146609421043,3.677058208636925,2.0444078855735053,1.1696774937608982e-08,2.941966653475299e-08,Basal-up,ENSG00000159184.8,ENSG00000159184,HOXB13,7.531362254210033
11.82788596427184,9.783843928240874,2.044042036030966,5.676360492087861e-25,4.185473024522329e-24,Basal-up,ENSG00000169245.6,ENSG00000169245,CXCL10,23.378255452764893
2.938513094155447,0.8966881651418506,2.0418249290135964,6.557238107798616e-52,2.607338331831668e-50,Basal-up,ENSG00000232739.1,ENSG00000232739,AL607028.1,49.58380261052179
3.070281992498773,1.0293425574978639,2.040939435000909,1.504856214941695e-39,2.640983263080922e-38,Basal-up,ENSG00000287731.1,ENSG00000287731,AL035603.1,37.57823435107427
3.561639170317878,1.5221293893898273,2.039509780928051,4.609431885108627e-44,1.073718949192781e-42,Basal-up,ENSG00000287507.1,ENSG00000287507,AP001053.1,41.96910938231248
2.462290982006725,0.424434419536755,2.0378565624699703,1.070865861749784e-50,3.8597229769734154e-49,Basal-up,ENSG00000205897.5,ENSG00000205897,OR7E136P,48.41344386472959
8.794801432663728,6.757295386186722,2.0375060464770067,1.2586429785663893e-66,1.7080855320463714e-64,Basal-up,ENSG00000146410.12,ENSG00000146410,MTFR2,63.76749038589192
3.1941155985983802,1.1580284505741376,2.036087148024243,5.692495352912162e-33,6.792895842990945e-32,Basal-up,ENSG00000270071.3,ENSG00000270071,AP001172.1,31.167945044493784
6.430804800713112,4.3950243939034905,2.0357804068096215,6.7023887462278214e-46,1.733519064610776e-44,Basal-up,ENSG00000236404.10,ENSG00000236404,VLDLR-AS1,43.761071377768914
11.613421744894287,9.57822176797008,2.0351999769242077,2.8129094569291164e-61,2.2396371733079334e-59,Basal-up,ENSG00000141401.12,ENSG00000141401,IMPA2,58.64982233273424
11.176602038017881,9.14531040088458,2.031291637133302,9.810824185737658e-61,7.508192390546262e-59,Basal-up,ENSG00000145386.11,ENSG00000145386,CCNA2,58.124464607510184
3.282136950825812,1.2515950417083712,2.0305419091174404,5.555151940985025e-38,8.87130505296894e-37,Basal-up,ENSG00000254814.1,ENSG00000254814,AP003031.1,36.0520124866382
2.456258936191218,0.42932139326336294,2.026937542927855,2.6930033300282878e-48,8.213782677210938e-47,Basal-up,ENSG00000090512.12,ENSG00000090512,FETUB,46.08545679202737
9.16811644728289,7.14284369150546,2.0252727557774293,1.2444021782886718e-26,1.0238674770799282e-25,Basal-up,ENSG00000168143.9,ENSG00000168143,FAM83B,24.989756252049116
7.47166891821835,5.446536910845045,2.0251320073733057,1.1249020827043421e-23,7.665525068560592e-23,Basal-up,ENSG00000146530.14,ENSG00000146530,VWDE,22.115458091746536
10.55318066671729,8.528769891290281,2.0244107754270093,5.154721675685184e-42,1.0433953536773392e-40,Basal-up,ENSG00000029153.14,ENSG00000029153,ARNTL2,39.98155110155727
8.455460815898721,6.433359584873,2.0221012310257214,6.454983421302728e-39,1.0862000214963225e-37,Basal-up,ENSG00000175592.9,ENSG00000175592,FOSL1,36.96409019294853
7.1548757438721005,5.132981931556892,2.0218938123152084,1.6059665120089572e-56,8.753170322364268e-55,Basal-up,ENSG00000196550.10,ENSG00000196550,FAM72A,54.05783462079068
2.4414795150118986,0.4196615661460064,2.021817948865892,3.2690744821912205e-51,1.2202603189649189e-49,Basal-up,ENSG00000287781.1,ENSG00000287781,AC018714.2,48.91354751110387
5.853560616623054,3.8319600300945935,2.0216005865284603,6.160234182152251e-36,8.687044585012345e-35,Basal-up,ENSG00000105889.16,ENSG00000105889,STEAP1B,34.061127949527055
7.142354404182566,5.122304926474347,2.020049477708219,3.478452153521513e-17,1.588741193432908e-16,Basal-up,ENSG00000107984.10,ENSG00000107984,DKK1,15.79894684377332
3.5084375113202215,1.4909074930237654,2.017530018296456,3.7286087970784394e-24,2.6092477427571874e-23,Basal-up,ENSG00000185306.13,ENSG00000185306,C12orf56,22.583484683565807
10.43326859224476,8.41594889257137,2.01731969967339,2.787048362312556e-63,2.6691960315633393e-61,Basal-up,ENSG00000075218.19,ENSG00000075218,GTSE1,60.57361952950965
2.292358673296508,0.2766123492498708,2.015746324046637,2.4951562585415376e-40,4.600530131260305e-39,Basal-up,ENSG00000236892.2,ENSG00000236892,AL357833.1,38.337192120532485
6.034822285581051,4.0192368267122625,2.015585458868789,7.392855796215232e-41,1.400048171125054e-39,Basal-up,ENSG00000287051.1,ENSG00000287051,AC121757.2,38.85385702139755
9.086914217938062,7.073784661785244,2.013129556152818,2.7901259862645455e-23,1.8516139984079897e-22,Basal-up,ENSG00000134028.14,ENSG00000134028,ADAMDEC1,21.73244954456218
7.646102710346406,5.633152209700688,2.012950500645718,2.2698298831514585e-29,2.192642584531322e-28,Basal-up,ENSG00000146411.6,ENSG00000146411,SLC2A12,27.659032155470836
14.402648613436192,12.391893624801579,2.0107549886346128,7.753334891406419e-56,3.986070330673975e-54,Basal-up,ENSG00000084207.18,ENSG00000084207,GSTP1,53.399455042827164
7.668525209479517,5.659315433878004,2.009209775601513,6.6960886855471176e-40,1.201567948284472e-38,Basal-up,ENSG00000128298.17,ENSG00000128298,BAIAP2L2,37.92025166495113
11.223039472068931,9.213932604317986,2.009106867750946,2.558964615339848e-39,4.421468758051119e-38,Basal-up,ENSG00000184349.13,ENSG00000184349,EFNA5,37.35443343934814
3.292041261243812,1.2832654943985509,2.008775766845261,4.269744071297531e-23,2.805210138571016e-22,Basal-up,ENSG00000244067.3,ENSG00000244067,GSTA2,21.552034600146317
4.929052405137652,2.920301529658195,2.008750875479457,2.4338292393653758e-39,4.2161217624561966e-38,Basal-up,ENSG00000263513.5,ENSG00000263513,FAM72C,37.375086855101195
8.82897723216808,6.820970850934233,2.008006381233847,2.014954212266551e-62,1.768095947517665e-60,Basal-up,ENSG00000129810.15,ENSG00000129810,SGO1,59.75249417125347
2.9346570497520705,0.9277171091381635,2.006939940613907,1.2141556726540668e-36,1.78737365601073e-35,Basal-up,ENSG00000159556.10,ENSG00000159556,ISL2,34.74778464739353
11.988320653512304,9.984570416882438,2.003750236629866,1.2051184673983987e-64,1.3158166458369485e-62,Basal-up,ENSG00000237649.8,ENSG00000237649,KIFC1,61.880804623829235
8.175104916602171,6.172086489837086,2.0030184267650855,1.308063996022718e-22,8.353268269514481e-22,Basal-up,ENSG00000188338.15,ENSG00000188338,SLC38A3,21.078143570779115
3.126951131510272,1.1254946237849133,2.0014565077253588,5.016202827766644e-25,3.712588182528989e-24,Basal-up,ENSG00000243384.1,ENSG00000243384,AC119424.1,23.430323222056977
7.975130520537422,5.974624038377192,2.0005064821602305,1.540095098524506e-16,6.760617926927433e-16,Basal-up,ENSG00000105929.16,ENSG00000105929,ATP6V0A4,15.17001360731426
3.458200765064915,1.457771937667514,2.000428827397401,2.559894815663224e-31,2.7814481108924237e-30,Basal-up,ENSG00000204528.3,ENSG00000204528,PSORS1C3,29.555729037597427
6.3486843067008625,4.34984234127347,1.9988419654273928,3.729344218277983e-23,2.4578768815705463e-22,Basal-up,ENSG00000119946.11,ENSG00000119946,CNNM1,21.60943987531193
8.143057227495522,6.145177163788245,1.997880063707277,1.6268428505066457e-48,5.030606305256713e-47,Basal-up,ENSG00000128965.13,ENSG00000128965,CHAC1,46.298379669186836
3.8066764432700664,1.8100161230373109,1.9966603202327555,3.8740483119222854e-35,5.221475650005428e-34,Basal-up,ENSG00000166527.8,ENSG00000166527,CLEC4D,33.28220674295792
4.279332837093927,2.284177850749667,1.99515498634426,7.421450103201705e-21,4.267015565339986e-20,Basal-up,ENSG00000273274.2,ENSG00000273274,ZBTB8B,19.369875772906113
10.097604140492422,8.104710651613866,1.9928934888785559,3.841605859965981e-42,7.832763286256672e-41,Basal-up,ENSG00000163235.16,ENSG00000163235,TGFA,40.106084998061746
3.0305234122498215,1.0399169390951912,1.9906064731546302,7.490051442451065e-39,1.254078543211587e-37,Basal-up,ENSG00000261857.7,ENSG00000261857,MIA,36.901675262695754
4.196093093478068,2.2080529963155904,1.9880400971624779,2.1152164601882018e-32,2.4448984739830524e-31,Basal-up,ENSG00000130234.12,ENSG00000130234,ACE2,30.61173917052989
4.275322649054729,2.2885939435717577,1.9867287054829714,1.3989182023866677e-13,5.056258156566865e-13,Basal-up,ENSG00000084453.16,ENSG00000084453,SLCO1A2,12.296170760455444
3.3627663885104435,1.376231212549963,1.9865351759604806,2.631082478341807e-23,1.7495315348942148e-22,Basal-up,ENSG00000172782.12,ENSG00000172782,FADS6,21.757078225054688
8.352350118273868,6.366331434921597,1.9860186833522713,1.9464752354754448e-23,1.3057004181136063e-22,Basal-up,ENSG00000169429.11,ENSG00000169429,CXCL8,21.884156456816644
11.580465224047002,9.595941786864326,1.9845234371826752,1.6204871186981928e-64,1.7578876446201754e-62,Basal-up,ENSG00000146670.10,ENSG00000146670,CDCA5,61.7550088863048
2.4755187368400913,0.491177714741774,1.9843410220983173,1.901444372588374e-27,1.6450552372829518e-26,Basal-up,ENSG00000164794.9,ENSG00000164794,KCNV1,25.783819514829858
8.913326819886006,6.929475811407945,1.9838510084780605,4.1547646297258047e-50,1.4416947245176912e-48,Basal-up,ENSG00000027869.12,ENSG00000027869,SH2D2A,47.841126690721396
4.294710337290829,2.3111881204765496,1.9835222168142796,1.0963613843294689e-20,6.239394499613548e-20,Basal-up,ENSG00000124875.10,ENSG00000124875,CXCL6,19.20485755426564
3.8528666853613562,1.8699489663301219,1.9829177190312344,1.3312407484633489e-37,2.0745323053691983e-36,Basal-up,ENSG00000171658.8,ENSG00000171658,NMRAL2P,35.68307979779122
8.64745738454097,6.664787997838416,1.9826693867025549,3.0274870053004114e-32,3.47182225171638e-31,Basal-up,ENSG00000140379.9,ENSG00000140379,BCL2A1,30.459442517676077
4.646174234739132,2.665649264691256,1.9805249700478762,7.98402373988488e-31,8.429117346801297e-30,Basal-up,ENSG00000125872.8,ENSG00000125872,LRRN4,29.074217900047046
9.210089360493866,7.229822591626095,1.9802667688677706,9.335484419293136e-46,2.3997349519532665e-44,Basal-up,ENSG00000136002.20,ENSG00000136002,ARHGEF4,43.61983672298037
3.25646290292623,1.2768895671160838,1.9795733358101464,1.3782375067272536e-32,1.6091438950016559e-31,Basal-up,ENSG00000246528.3,ENSG00000246528,AC079089.1,30.79340511810672
4.347489535650008,2.371118585109928,1.9763709505400802,1.5915982633425063e-29,1.5558580865337068e-28,Basal-up,ENSG00000144406.19,ENSG00000144406,UNC80,27.80803001855844
3.744176678492409,1.7680942625920049,1.976082415900404,5.769558146698142e-35,7.717302038201186e-34,Basal-up,ENSG00000238062.6,ENSG00000238062,SPATA3-AS1,33.11253450208811
4.724115333626733,2.75102726199874,1.9730880716279926,3.8276346888131074e-40,6.9729518896204e-39,Basal-up,ENSG00000273209.1,ENSG00000273209,AC069148.1,38.15658333123054
7.238652275082722,5.266265070160968,1.9723872049217537,2.4222263694361283e-20,1.3500669754489362e-19,Basal-up,ENSG00000144278.15,ENSG00000144278,GALNT13,18.86964468606322
6.251575936891146,4.282878513877589,1.9686974230135572,2.664939418298278e-56,1.4269771453891098e-54,Basal-up,ENSG00000267480.1,ENSG00000267480,AP001542.3,53.84558298253418
5.340340888470346,3.3718193976895083,1.9685214907808373,2.9406551713575963e-13,1.0383520630349378e-12,Basal-up,ENSG00000198643.7,ENSG00000198643,FAM3D,11.983655369888815
7.42404182140004,5.456325424420257,1.9677163969797835,1.7413116333236204e-39,3.044797389097953e-38,Basal-up,ENSG00000092295.12,ENSG00000092295,TGM1,37.516441601462745
6.798813433117343,4.832359911481839,1.9664535216355041,1.3464289519728032e-39,2.367906530436955e-38,Basal-up,ENSG00000131015.5,ENSG00000131015,ULBP2,37.625635444734854
3.859659428560203,1.8943998435775644,1.9652595849826386,3.184438046963124e-41,6.1593977688519275e-40,Basal-up,ENSG00000234964.4,ENSG00000234964,FABP5P7,39.210461748622954
11.849652065550115,9.884482312497342,1.9651697530527734,7.87056246879094e-47,2.1660201474045345e-45,Basal-up,ENSG00000109654.16,ENSG00000109654,TRIM2,44.66433750806807
7.8761856787817415,5.911984335903871,1.9642013428778702,1.711825984132599e-27,1.4853845971557006e-26,Basal-up,ENSG00000213468.7,ENSG00000213468,FIRRE,25.828161083857186
4.019004285649265,2.0554409461766894,1.9635633394725756,2.3720509415800686e-46,6.345662215623616e-45,Basal-up,ENSG00000135747.11,ENSG00000135747,ZNF670-ZNF695,44.19752304944252
12.483031689388769,10.519482343456785,1.963549345931984,8.389805950192599e-52,3.3007781156156794e-50,Basal-up,ENSG00000067057.18,ENSG00000067057,PFKP,49.48138366876345
13.071487783957144,11.10826067634379,1.9632271076133545,7.542916292643309e-50,2.5852612896667046e-48,Basal-up,ENSG00000143013.13,ENSG00000143013,LMO4,47.587495556660656
8.22923915182986,6.266878383132064,1.9623607686977964,6.043944448779951e-62,5.064825448077599e-60,Basal-up,ENSG00000177602.5,ENSG00000177602,HASPIN,59.2954355173803
9.484619700877854,7.522706791860032,1.9619129090178218,8.638970329703904e-44,1.969920309195067e-42,Basal-up,ENSG00000156966.7,ENSG00000156966,B3GNT7,41.70555134235458
10.844552983257536,8.885474585391414,1.9590783978661221,1.1690619651558581e-61,9.604646341182442e-60,Basal-up,ENSG00000167513.9,ENSG00000167513,CDT1,59.017518621942386
11.12766249868451,9.170224077161999,1.957438421522511,2.9484580762397187e-62,2.5472246060710147e-60,Basal-up,ENSG00000071539.14,ENSG00000071539,TRIP13,59.5939327586577
8.422646541650716,6.465535459153603,1.9571110824971125,1.2885945941516946e-18,6.481646277905883e-18,Basal-up,ENSG00000163710.9,ENSG00000163710,PCOLCE2,17.188314673357073
4.309099888006219,2.352213642971603,1.9568862450346156,3.3073469976401797e-22,2.059106080254436e-21,Basal-up,ENSG00000006611.17,ENSG00000006611,USH1C,20.68632127898546
3.088774434071063,1.1326390637579706,1.9561353703130924,2.2224081994471517e-39,3.859850924635675e-38,Basal-up,ENSG00000186452.11,ENSG00000186452,TMPRSS12,37.41342946834854
9.482824925017967,7.529385375062048,1.9534395499559194,8.920463679912725e-37,1.327770615233901e-35,Basal-up,ENSG00000106123.12,ENSG00000106123,EPHB6,34.876876946912915
2.727279604546886,0.7748370629450855,1.9524425416018008,2.0042733475980498e-49,6.638660337103421e-48,Basal-up,ENSG00000279949.1,ENSG00000279949,AC022784.6,47.1779195511897
4.540232480567813,2.5881684742326754,1.9520640063351373,2.2694424169095906e-23,1.516581136658881e-22,Basal-up,ENSG00000126259.20,ENSG00000126259,KIRREL2,21.81913435010068
3.945559431353512,1.99399482433197,1.9515646070215418,1.742003793131123e-29,1.6984283637508798e-28,Basal-up,ENSG00000176076.7,ENSG00000176076,KCNE5,27.769952766064364
5.388294442112131,3.436790317868504,1.9515041242436268,3.1535935024590336e-16,1.3618713501987477e-15,Basal-up,ENSG00000197444.10,ENSG00000197444,OGDHL,14.865863916312867
6.499773491082854,4.5505844667612845,1.9491890243215693,9.254494679012925e-21,5.2891843416967306e-20,Basal-up,ENSG00000248485.2,ENSG00000248485,PCP4L1,19.27661129643601
10.897093214217788,8.948395615170405,1.9486975990473834,1.5316757654756861e-61,1.2461595062802186e-59,Basal-up,ENSG00000126787.13,ENSG00000126787,DLGAP5,58.90442636516983
4.021342734766414,2.077178631864323,1.9441641029020906,6.997547562594151e-36,9.830586517106285e-35,Basal-up,ENSG00000229896.2,ENSG00000229896,AL157373.2,34.007420570311915
5.9108673511807694,3.967664629784898,1.9432027213958714,1.2539358945268114e-24,9.076210577529414e-24,Basal-up,ENSG00000229676.3,ENSG00000229676,ZNF492,23.042095436586337
3.7710639859460238,1.8281110022188338,1.94295298372719,2.1663336010328867e-15,8.815770584754446e-15,Basal-up,ENSG00000226145.7,ENSG00000226145,KRT16P6,14.054739720111119
2.5604959257203475,0.6176448717722417,1.9428510539481056,6.781491426355491e-25,4.981713622867326e-24,Basal-up,ENSG00000236366.3,ENSG00000236366,AL359313.1,23.302621241790117
9.859367298559627,7.916826138177997,1.94254116038163,5.371197499783846e-45,1.3228695091311867e-43,Basal-up,ENSG00000154127.10,ENSG00000154127,UBASH3B,42.87848299349903
10.673637980308941,8.73420325341858,1.9394347268903616,1.0745345144318785e-37,1.6831026599886247e-36,Basal-up,ENSG00000078018.20,ENSG00000078018,MAP2,35.77388939364578
10.212574651929327,8.275630858308562,1.936943793620765,2.1734243959692346e-59,1.4807558079855436e-57,Basal-up,ENSG00000187741.15,ENSG00000187741,FANCA,56.82951655524543
5.621411937718064,3.684719034217817,1.9366929035002474,4.988325093213425e-27,4.1970044458964353e-26,Basal-up,ENSG00000050730.16,ENSG00000050730,TNIP3,25.377060570739125
3.0917193716633147,1.15637384653982,1.9353455251234948,4.44165966811148e-33,5.326813312168043e-32,Basal-up,ENSG00000269210.2,ENSG00000269210,AC019171.1,31.27353252358611
11.663048768236875,9.732345948645172,1.930702819591703,1.1176511842853553e-50,4.0240244572765966e-49,Basal-up,ENSG00000137563.13,ENSG00000137563,GGH,48.395339388382546
12.000872116907795,10.071754782638601,1.9291173342691934,9.382935525363267e-50,3.19630080091643e-48,Basal-up,ENSG00000152284.5,ENSG00000152284,TCF7L1,47.495352356382156
5.159829765277127,3.2338273541062006,1.9260024111709266,8.161908956657758e-29,7.642100229809163e-28,Basal-up,ENSG00000160282.14,ENSG00000160282,FTCD,27.116787270629867
3.42067560570516,1.4974887379546233,1.9231868677505366,4.166003434876827e-37,6.344590419676113e-36,Basal-up,ENSG00000158516.12,ENSG00000158516,CPA2,35.197596408906705
8.925157710929632,7.003295128484885,1.9218625824447475,4.319902041405896e-37,6.562425193961413e-36,Basal-up,ENSG00000237438.7,ENSG00000237438,CECR7,35.18293563414369
8.293856452058888,6.372471188011461,1.9213852640474274,1.0576588831124393e-36,1.5631713298910476e-35,Basal-up,ENSG00000165996.14,ENSG00000165996,HACD1,34.80599341894279
6.7579872871726785,4.837209263909579,1.9207780232630993,1.3751980536383921e-30,1.4306840086269057e-29,Basal-up,ENSG00000106714.17,ENSG00000106714,CNTNAP3,28.844456277116343
3.535905985134653,1.61788139022297,1.918024594911683,7.29600242023501e-49,2.3181232334244315e-47,Basal-up,ENSG00000268949.1,ENSG00000268949,MRPS17P1,46.63486348029062
5.995376164224481,4.0779176821185334,1.917458482105948,1.8616815058995371e-25,1.4131241865433082e-24,Basal-up,ENSG00000135898.10,ENSG00000135898,GPR55,23.84981967030958
2.2600506747594493,0.3432614603536225,1.916789214405827,1.3489785312516723e-58,8.645843282515497e-57,Basal-up,ENSG00000258611.2,ENSG00000258611,YBX2P2,56.063192640899935
2.8626793436536326,0.9471513852954654,1.9155279583581672,2.248034765927657e-30,2.306523579855986e-29,Basal-up,ENSG00000106128.19,ENSG00000106128,GHRHR,28.637042101190552
11.610386632520234,9.694989796733475,1.9153968357867583,4.807062580086336e-58,2.9516597830362114e-56,Basal-up,ENSG00000112984.12,ENSG00000112984,KIF20A,55.52993370202007
5.624480562754404,3.709343154961305,1.915137407793099,1.063866818476095e-32,1.2495030047413702e-31,Basal-up,ENSG00000228623.6,ENSG00000228623,ZNF883,30.903262695166962
2.7154017005961295,0.8009745675021434,1.9144271330939862,1.5340796723766254e-43,3.432733686119124e-42,Basal-up,ENSG00000287119.1,ENSG00000287119,AC092580.4,41.464359888137096
6.503090789825467,4.58883571554394,1.9142550742815265,7.597888198652325e-20,4.1024679835506752e-19,Basal-up,ENSG00000227471.9,ENSG00000227471,AKR1B15,18.386954799579325
2.9948960993851683,1.0812066112321266,1.9136894881530417,6.33524224809283e-50,2.1735652011880416e-48,Basal-up,ENSG00000234264.1,ENSG00000234264,DEPDC1-AS1,47.66282732759577
8.396120143316102,6.482858812679711,1.9132613306363906,4.898965550708696e-27,4.1238906393710576e-26,Basal-up,ENSG00000182379.10,ENSG00000182379,NXPH4,25.384692860204098
2.7580001391568136,0.8462224845310049,1.9117776546258087,8.969807622614062e-17,3.9902846915729705e-16,Basal-up,ENSG00000181355.21,ENSG00000181355,OFCC1,15.398996117955242
4.522834407284446,2.6123026509671528,1.910531756317293,1.5002742216893085e-26,1.2259676233794642e-25,Basal-up,ENSG00000185615.16,ENSG00000185615,PDIA2,24.91152099896386
7.283786263937806,5.373967437281031,1.9098188266567746,1.912191548923068e-27,1.6536806171285148e-26,Basal-up,ENSG00000135925.9,ENSG00000135925,WNT10A,25.78154836395658
4.046886839290743,2.1390296603413654,1.907857178949378,2.9025647532451744e-35,3.935840231746692e-34,Basal-up,ENSG00000287626.1,ENSG00000287626,AL021978.1,33.40496253927502
10.7288933311012,8.824517805289258,1.9043755258119415,7.936489872913715e-55,3.8222865020124675e-53,Basal-up,ENSG00000109805.10,ENSG00000109805,NCAPG,52.417676763230844
5.865871213483289,3.9626732163190423,1.9031979971642468,1.325607539976511e-53,5.964344260404382e-52,Basal-up,ENSG00000251161.4,ENSG00000251161,AC020661.1,51.22443729713068
8.837590525882542,6.935580959959405,1.9020095659231364,1.1919602341046451e-47,3.444354055792044e-46,Basal-up,ENSG00000186567.13,ENSG00000186567,CEACAM19,45.462892212452545
2.3877489852225167,0.4869967869831593,1.9007521982393574,5.795290997836158e-57,3.2484641178506362e-55,Basal-up,ENSG00000243468.5,ENSG00000243468,INGX,54.48832192603746
11.246561134749074,9.347120811521435,1.8994403232276387,8.66262627437133e-67,1.2052236449484468e-64,Basal-up,ENSG00000154640.15,ENSG00000154640,BTG3,63.9189323566121
7.155376383962887,5.258033367018819,1.8973430169440677,2.5858838281616677e-31,2.8078660809840978e-30,Basal-up,ENSG00000105613.10,ENSG00000105613,MAST1,29.55162360939001
8.911866461783093,7.015747235880248,1.8961192259028454,1.291545457238826e-62,1.1483449264362188e-60,Basal-up,ENSG00000127423.11,ENSG00000127423,AUNIP,59.93992764403898
5.625981561611703,3.730953529345334,1.895028032266369,3.071831763356488e-19,1.6043596246137343e-18,Basal-up,ENSG00000137441.8,ENSG00000137441,FGFBP2,17.794698276027276
6.250017794346005,4.3554399262518615,1.8945778680941432,1.949936916720869e-22,1.231152485373583e-21,Basal-up,ENSG00000176399.4,ENSG00000176399,DMRTA1,20.909688153847675
3.3328537315014297,1.4397957447978138,1.893057986703616,1.5580433525035212e-39,2.7314651242634953e-38,Basal-up,ENSG00000232233.1,ENSG00000232233,LINC02043,37.56360434024792
5.450163148176466,3.5575190979518343,1.8926440502246313,4.1738659984673e-37,6.348227561555782e-36,Basal-up,ENSG00000137875.4,ENSG00000137875,BCL2L10,35.19734751371357
9.171635637831091,7.280618707200413,1.8910169306306779,4.766603429385213e-44,1.1072525776368145e-42,Basal-up,ENSG00000173320.12,ENSG00000173320,STOX2,41.955753300022984
2.576334332205475,0.6912352213172693,1.8850991108882056,1.3708797994396215e-30,1.4266343023041328e-29,Basal-up,ENSG00000262668.2,ENSG00000262668,AJ003147.2,28.845687337919216
10.074219300147472,8.192290647225125,1.8819286529223476,2.4040382782581373e-50,8.446893405368214e-49,Basal-up,ENSG00000141384.13,ENSG00000141384,TAF4B,48.073302986313685
2.5266741050001253,0.6450683357853968,1.8816057692147286,1.3101024692365484e-53,5.90250467322703e-52,Basal-up,ENSG00000269846.1,ENSG00000269846,AL136172.1,51.22896366040241
13.332150625496253,11.451755842574933,1.8803947829213197,4.416618942045762e-58,2.7214166716429034e-56,Basal-up,ENSG00000075618.18,ENSG00000075618,FSCN1,55.56520495901353
10.09308833693306,8.214272260343742,1.8788160765893185,4.4965258189958425e-59,2.9964919573109473e-57,Basal-up,ENSG00000165480.16,ENSG00000165480,SKA3,56.52338688362749
2.659982652489492,0.7852159389870774,1.8747667135024146,3.747290170391845e-30,3.798281418552605e-29,Basal-up,ENSG00000287594.1,ENSG00000287594,AL356123.2,28.420412861084852
11.329637429598026,9.45544007594937,1.8741973536486558,9.909668503660688e-39,1.6501345665310794e-37,Basal-up,ENSG00000062282.15,ENSG00000062282,DGAT2,36.78248063813827
8.646650339596766,6.774258671076137,1.8723916685206285,1.1850082435331563e-23,8.052194673268071e-23,Basal-up,ENSG00000004468.13,ENSG00000004468,CD38,22.094085733969166
3.1126046400704706,1.2406253127877072,1.8719793272827634,1.2283543585598383e-25,9.45235034410601e-25,Basal-up,ENSG00000205057.6,ENSG00000205057,CLLU1-AS1,24.024460189949924
2.9702664835189423,1.0988077209583325,1.8714587625606098,2.0907133408789243e-14,7.984585984534755e-14,Basal-up,ENSG00000287407.1,ENSG00000287407,AL596442.3,13.097747597909155
10.907424555928966,9.03643858610395,1.870985969825016,6.752181334997324e-34,8.476895818318738e-33,Basal-up,ENSG00000153404.14,ENSG00000153404,PLEKHG4B,32.07176315432144
2.5647950633539236,0.6941223078444273,1.8706727555094962,1.9543483941182204e-36,2.8408394696809517e-35,Basal-up,ENSG00000102794.10,ENSG00000102794,ACOD1,34.5465533067211
8.237694118498357,6.372535893936007,1.8651582245623501,6.2517078109072235e-30,6.262918285164679e-29,Basal-up,ENSG00000134460.18,ENSG00000134460,IL2RA,28.203223254677997
5.540298068431426,3.676613145616023,1.8636849228154029,1.1489021511689783e-48,3.599177580110669e-47,Basal-up,ENSG00000232818.2,ENSG00000232818,RPS2P32,46.44379672512826
10.89623026706663,9.033726581239177,1.862503685827452,8.155465675029444e-65,9.05202680221811e-63,Basal-up,ENSG00000149554.13,ENSG00000149554,CHEK1,62.04325416880942
4.400355638175451,2.5385688242049933,1.861786813970458,5.926410274506003e-11,1.7755923525334398e-10,Basal-up,ENSG00000185640.6,ENSG00000185640,KRT79,9.750656734146604
3.619804929348577,1.7584550856000036,1.8613498437485734,4.284547403232223e-44,1.0001255498352654e-42,Basal-up,ENSG00000258279.4,ENSG00000258279,LINC00592,41.999945477821896
4.331027974094802,2.470836502266396,1.860191471828406,2.1959248966309637e-51,8.317220625431628e-50,Basal-up,ENSG00000272192.1,ENSG00000272192,AC100812.1,49.08002177812023
6.267788392083832,4.408170176009522,1.8596182160743107,3.0435704580303764e-19,1.590342661779863e-18,Basal-up,ENSG00000129437.11,ENSG00000129437,KLK14,17.798509290719338
12.128544478236316,10.270209734535934,1.8583347437003823,2.783546850992665e-44,6.575369305516147e-43,Basal-up,ENSG00000155380.12,ENSG00000155380,SLC16A1,42.182079850010275
7.358820345509316,5.500760513957638,1.858059831551678,9.358206716365945e-26,7.254558028043165e-25,Basal-up,ENSG00000163568.15,ENSG00000163568,AIM2,24.139389041093768
2.436472281436578,0.5786499132063535,1.8578223682302242,1.5405234848750883e-38,2.5450146482510082e-37,Basal-up,ENSG00000225156.2,ENSG00000225156,AC012354.1,36.594309713666604
11.257449917399747,9.401952977400816,1.8554969399989307,1.0073856992656678e-60,7.691929075030794e-59,Basal-up,ENSG00000164611.13,ENSG00000164611,PTTG1,58.113964728914155
4.591340130010605,2.7359760303812912,1.8553640996293135,3.210293956724136e-12,1.0551976213904005e-11,Basal-up,ENSG00000170454.6,ENSG00000170454,KRT75,10.976666196440261
10.062046433807359,8.210588630176737,1.8514578036306215,4.821490812042589e-49,1.5510208447184988e-47,Basal-up,ENSG00000175040.6,ENSG00000175040,CHST2,46.809382365509805
13.312350348602543,11.461114323230401,1.8512360253721418,1.4912797105431657e-49,4.9788541730484973e-48,Basal-up,ENSG00000148773.14,ENSG00000148773,MKI67,47.30287059370201
4.940154902004157,3.090356138019516,1.8497987639846412,2.286597502877829e-26,1.8455754465799381e-25,Basal-up,ENSG00000164362.21,ENSG00000164362,TERT,24.733868196275097
3.115776796703653,1.2665458357944348,1.8492309609092183,1.3905791435963723e-30,1.4462368257322494e-29,Basal-up,ENSG00000213412.3,ENSG00000213412,HNRNPA1P33,28.83976058415971
8.299385088121566,6.4517770188962675,1.8476080692252985,3.050833192727386e-42,6.254674533346911e-41,Basal-up,ENSG00000177839.7,ENSG00000177839,PCDHB9,40.2037952842198
10.474618901887096,8.627300333253425,1.8473185686336713,1.306798524360092e-13,4.72941983767548e-13,Basal-up,ENSG00000211662.2,ENSG00000211662,IGLV3-21,12.32519213130229
7.043869543089554,5.198215078834152,1.8456544642554018,7.813639692142822e-26,6.086758133409886e-25,Basal-up,ENSG00000158887.19,ENSG00000158887,MPZ,24.215613955255765
3.1606214456886406,1.3150694110568661,1.8455520346317744,2.5511728413653964e-41,4.963163879429372e-40,Basal-up,ENSG00000237685.1,ENSG00000237685,AL139039.3,39.30424138453331
9.065730745444569,7.220520706785664,1.8452100386589043,1.7633265614593343e-42,3.673505676825164e-41,Basal-up,ENSG00000129173.13,ENSG00000129173,E2F8,40.43491928468528
2.6401241461985325,0.7957940893074538,1.8443300568910788,1.5810399006560136e-26,1.2894515199510844e-25,Basal-up,ENSG00000230834.1,ENSG00000230834,AC068580.2,24.88959498157065
4.742050707948915,2.8982379111709924,1.843812796777923,1.2127188382385733e-54,5.733474676693509e-53,Basal-up,ENSG00000134940.14,ENSG00000134940,ACRV1,52.24158210132059
12.005639386389857,10.161917057151278,1.8437223292385791,5.55772966387972e-27,4.65621340497996e-26,Basal-up,ENSG00000182253.15,ENSG00000182253,SYNM,25.331967123186068
2.1138671791489814,0.2705249316394497,1.8433422475095318,3.353870586646702e-60,2.443950914443423e-58,Basal-up,ENSG00000283517.1,ENSG00000283517,AC005144.1,57.611907520933755
6.359553426814584,4.519187370694019,1.8403660561205646,3.730293033509274e-24,2.609881496206029e-23,Basal-up,ENSG00000119121.22,ENSG00000119121,TRPM6,22.583379211708543
8.586339612819142,6.7463395130014225,1.8400000998177193,5.524516057157244e-48,1.6519337933622734e-46,Basal-up,ENSG00000109576.14,ENSG00000109576,AADAT,45.7820073624355
14.75241695852095,12.912579200813667,1.8398377577072829,2.027053475322803e-42,4.1968395610142283e-41,Basal-up,ENSG00000104419.17,ENSG00000104419,NDRG1,40.3770776329086
6.140273292130078,4.30090095197911,1.8393723401509678,2.3691696479101333e-48,7.252471835429011e-47,Basal-up,ENSG00000245248.8,ENSG00000245248,USP2-AS1,46.13951394908049
4.55337900758878,2.714152009465856,1.839226998122924,2.853271122883708e-36,4.1047917613331284e-35,Basal-up,ENSG00000253302.1,ENSG00000253302,STAU2-AS1,34.386708870017834
6.7522761187214275,4.913383526591072,1.8388925921303558,4.472356032413954e-20,2.4487646881168857e-19,Basal-up,ENSG00000054938.16,ENSG00000054938,CHRDL2,18.61105294601549
2.4210789371607278,0.5826471100058489,1.8384318271548787,1.1401131405850207e-24,8.271989712642834e-24,Basal-up,ENSG00000214429.3,ENSG00000214429,CYCSP6,23.08239001435473
3.266006835015339,1.4275838240646403,1.8384230109506987,6.994130760763234e-25,5.132295602031165e-24,Basal-up,ENSG00000188269.10,ENSG00000188269,OR7A5,23.289688337754274
10.536032415631121,8.697901608380413,1.8381308072507085,2.8863244330570476e-12,9.515105723453209e-12,Basal-up,ENSG00000211673.2,ENSG00000211673,IGLV3-1,11.02158638185334
11.871967285685713,10.034194689814045,1.8377725958716677,1.770578149200293e-38,2.9107297479741943e-37,Basal-up,ENSG00000105810.10,ENSG00000105810,CDK6,36.53599811555467
4.2466397539659395,2.4091644077670167,1.8374753461989228,8.63017705574239e-25,6.301100738586036e-24,Basal-up,ENSG00000101188.5,ENSG00000101188,NTSR1,23.2005835770644
9.149763175055995,7.312333082214228,1.8374300928417666,1.7504376681015743e-33,2.1437585178942187e-32,Basal-up,ENSG00000116711.10,ENSG00000116711,PLA2G4A,31.66882413700751
8.580160039106445,6.7437452172311625,1.836414821875283,4.821731324570625e-32,5.4565980418503495e-31,Basal-up,ENSG00000176244.7,ENSG00000176244,ACBD7,30.263078037170846
12.041769362493435,10.207112422406059,1.8346569400873758,1.7699235443452818e-61,1.4295864387097312e-59,Basal-up,ENSG00000135912.11,ENSG00000135912,TTLL4,58.844789580271204
8.239582867361344,6.404951814115384,1.8346310532459604,6.524627358797685e-26,5.106362574524828e-25,Basal-up,ENSG00000108700.5,ENSG00000108700,CCL8,24.29188835159112
9.48929252904017,7.656151640804219,1.8331408882359517,2.534659476502703e-17,1.1683413868587817e-16,Basal-up,ENSG00000237988.5,ENSG00000237988,OR2I1P,15.93243023875969
5.217116116451066,3.3846803004454538,1.8324358160056127,7.621740208704483e-16,3.198306607358216e-15,Basal-up,ENSG00000148677.7,ENSG00000148677,ANKRD1,14.495079904723319
10.191256397075643,8.35938538256853,1.8318710145071133,5.535739839558964e-62,4.662261292010464e-60,Basal-up,ENSG00000136982.6,ENSG00000136982,DSCC1,59.3314033905112
10.12858277229892,8.296905612811756,1.831677159487164,6.570756372204081e-51,2.407122990123287e-49,Basal-up,ENSG00000139734.19,ENSG00000139734,DIAPH3,48.61850171921094
7.838749050116902,6.008653595123641,1.8300954549932609,3.6403352360773574e-28,3.2766927259214025e-27,Basal-up,ENSG00000088538.13,ENSG00000088538,DOCK3,26.484564282967224
4.472249608973995,2.6435883616674447,1.8286612473065507,1.5505374737500127e-24,1.115322234336919e-23,Basal-up,ENSG00000288658.1,ENSG00000288658,AC010980.1,22.952599639901607
2.0970106439524767,0.26944147744548985,1.8275691665069869,3.772438303663506e-63,3.562031885600021e-61,Basal-up,ENSG00000253509.1,ENSG00000253509,AC104393.1,60.44830219725959
5.686650259816026,3.8593116763602793,1.8273385834557465,1.464844824047837e-53,6.5468798002778e-52,Basal-up,ENSG00000280594.1,ENSG00000280594,BTG3-AS1,51.18396563258576
3.150433855780241,1.3238695022369076,1.8265643535433334,1.255261615285842e-41,2.4809180037960743e-40,Basal-up,ENSG00000266846.2,ENSG00000266846,AP001021.3,39.6053875892495
10.168146145719765,8.34174500212852,1.8264011435912444,8.86639999805464e-52,3.480113910243461e-50,Basal-up,ENSG00000092853.14,ENSG00000092853,CLSPN,49.45840654059924
11.980575122486584,10.155529446519973,1.8250456759666118,1.1810364102436218e-48,3.6929422081498325e-47,Basal-up,ENSG00000183856.11,ENSG00000183856,IQGAP3,46.4326274886875
6.416139981435135,4.5911020767498725,1.8250379046852627,1.878018546867128e-42,3.9003210465295e-41,Basal-up,ENSG00000239445.6,ENSG00000239445,ST3GAL6-AS1,40.408899643486926
9.319528433245898,7.497175551422581,1.822352881823317,5.9104274755156875e-28,5.2578962043334885e-27,Basal-up,ENSG00000196218.13,ENSG00000196218,RYR1,26.279187991514203
3.3236264605454044,1.5036354345787972,1.8199910259666072,5.237101081255404e-21,3.042947274114771e-20,Basal-up,ENSG00000138684.9,ENSG00000138684,IL21,19.516705572702428
5.8607913513832735,4.042529027405928,1.8182623239773452,1.852144417857249e-22,1.1709521102711238e-21,Basal-up,ENSG00000105376.5,ENSG00000105376,ICAM5,20.931460866388175
2.2987002051039243,0.4820637011727629,1.8166365039311614,3.027914072000214e-36,4.348572394749236e-35,Basal-up,ENSG00000204613.11,ENSG00000204613,TRIM10,34.36165329542297
11.407744817601495,9.591397338948802,1.816347478652693,3.386976199922558e-54,1.5746385883689894e-52,Basal-up,ENSG00000090889.12,ENSG00000090889,KIF4A,51.80281910986697
2.9957917614551874,1.1799098595841662,1.8158819018710213,7.61630748670424e-22,4.631687716878195e-21,Basal-up,ENSG00000114638.8,ENSG00000114638,UPK1B,20.334260729809237
3.2173560201428577,1.4015201901202599,1.8158358300225979,1.6461155906350497e-26,1.3407069890578451e-25,Basal-up,ENSG00000205846.4,ENSG00000205846,CLEC6A,24.87266612665239
2.5248531934599168,0.7104157211917723,1.8144374722681444,4.2375603209022176e-27,3.5788113367760726e-26,Basal-up,ENSG00000236502.1,ENSG00000236502,SIX3-AS1,25.446261195590644
4.845224985367461,3.031159432715013,1.8140655526524485,1.4498735108358994e-25,1.109077135628009e-24,Basal-up,ENSG00000118194.20,ENSG00000118194,TNNT2,23.955038247888137
8.616028331059523,6.802767874911293,1.81326045614823,3.828364874329862e-32,4.357446199916366e-31,Basal-up,ENSG00000101670.12,ENSG00000101670,LIPG,30.36076796628881
2.2784044729485915,0.46563676304500023,1.8127677099035913,1.4604666929114498e-29,1.4289212944072328e-28,Basal-up,ENSG00000267038.1,ENSG00000267038,AC105094.1,27.844991691675077
8.776968962750493,6.964909262729857,1.8120597000206358,5.367038476624068e-67,7.721164366370762e-65,Basal-up,ENSG00000261061.1,ENSG00000261061,AC092718.4,64.11231720228612
3.1930742696025924,1.3817131788700268,1.8113610907325657,2.8695194248035265e-18,1.4099427018383788e-17,Basal-up,ENSG00000144285.22,ENSG00000144285,SCN1A,16.8507985361255
10.246935932803332,8.436499795119179,1.8104361376841531,2.56860611427102e-55,1.273663860212494e-53,Basal-up,ENSG00000135451.13,ENSG00000135451,TROAP,52.89494517397622
2.998742575462092,1.1885375504571885,1.8102050250049038,3.427151336296159e-26,2.7261061412588333e-25,Basal-up,ENSG00000067842.17,ENSG00000067842,ATP2B3,24.564457238866122
4.125536346216933,2.3161831415446046,1.8093532046723282,1.1906393121575874e-39,2.103860292225742e-38,Basal-up,ENSG00000249375.8,ENSG00000249375,CASC11,37.67698310307816
11.977309616197584,10.168416987472815,1.8088926287247684,6.220690106258894e-35,8.300857180007886e-34,Basal-up,ENSG00000105855.10,ENSG00000105855,ITGB8,33.080877058307564
2.9563953199279176,1.1482067942745315,1.808188525653386,6.564440336637092e-20,3.559942405501947e-19,Basal-up,ENSG00000225107.1,ENSG00000225107,AC092484.1,18.448557028199886
4.278222034816018,2.470239315747598,1.80798271906842,2.382627511157204e-45,5.982447503669624e-44,Basal-up,ENSG00000274825.1,ENSG00000274825,AL023803.2,43.22312110365755
10.798101270882421,8.990454419100466,1.8076468517819553,3.8608120522785647e-59,2.5831221555364767e-57,Basal-up,ENSG00000121152.10,ENSG00000121152,NCAPH,56.587855055607164
3.3933862160758697,1.586414981514101,1.8069712345617686,1.6712332374170233e-23,1.1246685026745356e-22,Basal-up,ENSG00000272021.1,ENSG00000272021,AC008592.4,21.948975467485432
8.218387830276844,6.412025694235031,1.8063621360418134,1.3488079016523756e-26,1.1062402951648552e-25,Basal-up,ENSG00000183196.10,ENSG00000183196,CHST6,24.956150526260075
4.964390239787374,3.158220367457927,1.806169872329447,1.0198998136849657e-48,3.210050868987798e-47,Basal-up,ENSG00000241155.1,ENSG00000241155,ARHGAP31-AS1,46.493488085369066
11.36608555801355,9.561144379740023,1.804941178273527,1.4131391852880078e-43,3.1705773420919696e-42,Basal-up,ENSG00000111846.19,ENSG00000111846,GCNT2,41.498861648301315
10.359921673502727,8.557688144957199,1.8022335285455284,1.4221093442173954e-53,6.364366517779318e-52,Basal-up,ENSG00000111247.15,ENSG00000111247,RAD51AP1,51.19624481770151
5.56974459512753,3.7690067763666524,1.800737818760878,3.400474541303356e-16,1.4647122413838153e-15,Basal-up,ENSG00000019186.10,ENSG00000019186,CYP24A1,14.834247688794088
3.583118437902135,1.7835469705719391,1.7995714673301957,1.1494667582900689e-23,7.826554080415013e-23,Basal-up,ENSG00000075673.12,ENSG00000075673,ATP12A,22.106429409495814
2.384133342528458,0.585720311316456,1.798413031212002,2.141464476974897e-36,3.100729558021536e-35,Basal-up,ENSG00000188162.12,ENSG00000188162,OTOG,34.508536110763885
7.364607713908077,5.567467558886474,1.7971401550216033,9.619523328178132e-47,2.634366192487998e-45,Basal-up,ENSG00000276529.1,ENSG00000276529,AP001505.1,44.579323855675334
2.2503657475951635,0.45333752711869624,1.7970282204764674,1.2267246132339847e-34,1.61127778352677e-33,Basal-up,ENSG00000233365.2,ENSG00000233365,AL121956.1,32.79282958096308
10.654990729596095,8.858360857612892,1.7966298719832032,2.3152468675132793e-50,8.143449632638523e-49,Basal-up,ENSG00000175183.10,ENSG00000175183,CSRP2,48.089191585398396
2.801788068684346,1.0062436168202031,1.7955444518641428,1.7108052848826112e-29,1.668495581881441e-28,Basal-up,ENSG00000227683.1,ENSG00000227683,AL358394.1,27.777674939004424
2.13899187215076,0.34444847350827995,1.79454339864248,1.8184509090358e-43,4.04207390390451e-42,Basal-up,ENSG00000260026.3,ENSG00000260026,LINC02189,41.39339575025552
2.2920373206663225,0.49939287583946745,1.792644444826855,1.0899387575782876e-32,1.279227841527458e-31,Basal-up,ENSG00000267879.2,ENSG00000267879,AC011483.1,30.893052097033742
5.001554142032207,3.2101739752010583,1.7913801668311486,6.1366648164004235e-40,1.1047314964862631e-38,Basal-up,ENSG00000264425.1,ENSG00000264425,MIR4653,37.956743263846874
12.988725938678854,11.197356738704425,1.7913691999744294,6.915125088411197e-14,2.5497194254047225e-13,Basal-up,ENSG00000211897.9,ENSG00000211897,IGHG3,12.593507607292565
13.28559034537744,11.494873830949448,1.7907165144279915,4.911553368988648e-61,3.8376519563752794e-59,Basal-up,ENSG00000143401.15,ENSG00000143401,ANP32E,58.415934414769815
2.8358458852238106,1.046079645312656,1.7897662399111547,8.315482751380258e-24,5.704768355019776e-23,Basal-up,ENSG00000277764.1,ENSG00000277764,AC007040.3,22.243761985632997
7.622139060332569,5.832971218043037,1.7891678422895323,9.10476891125037e-40,1.6199142988594075e-38,Basal-up,ENSG00000115598.10,ENSG00000115598,IL1RL2,37.79050796108513
13.518503592123425,11.730707082723045,1.7877965094003798,9.809069597467386e-50,3.331307121652551e-48,Basal-up,ENSG00000117724.13,ENSG00000117724,CENPF,47.477385326753314
3.6111896359688935,1.8238327141445105,1.787356921824383,2.689372201249404e-12,8.883302738064646e-12,Basal-up,ENSG00000273760.1,ENSG00000273760,AC245041.1,11.051425537122089
6.674003740261728,4.886996252284872,1.7870074879768563,1.4585359183556345e-68,2.5201094836742715e-66,Basal-up,ENSG00000271936.1,ENSG00000271936,AC012073.1,65.59858059131261
7.579307004057573,5.793141849731324,1.7861651543262491,4.2154710289555585e-27,3.561053147444312e-26,Basal-up,ENSG00000272808.4,ENSG00000272808,AC015712.6,25.448421544587596
4.7140107062502725,2.928683273648104,1.7853274326021684,1.112958346082874e-13,4.047999540006286e-13,Basal-up,ENSG00000214776.12,ENSG00000214776,AC092821.1,12.392759545519231
2.416742786790339,0.6315492277064723,1.7851935590838666,2.9419699370914705e-29,2.8272601000947848e-28,Basal-up,ENSG00000274520.1,ENSG00000274520,AC012354.2,27.548634235783652
9.223502460190405,7.4386263574081575,1.7848761027822473,2.8733004236637004e-53,1.2557109543834059e-51,Basal-up,ENSG00000035499.13,ENSG00000035499,DEPDC1B,50.90111031709791
3.6568650874639417,1.8725652300806646,1.7842998573832771,2.7831723528210347e-38,4.522149164641837e-37,Basal-up,ENSG00000235545.1,ENSG00000235545,AC103923.1,36.34465511640189
5.964376609629081,4.181559686751819,1.7828169228772621,2.2706955209599875e-47,6.4503147341168455e-46,Basal-up,ENSG00000053524.12,ENSG00000053524,MCF2L2,45.190419094053816
4.8089959373073405,3.0273274874991376,1.781668449808203,1.1208756192198562e-17,5.285840005099828e-17,Basal-up,ENSG00000106689.11,ENSG00000106689,LHX2,16.276885986485027
2.5703641649706572,0.7897859259796214,1.7805782389910358,3.138876608637441e-22,1.9571269330641185e-21,Basal-up,ENSG00000258483.4,ENSG00000258483,LINC02251,20.708381006461764
9.589397042448638,7.80914380609149,1.7802532363571482,7.191887086654868e-36,1.00951446878003e-34,Basal-up,ENSG00000099256.19,ENSG00000099256,PRTFDC1,33.99588745218711
4.3353785890680046,2.55605498592038,1.7793236031476245,9.081463552535699e-38,1.4291580200985757e-36,Basal-up,ENSG00000287998.1,ENSG00000287998,AC104232.3,35.84491974919175
4.650814773188857,2.871708312247057,1.7791064609418004,2.2296910278168784e-26,1.8013796879349664e-25,Basal-up,ENSG00000250295.6,ENSG00000250295,RDH10-AS1,24.744394738598753
8.853360022715629,7.074656819583471,1.7787032031321575,4.2943697390081555e-42,8.734664663322414e-41,Basal-up,ENSG00000086205.18,ENSG00000086205,FOLH1,40.05875376356762
3.31580133096901,1.5385162916257547,1.7772850393432553,1.087345346528026e-20,6.19123764491582e-20,Basal-up,ENSG00000204021.4,ENSG00000204021,LIPK,19.20822252567619
5.308981186566237,3.532102146260677,1.7768790403055603,2.6867525379440454e-41,5.214820212616352e-40,Basal-up,ENSG00000260577.2,ENSG00000260577,AC126773.4,39.282760659819346
11.031058584866997,9.255717791355714,1.7753407935112833,2.154565440137771e-50,7.586243020317026e-49,Basal-up,ENSG00000050344.9,ENSG00000050344,NFE2L3,48.11997324907165
4.971526324895506,3.196664027198801,1.7748622976967048,4.4204258518161453e-10,1.240561575292006e-09,Basal-up,ENSG00000197632.9,ENSG00000197632,SERPINB2,8.906381674643796
3.9219637208691025,2.148058014331804,1.7739057065372985,4.3601868760806243e-20,2.388909187417825e-19,Basal-up,ENSG00000189013.14,ENSG00000189013,KIR2DL4,18.621800359313724
3.7475235996183116,1.9745418073375778,1.7729817922807338,1.4759276497803418e-17,6.914478661165208e-17,Basal-up,ENSG00000268621.6,ENSG00000268621,IGFL2-AS1,16.16024055931672
9.52660418169487,7.754481209031149,1.7721229726637207,3.2362556109073706e-63,3.081797956750428e-61,Basal-up,ENSG00000166451.13,ENSG00000166451,CENPN,60.51119583711165
10.592482828298136,8.820719988271131,1.7717628400270051,1.858701348394433e-19,9.831729398482152e-19,Basal-up,ENSG00000154451.14,ENSG00000154451,GBP5,18.00737008316913
3.3430885309562846,1.5717357373059349,1.7713527936503497,2.5009117046377758e-30,2.557369137872429e-29,Basal-up,ENSG00000237732.9,ENSG00000237732,CT75,28.59220658015889
3.289201509300445,1.5184271629597896,1.7707743463406556,7.557292663913248e-29,7.085886715926492e-28,Basal-up,ENSG00000286805.1,ENSG00000286805,AL138716.1,27.14960579513596
8.912611837128836,7.14228775806326,1.7703240790655759,1.888749856208886e-25,1.4330216201928896e-24,Basal-up,ENSG00000179750.16,ENSG00000179750,APOBEC3B,23.843747257293067
2.768378490487215,0.9998470432549845,1.7685314472322307,2.2384191233911084e-29,2.1629232924782343e-28,Basal-up,ENSG00000279694.1,ENSG00000279694,AC011270.2,27.6649588824306
2.467507993979163,0.6991842135849871,1.7683237803941758,2.5218768748494117e-45,6.322611282344972e-44,Basal-up,ENSG00000214919.3,ENSG00000214919,AC104472.1,43.19910351803211
4.438883326585878,2.6706436540654925,1.7682396725203855,6.964493580707869e-18,3.334997497504682e-17,Basal-up,ENSG00000135960.10,ENSG00000135960,EDAR,16.476904487630584
3.2665595286751126,1.498966274035098,1.7675932546400146,2.0976106363852924e-11,6.516395600707601e-11,Basal-up,ENSG00000180318.4,ENSG00000180318,ALX1,10.185992558189623
3.5863773658642226,1.82041485131668,1.7659625145475426,7.183852105308196e-28,6.3671120782211704e-27,Basal-up,ENSG00000253824.2,ENSG00000253824,AP003472.1,26.196057505323125
5.036383254965924,3.2712076777607435,1.7651755772051803,1.930084686914295e-39,3.3678520929394673e-38,Basal-up,ENSG00000124097.7,ENSG00000124097,HMGB1P1,37.472646989806215
7.007272734231824,5.24315476155692,1.764117972674904,1.888533633360071e-29,1.8386188611742543e-28,Basal-up,ENSG00000149970.16,ENSG00000149970,CNKSR2,27.73550828905675
10.066889832699239,8.302776483573156,1.7641133491260828,1.3596179005189506e-49,4.552886316223299e-48,Basal-up,ENSG00000169607.13,ENSG00000169607,CKAP2L,47.341713193718455
3.0634785402117215,1.3002684487152731,1.7632100914964484,1.2074167198810166e-26,9.941687165416772e-26,Basal-up,ENSG00000277463.1,ENSG00000277463,AC080038.2,25.00253990690521
11.36139317223831,9.598611265680633,1.7627819065576773,1.636675747057811e-26,1.3335287078604236e-25,Basal-up,ENSG00000112559.15,ENSG00000112559,MDFI,24.874997630494413
6.645556114455603,4.882958786866244,1.7625973275893596,2.026462314779672e-19,1.0683708208778641e-18,Basal-up,ENSG00000159387.8,ENSG00000159387,IRX6,17.97127798184945
6.554841672764365,4.7926125715603405,1.7622291012040243,3.2894160006756784e-28,2.9711997936580098e-27,Basal-up,ENSG00000253522.6,ENSG00000253522,MIR3142HG,26.5270681437649
7.0696996557093925,5.309578951339988,1.7601207043694043,2.0301314457380587e-10,5.855778853897231e-10,Basal-up,ENSG00000106278.12,ENSG00000106278,PTPRZ1,9.232415332964974
11.674988373099822,9.91723153218121,1.7577568409186117,7.041596001803313e-13,2.4183842006193346e-12,Basal-up,ENSG00000253755.1,ENSG00000253755,IGHGP,11.616474703080593
2.372049504559193,0.6145472980344681,1.757502206524725,2.092817951136112e-35,2.8528368329435738e-34,Basal-up,ENSG00000220891.1,ENSG00000220891,LL22NC03-63E9.3,33.54472306696146
8.470648293702848,6.713832200943375,1.7568160927594727,1.237158675650241e-25,9.513548705619654e-25,Basal-up,ENSG00000154928.18,ENSG00000154928,EPHB1,24.02165745406261
4.905277000326862,3.1488640942351656,1.7564129060916964,4.351339781582181e-31,4.6659280063542776e-30,Basal-up,ENSG00000276649.1,ENSG00000276649,AL117335.1,29.33106196650332
6.31240623697189,4.558020509540888,1.7543857274310026,1.0441396949533965e-29,1.0309149506579633e-28,Basal-up,ENSG00000237523.2,ENSG00000237523,LINC00857,27.98677716205257
4.026741382511788,2.2727297936037796,1.7540115889080083,1.3823830303546817e-55,6.999619211101047e-54,Basal-up,ENSG00000230773.9,ENSG00000230773,AC092650.1,53.15492558555943
8.668545940908086,6.9154818105162725,1.753064130391813,4.852719370245481e-45,1.2013526830917912e-43,Basal-up,ENSG00000136425.14,ENSG00000136425,CIB2,42.92032947733024
5.911514509502836,4.158885940848622,1.752628568654214,8.551137865990887e-38,1.3501372645690744e-36,Basal-up,ENSG00000215784.6,ENSG00000215784,FAM72D,35.86962207579058
13.449261221295615,11.697047014276272,1.7522142070193425,8.764483703541916e-38,1.382519970554e-36,Basal-up,ENSG00000147862.17,ENSG00000147862,NFIB,35.859328586577504
11.205375078509128,9.453779024328645,1.7515960541804834,2.5352165809447558e-57,1.4677108772585185e-55,Basal-up,ENSG00000087586.18,ENSG00000087586,AURKA,54.83335948718412
2.2946064605182643,0.5450620801480267,1.7495443803702377,5.579929420514428e-31,5.9415258632669515e-30,Basal-up,ENSG00000225298.5,ENSG00000225298,LINC00113,29.226102008066295
2.552170720565356,0.8027090420544513,1.749461678510905,1.7573138135068954e-30,1.8135824824122886e-29,Basal-up,ENSG00000230501.1,ENSG00000230501,ANKRD30BP3,28.74146268775826
2.422228881786227,0.6741621146135623,1.7480667671726648,6.746280915651329e-28,5.995104355584108e-27,Basal-up,ENSG00000112494.10,ENSG00000112494,UNC93A,26.222203252822034
2.2941259442430386,0.5460782521646567,1.7480476920783818,3.6324518036873555e-22,2.25857511518457e-21,Basal-up,ENSG00000286868.1,ENSG00000286868,AC074290.1,20.646165461193934
2.7358039806664634,0.9880592228430852,1.7477447578233782,2.7022783677320263e-20,1.5021620379167085e-19,Basal-up,ENSG00000156150.9,ENSG00000156150,ALX3,18.82328321754661
6.495156937509961,4.748122200747875,1.7470347367620862,1.1371518757822908e-12,3.851013424552676e-12,Basal-up,ENSG00000229754.1,ENSG00000229754,CXCR2P1,11.414424967433101
4.747979221614331,3.001991389613551,1.7459878320007802,5.274812623303097e-25,3.897965589354493e-24,Basal-up,ENSG00000203650.9,ENSG00000203650,LINC01285,23.4091619990869
3.4978049535274938,1.7523662892888412,1.7454386642386526,7.04232897636544e-30,7.029745898980629e-29,Basal-up,ENSG00000284505.1,ENSG00000284505,LYNX1-SLURP2,28.15306037294106
3.4852423762433946,1.741105995136364,1.7441363811070305,2.275833171814541e-34,2.9442658401861604e-33,Basal-up,ENSG00000261587.2,ENSG00000261587,TMEM249,32.531022979757914
6.720112818663951,4.97875731881268,1.741355499851271,4.9196731944644076e-40,8.918736910678579e-39,Basal-up,ENSG00000237989.1,ENSG00000237989,LINC01679,38.04969664692031
3.605021131333088,1.8636664405259837,1.7413546908071045,2.296634611727783e-25,1.7350279960584917e-24,Basal-up,ENSG00000286013.1,ENSG00000286013,AC005050.2,23.760693513129233
3.4650226983165497,1.7242907455729701,1.7407319527435796,1.1277876412295254e-36,1.6631518580736335e-35,Basal-up,ENSG00000267052.3,ENSG00000267052,AC005050.1,34.77906809466959
8.30296435071472,6.562811107342079,1.7401532433726414,5.0022649116179496e-17,2.258261546632103e-16,Basal-up,ENSG00000073756.12,ENSG00000073756,PTGS2,15.646225760515097
9.64585576817701,7.907107177448867,1.7387485907281421,2.879027709257651e-19,1.506478439186957e-18,Basal-up,ENSG00000169248.13,ENSG00000169248,CXCL11,17.82203707959576
4.0494865740356865,2.3109461727469762,1.7385404012887102,9.870732918999736e-20,5.294718634099395e-19,Basal-up,ENSG00000259362.2,ENSG00000259362,AC046168.1,18.27615711372548
5.691881609273332,3.954162179508,1.7377194297653316,5.665367650431438e-17,2.5480091727151724e-16,Basal-up,ENSG00000160963.14,ENSG00000160963,COL26A1,15.593799012893825
8.522884579725869,6.78595892693939,1.7369256527864785,7.659202189309637e-37,1.1451224682678815e-35,Basal-up,ENSG00000102098.19,ENSG00000102098,SCML2,34.941148064023906
5.99825000623766,4.262115638541496,1.736134367696164,4.522885658339869e-40,8.203848878114307e-39,Basal-up,ENSG00000147036.12,ENSG00000147036,LANCL3,38.08598234830435
4.163230619654207,2.427161156136775,1.7360694635174316,4.5633464231788896e-21,2.6634750497119343e-20,Basal-up,ENSG00000221887.6,ENSG00000221887,HMSD,19.574551367143908
3.004415393726478,1.2684648892017467,1.7359505045247312,4.494889688091197e-42,9.13143650574648e-41,Basal-up,ENSG00000271659.1,ENSG00000271659,AL161729.4,40.03946089634908
5.691792008872331,3.9586403143422415,1.7331516945300893,8.640555633518894e-55,4.143511084914926e-53,Basal-up,ENSG00000272269.1,ENSG00000272269,AL138724.1,52.382631494973786
2.068395683996276,0.3353020605567769,1.733093623439499,1.4016676647580745e-38,2.3213389388681157e-37,Basal-up,ENSG00000230033.1,ENSG00000230033,AC006357.1,36.63426144354524
13.673157797081855,11.941324341838978,1.7318334552428762,1.4745765588458783e-62,1.3076139220241758e-60,Basal-up,ENSG00000213064.10,ENSG00000213064,SFT2D2,59.88352046418062
2.17453875487755,0.44286047760320385,1.731678277274346,8.50357098516017e-41,1.6085761818429395e-39,Basal-up,ENSG00000280719.1,ENSG00000280719,PCAT5,38.793558366176036
9.647324305876872,7.9156698643708285,1.731654441506043,2.4729320740934588e-49,8.102901576110727e-48,Basal-up,ENSG00000051341.14,ENSG00000051341,POLQ,47.09135943632572
9.726022173001018,7.994522383401791,1.7314997895992272,3.3523111481972e-11,1.0243342724482237e-10,Basal-up,ENSG00000211659.2,ENSG00000211659,IGLV3-25,9.989558296299704
8.328274760490586,6.5973562260806915,1.730918534409895,2.607455117134614e-46,6.947686448835633e-45,Basal-up,ENSG00000109674.4,ENSG00000109674,NEIL3,44.15815978962235
7.469089870233796,5.739077437186715,1.7300124330470803,4.259729915335493e-15,1.7026728686149026e-14,Basal-up,ENSG00000171517.6,ENSG00000171517,LPAR3,13.768868784217366
3.1246125987417894,1.3955006113364237,1.7291119874053658,4.877303450456953e-25,3.612178781690612e-24,Basal-up,ENSG00000236751.2,ENSG00000236751,LINC01186,23.44223076279369
10.245795998119672,8.51876552452567,1.7270304735940023,2.886595706538765e-51,1.083523942700777e-49,Basal-up,ENSG00000163808.17,ENSG00000163808,KIF15,48.96516148760402
9.805082477908957,8.079587741727293,1.7254947361816644,1.6080617498290798e-35,2.205492219896512e-34,Basal-up,ENSG00000160191.18,ENSG00000160191,PDE9A,33.65649446990189
3.678955932164537,1.95445448382788,1.724501448336657,7.167462674984774e-27,5.963101237664175e-26,Basal-up,ENSG00000278192.1,ENSG00000278192,AL118505.1,25.224527817421713
8.90983566235552,7.185732835678839,1.724102826676682,9.651187842800383e-59,6.293926390869044e-57,Basal-up,ENSG00000143178.13,ENSG00000143178,TBX19,56.20107834058173
4.428152397674113,2.7043190252922478,1.7238333723818653,2.2143536480542709e-32,2.5577234418600674e-31,Basal-up,ENSG00000183831.7,ENSG00000183831,ANKRD45,30.592146416138554
6.108698615518322,4.385665326268088,1.7230332892502345,1.3691748744663923e-20,7.747255535468176e-20,Basal-up,ENSG00000166682.13,ENSG00000166682,TMPRSS5,19.11085211902831
2.2633685327206226,0.5417813224505593,1.7215872102700631,6.155016877398853e-24,4.248685455733311e-23,Basal-up,ENSG00000272121.1,ENSG00000272121,AC006058.3,22.371745419980353
10.897997246339811,9.176444930467119,1.7215523158726924,1.2700076391024577e-53,5.7295634000961475e-52,Basal-up,ENSG00000123473.16,ENSG00000123473,STIL,51.24187847055499
10.748608636159634,9.028740287725622,1.7198683484340123,2.87103591990627e-42,5.900498101487319e-41,Basal-up,ENSG00000046653.15,ENSG00000046653,GPM6B,40.22911132503642
6.961487483539596,5.241631163844778,1.7198563196948182,1.5731722222008924e-32,1.8303621273229402e-31,Basal-up,ENSG00000232445.2,ENSG00000232445,EMSLR,30.73746297893647
8.554282184094413,6.834429929226694,1.7198522548677193,1.2444014674387244e-28,1.1532302236258237e-27,Basal-up,ENSG00000182263.14,ENSG00000182263,FIGN,26.93808398423222
3.937072655627107,2.218933148597579,1.718139507029528,1.687143727381999e-25,1.2864662816616152e-24,Basal-up,ENSG00000286522.2,ENSG00000286522,H3C2,23.890601592182126
3.540494351040791,1.8245067361826595,1.7159876148581314,2.0956135644870484e-16,9.135774051450885e-16,Basal-up,ENSG00000279965.1,ENSG00000279965,AL390755.2,15.039254650059428
7.519789698781248,5.804073661142857,1.7157160376383915,5.030651917367985e-27,4.2273114131405074e-26,Basal-up,ENSG00000159958.7,ENSG00000159958,TNFRSF13C,25.373935757842414
6.543190580629097,4.828209179281336,1.7149814013477611,2.444816660128021e-17,1.1277040656046687e-16,Basal-up,ENSG00000168334.9,ENSG00000168334,XIRP1,15.947804853842937
9.801804625549353,8.08688752726201,1.7149170982873425,3.073451004636548e-11,9.416148220036295e-11,Basal-up,ENSG00000211945.2,ENSG00000211945,IGHV1-18,10.026126713860753
6.337099482698587,4.622525394715728,1.714574087982859,1.1654151491768354e-19,6.223469141374466e-19,Basal-up,ENSG00000105131.8,ENSG00000105131,EPHX3,18.205967459528058
6.0591358365100465,4.345584243367041,1.7135515931430056,7.693215309459993e-25,5.630492951377707e-24,Basal-up,ENSG00000267287.1,ENSG00000267287,AC068473.3,23.249453580869567
5.982432766077998,4.269078228288078,1.71335453778992,1.8878762475176348e-19,9.978179094416763e-19,Basal-up,ENSG00000177494.6,ENSG00000177494,ZBED2,18.000948705345834
8.357660138773392,6.644861134170144,1.712799004603248,1.1143237369007433e-10,3.27105102556379e-10,Basal-up,ENSG00000280411.1,ENSG00000280411,IGHV1-69D,9.485312681204292
12.82487455579255,11.112268293455077,1.7126062623374718,4.896492692304079e-31,5.2337511175393084e-30,Basal-up,ENSG00000117228.10,ENSG00000117228,GBP1,29.281186933367756
6.632437207605649,4.921568108767361,1.7108690988382875,1.6447825758600795e-24,1.1810863740966124e-23,Basal-up,ENSG00000158458.21,ENSG00000158458,NRG2,22.927718340809967
7.513749222973002,5.802910844519699,1.7108383784533023,1.753943272041019e-21,1.0474287988386773e-20,Basal-up,ENSG00000230006.7,ENSG00000230006,ANKRD36BP2,19.979875489433216
3.3411672730534776,1.6316426609147772,1.7095246121387004,2.2756154533639996e-24,1.6177864262303556e-23,Basal-up,ENSG00000228590.2,ENSG00000228590,MIR4432HG,22.791078812780526
14.393044292971226,12.684063599808876,1.7089806931623492,4.883842912609639e-59,3.2417111768450514e-57,Basal-up,ENSG00000117632.23,ENSG00000117632,STMN1,56.48922568161894
4.410964239135874,2.7023203452509073,1.7086438938849664,3.01209458490775e-16,1.302107434693162e-15,Basal-up,ENSG00000111537.5,ENSG00000111537,IFNG,14.885353181382648
4.031746413557029,2.323595660341062,1.7081507532159668,4.454598377081997e-12,1.4505356285194149e-11,Basal-up,ENSG00000128714.6,ENSG00000128714,HOXD13,10.838471599450529
9.815631298431997,8.107554407135789,1.7080768912962085,1.0074010620500284e-10,2.966536378803211e-10,Basal-up,ENSG00000211651.3,ENSG00000211651,IGLV1-44,9.527750321516104
3.241454778629756,1.5350095219906037,1.7064452566391521,1.3890009070285117e-29,1.3605876798245388e-28,Basal-up,ENSG00000226101.2,ENSG00000226101,LINC02097,27.866273465911423
2.858119561144035,1.1520501625504216,1.7060693985936135,4.036470430831042e-43,8.712330253796298e-42,Basal-up,ENSG00000205177.6,ENSG00000205177,C11orf91,41.059865670363976
12.070813777518314,10.365370558307347,1.7054432192109665,1.62993153787811e-33,2.0034948716418866e-32,Basal-up,ENSG00000180543.5,ENSG00000180543,TSPYL5,31.698211764896108
13.132472584509806,11.429113081382827,1.703359503126979,8.061318561455958e-37,1.2030961628673363e-35,Basal-up,ENSG00000130707.18,ENSG00000130707,ASS1,34.91969965833467
2.8070321595624685,1.103808892793513,1.7032232667689555,3.7730915102487724e-25,2.8105339427453076e-24,Basal-up,ENSG00000286280.1,ENSG00000286280,AC108063.2,23.551211165376213
13.944936201867325,12.242218265951927,1.7027179359153983,5.889647134677263e-58,3.582957748718364e-56,Basal-up,ENSG00000137309.20,ENSG00000137309,HMGA1,55.44575831313075
8.100738189170565,6.3983187313806695,1.7024194577898957,2.0521423746633627e-21,1.2189936629224866e-20,Basal-up,ENSG00000225492.6,ENSG00000225492,GBP1P1,19.91399855210512
7.943749267655421,6.241991812194214,1.7017574554612072,1.6462857896664948e-26,1.3407069890578451e-25,Basal-up,ENSG00000215146.5,ENSG00000215146,BX322639.1,24.87266612665239
2.7666832462566076,1.065787234362363,1.7008960118942447,8.882240357246326e-38,1.3991198156715077e-36,Basal-up,ENSG00000260382.1,ENSG00000260382,AC087481.1,35.854145092472535
2.5713406495105415,0.8717732670191178,1.6995673824914237,1.6474784613079013e-29,1.608606991641155e-28,Basal-up,ENSG00000222044.1,ENSG00000222044,AL031587.1,27.793550048014072
3.339035349182768,1.6397906519044667,1.6992446972783013,2.436121019273386e-47,6.9143756618157404e-46,Basal-up,ENSG00000105261.7,ENSG00000105261,OVOL3,45.16024702869561
9.738506927728668,8.039430461347928,1.69907646638074,2.0622457517966267e-51,7.873175125310129e-50,Basal-up,ENSG00000121621.7,ENSG00000121621,KIF18A,49.103850088312846
4.0298127573426985,2.3312131146529116,1.698599642689787,2.76231815507163e-16,1.1970640537556696e-15,Basal-up,ENSG00000164265.9,ENSG00000164265,SCGB3A2,14.921882610288362
7.879236447112143,6.181472649110438,1.6977637980017057,6.256298288148259e-29,5.905691878871575e-28,Basal-up,ENSG00000165071.15,ENSG00000165071,TMEM71,27.228729215480758
4.1497604643359765,2.4520373936083293,1.6977230707276472,3.832741738258748e-34,4.886782163044246e-33,Basal-up,ENSG00000273321.1,ENSG00000273321,AC023983.2,32.310977019984804
9.15607534051601,7.45886667587014,1.6972086646458697,1.628303678162671e-59,1.1207544002466679e-57,Basal-up,ENSG00000284753.2,ENSG00000284753,EEF1AKMT4,56.95048954735479
6.104607391170935,4.408971281977923,1.6956361091930123,4.975438139643544e-19,2.562247448776334e-18,Basal-up,ENSG00000128383.13,ENSG00000128383,APOBEC3A,17.59137893062228
12.152960446655076,10.458946436261469,1.694014010393607,1.5178397006594348e-47,4.359724658620759e-46,Basal-up,ENSG00000166123.14,ENSG00000166123,GPT2,45.36054093802903
2.759378907877744,1.0660641091800283,1.6933147986977157,2.8750972539338435e-34,3.6952937098106764e-33,Basal-up,ENSG00000257127.6,ENSG00000257127,CLLU1,32.432351037247315
5.840998372792869,4.148218464018267,1.692779908774602,1.251475468536986e-34,1.6418574444367818e-33,Basal-up,ENSG00000149571.12,ENSG00000149571,KIRREL3,32.784664553539436
7.07108852300644,5.379637185980461,1.6914513370259794,1.2896908726410919e-23,8.742252386436684e-23,Basal-up,ENSG00000166523.8,ENSG00000166523,CLEC4E,22.0583766597024
7.343603067190351,5.652326127219938,1.6912769399704128,1.5868654447156923e-15,6.5249913771921e-15,Basal-up,ENSG00000088726.16,ENSG00000088726,TMEM40,14.185420057911577
5.023962034437991,3.3329546913107913,1.6910073431272,1.1094699155544818e-37,1.7345816963333127e-36,Basal-up,ENSG00000226856.7,ENSG00000226856,THORLNC,35.76080524068718
2.099556978606764,0.4091526470212869,1.6904043315854769,4.667122168332426e-43,1.0054108938464199e-41,Basal-up,ENSG00000206249.3,ENSG00000206249,AL359555.1,40.99765641340697
11.250190951714083,9.560469699364726,1.6897212523493579,1.561680109286418e-57,9.135692367064699e-56,Basal-up,ENSG00000134802.18,ENSG00000134802,SLC43A3,55.03925853317175
10.197110467387583,8.507603945868468,1.6895065215191156,3.2876731441325247e-53,1.4293489467097565e-51,Basal-up,ENSG00000171241.9,ENSG00000171241,SHCBP1,50.844861734028754
2.0561524780260365,0.3680044402131651,1.6881480378128715,4.035340056069951e-38,6.493025983655932e-37,Basal-up,ENSG00000235009.1,ENSG00000235009,LINC01883,36.18755285917317
11.278079082110658,9.590218159333025,1.6878609227776327,9.948712168293953e-30,9.834798766987476e-29,Basal-up,ENSG00000105976.16,ENSG00000105976,MET,28.007234521894215
9.764655146506442,8.077581733395972,1.68707341311047,2.6196965554948567e-49,8.558696738809708e-48,Basal-up,ENSG00000197299.12,ENSG00000197299,BLM,47.06759236175211
5.042392147485033,3.357293193314657,1.6850989541703756,1.559053996812568e-15,6.412994229127166e-15,Basal-up,ENSG00000235142.10,ENSG00000235142,LINC02532,14.192939150891954
3.561663259413022,1.8781717259644635,1.6834915334485585,3.5257715057196952e-34,4.507393625923882e-33,Basal-up,ENSG00000244998.1,ENSG00000244998,AC100803.2,32.346074513794555
2.150371411364685,0.46815766061829667,1.6822137507463881,5.12485387580701e-53,2.1791153222519812e-51,Basal-up,ENSG00000260498.6,ENSG00000260498,AC126696.3,50.661719785590186
7.569068686348263,5.8868605454808645,1.6822081408673988,1.6296168342982176e-31,1.792150796774155e-30,Basal-up,ENSG00000186407.7,ENSG00000186407,CD300E,29.746625450337085
7.727081896439463,6.045213942515785,1.6818679539236783,2.0638197939271197e-52,8.467505674360576e-51,Basal-up,ENSG00000144395.18,ENSG00000144395,CCDC150,50.07224450364788
9.536463498138518,7.855131623644711,1.6813318744938073,1.0236801941383573e-41,2.034010676201407e-40,Basal-up,ENSG00000147536.12,ENSG00000147536,GINS4,39.691646771864015
9.105074653389348,7.424445089642637,1.6806295637467112,3.9568424023787294e-10,1.1150345298674653e-09,Basal-up,ENSG00000211640.4,ENSG00000211640,IGLV6-57,8.952711683379317
3.5617838510653255,1.8818009685548394,1.679982882510486,2.1565493797189515e-24,1.5360717213807746e-23,Basal-up,ENSG00000120440.15,ENSG00000120440,TTLL2,22.813588506001956
5.354579363934418,3.6765178654457427,1.6780614984886753,7.800369875035273e-13,2.67022465493446e-12,Basal-up,ENSG00000183798.5,ENSG00000183798,EMILIN3,11.573452198450422
10.23239463404988,8.555158358058861,1.677236275991019,1.6960408476786224e-39,2.9693692565189034e-38,Basal-up,ENSG00000006555.11,ENSG00000006555,TTC22,37.52733579226688
6.354887433072674,4.67907679828881,1.675810634783864,1.5848551368864137e-19,8.412406047257733e-19,Basal-up,ENSG00000109956.13,ENSG00000109956,B3GAT1,18.075079773096096
6.380216659689517,4.704406710580653,1.6758099491088645,9.55101488146471e-14,3.489753856842131e-13,Basal-up,ENSG00000231290.6,ENSG00000231290,APCDD1L-DT,12.457205204096716
5.658635445324759,3.9841882215630755,1.6744472237616832,8.667166422429466e-41,1.637674286808544e-39,Basal-up,ENSG00000286548.1,ENSG00000286548,AL596214.1,38.7857724697964
14.044890801109288,12.371054248785667,1.6738365523236212,2.471357501381264e-35,3.360645170235293e-34,Basal-up,ENSG00000140545.15,ENSG00000140545,MFGE8,33.47357733958164
2.262646261483227,0.5901198792928044,1.6725263821904224,2.1001993693417596e-29,2.0340561358086036e-28,Basal-up,ENSG00000272395.7,ENSG00000272395,IFNL4,27.69163706560428
2.447748974819415,0.7754487805216833,1.6723001942977316,5.253196473700419e-29,4.981248820323565e-28,Basal-up,ENSG00000136688.11,ENSG00000136688,IL36G,27.30266176411091
4.140902909788077,2.4687230893690377,1.6721798204190397,4.523819694840248e-13,1.5751369707182417e-12,Basal-up,ENSG00000250620.2,ENSG00000250620,LINC02515,11.802681674864434
2.9467900356661114,1.2753787445699225,1.671411291096189,3.918021137734674e-29,3.743787586569734e-28,Basal-up,ENSG00000286942.1,ENSG00000286942,AC017104.5,27.42668880005082
5.5065635548158145,3.835231787784725,1.6713317670310897,4.134851422186407e-06,8.450717619150561e-06,Basal-up,ENSG00000156076.10,ENSG00000156076,WIF1,5.073106410008401
3.646637322267135,1.9765050995360054,1.6701322227311295,8.52841638046305e-35,1.1290383770660405e-33,Basal-up,ENSG00000234199.3,ENSG00000234199,LINC01191,32.94729129575019
6.183616236780142,4.513997953192005,1.6696182835881368,2.1408055434576643e-22,1.348868455201145e-21,Basal-up,ENSG00000185332.8,ENSG00000185332,TMEM105,20.870030401674175
7.685347196496567,6.016779731216114,1.6685674652804527,3.706592326158307e-24,2.5943824341788773e-23,Basal-up,ENSG00000058335.16,ENSG00000058335,RASGRF1,22.5859660048088
12.51012896528322,10.84263053466508,1.6674984306181404,1.4328839418108123e-55,7.233474356852172e-54,Basal-up,ENSG00000115758.13,ENSG00000115758,ODC1,53.14065305380122
11.03014813903725,9.363495158601705,1.6666529804355452,4.418832943587648e-51,1.638487613595774e-49,Basal-up,ENSG00000101412.13,ENSG00000101412,E2F1,48.78555683738648
12.613285629422839,10.94941243303666,1.663873196386179,9.574139231832759e-65,1.0522135968886363e-62,Basal-up,ENSG00000172216.6,ENSG00000172216,CEBPB,61.97789609047314
7.6632895581084,6.000995361541958,1.6622941965664424,1.2299078264326418e-45,3.1398713131776203e-44,Basal-up,ENSG00000226419.8,ENSG00000226419,SLC16A1-AS1,43.50308815101026
5.082811781597536,3.420676764503108,1.6621350170944282,2.3253607659596405e-26,1.8759589139582949e-25,Basal-up,ENSG00000110375.3,ENSG00000110375,UPK2,24.726776677490317
11.142370881658024,9.481072766502164,1.6612981151558603,2.3231545970837408e-27,1.994164970403252e-26,Basal-up,ENSG00000021300.14,ENSG00000021300,PLEKHB1,25.70023891685073
8.914359952277568,7.253623405388831,1.660736546888737,3.8246345393841515e-19,1.983932989169866e-18,Basal-up,ENSG00000075340.23,ENSG00000075340,ADD2,17.702473000994967
3.0172621904419925,1.3577955529454575,1.659466637496535,2.3804920882929555e-25,1.7967596216973625e-24,Basal-up,ENSG00000229588.2,ENSG00000229588,AL596087.2,23.74551002080605
9.252633467968915,7.595269180226526,1.6573642877423884,5.097840008228872e-12,1.6534068415658616e-11,Basal-up,ENSG00000091513.16,ENSG00000091513,TF,10.781620269654809
3.723136753326923,2.066076818129527,1.6570599351973958,2.801453505492995e-16,1.213552875473316e-15,Basal-up,ENSG00000082293.13,ENSG00000082293,COL19A1,14.915941296360467
10.90438771339969,9.247718281944026,1.6566694314556631,7.782592905867309e-37,1.1625334857605714e-35,Basal-up,ENSG00000020633.19,ENSG00000020633,RUNX3,34.93459452878503
7.856297162811871,6.200081464352936,1.6562156984589356,7.309309453450676e-30,7.287568497313107e-29,Basal-up,ENSG00000101187.16,ENSG00000101187,SLCO4A1,28.137417350193093
10.858380216696345,9.204716327056323,1.653663889640022,5.037118213055735e-45,1.2451637352627453e-43,Basal-up,ENSG00000138778.13,ENSG00000138778,CENPE,42.90477353640313
8.763586843785165,7.110231888627826,1.6533549551573383,3.400065405316543e-17,1.554209632977097e-16,Basal-up,ENSG00000125144.14,ENSG00000125144,MT1G,15.808490403614277
6.562277348542538,4.909092027228686,1.6531853213138517,1.5812850835624398e-12,5.305773373474773e-12,Basal-up,ENSG00000165300.7,ENSG00000165300,SLITRK5,11.275251304061813
5.162424982606815,3.5097329190317508,1.6526920635750644,6.364785503953941e-47,1.760293812644687e-45,Basal-up,ENSG00000246334.2,ENSG00000246334,PRR7-AS1,44.7544148375491
3.193132504335468,1.5429496703434198,1.6501828339920481,1.497339050931216e-17,7.012827300155703e-17,Basal-up,ENSG00000228824.7,ENSG00000228824,MIR4500HG,16.15410685602677
3.647000660295156,1.9974417192856,1.6495589410095561,1.5671138086351933e-35,2.1519727515547595e-34,Basal-up,ENSG00000233081.1,ENSG00000233081,AL353764.1,33.66716323204112
12.014782661462199,10.36549337085554,1.6492892906066583,8.135222249173185e-47,2.2315274123754924e-45,Basal-up,ENSG00000158186.13,ENSG00000158186,MRAS,44.65139777386029
6.012730223488616,4.366373298454266,1.6463569250343504,3.0485439450178134e-26,2.4347675253037196e-25,Basal-up,ENSG00000228956.8,ENSG00000228956,SATB1-AS1,24.613542499458642
4.208823212203652,2.563150548261674,1.6456726639419776,6.479219067512835e-09,1.6634759738283564e-08,Basal-up,ENSG00000267506.5,ENSG00000267506,AC021683.2,7.778983467418615
11.969681328235124,10.32460685324858,1.6450744749865436,2.665924003605337e-48,8.138594954540154e-47,Basal-up,ENSG00000134324.12,ENSG00000134324,LPIN1,46.08945056515499
12.201495820924357,10.557141468929162,1.6443543519951955,4.7788163122805435e-48,1.4340727196745192e-46,Basal-up,ENSG00000171848.16,ENSG00000171848,RRM2,45.843428825688704
2.863071021192639,1.219097814446857,1.643973206745782,3.465478807067488e-19,1.8020919890304406e-18,Basal-up,ENSG00000188089.13,ENSG00000188089,PLA2G4E,17.744223043929292
5.953459064891947,4.309773484372123,1.6436855805198247,4.024904009971603e-23,2.6479839531746445e-22,Basal-up,ENSG00000233682.3,ENSG00000233682,AL356417.2,21.57708465105591
4.194054698829572,2.5510485453757252,1.6430061534538472,7.814568266956323e-36,1.092800702162603e-34,Basal-up,ENSG00000235192.1,ENSG00000235192,AC009495.3,33.961459034613085
3.3950672652805585,1.7530002506016984,1.64206701467886,9.356348025974761e-23,6.02545217734244e-22,Basal-up,ENSG00000087250.9,ENSG00000087250,MT3,21.22001035609651
6.271422026250614,4.62948212837881,1.6419398978718043,5.92952429394372e-22,3.636254195627397e-21,Basal-up,ENSG00000083454.22,ENSG00000083454,P2RX5,20.43934576464161
2.1623415135474064,0.520452285493954,1.6418892280534525,7.741343293834691e-21,4.446364414142201e-20,Basal-up,ENSG00000165556.10,ENSG00000165556,CDX2,19.351994946368144
9.081861709130502,7.441356761174146,1.640504947956356,1.0911301771863057e-27,9.573942193254152e-27,Basal-up,ENSG00000163406.11,ENSG00000163406,SLC15A2,26.018909199083705
13.118030288033374,11.477800526858996,1.6402297611743784,5.7911223849139754e-39,9.769422362471891e-38,Basal-up,ENSG00000182580.3,ENSG00000182580,EPHB3,37.01013111409159
2.300763519366148,0.6605696811892455,1.6401938381769026,3.495666160367693e-29,3.3449822921931223e-28,Basal-up,ENSG00000229672.3,ENSG00000229672,AL450322.2,27.475606176976328
2.081597107786774,0.4419538355267385,1.6396432722600356,1.365767489505999e-19,7.271366939047186e-19,Basal-up,ENSG00000215148.11,ENSG00000215148,PRSS41,18.138383938758363
2.14224106110876,0.5028075478756359,1.6394335132331244,1.3486983439071208e-33,1.6675901323410803e-32,Basal-up,ENSG00000234427.1,ENSG00000234427,AL022724.2,31.777910683396122
3.0596194444116263,1.4253533912235783,1.634266053188048,8.597679954131391e-33,1.0169168386114476e-31,Basal-up,ENSG00000224287.2,ENSG00000224287,MSL3P1,30.99271456134361
3.370354655770305,1.736462902270088,1.633891753500217,5.1514919143836195e-21,2.9947625558470156e-20,Basal-up,ENSG00000255221.3,ENSG00000255221,CARD17,19.5236376055863
8.744964920968602,7.111215924961401,1.633748996007201,3.7120768324613276e-22,2.305518166094195e-21,Basal-up,ENSG00000178882.15,ENSG00000178882,RFLNA,20.637231451452216
4.864225613886451,3.232214885251711,1.6320107286347403,1.5324091279100964e-16,6.729510542060321e-16,Basal-up,ENSG00000188176.12,ENSG00000188176,SMTNL2,15.172016522196905
9.376644487992314,7.7446364392752365,1.6320080487170774,6.823289171408015e-30,6.821254191040759e-29,Basal-up,ENSG00000146070.17,ENSG00000146070,PLA2G7,28.166135766374225
2.369999825929015,0.7399832932090922,1.6300165327199228,1.5853328955772136e-35,2.175209114193541e-34,Basal-up,ENSG00000232456.1,ENSG00000232456,AL355994.2,33.66249898570942
1.913436964035051,0.2868053970890701,1.626631566945981,1.1588430091273589e-48,3.626929754056869e-47,Basal-up,ENSG00000231755.1,ENSG00000231755,CHODL-AS1,46.440460855701865
2.6135044491614154,0.9877271937758645,1.625777255385551,7.323405468763058e-33,8.701898309568866e-32,Basal-up,ENSG00000224251.6,ENSG00000224251,AL391427.1,31.060385996181335
11.276668348248949,9.651670722335794,1.6249976259131547,1.2694186570954212e-50,4.5370265824400674e-49,Basal-up,ENSG00000158457.6,ENSG00000158457,TSPAN33,48.34322867619503
6.590277106314381,4.965367877958934,1.6249092283554472,1.0223711050748669e-41,2.0326144390337805e-40,Basal-up,ENSG00000174564.13,ENSG00000174564,IL20RB,39.69194499365923
6.235792951546604,4.611176590428306,1.6246163611182984,1.9518048300309414e-18,9.704019267670891e-18,Basal-up,ENSG00000133101.10,ENSG00000133101,CCNA1,17.01304834983369
4.847998091555359,3.225822225652023,1.6221758659033365,6.381808308914191e-16,2.6955420175756514e-15,Basal-up,ENSG00000254521.7,ENSG00000254521,SIGLEC12,14.569353894086124
4.182963197897634,2.5609732396343445,1.6219899582632897,1.1195852554343069e-30,1.1720330344209234e-29,Basal-up,ENSG00000238279.1,ENSG00000238279,BX470102.1,28.931060147307235
5.669730334373097,4.048023301672319,1.6217070327007779,8.615055460336747e-22,5.22294554224069e-21,Basal-up,ENSG00000286288.1,ENSG00000286288,AL109809.4,20.282084502370484
4.500614542445788,2.880226696601744,1.6203878458440446,2.4469807542035826e-19,1.2844158296414671e-18,Basal-up,ENSG00000279778.1,ENSG00000279778,AL445437.1,17.89129435065803
6.83860790711634,5.218922674491187,1.6196852326251525,1.2032098685298729e-43,2.721430147983896e-42,Basal-up,ENSG00000178187.8,ENSG00000178187,ZNF454,41.56520280841083
8.56983278720898,6.950265062119297,1.6195677250896834,3.3823017135700674e-23,2.234425570336395e-22,Basal-up,ENSG00000089692.9,ENSG00000089692,LAG3,21.650834107296106
2.4914287808579605,0.8723701270036197,1.6190586538543408,1.953928722420357e-15,7.981439285343696e-15,Basal-up,ENSG00000286534.1,ENSG00000286534,AC021683.6,14.097918785676866
12.265855918979769,10.648642259959404,1.617213659020365,2.031971036990058e-60,1.5135926479979278e-58,Basal-up,ENSG00000168268.11,ENSG00000168268,NT5DC2,57.81999099044393
8.184643559245174,6.567605877829708,1.617037681415466,1.3028116077692734e-20,7.381718237394531e-20,Basal-up,ENSG00000270547.6,ENSG00000270547,LINC01235,19.131842535986763
1.926111209989507,0.30960568644067016,1.6165055235488368,5.586470008728165e-48,1.6674841913852905e-46,Basal-up,ENSG00000253591.2,ENSG00000253591,KCNIP1-AS1,45.77793827472876
8.301323110477083,6.685364926381489,1.6159581840955948,1.980663628803601e-15,8.085719746376411e-15,Basal-up,ENSG00000198768.11,ENSG00000198768,APCDD1L,14.09228131552665
2.8486049966804976,1.2348059455908054,1.6137990510896922,3.191644342070265e-22,1.9892881804796446e-21,Basal-up,ENSG00000230105.1,ENSG00000230105,AL354793.1,20.70130229775727
12.05015031391949,10.43764502764069,1.6125052862788003,1.8941307305637969e-65,2.227763582052578e-63,Basal-up,ENSG00000171793.16,ENSG00000171793,CTPS1,62.65213089987978
9.211460106660173,7.600198029534706,1.6112620771254669,1.4443742754322094e-48,4.487064477524343e-47,Basal-up,ENSG00000102384.13,ENSG00000102384,CENPI,46.34803768976449
5.414218719695486,3.803877540841457,1.6103411788540294,4.2098414561638655e-37,6.399722703429151e-36,Basal-up,ENSG00000260423.2,ENSG00000260423,LINC02367,35.19383884335667
8.043736997617561,6.4358898464193715,1.6078471511981896,6.373866095688328e-27,5.323996798591396e-26,Basal-up,ENSG00000196632.10,ENSG00000196632,WNK3,25.273762214345844
9.194773970384082,7.587124264566169,1.6076497058179129,5.817679000121707e-10,1.6196727581734187e-09,Basal-up,ENSG00000211648.2,ENSG00000211648,IGLV1-47,8.790572722294158
7.777468839049115,6.1715141946998635,1.6059546443492518,6.444486398366339e-20,3.4971537003924185e-19,Basal-up,ENSG00000139737.22,ENSG00000139737,SLAIN1,18.456285279968306
11.952151356899403,10.346303016313446,1.6058483405859576,1.073466124233587e-44,2.5924052222125243e-43,Basal-up,ENSG00000122694.16,ENSG00000122694,GLIPR2,42.58629711236323
10.406465627525742,8.800641207970985,1.6058244195547573,1.0763412779681257e-35,1.4914824157706313e-34,Basal-up,ENSG00000131773.14,ENSG00000131773,KHDRBS3,33.82638186250225
2.165461535603932,0.5608327179097032,1.6046288176942287,8.278729331876507e-34,1.0366193769312684e-32,Basal-up,ENSG00000236013.7,ENSG00000236013,AL357146.1,31.984380677403035
6.728056094165009,5.123720903564302,1.6043351906007066,6.720034675740637e-08,1.5945038743599217e-07,Basal-up,ENSG00000171102.14,ENSG00000171102,OBP2B,6.797374421161636
11.549940301385893,9.945627756952224,1.6043125444336699,8.322753578563727e-44,1.9003998634431615e-42,Basal-up,ENSG00000122863.6,ENSG00000122863,CHST3,41.721155009459885
3.3013395903991123,1.6970604391903865,1.6042791512087258,3.065494561770908e-38,4.964027908722746e-37,Basal-up,ENSG00000228718.2,ENSG00000228718,LINC02521,36.304165785479064
3.525132350350161,1.921263492887495,1.603868857462666,4.4277722421092436e-08,1.0637061961979635e-07,Basal-up,ENSG00000184330.12,ENSG00000184330,S100A7A,6.973178310941393
6.103888113872031,4.501199360947573,1.6026887529244584,2.065575292582769e-29,2.0028372521658786e-28,Basal-up,ENSG00000197847.12,ENSG00000197847,SLC22A20P,27.698354339452266
7.929627727409576,6.3273612120892695,1.6022665153203066,2.887115777860289e-25,2.1703548076671204e-24,Basal-up,ENSG00000124635.9,ENSG00000124635,H2BC11,23.663469262273154
7.302826145950669,5.700686247902972,1.6021398980476969,2.0350008905894397e-18,1.009818354590052e-17,Basal-up,ENSG00000160678.12,ENSG00000160678,S100A1,16.995756739775675
7.087705431677656,5.485589963680128,1.6021154679975282,5.356119407085405e-29,5.0745370979508975e-28,Basal-up,ENSG00000267374.2,ENSG00000267374,MIR924HG,27.29460356818807
11.39982625660974,9.798734804152307,1.6010914524574336,1.634591557867128e-49,5.435665577351799e-48,Basal-up,ENSG00000137807.16,ENSG00000137807,KIF23,47.264747270552206
2.0467860670838935,0.44578126662408896,1.6010048004598045,6.372169634160593e-35,8.496226178880791e-34,Basal-up,ENSG00000134438.10,ENSG00000134438,RAX,33.070773934712186
3.775763742014061,2.174987992515112,1.6007757494989487,2.4250914111001804e-22,1.5219821026039702e-21,Basal-up,ENSG00000272583.1,ENSG00000272583,AL592494.2,20.817590454520793
7.623946457223996,6.025986902855784,1.5979595543682112,3.6772988885469616e-28,3.3072996711589526e-27,Basal-up,ENSG00000176678.6,ENSG00000176678,FOXL1,26.48052645230905
11.290266653742771,9.693910883727167,1.5963557700156041,3.009528937168472e-42,6.181336395458773e-41,Basal-up,ENSG00000153551.14,ENSG00000153551,CMTM7,40.20891762095823
10.374295451278336,8.778648658893019,1.5956467923853168,3.867148371600473e-53,1.670448626495462e-51,Basal-up,ENSG00000184675.11,ENSG00000184675,AMER1,50.77716687625011
4.387388471616361,2.792109839084154,1.5952786325322066,1.5425838573041242e-14,5.939284504575493e-14,Basal-up,ENSG00000233705.7,ENSG00000233705,SLC26A4-AS1,13.226265870579553
9.547587289976958,7.952753670297668,1.5948336196792896,5.516601536460358e-12,1.784391426248685e-11,Basal-up,ENSG00000156234.7,ENSG00000156234,CXCL13,10.748509872149672
10.008616195185043,8.414642343309195,1.5939738518758482,2.52445480221517e-49,8.263645016626221e-48,Basal-up,ENSG00000161888.11,ENSG00000161888,SPC24,47.082828347179586
5.111914270912805,3.5193096525051653,1.5926046184076394,3.22084450372587e-34,4.1301724470119036e-33,Basal-up,ENSG00000113262.16,ENSG00000113262,GRM6,32.38403181487576
12.305107289172598,10.713276923150312,1.5918303660222861,3.462606105188339e-44,8.127910129265624e-43,Basal-up,ENSG00000111912.20,ENSG00000111912,NCOA7,42.09002110705078
2.746080929667012,1.1549600272051832,1.5911209024618287,1.129561886719761e-09,3.0747859706713004e-09,Basal-up,ENSG00000237136.8,ENSG00000237136,C4orf51,8.512185109154071
3.2413092666210117,1.6508696148416626,1.590439651779349,4.262457099057608e-17,1.9336522122128975e-16,Basal-up,ENSG00000228626.1,ENSG00000228626,AC245100.3,15.713621635681806
9.73959221924301,8.1496811464803,1.5899110727627104,1.663067426263386e-46,4.4992752323122437e-45,Basal-up,ENSG00000072954.7,ENSG00000072954,TMEM38A,44.3468574391042
10.491088414696481,8.901689390481025,1.5893990242154565,6.181515884932612e-44,1.4289959480202837e-42,Basal-up,ENSG00000156970.13,ENSG00000156970,BUB1B,41.84496900266804
9.808647528788846,8.2196088129318,1.589038715857047,6.271511690840247e-29,5.918386032572215e-28,Basal-up,ENSG00000148926.10,ENSG00000148926,ADM,27.227796710965144
10.466228541421989,8.877390694113302,1.588837847308687,4.826784598589587e-59,3.2101948362048203e-57,Basal-up,ENSG00000166002.7,ENSG00000166002,SMCO4,56.49346860818056
8.840202056394798,7.251585274249382,1.588616782145416,4.692115081605893e-48,1.4105802469545251e-46,Basal-up,ENSG00000158315.11,ENSG00000158315,RHBDL2,45.85060220208699
1.8863919614813882,0.2983091805208704,1.5880827809605178,3.4400948311190696e-41,6.6347513658867216e-40,Basal-up,ENSG00000285100.1,ENSG00000285100,AL359555.2,39.17817534747123
5.6798907106212075,4.092394600841555,1.5874961097796527,8.438384715539452e-22,5.118614832878799e-21,Basal-up,ENSG00000115138.11,ENSG00000115138,POMC,20.290847549146534
12.334676091378535,10.747516461846601,1.587159629531934,7.466419030785896e-44,1.7118629679339482e-42,Basal-up,ENSG00000146072.6,ENSG00000146072,TNFRSF21,41.766531002890176
11.670946039874012,10.084092872021964,1.5868531678520483,6.251343600023152e-37,9.384014217320916e-36,Basal-up,ENSG00000091490.11,ENSG00000091490,SEL1L3,35.02761134291092
3.0522662858950524,1.4660719460498528,1.5861943398451996,1.1043491000400249e-27,9.680382278593523e-27,Basal-up,ENSG00000164411.12,ENSG00000164411,GJB7,26.014107492050535
12.332139918773398,10.747406280795069,1.5847336379783297,1.7515827094664387e-12,5.854911489959616e-12,Basal-up,ENSG00000211677.2,ENSG00000211677,IGLC2,11.232479665871324
2.4895037485921914,0.9058387164766629,1.5836650321155283,1.6637623269713932e-23,1.1200906447094014e-22,Basal-up,ENSG00000236663.1,ENSG00000236663,FRGCA,21.95074683009395
11.356272078277103,9.775874787740394,1.580397290536709,7.570903784247659e-57,4.208568737114121e-55,Basal-up,ENSG00000145604.17,ENSG00000145604,SKP2,54.375865575246884
11.725171531355755,10.145122939771868,1.5800485915838873,1.243538524574093e-57,7.3515716655597165e-56,Basal-up,ENSG00000132819.17,ENSG00000132819,RBM38,55.13361980476435
4.389536308190662,2.8107942577327534,1.5787420504579086,4.460905732796161e-29,4.24920602908006e-28,Basal-up,ENSG00000231982.1,ENSG00000231982,AC112907.2,27.371692210985486
5.686073811969919,4.107707460310377,1.5783663516595423,2.498421083131734e-16,1.0853690345590424e-15,Basal-up,ENSG00000226197.3,ENSG00000226197,AL583785.1,14.964422572946308
9.426427283835084,7.848215870497502,1.5782114133375815,5.2269916845814344e-14,1.9430937259306827e-13,Basal-up,ENSG00000086570.12,ENSG00000086570,FAT2,12.71150625052076
3.8535761220495677,2.276049259836314,1.5775268622132539,1.6781698863595196e-44,4.009426556719252e-43,Basal-up,ENSG00000213089.4,ENSG00000213089,PDCL3P5,42.396917737370146
8.801883873198545,7.225132665940177,1.5767512072583676,1.966045117899335e-22,1.2408554387494954e-21,Basal-up,ENSG00000163032.12,ENSG00000163032,VSNL1,20.906278811418556
9.090490729252132,7.51457260684742,1.5759181224047119,3.4628014590310546e-19,1.801258611215409e-18,Basal-up,ENSG00000138131.4,ENSG00000138131,LOXL4,17.744423929956223
4.093071616214583,2.5177570166770322,1.5753145995375504,4.2424672406467853e-16,1.8145655468480315e-15,Basal-up,ENSG00000287415.1,ENSG00000287415,AC099541.2,14.741227339328812
2.7287416151252146,1.154260190698038,1.5744814244271765,2.1067429998319634e-28,1.9257710759303905e-27,Basal-up,ENSG00000163421.9,ENSG00000163421,PROK2,26.715395340456148
5.480138344160832,3.906059693981207,1.5740786501796245,3.0827621367920828e-34,3.9561327268480324e-33,Basal-up,ENSG00000231881.2,ENSG00000231881,AL109615.2,32.4027291464048
8.187942122815391,6.614316191790053,1.5736259310253384,4.389495659043832e-35,5.901961271205345e-34,Basal-up,ENSG00000170425.3,ENSG00000170425,ADORA2B,33.22900364467628
5.586322708478389,4.012930046246196,1.5733926622321928,4.6458907690933836e-24,3.231588681884421e-23,Basal-up,ENSG00000168811.7,ENSG00000168811,IL12A,22.490583921584232
2.1232599659773577,0.5499255750473638,1.5733343909299937,1.2267618095503058e-29,1.204483182663335e-28,Basal-up,ENSG00000277311.1,ENSG00000277311,AC012354.7,27.919199259366344
5.455045785475088,3.88280618857156,1.5722395969035277,4.0105598102930035e-34,5.109614779210242e-33,Basal-up,ENSG00000231609.7,ENSG00000231609,AC007098.1,32.291611840681256
2.3437591840399405,0.7716065530519481,1.5721526309879925,5.116997078864857e-46,1.3410613141794371e-44,Basal-up,ENSG00000218996.1,ENSG00000218996,ARL4AP5,43.8725513654735
4.264877838093703,2.69274796514419,1.572129872949513,4.231790749991503e-22,2.6190846739238398e-21,Basal-up,ENSG00000282556.3,ENSG00000282556,AC068733.3,20.581850460786892
10.866981285525776,9.295382360262613,1.5715989252631637,3.031782362198575e-32,3.4755589870347548e-31,Basal-up,ENSG00000165905.18,ENSG00000165905,LARGE2,30.45897533626489
5.908195806929019,4.336669307033106,1.5715264998959126,6.209949218296596e-46,1.6123741115205415e-44,Basal-up,ENSG00000170681.7,ENSG00000170681,CAVIN4,43.79253418354927
4.901194985869434,3.330007621154573,1.5711873647148615,7.964740241707354e-38,1.2605197965157249e-36,Basal-up,ENSG00000254035.1,ENSG00000254035,AC104117.3,35.89945032932111
2.0875393413213317,0.5165849407160678,1.570954400605264,2.8396801540822582e-33,3.4363205330266174e-32,Basal-up,ENSG00000226774.1,ENSG00000226774,HIKESHIP1,31.463906332840764
8.424543683473253,6.853615615398205,1.5709280680750481,7.04173422217166e-27,5.862864657903479e-26,Basal-up,ENSG00000174514.13,ENSG00000174514,MFSD4A,25.231890131229516
7.748856744258896,6.178165288869059,1.570691455389837,4.008634164997401e-54,1.858498163357025e-52,Basal-up,ENSG00000181544.15,ENSG00000181544,FANCB,51.7308378637554
9.827619932098335,8.257468925661168,1.5701510064371664,2.8244090620789096e-10,8.054636018452021e-10,Basal-up,ENSG00000211959.2,ENSG00000211959,IGHV4-39,9.093954080167094
12.253561990484076,10.683806127074819,1.5697558634092577,4.205908311658647e-55,2.064158808298651e-53,Basal-up,ENSG00000143815.15,ENSG00000143815,LBR,52.68525689284202
3.2151824479072357,1.6458451011652742,1.5693373467419616,1.9730650197192338e-24,1.40927209590856e-23,Basal-up,ENSG00000228067.1,ENSG00000228067,LINC01740,22.851005147172362
10.031479406900925,8.462585607772832,1.5688937991280927,2.921730106823751e-38,4.735802378178536e-37,Basal-up,ENSG00000183421.12,ENSG00000183421,RIPK4,36.32460642872122
2.481132159445366,0.9124337429796973,1.5686984164656685,1.1988652131591544e-37,1.8708548391571162e-36,Basal-up,ENSG00000151631.8,ENSG00000151631,AKR1C6P,35.72795990838387
3.263952986780148,1.6960019432639484,1.5679510435161996,1.3235536431940658e-21,7.943691695589093e-21,Basal-up,ENSG00000224984.1,ENSG00000224984,AL512363.1,20.09997761968673
1.983401761401076,0.4158734503534685,1.5675283110476075,2.364597986173967e-23,1.5779678378767941e-22,Basal-up,ENSG00000131737.5,ENSG00000131737,KRT34,21.801901852821768
2.903890981740399,1.337439814431552,1.5664511673088468,2.875970844468756e-20,1.5950122883288007e-19,Basal-up,ENSG00000239605.11,ENSG00000239605,STPG4,18.7972359666928
4.092234601463325,2.5259112181086762,1.5663233833546486,5.464935620847672e-11,1.641586540109454e-10,Basal-up,ENSG00000182674.6,ENSG00000182674,KCNB2,9.78473621747237
2.2981179250068355,0.7317946430524986,1.566323281954337,3.0412387596224283e-25,2.283865428058834e-24,Basal-up,ENSG00000258088.1,ENSG00000258088,AC078820.1,23.641329489556345
2.3106516643167447,0.7443334515498975,1.5663182127668471,8.549694199035647e-26,6.64623723450081e-25,Basal-up,ENSG00000111783.13,ENSG00000111783,RFX4,24.177424160831038
4.948761136560288,3.3824554930425266,1.5663056435177611,6.524203522557983e-33,7.774308641171119e-32,Basal-up,ENSG00000188501.11,ENSG00000188501,LCTL,31.109338221809107
4.421498664781677,2.8555158841463717,1.5659827806353057,2.1044359142175425e-25,1.5932040152710876e-24,Basal-up,ENSG00000250302.3,ENSG00000250302,LINC01618,23.797728607731024
11.271280237330263,9.705325252476575,1.565954984853688,1.9875285600618477e-36,2.8853164717744966e-35,Basal-up,ENSG00000092929.12,ENSG00000092929,UNC13D,34.53980654493199
2.911655039130397,1.346472694104228,1.5651823450261688,2.0639277296904577e-26,1.6714872553569495e-25,Basal-up,ENSG00000285715.1,ENSG00000285715,AC063960.1,24.776896930438
10.160438087841737,8.5963519989501,1.5640860888916368,2.162553452284601e-28,1.9751714365280607e-27,Basal-up,ENSG00000172243.18,ENSG00000172243,CLEC7A,26.704395203477066
5.802969265285141,4.239051398704799,1.5639178665803417,4.923420133719768e-18,2.3786832355475155e-17,Basal-up,ENSG00000221947.8,ENSG00000221947,XKR9,16.623663388233126
10.404282569576354,8.84064091831511,1.5636416512612445,1.5676158392019036e-39,2.746810398852473e-38,Basal-up,ENSG00000120162.10,ENSG00000120162,MOB3B,37.5611713171262
3.9571066621048496,2.3934983773949035,1.5636082847099462,8.749418684386434e-12,2.7958104318458843e-11,Basal-up,ENSG00000177519.4,ENSG00000177519,RPRM,10.553492278990136
6.535248906223798,4.971760507760966,1.563488398462832,7.723044250847305e-25,5.649856902845955e-24,Basal-up,ENSG00000174899.12,ENSG00000174899,SLC66A1L,23.24796255166576
11.631125392329155,10.067999982132424,1.5631254101967311,7.611335421907628e-24,5.231329984464706e-23,Basal-up,ENSG00000115339.14,ENSG00000115339,GALNT3,22.281387884462692
12.210151591184758,10.64788249868713,1.562269092497628,6.38281034850271e-63,5.8939890601049816e-61,Basal-up,ENSG00000100139.13,ENSG00000100139,MICALL1,60.229590674583896
3.4530835180381496,1.8912528535418274,1.5618306644963222,4.320785323112422e-37,6.562425193961413e-36,Basal-up,ENSG00000207181.1,ENSG00000207181,SNORA14B,35.18293563414369
2.1037223040468374,0.5427214862653543,1.561000817781483,8.423668658333341e-29,7.871797419217551e-28,Basal-up,ENSG00000232560.7,ENSG00000232560,LINC01549,27.10392609100558
11.74186064823194,10.181955412666094,1.5599052355658465,1.0160456623846317e-30,1.0653065562443808e-29,Basal-up,ENSG00000154639.19,ENSG00000154639,CXADR,28.972525400180455
3.472619009022936,1.9128255062227704,1.5597935028001657,2.1569773449251945e-38,3.530365263764283e-37,Basal-up,ENSG00000287729.1,ENSG00000287729,AF241728.2,36.45218035868281
4.601667712688731,3.042046252536845,1.5596214601518863,1.1604711418609328e-14,4.5058487982368195e-14,Basal-up,ENSG00000273079.6,ENSG00000273079,GRIN2B,13.346223385890742
8.40158956456166,6.8433880188766905,1.5582015456849687,8.369960811895356e-28,7.390966449281675e-27,Basal-up,ENSG00000160883.11,ENSG00000160883,HK3,26.13129876916307
6.288987749914773,4.731500915155107,1.5574868347596658,2.8802790620267164e-64,3.0360677408533186e-62,Basal-up,ENSG00000224861.1,ENSG00000224861,YBX1P1,61.51768854267426
3.4428542627586536,1.8860966782221955,1.556757584536458,5.173251824943904e-44,1.1992213082442578e-42,Basal-up,ENSG00000285923.1,ENSG00000285923,AL160171.1,41.92110066337302
7.682052448721641,6.125711500312904,1.556340948408737,1.2938025387232583e-05,2.531418462409737e-05,Basal-up,ENSG00000102837.7,ENSG00000102837,OLFM4,4.596636056780326
10.287874763052141,8.733428825300235,1.5544459377519058,2.7613646144276652e-46,7.346106498064709e-45,Basal-up,ENSG00000097046.13,ENSG00000097046,CDC7,44.13394277988583
6.034077275565446,4.479811415106679,1.5542658604587674,8.554641579787382e-29,7.989734905390723e-28,Basal-up,ENSG00000255491.3,ENSG00000255491,AC100858.2,27.09746763007724
8.771246796567254,7.218080775550781,1.553166021016473,2.3632086564753303e-14,8.982283044001935e-14,Basal-up,ENSG00000110777.12,ENSG00000110777,POU2AF1,13.046613263845627
5.055292840369347,3.5038412712110083,1.5514515691583388,8.23034600974956e-31,8.675509378830354e-30,Basal-up,ENSG00000165091.18,ENSG00000165091,TMC1,29.061705016373324
2.9845384362508636,1.4341231417598335,1.55041529449103,6.307450409863078e-20,3.4255628279100836e-19,Basal-up,ENSG00000182393.3,ENSG00000182393,IFNL1,18.46526806271928
5.428490605661522,3.8783833443722022,1.5501072612893196,3.8519863248997584e-61,3.0380842731915273e-59,Basal-up,ENSG00000231167.3,ENSG00000231167,YBX1P2,58.517400183444124
4.13722678821874,2.587618907337097,1.5496078808816431,2.939005936821118e-28,2.6625805135741587e-27,Basal-up,ENSG00000138823.13,ENSG00000138823,MTTP,26.5746972507561
3.8879300417561353,2.3388316362859336,1.5490984054702017,7.43037121472404e-27,6.178765644196224e-26,Basal-up,ENSG00000259845.1,ENSG00000259845,HERC2P10,25.20909827692696
3.7766562081450394,2.227893991855469,1.5487622162895702,2.8554400099282312e-40,5.2417496786853405e-39,Basal-up,ENSG00000236307.2,ENSG00000236307,EEF1E1P1,38.28052372275634
8.541633727830309,6.993360557429452,1.548273170400857,8.568891436713985e-66,1.0521217617533068e-63,Basal-up,ENSG00000213866.3,ENSG00000213866,YBX1P10,62.97793399649642
4.172078087631947,2.6246865222596156,1.5473915653723314,3.1426163508239487e-13,1.107681388849829e-12,Basal-up,ENSG00000204710.2,ENSG00000204710,SPDYC,11.955585141198624
10.116248223409618,8.569023748403808,1.5472244750058106,3.0893389598592273e-48,9.388453484540462e-47,Basal-up,ENSG00000163507.14,ENSG00000163507,CIP2A,46.027405941114665
8.03430346315311,6.487115539890684,1.5471879232624257,1.4992624588532268e-14,5.779125761356964e-14,Basal-up,ENSG00000261115.6,ENSG00000261115,TMEM178B,13.2381378546132
5.143699220682897,3.597717734985327,1.5459814856975695,1.7064272475699817e-15,6.99858575046443e-15,Basal-up,ENSG00000163273.4,ENSG00000163273,NPPC,14.154989711817588
5.036799875189541,3.4909719739989478,1.5458279011905929,3.9325055125419495e-27,3.329567688315387e-26,Basal-up,ENSG00000256673.1,ENSG00000256673,AC141557.1,25.4776121517091
5.766860492921544,4.22105687758968,1.545803615331864,1.3847859163541288e-16,6.097205295703454e-16,Basal-up,ENSG00000178750.3,ENSG00000178750,STX19,15.214869181837168
8.271902625871958,6.7263869998544354,1.5455156260175222,1.208934231021035e-15,4.997961941764319e-15,Basal-up,ENSG00000228232.1,ENSG00000228232,GAPDHP1,14.301207055241317
11.389936122684517,9.844750316179843,1.5451858065046746,1.0129092549699599e-55,5.18362110329665e-54,Basal-up,ENSG00000106462.11,ENSG00000106462,EZH2,53.28536675072568
10.879778798248488,9.335211287384547,1.5445675108639403,5.048670585393531e-37,7.616176328640466e-36,Basal-up,ENSG00000143147.14,ENSG00000143147,GPR161,35.11826300978258
10.563899688582971,9.019627865017421,1.5442718235655502,8.781795803555656e-40,1.5632809099053932e-38,Basal-up,ENSG00000025039.15,ENSG00000025039,RRAGD,37.8059629754932
2.7210385376153177,1.1768848545185078,1.54415368309681,1.3156838509194265e-29,1.2906562096230372e-28,Basal-up,ENSG00000159650.9,ENSG00000159650,UROC1,27.889189424772415
4.362869142248485,2.81886540052849,1.5440037417199948,3.1456256718117495e-29,3.017783987382079e-28,Basal-up,ENSG00000258667.2,ENSG00000258667,HIF1A-AS3,27.52031185019511
3.637067500644328,2.093064967668525,1.544002532975803,9.224880689327018e-18,4.378617965254059e-17,Basal-up,ENSG00000240405.7,ENSG00000240405,SAMMSON,16.358662945381045
2.250377107451782,0.7075172800526653,1.5428598273991168,1.312877595090993e-25,1.0070402056624735e-24,Basal-up,ENSG00000233907.1,ENSG00000233907,LINC01761,23.99695319007321
3.775178628599819,2.23260068205194,1.5425779465478788,1.178187363016746e-25,9.074641637941482e-25,Basal-up,ENSG00000266936.1,ENSG00000266936,AC011442.1,24.042170516455766
6.892747470546134,5.3504248543002015,1.542322616245932,5.053240116046921e-14,1.8799623605981442e-13,Basal-up,ENSG00000188039.16,ENSG00000188039,NWD1,12.725850845815133
6.404936961038604,4.864466537261615,1.5404704237769895,1.032854670745526e-40,1.938482002429453e-39,Basal-up,ENSG00000181773.7,ENSG00000181773,GPR3,38.71253822678567
4.007805044002452,2.468231915747356,1.5395731282550957,1.9847736088783955e-27,1.7146807054021604e-26,Basal-up,ENSG00000137757.11,ENSG00000137757,CASP5,25.765816739056763
7.43397254382181,5.895048664311981,1.538923879509829,5.839815472027327e-14,2.1627512387841789e-13,Basal-up,ENSG00000134339.9,ENSG00000134339,SAA2,12.664993430554562
3.4737076469008614,1.9348323619503864,1.538875284950475,2.801006744908692e-21,1.6518252302839437e-20,Basal-up,ENSG00000234810.4,ENSG00000234810,AL603840.1,19.78203590467816
11.263547696823132,9.724730311219398,1.5388173856037337,1.3042003243209529e-10,3.8153949093417995e-10,Basal-up,ENSG00000211598.2,ENSG00000211598,IGKV4-1,9.418460504086074
2.0833984396342022,0.5446758113922973,1.538722628241905,5.884872594981783e-34,7.421404416244896e-33,Basal-up,ENSG00000282097.1,ENSG00000282097,AL160408.6,32.12951390166024
11.616214624038415,10.07814524366085,1.5380693803775642,3.271970056344867e-47,9.185631179956444e-46,Basal-up,ENSG00000157827.20,ENSG00000157827,FMNL2,45.03689099629295
2.6707040504882094,1.1327619019764184,1.537942148511791,1.5262033023798302e-30,1.5833591673095607e-29,Basal-up,ENSG00000243797.6,ENSG00000243797,AC004917.1,28.800420559118926
6.2627049859349695,4.726824421510173,1.5358805644247964,4.152692474835747e-08,1.000059284118789e-07,Basal-up,ENSG00000211946.3,ENSG00000211946,IGHV3-20,6.999974253997502
2.610829308353609,1.0751145544518743,1.5357147539017348,7.804652333064085e-11,2.318638183145512e-10,Basal-up,ENSG00000265933.5,ENSG00000265933,LINC00668,9.634767016486188
2.5612283501117763,1.025575354278563,1.5356529958332132,1.8839614923194182e-22,1.1906181980118194e-21,Basal-up,ENSG00000260978.1,ENSG00000260978,AC126407.1,20.92422748375662
3.2228064776894985,1.6901574968381428,1.5326489808513557,7.545749765172269e-29,7.077043428331686e-28,Basal-up,ENSG00000253844.1,ENSG00000253844,AC064807.2,27.15014813933512
11.334389503205514,9.801861203564066,1.5325282996414487,2.3090356442969996e-61,1.8472285154375997e-59,Basal-up,ENSG00000073008.15,ENSG00000073008,PVR,58.733479375889054
5.3920113701207,3.8604657493376107,1.5315456207830898,4.002021604174794e-14,1.498522834807184e-13,Basal-up,ENSG00000183960.9,ENSG00000183960,KCNH8,12.824336634796952
2.650184880142341,1.119433052561887,1.5307518275804541,9.232577046054203e-13,3.1460402824411596e-12,Basal-up,ENSG00000189182.10,ENSG00000189182,KRT77,11.50223572089585
10.63626615036489,9.105552698310557,1.5307134520543322,6.1328377152850445e-49,1.955972599584726e-47,Basal-up,ENSG00000138670.18,ENSG00000138670,RASGEF1B,46.708637233358495
13.064757051439404,11.534055809324029,1.5307012421153754,6.262506440781988e-22,3.834841357234421e-21,Basal-up,ENSG00000134824.14,ENSG00000134824,FADS2,20.416252597582737
12.91939120004252,11.389260042598595,1.5301311574439254,1.595023196340864e-43,3.55959903737322e-42,Basal-up,ENSG00000145555.15,ENSG00000145555,MYO10,41.44859891934832
11.073211707673124,9.543272886961757,1.5299388207113669,3.2714269837865024e-48,9.905892727779906e-47,Basal-up,ENSG00000121957.15,ENSG00000121957,GPSM2,46.00410637936038
2.287290785003948,0.7580701540183249,1.5292206309856233,7.163363182067848e-22,4.3657442520529866e-21,Basal-up,ENSG00000136535.15,ENSG00000136535,TBR1,20.359941709115965
7.283787036370002,5.755053381920704,1.5287336544492982,1.758399855510347e-15,7.203808745625376e-15,Basal-up,ENSG00000164379.7,ENSG00000164379,FOXQ1,14.142437825811156
4.7283585352754836,3.1997645993908064,1.5285939358846772,4.149241787009097e-17,1.8840772785226895e-16,Basal-up,ENSG00000244699.1,ENSG00000244699,AC139453.2,15.72490128787665
5.206317885032256,3.678183651713409,1.5281342333188466,8.081534331109684e-25,5.904381664751452e-24,Basal-up,ENSG00000182885.17,ENSG00000182885,ADGRG3,23.228825577076258
15.187552795529186,13.659763835347361,1.5277889601818249,4.472237423710136e-74,1.5296877392118749e-71,Basal-up,ENSG00000065978.19,ENSG00000065978,YBX1,70.81539721426597
4.4360854826026594,2.9085947722883985,1.527490710314261,2.9986714946783277e-09,7.905266889627805e-09,Basal-up,ENSG00000178934.5,ENSG00000178934,LGALS7B,8.102083463273074
9.195522351625703,7.668171466968863,1.5273508846568404,8.955760326824872e-66,1.095609803486021e-63,Basal-up,ENSG00000148459.16,ENSG00000148459,PDSS1,62.96034409034576
4.109167944316167,2.5820509583527054,1.5271169859634615,2.5795202166974042e-08,6.316423234984074e-08,Basal-up,ENSG00000236279.7,ENSG00000236279,CLEC2L,7.199528777577629
7.1907009629660426,5.664008268584384,1.5266926943816586,7.469229736751135e-20,4.0362498915991948e-19,Basal-up,ENSG00000163599.17,ENSG00000163599,CTLA4,18.394021953638546
2.189661043043713,0.6631260549610836,1.5265349880826296,7.95907437442372e-31,8.405424481117929e-30,Basal-up,ENSG00000234880.1,ENSG00000234880,LINC00163,29.075440349428295
2.0966716243981893,0.5703901135397741,1.5262815108584151,2.1521276300008114e-21,1.2756731769695348e-20,Basal-up,ENSG00000275465.7,ENSG00000275465,AL449403.2,19.894260576100027
8.16114520146319,6.635421608059395,1.5257235934037956,9.985292596602453e-16,4.158884292223089e-15,Basal-up,ENSG00000135097.7,ENSG00000135097,MSI1,14.381023162334769
5.989034533363832,4.4634149192048005,1.525619614159032,7.784556858356851e-10,2.145521673179754e-09,Basal-up,ENSG00000153292.16,ENSG00000153292,ADGRF1,8.668467094044463
2.6020608202978486,1.076633594041459,1.5254272262563895,4.192225022619313e-40,7.616443509929506e-39,Basal-up,ENSG00000184224.3,ENSG00000184224,C11orf72,38.11824777466732
2.672077364613471,1.147516655609029,1.5245607090044417,9.338940942351538e-10,2.5591996434567e-09,Basal-up,ENSG00000249395.4,ENSG00000249395,CASC9,8.591895833429106
11.054971777474869,9.531119074306472,1.5238527031683962,5.209372149900207e-32,5.883360999482984e-31,Basal-up,ENSG00000105088.8,ENSG00000105088,OLFM2,30.230374502747456
10.499525589875237,8.978266609697949,1.5212589801772882,2.3278919275047583e-46,6.232502988015934e-45,Basal-up,ENSG00000198826.11,ENSG00000198826,ARHGAP11A,44.205337504612636
3.879346011031843,2.3585583364093274,1.5207876746225155,1.6654628909203347e-35,2.28141872103186e-34,Basal-up,ENSG00000185955.5,ENSG00000185955,C7orf61,33.64179499900885
2.5635311103184986,1.0427883288580462,1.5207427814604524,6.186281351404121e-14,2.2885349398418075e-13,Basal-up,ENSG00000229404.6,ENSG00000229404,LINC00858,12.640442452664402
9.70054489513217,8.180089998013232,1.5204548971189382,1.0834176908596367e-21,6.5375627358442885e-21,Basal-up,ENSG00000175832.13,ENSG00000175832,ETV4,20.184584130522335
10.304916076639655,8.784687225860633,1.5202288507790218,2.4100192118357373e-37,3.714199723252134e-36,Basal-up,ENSG00000168078.10,ENSG00000168078,PBK,35.430134746699046
7.9517434204599375,6.432212615541223,1.5195308049187144,1.9585616817041702e-24,1.3998078373288653e-23,Basal-up,ENSG00000081052.13,ENSG00000081052,COL4A4,22.85393157926156
2.7049796686852763,1.1881219451819047,1.5168577235033716,7.863438129385364e-21,4.5149442633949537e-20,Basal-up,ENSG00000187783.12,ENSG00000187783,TMEM72,19.34534760664603
2.160355518171143,0.6445338217168302,1.5158216964543128,4.001810099390503e-17,1.8203375564061564e-16,Basal-up,ENSG00000119919.11,ENSG00000119919,NKX2-3,15.739848070646069
2.061595690893799,0.5468332529699818,1.5147624379238174,2.0062964331480337e-27,1.7323816702504403e-26,Basal-up,ENSG00000134216.19,ENSG00000134216,CHIA,25.761356420042173
7.380803280679657,5.8661623615413925,1.5146409191382642,5.075667476532274e-12,1.6465341509083695e-11,Basal-up,ENSG00000143297.19,ENSG00000143297,FCRL5,10.783429257118947
2.197188656744336,0.6836554511967948,1.513533205547541,2.596190419229919e-14,9.836588996562326e-14,Basal-up,ENSG00000116996.9,ENSG00000116996,ZP4,13.007155474412949
5.327271762518768,3.813792692477541,1.5134790700412268,3.52470904433637e-17,1.608772428733049e-16,Basal-up,ENSG00000130413.15,ENSG00000130413,STK33,15.79350538532013
2.2908594572680427,0.7777276950676439,1.5131317622003988,3.979491257075026e-21,2.3283740083287634e-20,Basal-up,ENSG00000248347.3,ENSG00000248347,AC120036.1,19.6329472573954
11.252959086543411,9.740093898673596,1.5128651878698154,2.7531514380758707e-46,7.330074360945448e-45,Basal-up,ENSG00000145545.12,ENSG00000145545,SRD5A1,44.13489161957654
7.805206747371568,6.292788062873512,1.5124186844980567,4.160125010243291e-29,3.9649528104451267e-28,Basal-up,ENSG00000204682.8,ENSG00000204682,MIR1915HG,27.401761977144673
5.878097973627921,4.366523476793337,1.5115744968345837,5.297860180303066e-30,5.32167435552169e-29,Basal-up,ENSG00000167912.6,ENSG00000167912,AC090152.1,28.273951704366922
11.048461943958497,9.537237012900427,1.51122493105807,4.7347811600414146e-51,1.7479059965263018e-49,Basal-up,ENSG00000108106.14,ENSG00000108106,UBE2S,48.75748192770144
4.131796384498326,2.6209221158436793,1.5108742686546468,2.0032821316668036e-15,8.174073895736003e-15,Basal-up,ENSG00000139973.16,ENSG00000139973,SYT16,14.087561440472564
4.6382169588092275,3.127436911772534,1.5107800470366937,8.109134502326146e-20,4.371472957831657e-19,Basal-up,ENSG00000169427.8,ENSG00000169427,KCNK9,18.359372203836454
1.9561239469634246,0.44540430193097114,1.5107196450324536,1.1081922168606447e-33,1.3788642579498446e-32,Basal-up,ENSG00000237009.2,ENSG00000237009,GLIS3-AS1,31.86047848576397
7.300861744320319,5.790193489434893,1.5106682548854264,2.1808006207176464e-25,1.6497503228719363e-24,Basal-up,ENSG00000144063.4,ENSG00000144063,MALL,23.782581777970243
2.9303468471290874,1.420302695611869,1.5100441515172185,1.727537744058319e-28,1.5856261002419181e-27,Basal-up,ENSG00000224666.3,ENSG00000224666,ETV7-AS1,26.79979921408373
2.1527966570286554,0.6432399369441928,1.5095567200844626,6.270024108032355e-21,3.6211441781744406e-20,Basal-up,ENSG00000242207.1,ENSG00000242207,HOXB-AS4,19.441154183125818
2.069826284740307,0.5608587398240398,1.508967544916267,2.7137049278375538e-30,2.7698961382799877e-29,Basal-up,ENSG00000168135.4,ENSG00000168135,KCNJ4,28.557536515201814
16.11284023510259,14.60400835985192,1.508831875250669,1.0121187225834584e-10,2.979643384946208e-10,Basal-up,ENSG00000211592.8,ENSG00000211592,IGKC,9.525835710829023
9.822078393492047,8.313339601769833,1.5087387917222141,3.655881821103212e-52,1.4764476944985503e-50,Basal-up,ENSG00000051180.17,ENSG00000051180,RAD51,49.83078193399726
6.415053551083179,4.906729663002112,1.5083238880810672,1.2504252792848857e-26,1.0280661113963543e-25,Basal-up,ENSG00000205683.11,ENSG00000205683,DPF3,24.98797895645803
11.965952746464083,10.458075672101801,1.5078770743622822,1.859393502546929e-51,7.139389485151553e-50,Basal-up,ENSG00000170312.16,ENSG00000170312,CDK1,49.14633892471768
5.534039801743328,4.026174017063989,1.507865784679339,3.839917783217942e-31,4.1360554014609714e-30,Basal-up,ENSG00000225096.3,ENSG00000225096,AL445250.1,29.38341365260569
3.878504096451658,2.3708775151915717,1.5076265812600864,1.1027472049972302e-17,5.206209339648895e-17,Basal-up,ENSG00000106178.7,ENSG00000106178,CCL24,16.283478373063797
4.147612107494809,2.640002311594672,1.5076097959001373,4.518280524077212e-20,2.473101945902484e-19,Basal-up,ENSG00000234477.1,ENSG00000234477,AC004231.1,18.606757980836296
7.856495525090782,6.348962097784896,1.5075334273058862,8.679031212206869e-10,2.383344670566968e-09,Basal-up,ENSG00000182600.9,ENSG00000182600,SNORC,8.62281314703622
8.245123870613016,6.738358682522324,1.506765188090692,1.0247564791200743e-15,4.263882470221561e-15,Basal-up,ENSG00000115290.10,ENSG00000115290,GRB14,14.370194774722032
9.803759342098544,8.298275566501186,1.5054837755973587,4.659947309305844e-28,4.165371568211517e-27,Basal-up,ENSG00000104951.16,ENSG00000104951,IL4I1,26.38034625168186
2.797881130680297,1.2929074634974285,1.5049736671828686,3.914957964046611e-14,1.4664140234086759e-13,Basal-up,ENSG00000062096.15,ENSG00000062096,ARSF,12.83374339484079
11.573105673044267,10.068691946482351,1.504413726561916,8.862134608143325e-41,1.6735704341688127e-39,Basal-up,ENSG00000204267.16,ENSG00000204267,TAP2,38.77635600513043
5.962681306935978,4.459407099943406,1.5032742069925717,2.786400964217535e-22,1.7422152643270243e-21,Basal-up,ENSG00000169031.20,ENSG00000169031,COL4A3,20.75889818553183
10.064676383510633,8.56160185078634,1.503074532724293,1.680100300938619e-33,2.0613822140359632e-32,Basal-up,ENSG00000153721.19,ENSG00000153721,CNKSR3,31.685841475442125
9.070322996858902,7.567760348719666,1.5025626481392358,4.150148161224079e-35,5.589110741833312e-34,Basal-up,ENSG00000185015.8,ENSG00000185015,CA13,33.25265728525068
6.051764747045792,4.550932538548214,1.5008322084975783,3.273544952023365e-12,1.0752496500913592e-11,Basal-up,ENSG00000130540.14,ENSG00000130540,SULT4A1,10.968490690102321
2.445232967719948,0.9448482274196095,1.5003847403003385,8.233386106586475e-29,7.698273425182109e-28,Basal-up,ENSG00000164400.6,ENSG00000164400,CSF2,27.113606667814178
1.9699583656964974,0.47043725583190243,1.4995211098645949,4.058672527540357e-38,6.525021732525312e-37,Basal-up,ENSG00000228033.6,ENSG00000228033,AC010967.1,36.185418037506906
9.8055732486486,8.30605680701028,1.4995164416383187,6.227783902932371e-11,1.8633876321190135e-10,Basal-up,ENSG00000244437.1,ENSG00000244437,IGKV3-15,9.72969679138454
11.500089599125252,10.000725022376377,1.4993645767488744,1.1239437739232739e-36,1.658212821386802e-35,Basal-up,ENSG00000107551.21,ENSG00000107551,RASSF4,34.78035973119079
4.972964986972067,3.4748247801480967,1.4981402068239702,1.3361955107127188e-10,3.906949888266777e-10,Basal-up,ENSG00000100721.11,ENSG00000100721,TCL1A,9.408162159133237
11.048898462301858,9.551023857589623,1.4978746047122353,2.659604005956485e-18,1.3108355577071222e-17,Basal-up,ENSG00000172201.12,ENSG00000172201,ID4,16.882451786463797
2.893103729062857,1.3953828999856213,1.497720829077236,7.104373008597598e-23,4.60438095994183e-22,Basal-up,ENSG00000184788.14,ENSG00000184788,SATL1,21.336828750646966
3.4374891815579303,1.9400927660462508,1.4973964155116795,2.7551305425947727e-22,1.7229846229062833e-21,Basal-up,ENSG00000260581.1,ENSG00000260581,AC011374.1,20.763718598475794
4.175988765628558,2.6786685819896343,1.4973201836389238,4.092340911720622e-10,1.1515720900006317e-09,Basal-up,ENSG00000164778.4,ENSG00000164778,EN2,8.938708869415352
10.261808650185984,8.764571325479574,1.4972373247064095,1.6996596080433502e-58,1.0810738152108746e-56,Basal-up,ENSG00000152455.16,ENSG00000152455,SUV39H2,55.96614465161163
2.8483978003663606,1.3512826245996912,1.4971151757666694,4.6209581899715606e-21,2.6956929782082616e-20,Basal-up,ENSG00000197320.5,ENSG00000197320,AC060834.1,19.569329572619967
2.3607004896981243,0.8636408320615322,1.497059657636592,5.649107584135207e-17,2.541037120507409e-16,Basal-up,ENSG00000225269.3,ENSG00000225269,LINC00705,15.594988990552237
2.740082493258232,1.2434009596412634,1.4966815336169688,1.0846494707235246e-29,1.0696513756590921e-28,Basal-up,ENSG00000283122.1,ENSG00000283122,HYMAI,27.97075774595792
7.3100142622907756,5.813949804561543,1.4960644577292328,9.871029169797601e-24,6.751211952083566e-23,Basal-up,ENSG00000214425.8,ENSG00000214425,LRRC37A4P,22.17061825726442
2.6551861572076882,1.1591690656015465,1.4960170916061417,1.9868119111309816e-26,1.6109805336504717e-25,Basal-up,ENSG00000267440.2,ENSG00000267440,LINC02594,24.79290970736431
11.143296816840547,9.647644545353465,1.4956522714870815,1.2251635520539443e-09,3.3250329742408076e-09,Basal-up,ENSG00000243466.1,ENSG00000243466,IGKV1-5,8.478204043455667
2.4353982936010663,0.9397898888465211,1.4956084047545453,6.57658001692831e-25,4.833303270498508e-24,Basal-up,ENSG00000287245.1,ENSG00000287245,AP001981.2,23.31575595375997
9.631028652705325,8.135440116290578,1.495588536414747,6.668043481231301e-46,1.7259677026322257e-44,Basal-up,ENSG00000088305.18,ENSG00000088305,DNMT3B,43.76296733532987
9.891079402040786,8.397519181053532,1.4935602209872538,3.9258150245843467e-32,4.466847237748381e-31,Basal-up,ENSG00000276600.5,ENSG00000276600,RAB7B,30.34999889976397
8.418390833739783,6.9251812031993785,1.493209630540405,2.4477869193899995e-21,1.4473419922023775e-20,Basal-up,ENSG00000159753.14,ENSG00000159753,CARMIL2,19.839428837383068
9.685412045754186,8.192379907852086,1.4930321379020999,3.698368259734849e-56,1.9553517991531884e-54,Basal-up,ENSG00000112039.5,ENSG00000112039,FANCE,53.70877509469474
2.772643816536884,1.2805044999744082,1.4921393165624757,6.1243876946553544e-24,4.2284135020565913e-23,Basal-up,ENSG00000227145.2,ENSG00000227145,IL21-AS1,22.37382254906556
8.089737459680254,6.597735494919517,1.4920019647607372,5.3646284767521925e-33,6.413065140539711e-32,Basal-up,ENSG00000124920.14,ENSG00000124920,MYRF,31.192934348725633
11.00811123494387,9.51723184360231,1.4908793913415597,8.242300780673468e-48,2.421401596565948e-46,Basal-up,ENSG00000077152.11,ENSG00000077152,UBE2T,45.61593317556924
2.1155747342989093,0.6247636896497968,1.4908110446491125,1.658916295323722e-24,1.1909803859338436e-23,Basal-up,ENSG00000283142.1,ENSG00000283142,AL049767.1,22.92409539078493
7.871800606508139,6.381105971788086,1.490694634720053,1.8586966552120008e-25,1.4111780720884772e-24,Basal-up,ENSG00000118402.6,ENSG00000118402,ELOVL4,23.850418180543436
7.329805205391261,5.839481520225826,1.4903236851654347,7.247893702393642e-47,1.9979391192782472e-45,Basal-up,ENSG00000225177.6,ENSG00000225177,AL590617.2,44.699417749625724
2.451126843029612,0.9609376177588544,1.4901892252707574,6.655065038200094e-27,5.549198509464357e-26,Basal-up,ENSG00000131885.17,ENSG00000131885,KRT17P1,25.25576973904906
2.435385892249863,0.945370561652076,1.490015330597787,5.542074815607645e-22,3.4030105847072405e-21,Basal-up,ENSG00000227954.7,ENSG00000227954,TARID,20.468136700074687
6.230528987681317,4.740576379024796,1.4899526086565205,7.823757946306344e-10,2.155794215866738e-09,Basal-up,ENSG00000196092.14,ENSG00000196092,PAX5,8.666392697649915
5.675267363299232,4.185695217919941,1.4895721453792916,6.082457322205793e-11,1.8207177124516715e-10,Basal-up,ENSG00000157087.20,ENSG00000157087,ATP2B2,9.739757382831005
2.8775975878695057,1.3881696514618989,1.4894279364076068,2.481645770820669e-13,8.810081249096167e-13,Basal-up,ENSG00000216915.2,ENSG00000216915,GPR89P,12.055020086381209
4.769630558478981,3.281170254311443,1.4884603041675377,3.967170385190594e-24,2.7715621365483265e-23,Basal-up,ENSG00000186326.4,ENSG00000186326,RGS9BP,22.557275380373863
2.5046069799698643,1.0173045497227775,1.4873024302470867,3.5131330075111415e-27,2.987321623840017e-26,Basal-up,ENSG00000284095.1,ENSG00000284095,AC055733.4,25.524718017456284
3.6637514901702093,2.177033693039029,1.4867177971311802,1.3086180020389873e-19,6.972639553067375e-19,Basal-up,ENSG00000171931.13,ENSG00000171931,FBXW10,18.156602784839528
9.552959287235854,8.067730242049851,1.4852290451860028,2.7701742837819654e-46,7.363698809862924e-45,Basal-up,ENSG00000196584.3,ENSG00000196584,XRCC2,44.13290398332522
9.382847805261147,7.89793208372451,1.4849157215366366,1.3511669660893872e-57,7.959774464554703e-56,Basal-up,ENSG00000135045.7,ENSG00000135045,C9orf40,55.09909923756221
12.488222614097676,11.003430476604494,1.4847921374931818,3.46399497241607e-48,1.0479522696334537e-46,Basal-up,ENSG00000101224.17,ENSG00000101224,CDC25B,45.9796584974161
6.897090776743302,5.41230325123312,1.484787525510182,1.2369777599523194e-24,8.955398383067332e-24,Basal-up,ENSG00000112218.9,ENSG00000112218,GPR63,23.04791508968994
9.249544910219374,7.764885000233954,1.48465990998542,8.954078725344959e-21,5.124478724151665e-20,Basal-up,ENSG00000088836.14,ENSG00000088836,SLC4A11,19.29035030563581
6.732819463697452,5.249268704066532,1.48355075963092,2.7216563999936345e-17,1.2519544741016417e-16,Basal-up,ENSG00000135477.11,ENSG00000135477,KRT87P,15.902411463462588
10.041367987582,8.55825321383861,1.4831147737433898,1.9701620455866334e-20,1.1052691509299407e-19,Basal-up,ENSG00000170153.11,ENSG00000170153,RNF150,18.956531951363377
1.9185187740100533,0.43577515082337565,1.4827436231866777,5.884008471864881e-41,1.1212732460313292e-39,Basal-up,ENSG00000154646.9,ENSG00000154646,TMPRSS15,38.95028854014095
2.547234778582148,1.0650985122576488,1.4821362663244992,2.4204695170687554e-21,1.4319473740230265e-20,Basal-up,ENSG00000225764.2,ENSG00000225764,P3H2-AS1,19.844072942636668
8.341799323979773,6.859815646997062,1.4819836769827104,1.3939870462471181e-09,3.766439286651894e-09,Basal-up,ENSG00000211955.2,ENSG00000211955,IGHV3-33,8.424069028811397
4.1160258470802935,2.635352223354049,1.4806736237262443,1.5827764781548298e-19,8.402703127613224e-19,Basal-up,ENSG00000104112.9,ENSG00000104112,SCG3,18.075580980062263
1.8526084797258717,0.3721595875366698,1.480448892189202,7.463910384515908e-44,1.7118629679339482e-42,Basal-up,ENSG00000285016.1,ENSG00000285016,AC017002.3,41.766531002890176
6.229485201263435,4.749381186341162,1.480104014922273,1.2767728473540015e-25,9.802433770798473e-25,Basal-up,ENSG00000205078.6,ENSG00000205078,SYCE1L,24.008666083286766
2.094078993632748,0.6139854530103975,1.4800935406223505,1.657950502404505e-25,1.2644937620159046e-24,Basal-up,ENSG00000253838.1,ENSG00000253838,AC007991.2,23.89808330877015
4.420222917756555,2.940139910166205,1.4800830075903502,4.6430987675508e-14,1.73064239617817e-13,Basal-up,ENSG00000244649.5,ENSG00000244649,LINC02086,12.761792661420303
4.132665196860302,2.652757321826826,1.4799078750334758,2.1799840594820006e-26,1.762920764145637e-25,Basal-up,ENSG00000257718.1,ENSG00000257718,CPNE8-AS1,24.75376720696763
3.42132617905096,1.941471550308204,1.4798546287427559,6.856504372266366e-29,6.452274748971605e-28,Basal-up,ENSG00000229162.1,ENSG00000229162,RUNX3-AS1,27.190287147882305
2.8621333230799126,1.3822869473944683,1.4798463756854443,4.5278887535828954e-18,2.1920108466218752e-17,Basal-up,ENSG00000279024.1,ENSG00000279024,AC112255.1,16.65915730118385
7.1187983754785495,5.639611374903907,1.4791870005746421,2.340228892381672e-16,1.0179661623752097e-15,Basal-up,ENSG00000287252.1,ENSG00000287252,AL009179.1,14.992266657891172
8.492960742896452,7.013777396648282,1.4791833462481696,2.3210898255653697e-45,5.832303669636521e-44,Basal-up,ENSG00000113356.13,ENSG00000113356,POLR3G,43.234159871759005
9.267504706520501,7.788532798283387,1.4789719082371144,1.170301149459935e-41,2.3198400076816693e-40,Basal-up,ENSG00000186871.7,ENSG00000186871,ERCC6L,39.63454196604746
2.489541405355509,1.0113275706361413,1.4782138347193678,2.65877613548511e-29,2.560982070731635e-28,Basal-up,ENSG00000255921.1,ENSG00000255921,AC026310.1,27.591593461988257
2.07795306347726,0.6000173410364461,1.4779357224408138,2.1595407874326526e-38,3.532835880660933e-37,Basal-up,ENSG00000217181.1,ENSG00000217181,AL139039.2,36.45187653742473
8.013572206721868,6.535834636662215,1.4777375700596531,5.788763374469472e-09,1.4922660025549235e-08,Basal-up,ENSG00000211950.2,ENSG00000211950,IGHV1-24,7.826153755184463
2.114084390380229,0.6371658473399094,1.4769185430403198,8.002206608171695e-20,4.3145241355302433e-19,Basal-up,ENSG00000089116.4,ENSG00000089116,LHX5,18.36506709721641
5.840796532405104,4.364363052784592,1.4764334796205123,4.138812384605216e-29,3.94688452722523e-28,Basal-up,ENSG00000272825.1,ENSG00000272825,AL844908.1,27.40374557943739
2.718207680620674,1.2425734048203088,1.4756342758003653,1.546954009999605e-09,4.166645111706449e-09,Basal-up,ENSG00000266830.1,ENSG00000266830,AC061975.6,8.380213488405484
3.5417076608160967,2.0663021737551404,1.4754054870609563,2.502477282525423e-14,9.492252858464658e-14,Basal-up,ENSG00000172752.14,ENSG00000172752,COL6A5,13.022630701388827
11.272213851999796,9.797611273506083,1.4746025784937125,4.874787724230913e-37,7.36380732384949e-36,Basal-up,ENSG00000184384.14,ENSG00000184384,MAML2,35.13289758346021
9.1874007118134,7.713185181417788,1.474215530395612,8.341687049176261e-27,6.917697919059581e-26,Basal-up,ENSG00000010030.14,ENSG00000010030,ETV7,25.160038406610457
7.2104941141009204,5.736563492298948,1.4739306218019728,1.0185884339628429e-14,3.969664493248982e-14,Basal-up,ENSG00000121207.12,ENSG00000121207,LRAT,13.401246197238878
4.520463976404114,3.0467143017380356,1.4737496746660788,1.086787279303015e-11,3.446136562504689e-11,Basal-up,ENSG00000187140.6,ENSG00000187140,FOXD3,10.462667516450649
3.6133284104566723,2.141320636296272,1.4720077741604003,1.2635895226137028e-28,1.1693959358920849e-27,Basal-up,ENSG00000274026.2,ENSG00000274026,FAM27E3,26.932038419839174
11.363011278163087,9.891163169206207,1.4718481089568805,5.458078432316234e-35,7.31526545586726e-34,Basal-up,ENSG00000196730.13,ENSG00000196730,DAPK1,33.13576990960339
10.683990535397852,9.21234329593831,1.4716472394595428,1.9732988600553093e-44,4.69113317652865e-43,Basal-up,ENSG00000162639.16,ENSG00000162639,HENMT1,42.32872223769652
1.8233935542406463,0.3518659437474232,1.4715276104932231,6.63028905921465e-37,9.943950302678973e-36,Basal-up,ENSG00000214856.11,ENSG00000214856,KRT16P1,35.00244105485376
7.357024000131891,5.885908024446505,1.471115975685386,6.799232666858875e-22,4.1491039321520026e-21,Basal-up,ENSG00000116035.4,ENSG00000116035,VAX2,20.382045686261705
13.649513805370344,12.178587313770562,1.4709264915997817,3.0398639014837127e-52,1.233610629270388e-50,Basal-up,ENSG00000060138.13,ENSG00000060138,YBX3,49.90882189722633
2.249804738925346,0.7806505732851947,1.4691541656401512,7.497841876526746e-26,5.843470348783458e-25,Basal-up,ENSG00000286788.1,ENSG00000286788,AC004687.3,24.233329155336143
2.8168718400664385,1.3477625664476351,1.4691092736188034,1.185078851839935e-18,5.983407608626995e-18,Basal-up,ENSG00000148965.10,ENSG00000148965,SAA4,17.2230514106382
6.591706230520875,5.122612870995637,1.469093359525238,1.0684897322154025e-17,5.0466078376582066e-17,Basal-up,ENSG00000130598.16,ENSG00000130598,TNNI2,16.29700044215719
7.351970010322242,5.883240586378323,1.4687294239439197,1.2875935194522857e-21,7.733405262863396e-21,Basal-up,ENSG00000162490.7,ENSG00000162490,DRAXIN,20.11162923037367
1.940280999539034,0.47158477366277335,1.4686962258762606,3.967095525001645e-37,6.044410999911597e-36,Basal-up,ENSG00000286919.1,ENSG00000286919,AC133681.1,35.21864601274383
2.638290198518163,1.1710210286318425,1.4672691698863203,3.6988567552524613e-31,3.986677763217444e-30,Basal-up,ENSG00000226235.1,ENSG00000226235,LEMD1-AS1,29.399388866246852
5.795028292393687,4.327846309065148,1.4671819833285396,1.390542938896548e-16,6.121749318598935e-16,Basal-up,ENSG00000173930.9,ENSG00000173930,SLCO4C1,15.213124458433267
9.804247596154031,8.337570096756755,1.4666774993972762,1.765456982335628e-08,4.3809681705574654e-08,Basal-up,ENSG00000211663.2,ENSG00000211663,IGLV3-19,7.358429902129168
6.108856692612148,4.642771215914615,1.4660854766975335,1.1766289887819941e-24,8.531387346738577e-24,Basal-up,ENSG00000259370.2,ENSG00000259370,AC103740.1,23.06898033951938
11.95103107735319,10.485629590319549,1.46540148703364,5.575191616580563e-54,2.5635174621094718e-52,Basal-up,ENSG00000170035.16,ENSG00000170035,UBE2E3,51.591163719896315
8.865752478326923,7.400842495422453,1.4649099829044703,5.0437827588610004e-08,1.2070221894554205e-07,Basal-up,ENSG00000211964.3,ENSG00000211964,IGHV3-48,6.918284745918006
6.497987767430322,5.033663770056337,1.4643239973739854,4.278486881855101e-09,1.1135560236026321e-08,Basal-up,ENSG00000215808.4,ENSG00000215808,LINC01139,7.95328792849126
4.624189591638966,3.1603328569174742,1.4638567347214915,5.664160437912664e-26,4.448515882821755e-25,Basal-up,ENSG00000285280.2,ENSG00000285280,AL390957.1,24.35178485450349
9.647990761534215,8.1844940918668,1.4634966696674159,5.489609443543819e-22,3.3714127619565555e-21,Basal-up,ENSG00000172159.16,ENSG00000172159,FRMD3,20.4721880735644
4.594218072569826,3.132266111370029,1.461951961199797,1.8820495554301232e-31,2.0589523857055393e-30,Basal-up,ENSG00000224728.1,ENSG00000224728,IMPDH1P8,29.686353696540998
1.9269341758993377,0.4654221435979315,1.4615120323014061,2.3527105525180494e-28,2.1476813104685464e-27,Basal-up,ENSG00000274827.4,ENSG00000274827,LINC01297,26.668030162159283
2.561497256289721,1.1007861558652636,1.4607111004244575,3.625714428679073e-19,1.883955164305108e-18,Basal-up,ENSG00000286514.1,ENSG00000286514,AL355870.2,17.724929437066805
1.8844736701239726,0.42418495090260233,1.4602887192213703,3.8634543544173496e-30,3.913659412513435e-29,Basal-up,ENSG00000278531.1,ENSG00000278531,AL512324.6,28.407416971652474
5.553097009782221,4.093172928845805,1.4599240809364167,2.988678127343235e-07,6.742528659883244e-07,Basal-up,ENSG00000223350.2,ENSG00000223350,IGLV9-49,6.171177198853167
4.3727314813715985,2.9130699696282534,1.4596615117433451,3.061436836054976e-11,9.383628634287015e-11,Basal-up,ENSG00000249082.2,ENSG00000249082,C5orf66-AS1,10.027629188155029
3.626515659975649,2.167836425730388,1.458679234245261,6.424987397482014e-32,7.21251096997981e-31,Basal-up,ENSG00000129673.10,ENSG00000129673,AANAT,30.14191351328882
2.350827890959155,0.8929459760257864,1.4578819149333686,3.295255792904157e-22,2.0519593939837887e-21,Basal-up,ENSG00000187094.12,ENSG00000187094,CCK,20.687831237684616
2.9136400599330137,1.456672637379426,1.4569674225535876,8.396639939152632e-19,4.276787277927309e-18,Basal-up,ENSG00000231625.4,ENSG00000231625,SLC47A1P2,17.368882350472635
5.796883762374845,4.34004525461133,1.456838507763515,2.658826495171411e-13,9.419135924555664e-13,Basal-up,ENSG00000124440.16,ENSG00000124440,HIF3A,12.025988935891784
2.8462569764585752,1.3895132837178439,1.4567436927407313,4.010412294541903e-23,2.638967807480263e-22,Basal-up,ENSG00000214514.8,ENSG00000214514,KRT42P,21.57856590766512
7.307982032930321,5.852305508002079,1.4556765249282417,1.0258613811658538e-18,5.201463242577435e-18,Basal-up,ENSG00000136842.14,ENSG00000136842,TMOD1,17.283874466214368
4.8521522218624495,3.3965445138823975,1.455607707980052,2.8577564173038724e-20,1.5859601839077121e-19,Basal-up,ENSG00000171094.18,ENSG00000171094,ALK,18.799707719998384
10.127239055921214,8.671989520305235,1.4552495356159785,3.1080866479509396e-46,8.235815370696878e-45,Basal-up,ENSG00000088826.18,ENSG00000088826,SMOX,44.08429339789499
2.3549355889912533,0.9007900051266773,1.454145583864576,5.286286265375182e-14,1.96470025075259e-13,Basal-up,ENSG00000279770.1,ENSG00000279770,LINC00552,12.706703699422993
5.50665930513291,4.0530151530969,1.4536441520360102,6.349022506759433e-14,2.347184674385973e-13,Basal-up,ENSG00000077522.14,ENSG00000077522,ACTN2,12.629452739156608
3.7573884852667345,2.3055563560404355,1.451832129226299,4.365772204455013e-26,3.4538750128235085e-25,Basal-up,ENSG00000229167.2,ENSG00000229167,AC114488.1,24.46169338252513
2.221678991676406,0.7699198907691599,1.4517591009072461,6.026212540469992e-33,7.183451079536064e-32,Basal-up,ENSG00000229282.2,ENSG00000229282,AL031963.2,31.14366686150732
3.4675211515777074,2.016361388825983,1.4511597627517245,9.023798820868273e-34,1.1265465045642625e-32,Basal-up,ENSG00000269226.7,ENSG00000269226,TMSB15B,31.948250875614566
12.59917999561597,11.148399825115893,1.4507801705000762,3.0717398131104924e-52,1.2450389182039142e-50,Basal-up,ENSG00000261236.8,ENSG00000261236,BOP1,49.904817072907974
2.401135924971865,0.950900257642101,1.450235667329764,1.26286584677951e-18,6.358909896957966e-18,Basal-up,ENSG00000169006.7,ENSG00000169006,NTSR2,17.19661732874043
2.882660595382844,1.4334859443758168,1.4491746510070271,2.2589296079634482e-18,1.1172985164369895e-17,Basal-up,ENSG00000092345.14,ENSG00000092345,DAZL,16.95183077789527
6.503881459736936,5.055033080813271,1.4488483789236657,1.2999898827493738e-06,2.7799464669702716e-06,Basal-up,ENSG00000211670.2,ENSG00000211670,IGLV3-9,5.555963567147845
2.7180580800004877,1.26925337656754,1.4488047034329476,1.4761561546772353e-26,1.2071420908704788e-25,Basal-up,ENSG00000267456.2,ENSG00000267456,AC023043.3,24.918241606746907
10.606173750882782,9.157380662774504,1.4487930881082782,1.2201304124468824e-33,1.5130881030417867e-32,Basal-up,ENSG00000166394.15,ENSG00000166394,CYB5R2,31.8201357834435
4.093906076064538,2.645450217096888,1.4484558589676504,3.5529630520034087e-19,1.847011809912442e-18,Basal-up,ENSG00000180066.10,ENSG00000180066,LINC02870,17.733530327644
6.559977258822541,5.111528486358591,1.4484487724639505,3.5875284323336806e-07,8.047510744283274e-07,Basal-up,ENSG00000211973.2,ENSG00000211973,IGHV1-69,6.09433843481261
6.193448073951737,4.745070174895723,1.4483778990560143,1.190354935251845e-13,4.3205952820402645e-13,Basal-up,ENSG00000177398.18,ENSG00000177398,UMODL1,12.364456412931672
11.762979581200998,10.314871581774593,1.448107999426405,1.1635836778200397e-44,2.7999515348548262e-43,Basal-up,ENSG00000137193.14,ENSG00000137193,PIM1,42.55284948591752
5.124280789703333,3.676205239426897,1.4480755502764358,0.0011061318123038607,0.0017771911205687297,Basal-up,ENSG00000229314.5,ENSG00000229314,ORM1,2.750265865303796
11.713154439771117,10.265168002419347,1.4479864373517692,1.2364210273983698e-58,7.970160161229492e-57,Basal-up,ENSG00000173207.13,ENSG00000173207,CKS1B,56.098532951321666
8.918199692634559,7.470721523465777,1.4474781691687824,5.9956729773059294e-37,9.012329964093936e-36,Basal-up,ENSG00000281398.4,ENSG00000281398,SNHG4,35.04516291604254
4.406996205788217,2.9596717450209336,1.4473244607672835,2.6441243395529885e-18,1.3033977626737673e-17,Basal-up,ENSG00000146147.15,ENSG00000146147,MLIP,16.88492302882091
11.635317294335398,10.18867206817216,1.4466452261632377,3.8831218583338336e-40,7.070192541626839e-39,Basal-up,ENSG00000149573.9,ENSG00000149573,MPZL2,38.15056875895735
4.3710609840075145,2.9251804525406198,1.4458805314668948,3.522420411595444e-25,2.6314136883592443e-24,Basal-up,ENSG00000163746.12,ENSG00000163746,PLSCR2,23.57981087048199
8.225315090288682,6.7798234721076085,1.445491618181073,3.8372116491563382e-22,2.381913601476305e-21,Basal-up,ENSG00000135454.14,ENSG00000135454,B4GALNT1,20.623073995616718
8.380626157660158,6.935678799016267,1.4449473586438915,4.420319399362396e-11,1.3373870048436457e-10,Basal-up,ENSG00000211956.2,ENSG00000211956,IGHV4-34,9.873742901079378
5.1068793449658765,3.6623113437559174,1.444568001209959,2.5366986746517286e-32,2.9240075506989665e-31,Basal-up,ENSG00000225077.3,ENSG00000225077,LINC00337,30.534021510229
6.822999996655889,5.379245644690864,1.4437543519650244,3.40259616092657e-15,1.3686190016394185e-14,Basal-up,ENSG00000235387.5,ENSG00000235387,SPAAR,13.863717434637925
3.4853918807611666,2.0417407290896015,1.443651151671565,3.2931393185561433e-26,2.623242156796624e-25,Basal-up,ENSG00000284719.1,ENSG00000284719,AL033527.3,24.581161616955864
3.7871386492947323,2.343932812027204,1.4432058372675285,4.627747770689348e-44,1.0772368421771316e-42,Basal-up,ENSG00000231066.3,ENSG00000231066,NPM1P9,41.96768880186226
4.096566843867203,2.653381631683807,1.443185212183396,6.0627591417246284e-18,2.914019019653134e-17,Basal-up,ENSG00000233355.7,ENSG00000233355,CHRM3-AS2,16.5355076179389
2.490716794281951,1.0475667156809454,1.4431500786010054,2.2161499206483625e-19,1.1659919218353966e-18,Basal-up,ENSG00000226762.5,ENSG00000226762,LINC02668,17.933304458423027
3.6951328157799574,2.2522410710717446,1.4428917447082128,8.758982971985867e-25,6.393752378505363e-24,Basal-up,ENSG00000214842.5,ENSG00000214842,RAD51AP2,23.194244187384186
6.451460775617897,5.009152715772598,1.442308059845299,1.0079446921987088e-19,5.403215429793814e-19,Basal-up,ENSG00000250982.2,ENSG00000250982,GAPDHP35,18.267347716505682
14.0760996265625,12.634153646910203,1.4419459796522975,1.745688604183213e-58,1.108247765382979e-56,Basal-up,ENSG00000111328.7,ENSG00000111328,CDK2AP1,55.955363135718066
11.251136058173408,9.80919559433469,1.4419404638387174,5.721197634162834e-46,1.490089702386466e-44,Basal-up,ENSG00000165030.4,ENSG00000165030,NFIL3,43.82678758656837
10.163367298435316,8.721705498889587,1.441661799545729,4.103686961742573e-54,1.8989928753936906e-52,Basal-up,ENSG00000134222.16,ENSG00000134222,PSRC1,51.72147666463792
2.852198048028405,1.4107338889987988,1.441464159029606,1.8954125044806354e-15,7.752803801121525e-15,Basal-up,ENSG00000189433.7,ENSG00000189433,GJB4,14.110541206507525
7.119843962520987,5.679169474024029,1.440674488496958,1.84849366680142e-41,3.625600217155272e-40,Basal-up,ENSG00000255224.1,ENSG00000255224,AC109322.1,39.44062008580463
8.035331525615248,6.59478152167979,1.4405500039354582,6.297891881642756e-21,3.636612159735834e-20,Basal-up,ENSG00000151790.9,ENSG00000151790,TDO2,19.439303013453966
13.338882902898149,11.899495047176867,1.4393878557212822,4.374536829945901e-37,6.638047738333481e-36,Basal-up,ENSG00000125398.8,ENSG00000125398,SOX9,35.17795962863421
10.948618585778016,9.510149315172622,1.4384692706053936,3.508036408714398e-16,1.5100729474779326e-15,Basal-up,ENSG00000162366.8,ENSG00000162366,PDZK1IP1,14.82100207262609
1.759539304273112,0.3216141121460783,1.4379251921270337,1.3009907711770274e-38,2.15567032376935e-37,Basal-up,ENSG00000286553.1,ENSG00000286553,AL357075.2,36.66641765698972
9.436429187666704,7.998657553025514,1.43777163464119,2.3427544604623055e-34,3.0273372981764253e-33,Basal-up,ENSG00000154917.11,ENSG00000154917,RAB6B,32.51893918836755
11.501402415090618,10.064441741554162,1.436960673536456,2.180808612298387e-51,8.269310484642752e-50,Basal-up,ENSG00000107130.10,ENSG00000107130,NCS1,49.08253070147515
11.500308391246506,10.063477320555108,1.4368310706913974,4.9217735880393494e-33,5.892066095395678e-32,Basal-up,ENSG00000196739.15,ENSG00000196739,COL27A1,31.22973239001939
7.026156366142883,5.5896411546870155,1.436515211455868,2.1625230708886156e-27,1.8610468122255812e-26,Basal-up,ENSG00000063127.16,ENSG00000063127,SLC6A16,25.73024270261584
3.062962005243341,1.6264627196089325,1.4364992856344085,3.008719288657741e-26,2.405827064785484e-25,Basal-up,ENSG00000235086.1,ENSG00000235086,FNDC1-IT1,24.618735593749566
3.9309900369290354,2.4944976083208257,1.4364924286082097,1.0767831838168581e-16,4.76800162768046e-16,Basal-up,ENSG00000117971.12,ENSG00000117971,CHRNB4,15.32166360501016
6.7328673439455375,5.297162453884543,1.435704890060994,6.703615251774926e-14,2.4744541706804924e-13,Basal-up,ENSG00000140254.12,ENSG00000140254,DUOXA1,12.606520585338332
5.170756726666502,3.7350960769043935,1.4356606497621085,1.783511673493057e-32,2.068626688425165e-31,Basal-up,ENSG00000233966.1,ENSG00000233966,UBE2SP1,30.684317876557618
11.455312107186268,10.020462214032102,1.4348498931541656,1.313817941012603e-09,3.5546999259619384e-09,Basal-up,ENSG00000211679.2,ENSG00000211679,IGLC3,8.449197054849634
3.564629317838043,2.129935386715344,1.4346939311226992,1.667774229498004e-33,2.0470081352168838e-32,Basal-up,ENSG00000164304.16,ENSG00000164304,CAGE1,31.68888043136154
11.632274408625152,10.198358187563775,1.4339162210613772,3.4503203246060866e-47,9.678220692953642e-46,Basal-up,ENSG00000137310.12,ENSG00000137310,TCF19,45.01420447887555
6.6949561409860285,5.261072559089687,1.4338835818963416,4.901640152645296e-15,1.9504152174343576e-14,Basal-up,ENSG00000100344.11,ENSG00000100344,PNPLA3,13.709872923281278
4.684606802852226,3.251935869471471,1.4326709333807552,8.041213821697214e-12,2.576878463702587e-11,Basal-up,ENSG00000102678.7,ENSG00000102678,FGF9,10.588906064098696
8.97298275182666,7.540473440046361,1.432509311780299,2.2930525984895718e-29,2.213799628495693e-28,Basal-up,ENSG00000159871.15,ENSG00000159871,LYPD5,27.654861689770144
2.3213808751286935,0.8896322192897667,1.431748655838927,6.983589506343341e-15,2.7527036718324173e-14,Basal-up,ENSG00000198028.4,ENSG00000198028,ZNF560,13.56024053783104
4.386518117278324,2.9550410216822827,1.431477095596041,4.6016967218197026e-10,1.289598479352867e-09,Basal-up,ENSG00000261786.1,ENSG00000261786,AC006058.1,8.889545487642774
8.7022157196913,7.271985896246246,1.4302298234450532,4.553777261322768e-26,3.5975162337859812e-25,Basal-up,ENSG00000165891.16,ENSG00000165891,E2F7,24.443997237633813
1.9014586343651443,0.4712571208926674,1.4302015134724768,6.470350232671341e-11,1.9332038488202457e-10,Basal-up,ENSG00000286498.1,ENSG00000286498,AL132982.1,9.713722348894356
2.131782960026241,0.7018488965237127,1.4299340635025284,3.653862203790834e-21,2.1408400816477672e-20,Basal-up,ENSG00000249436.2,ENSG00000249436,LINCR-0003,19.66941577280451
4.161304102585504,2.7322825029681828,1.4290215996173212,1.4817724106613023e-39,2.6045627270774437e-38,Basal-up,ENSG00000233247.3,ENSG00000233247,UBE2E4P,37.584265178759004
3.0223924802381505,1.5939247975983966,1.428467682639754,1.0664273188434257e-10,3.134570653071872e-10,Basal-up,ENSG00000184221.13,ENSG00000184221,OLIG1,9.50382193673795
11.121329157684778,9.693092035694782,1.428237121989996,1.2452534953941506e-39,2.1959936242636697e-38,Basal-up,ENSG00000117650.13,ENSG00000117650,NEK2,37.65836892512865
2.4104006187307876,0.9824204502501767,1.427980168480611,5.153209629241814e-18,2.4868353983902335e-17,Basal-up,ENSG00000260704.1,ENSG00000260704,LINC00543,16.604352959376854
10.01645784600866,8.588563064899883,1.427894781108776,8.131352807743074e-42,1.624332217613515e-40,Basal-up,ENSG00000087842.11,ENSG00000087842,PIR,39.78932514164606
1.9085513692469993,0.48231125946381703,1.4262401097831823,4.052256021206069e-31,4.357767784113809e-30,Basal-up,ENSG00000240770.5,ENSG00000240770,C21orf91-OT1,29.360735916073466
8.92601688860166,7.499980600543006,1.4260362880586541,4.233847817720477e-38,6.803383453978446e-37,Basal-up,ENSG00000197696.10,ENSG00000197696,NMB,36.16727505053675
2.3335918957057715,0.9078218312400935,1.425770064465678,8.327293175985283e-26,6.476354228747719e-25,Basal-up,ENSG00000241532.1,ENSG00000241532,AGGF1P3,24.188669405227003
3.2706398487076602,1.845074909860918,1.4255649388467422,1.998022185662727e-21,1.1889526657804829e-20,Basal-up,ENSG00000131142.13,ENSG00000131142,CCL25,19.924835435036094
2.7116660139688187,1.2863965641224993,1.4252694498463194,3.6182846755911327e-13,1.2694672631967214e-12,Basal-up,ENSG00000269526.1,ENSG00000269526,ERVV-1,11.896378494157203
9.645007036713618,8.22061072286745,1.4243963138461684,5.416828551441827e-22,3.3273244098282945e-21,Basal-up,ENSG00000143494.15,ENSG00000143494,VASH2,20.477904853916325
11.090157953001082,9.666368957113118,1.4237889958879641,9.133772914034266e-45,2.2153695229987597e-43,Basal-up,ENSG00000164109.14,ENSG00000164109,MAD2L1,42.65455382320417
12.259720124558017,10.838085676592069,1.421634447965948,1.458368269489105e-51,5.631855344847327e-50,Basal-up,ENSG00000205268.11,ENSG00000205268,PDE7A,49.24934850864957
13.128192736327021,11.706601712081687,1.421591024245334,2.648710472185272e-54,1.2382813811387771e-52,Basal-up,ENSG00000123505.19,ENSG00000123505,AMD1,51.90718065710063
16.523572165546884,15.102221959931583,1.4213502056153011,8.557863769444453e-62,7.100484988905398e-60,Basal-up,ENSG00000074800.16,ENSG00000074800,ENO1,59.14871198637784
5.1550399439307455,3.7339596876914882,1.4210802562392573,7.388971511872146e-16,3.1037384094981745e-15,Basal-up,ENSG00000251320.1,ENSG00000251320,AC011352.3,14.508114889249827
14.321456364275901,12.900409100871933,1.4210472634039686,2.713531342598494e-22,1.6979199291376053e-21,Basal-up,ENSG00000135480.16,ENSG00000135480,KRT7,20.770082794158988
9.659094139766337,8.239176150308348,1.4199179894579892,2.029022808270408e-08,5.0086784397396037e-08,Basal-up,ENSG00000211947.2,ENSG00000211947,IGHV3-21,7.300276849390434
2.379761378774943,0.9601591731950488,1.4196022055798942,3.2328597704115436e-24,2.2732422803481214e-23,Basal-up,ENSG00000164744.13,ENSG00000164744,SUN3,22.64335427504895
8.137457336080416,6.717857123275462,1.419600212804954,5.472244833837149e-25,4.0394108529007096e-24,Basal-up,ENSG00000261373.1,ENSG00000261373,VPS9D1-AS1,23.393681972016164
3.3242880025649453,1.9049944373816514,1.4192935651832939,4.802950930907153e-22,2.9594653530148488e-21,Basal-up,ENSG00000276757.1,ENSG00000276757,RN7SL192P,20.5287867400248
10.561509495894347,9.142506274972629,1.4190032209217183,3.408385193529991e-39,5.843942285786461e-38,Basal-up,ENSG00000135476.12,ENSG00000135476,ESPL1,37.23329408176721
13.371207279145278,11.952677496265737,1.4185297828795402,3.020866828738769e-51,1.1313905709421625e-49,Basal-up,ENSG00000010292.13,ENSG00000010292,NCAPD2,48.94638744500948
4.726674499396579,3.308226630892721,1.4184478685038582,3.665280011262004e-12,1.2003926329018306e-11,Basal-up,ENSG00000065609.14,ENSG00000065609,SNAP91,10.920676678608649
12.46663703095949,11.048660654765015,1.4179763761944741,7.048685406855698e-35,9.379592490583683e-34,Basal-up,ENSG00000135916.16,ENSG00000135916,ITM2C,33.02781602973771
8.011454603215933,6.594122424178257,1.4173321790376763,1.3017154048130194e-48,4.06649584057152e-47,Basal-up,ENSG00000143942.5,ENSG00000143942,CHAC2,46.390779667583125
10.404221975666703,8.987174029336536,1.4170479463301664,1.7493191805509624e-49,5.805661280402798e-48,Basal-up,ENSG00000149231.15,ENSG00000149231,CCDC82,47.23614830580079
8.606947757388149,7.190015747369593,1.4169320100185558,5.763906525754954e-14,2.1362908750918406e-13,Basal-up,ENSG00000157766.19,ENSG00000157766,ACAN,12.670339614542943
9.642416862404783,8.225520597298225,1.4168962651065584,1.1105938075604352e-42,2.3428007822168526e-41,Basal-up,ENSG00000064225.12,ENSG00000064225,ST3GAL6,40.63026463964135
5.12334727117923,3.706945396769209,1.4164018744100209,8.589575280418235e-11,2.5448343945520526e-10,Basal-up,ENSG00000167759.13,ENSG00000167759,KLK13,9.594340474180786
10.225911364466299,8.8107211211367,1.415190243329599,1.0932965855402555e-18,5.530833315319856e-18,Basal-up,ENSG00000185697.16,ENSG00000185697,MYBL1,17.257209429820044
2.757983539514462,1.3439219741571375,1.4140615653573243,1.38467466033332e-14,5.3503509641928404e-14,Basal-up,ENSG00000253525.1,ENSG00000253525,CPP,13.271617728854842
3.517296043119193,2.103455945393969,1.413840097725224,1.4589124363895713e-33,1.800542889093462e-32,Basal-up,ENSG00000262904.1,ENSG00000262904,TMPOP2,31.74459652923589
11.590375395291115,10.177242041389741,1.4131333539013742,4.6424444354429575e-10,1.30069155362795e-09,Basal-up,ENSG00000239951.1,ENSG00000239951,IGKV3-20,8.885825679948281
3.007163572170387,1.5950819373768235,1.4120816347935634,1.367132860152557e-26,1.1207212881465816e-25,Basal-up,ENSG00000240006.1,ENSG00000240006,LINC02004,24.950502378546695
1.9198708455536675,0.5096300728873701,1.4102407726662975,1.286690122678676e-26,1.0565863035813135e-25,Basal-up,ENSG00000229613.2,ENSG00000229613,LINC01501,24.976095023326923
9.7958615971651,8.386153427951474,1.4097081692136264,2.7565847797219514e-57,1.5931158933841348e-55,Basal-up,ENSG00000006652.15,ENSG00000006652,IFRD1,54.79775262970644
4.693874512990877,3.2842786921428675,1.40959582084801,2.2275769929024224e-18,1.1024417658657788e-17,Basal-up,ENSG00000259683.1,ENSG00000259683,AC243562.2,16.957644341933687
3.574975573079337,2.165482128598341,1.409493444480996,2.5867587479040826e-10,7.398937898263065e-10,Basal-up,ENSG00000230426.4,ENSG00000230426,LINC01036,9.13083061784048
7.590738958626753,6.181695529875793,1.4090434287509597,3.434602081824731e-26,2.7313846211806635e-25,Basal-up,ENSG00000215458.8,ENSG00000215458,AATBC,24.563617140176998
10.866808784604808,9.458566662324886,1.4082421222799226,9.748339766047139e-41,1.836786672051153e-39,Basal-up,ENSG00000094804.12,ENSG00000094804,CDC6,38.73594128056459
4.805431536449556,3.3980767065069815,1.4073548299425749,1.615558413245862e-20,9.106022870691322e-20,Basal-up,ENSG00000253395.1,ENSG00000253395,AP003469.2,19.040671263252236
3.2893223016313478,1.8826208850688708,1.406701416562477,5.575456473849327e-22,3.4222541842781436e-21,Basal-up,ENSG00000245857.3,ENSG00000245857,GS1-24F4.2,20.46568773683767
6.567300751295534,5.160732067903867,1.4065686833916669,2.1852117103397296e-24,1.5554957853172168e-23,Basal-up,ENSG00000125462.19,ENSG00000125462,MIR9-1HG,22.808131161293275
13.172712398560869,11.766587010616165,1.4061253879447033,2.905106386762157e-38,4.711135272581882e-37,Basal-up,ENSG00000109861.17,ENSG00000109861,CTSC,36.326874425523506
2.836539701962053,1.430419495348811,1.406120206613242,2.2736127727939225e-19,1.1960373531709398e-18,Basal-up,ENSG00000256812.2,ENSG00000256812,CAPNS2,17.922255256783476
2.1696978779460916,0.7637082487862881,1.4059896291598035,3.3858133458679108e-40,6.191623750872469e-39,Basal-up,ENSG00000254208.1,ENSG00000254208,AC011773.1,38.2081954424874
10.717553520587973,9.311658274138749,1.4058952464492247,1.7474343195201927e-45,4.424018005310941e-44,Basal-up,ENSG00000101003.10,ENSG00000101003,GINS1,43.35418311416464
3.3818939061624538,1.9761316769122321,1.4057622292502217,8.312646051290882e-21,4.7679653600148934e-20,Basal-up,ENSG00000278090.3,ENSG00000278090,LUNAR1,19.321666908471055
5.789152156278672,4.3834172276787,1.4057349285999727,4.773687223869693e-16,2.0360605133491805e-15,Basal-up,ENSG00000249096.7,ENSG00000249096,LINC02362,14.691209318563626
5.082204727801289,3.6765441440910083,1.4056605837102811,4.559413917116981e-28,4.07985997068236e-27,Basal-up,ENSG00000231233.1,ENSG00000231233,CFAP58-DT,26.38935474254825
13.699997231276676,12.29521231094524,1.4047849203314353,7.283216416862538e-43,1.552024248526588e-41,Basal-up,ENSG00000103187.8,ENSG00000103187,COTL1,40.80910149769186
9.166587885851577,7.76328398393283,1.403303901918747,3.055757337097673e-31,3.311638730666473e-30,Basal-up,ENSG00000160326.14,ENSG00000160326,SLC2A6,29.479957046837562
3.585157963527318,2.1819064899105216,1.4032514736167965,1.920693151932633e-28,1.7590610506224552e-27,Basal-up,ENSG00000273001.1,ENSG00000273001,AL731533.2,26.754719087496294
5.243164905791104,3.841647899685511,1.4015170061055926,1.5642795775686866e-11,4.9018090530150864e-11,Basal-up,ENSG00000134548.11,ENSG00000134548,SPX,10.30964361043136
4.96327750870608,3.5618223300620873,1.4014551786439924,5.923937017198525e-10,1.6481604317438128e-09,Basal-up,ENSG00000148408.13,ENSG00000148408,CACNA1B,8.783000516407174
5.408119511173184,4.006819965148242,1.4012995460249416,1.0877998035459788e-16,4.814875137311661e-16,Basal-up,ENSG00000181333.12,ENSG00000181333,HEPHL1,15.317414970819751
4.185475589266074,2.7846296887008015,1.400845900565273,1.4221552463094774e-30,1.476785745238342e-29,Basal-up,ENSG00000104879.5,ENSG00000104879,CKM,28.830682508351078
11.209475193411096,9.808678451670941,1.4007967417401552,3.327442550654515e-39,5.711631483024069e-38,Basal-up,ENSG00000128602.11,ENSG00000128602,SMO,37.24323982119899
6.9529428983892165,5.552294236886709,1.4006486615025073,4.374304884363954e-19,2.2620595452619524e-18,Basal-up,ENSG00000183570.16,ENSG00000183570,PCBP3,17.645495967121295
11.832237633652088,10.432447384650787,1.3997902490013008,1.6481261583886593e-38,2.7187592927749932e-37,Basal-up,ENSG00000254087.8,ENSG00000254087,LYN,36.56562924127131
2.2200434402369655,0.8216307471210367,1.3984126931159289,2.3250703111486283e-35,3.1668572462292576e-34,Basal-up,ENSG00000206647.1,ENSG00000206647,AC007240.1,33.4993715130639
11.675905704297849,10.278243626915328,1.3976620773825204,7.784091905657781e-51,2.836116963887487e-49,Basal-up,ENSG00000112242.15,ENSG00000112242,E2F3,48.54727586244403
11.079446631455209,9.68200275130785,1.3974438801473585,2.0150578298890373e-15,8.220121511242611e-15,Basal-up,ENSG00000163347.6,ENSG00000163347,CLDN1,14.085121762597161
3.253516714925838,1.8566279457826411,1.3968887691431968,1.765128171502175e-13,6.336842273616034e-13,Basal-up,ENSG00000162897.16,ENSG00000162897,FCAMR,12.198127102492986
8.909886836554001,7.513026796348195,1.396860040205806,7.681834628112709e-19,3.921046090061489e-18,Basal-up,ENSG00000128268.12,ENSG00000128268,MGAT3,17.406598052741433
1.778444558490297,0.3821578264763269,1.3962867320139702,1.7073775484374376e-32,1.983066369494903e-31,Basal-up,ENSG00000273252.1,ENSG00000273252,OR7E39P,30.70266275053345
7.600655035223404,6.204497307554326,1.3961577276690784,5.536428491139692e-21,3.212412723264713e-20,Basal-up,ENSG00000232810.4,ENSG00000232810,TNF,19.493168662670588
2.00266475891995,0.606594695059265,1.396070063860685,3.905690145280095e-25,2.9073669480299526e-24,Basal-up,ENSG00000278998.1,ENSG00000278998,AC099552.4,23.536500151082258
7.430805733371541,6.035746855612981,1.3950588777585597,8.386059337596094e-11,2.486956639796701e-10,Basal-up,ENSG00000173698.18,ENSG00000173698,ADGRG2,9.604331786608306
12.10804354119918,10.713077728356138,1.3949658128430418,1.9157234289920175e-26,1.5544674253162048e-25,Basal-up,ENSG00000162738.6,ENSG00000162738,VANGL2,24.80841837439509
3.9286967458756554,2.5342550023192265,1.394441743556429,6.881607172282826e-30,6.877503649818733e-29,Basal-up,ENSG00000250412.1,ENSG00000250412,KLHL2P1,28.16256917046271
3.7606415194641984,2.3664658809108143,1.3941756385533841,1.5878732699144066e-37,2.4675712567237327e-36,Basal-up,ENSG00000235078.1,ENSG00000235078,AC231981.1,35.60773029723782
2.105236961217808,0.7110632743709533,1.3941736868468548,2.053192905508319e-27,1.771962569326438e-26,Basal-up,ENSG00000267709.1,ENSG00000267709,AC024592.2,25.751545456324067
10.861582171502265,9.467599785934565,1.3939823855676998,8.393862367935274e-30,8.331722433319229e-29,Basal-up,ENSG00000189057.11,ENSG00000189057,FAM111B,28.07926520676147
5.675795077739725,4.281900702747327,1.3938943749923975,3.842762417447446e-27,3.256051472013104e-26,Basal-up,ENSG00000237594.2,ENSG00000237594,AP000251.1,25.48730873835453
3.080877249142354,1.6870364074255377,1.3938408417168162,1.4726394891787657e-17,6.901003170316263e-17,Basal-up,ENSG00000184385.2,ENSG00000184385,UMODL1-AS1,16.16108777307936
8.783008669517717,7.389410344835993,1.3935983246817232,1.0235064803579917e-07,2.3943008738641835e-07,Basal-up,ENSG00000211941.3,ENSG00000211941,IGHV3-11,6.620821275964448
5.278664097395524,3.8850679086988116,1.393596188696712,3.784554086738398e-17,1.7240860694138502e-16,Basal-up,ENSG00000259772.6,ENSG00000259772,AC012236.1,15.7634410572245
9.607724613588159,8.21424332632711,1.3934812872610483,8.11152352711241e-40,1.4470370869015858e-38,Basal-up,ENSG00000165490.13,ENSG00000165490,DDIAS,37.83952033796852
10.364059436231836,8.971307952691616,1.39275148354022,3.6319578165950936e-27,3.0852312724852396e-26,Basal-up,ENSG00000065833.9,ENSG00000065833,ME1,25.510712275196543
3.267860439397825,1.8752560131053893,1.3926044262924357,1.4906385078857191e-12,5.009645356359465e-12,Basal-up,ENSG00000169903.7,ENSG00000169903,TM4SF4,11.300193017691177
4.307496089050265,2.9151180836582227,1.3923780053920427,2.455729391743794e-18,1.2128488170215407e-17,Basal-up,ENSG00000266265.4,ENSG00000266265,KLF14,16.916193331058654
14.624142261354386,13.23221575271151,1.391926508642877,4.3505086714444474e-26,3.4426121498304504e-25,Basal-up,ENSG00000169908.12,ENSG00000169908,TM4SF1,24.463111902847608
6.907857358376462,5.516333855603987,1.3915235027724746,3.621462084551317e-16,1.5564996675748191e-15,Basal-up,ENSG00000163600.13,ENSG00000163600,ICOS,14.807850967734717
2.4739738698544254,1.082837219748382,1.3911366501060434,2.3960529086882047e-32,2.7656919249045666e-31,Basal-up,ENSG00000254006.5,ENSG00000254006,AC104232.1,30.55819619832849
2.6527064354043777,1.2620761007677241,1.3906303346366535,5.170608367108218e-16,2.1997562186250474e-15,Basal-up,ENSG00000235023.1,ENSG00000235023,AP001626.1,14.657625445892448
13.711441069811226,12.320822193410423,1.3906188764008025,1.3599326461233564e-47,3.92297265904087e-46,Basal-up,ENSG00000104738.18,ENSG00000104738,MCM4,45.4063847186533
1.7806303594766022,0.3901511594882647,1.3904791999883375,5.769271073858442e-34,7.278357786817275e-33,Basal-up,ENSG00000287376.1,ENSG00000287376,AL359538.3,32.137966599337695
13.472295919879285,12.081985601043984,1.3903103188353008,3.580964668831888e-31,3.86333877371242e-30,Basal-up,ENSG00000131747.15,ENSG00000131747,TOP2A,29.41303720717929
9.770336033885082,8.380973280364154,1.3893627535209276,3.910874322729683e-08,9.439264638385583e-08,Basal-up,ENSG00000211966.2,ENSG00000211966,IGHV5-51,7.025061837898007
3.3877039679328496,1.998401863044042,1.3893021048888075,5.491542203946927e-23,3.5798618178977247e-22,Basal-up,ENSG00000278635.1,ENSG00000278635,AC141557.2,21.446133736731188
9.841995907409816,8.45325400320358,1.3887419042062348,2.1659984852965403e-47,6.15812292002884e-46,Basal-up,ENSG00000178409.14,ENSG00000178409,BEND3,45.210551646553725
4.4112818323285445,3.02259412696621,1.3886877053623343,5.993661995553248e-21,3.467510357109853e-20,Basal-up,ENSG00000226953.8,ENSG00000226953,NCKAP5-AS2,19.459982233058156
12.461210897587728,11.072782183532787,1.3884287140549407,7.96416363202716e-18,3.7941836973500626e-17,Basal-up,ENSG00000058085.15,ENSG00000058085,LAMC2,16.420881646348207
13.755447894254775,12.367328985709438,1.3881189085453371,3.667714743801054e-49,1.1855525382084023e-47,Basal-up,ENSG00000182481.10,ENSG00000182481,KPNA2,46.926079195335376
9.784202207679057,8.396697611382802,1.3875045962962549,1.7626917535074239e-40,3.273430890724036e-39,Basal-up,ENSG00000139354.11,ENSG00000139354,GAS2L3,38.484996823550304
4.6641139517863675,3.2773320878035723,1.3867818639827951,2.2535114068143826e-27,1.9368641629850795e-26,Basal-up,ENSG00000102387.16,ENSG00000102387,TAF7L,25.712900836345753
1.7946589972496274,0.408202339612182,1.3864566576374453,3.218011277960835e-38,5.195941138595722e-37,Basal-up,ENSG00000236451.3,ENSG00000236451,AC067956.1,36.28433577740807
11.762799719119492,10.376825751820526,1.3859739672989662,7.076470174039985e-45,1.7263703073786048e-43,Basal-up,ENSG00000167693.17,ENSG00000167693,NXN,42.762866042223564
10.1877224204171,8.802463823057153,1.3852585973599467,5.8597325748818374e-39,9.876404578980266e-38,Basal-up,ENSG00000072571.20,ENSG00000072571,HMMR,37.00540112785111
2.1320110669231416,0.7468991562953767,1.385111910627765,2.2784277932282452e-14,8.668887585585787e-14,Basal-up,ENSG00000288003.1,ENSG00000288003,AC079768.4,13.062036628756509
3.7439373878721143,2.359050415525107,1.3848869723470072,3.041520068870715e-25,2.283865428058834e-24,Basal-up,ENSG00000198881.10,ENSG00000198881,ASB12,23.641329489556345
12.364803050979395,10.979988470930325,1.3848145800490705,1.387956948462229e-25,1.0626842602205098e-24,Basal-up,ENSG00000006210.7,ENSG00000006210,CX3CL1,23.973595751857474
1.9982311680016827,0.6136828558051007,1.384548312196582,1.5093036872353403e-32,1.758493555652715e-31,Basal-up,ENSG00000255181.3,ENSG00000255181,CCDC166,30.75485921890211
3.631216599392103,2.2468211012630728,1.38439549812903,1.8663741382071374e-20,1.0479206216533207e-19,Basal-up,ENSG00000184357.5,ENSG00000184357,H1-5,18.979671613233563
8.415739711670414,7.032323858767767,1.3834158529026466,7.921013035179699e-22,4.813494505787228e-21,Basal-up,ENSG00000198759.12,ENSG00000198759,EGFL6,20.317539519560388
9.900901928633317,8.518004501079847,1.3828974275534698,1.9570713879580278e-42,4.0554372008134084e-41,Basal-up,ENSG00000164430.16,ENSG00000164430,CGAS,40.39196231934047
9.288667234549356,7.90768570166694,1.3809815328824158,6.773024843315892e-08,1.6065085815733705e-07,Basal-up,ENSG00000224373.3,ENSG00000224373,IGHV4-59,6.794116950212055
13.995973478160035,12.615247138058518,1.3807263401015177,3.0834346313237795e-38,4.98825911399484e-37,Basal-up,ENSG00000104341.17,ENSG00000104341,LAPTM4B,36.30205099527863
8.715695439841717,7.335653354459905,1.3800420853818123,1.4639925266558913e-27,1.2766136704866149e-26,Basal-up,ENSG00000142583.18,ENSG00000142583,SLC2A5,25.893940509283375
9.73975030112937,8.359752185420174,1.3799981157091956,4.3380017221198073e-45,1.0771097609293033e-43,Basal-up,ENSG00000172167.8,ENSG00000172167,MTBP,42.967740038450344
10.326114136143843,8.946264060478688,1.3798500756651553,2.3907873988303813e-21,1.414637133429733e-20,Basal-up,ENSG00000110427.17,ENSG00000110427,KIAA1549L,19.84935494611787
11.220812348460314,9.842239707514473,1.3785726409458405,3.610510600461675e-36,5.150305080727379e-35,Basal-up,ENSG00000120278.16,ENSG00000120278,PLEKHG1,34.28816704456033
2.581918897124192,1.203455139860665,1.3784637572635272,2.3365897288335102e-18,1.1550285755861859e-17,Basal-up,ENSG00000179636.15,ENSG00000179636,TPPP2,16.93740727112605
5.632685628645296,4.254657584550927,1.3780280440943695,6.414143667924348e-11,1.9170940325352132e-10,Basal-up,ENSG00000185269.12,ENSG00000185269,NOTUM,9.717356584665177
13.803336423566773,12.425486725335924,1.3778496982308486,5.1599808670688015e-26,4.0611072708181787e-25,Basal-up,ENSG00000083857.14,ENSG00000083857,FAT1,24.391355538825866
3.0690505034782585,1.692656958069668,1.3763935454085905,1.7613406161532375e-19,9.33145842476e-19,Basal-up,ENSG00000237398.1,ENSG00000237398,HLA-DPA3,18.030050474546464
1.947782575904295,0.5721793790307949,1.3756031968735,1.1190010398745566e-24,8.122328899219388e-24,Basal-up,ENSG00000158553.4,ENSG00000158553,POM121L2,23.090319428509606
3.7965343047554345,2.421326847705997,1.3752074570494375,3.777977145387162e-15,1.514806147289207e-14,Basal-up,ENSG00000179292.5,ENSG00000179292,TMEM151A,13.819642941121607
13.644050604941816,12.26944278512632,1.3746078198154965,7.801855027918417e-60,5.5172611927389314e-58,Basal-up,ENSG00000166508.18,ENSG00000166508,MCM7,57.258276455614464
10.364590547122612,8.990014740207318,1.3745758069152938,4.323449332576098e-25,3.2112125333026987e-24,Basal-up,ENSG00000171208.10,ENSG00000171208,NETO2,23.49333094981001
2.333560456868849,0.9594568954441564,1.3741035614246924,3.72084917219935e-17,1.6957561421090713e-16,Basal-up,ENSG00000179674.4,ENSG00000179674,ARL14,15.770636601224906
6.120241337279991,4.746641967503061,1.3735993697769295,1.4696470029447326e-16,6.464055575214202e-16,Basal-up,ENSG00000170439.7,ENSG00000170439,METTL7B,15.18949491833726
11.78989701843959,10.41687343242458,1.3730235860150088,2.269496961020963e-42,4.687217383451798e-41,Basal-up,ENSG00000138160.7,ENSG00000138160,KIF11,40.32908490433251
3.3287358825457027,1.9564007876703862,1.3723350948753166,7.35332898360447e-21,4.228574155608541e-20,Basal-up,ENSG00000197721.17,ENSG00000197721,CR1L,19.37380604887567
8.938049107214006,7.566947153542151,1.3711019536718547,5.815063889201614e-48,1.734172077989663e-46,Basal-up,ENSG00000137135.18,ENSG00000137135,ARHGEF39,45.76090781065827
3.6320878613687064,2.261897768916617,1.3701900924520896,2.4044309133069872e-17,1.1095336483211759e-16,Basal-up,ENSG00000256128.6,ENSG00000256128,LINC00944,15.954859522581478
9.714522750403013,8.344941127968179,1.3695816224348345,2.1374029195531646e-15,8.704379281183584e-15,Basal-up,ENSG00000163082.10,ENSG00000163082,SGPP2,14.060262193457437
5.131338096273965,3.7619666817722606,1.3693714145017046,5.306314226606848e-29,5.030193803050383e-28,Basal-up,ENSG00000197813.6,ENSG00000197813,AC011450.1,27.298415282146074
2.4765244602443772,1.1076083457343264,1.3689161145100508,1.9144573775369884e-17,8.916577920666925e-17,Basal-up,ENSG00000258604.1,ENSG00000258604,AL161668.4,16.049801790839773
13.211473433911102,11.842774885958393,1.3686985479527092,1.4662081305988582e-07,3.3878332210432015e-07,Basal-up,ENSG00000211899.10,ENSG00000211899,IGHM,6.470077977610355
13.820322139855772,12.451762110258374,1.3685600295973988,1.2171350788920312e-46,3.316974660421329e-45,Basal-up,ENSG00000124795.17,ENSG00000124795,DEK,44.47925784620172
5.88762981871138,4.51937437705981,1.36825544165157,6.636578120691399e-32,7.442559337757634e-31,Basal-up,ENSG00000183479.12,ENSG00000183479,TREX2,30.128277694140696
6.282967740011765,4.915212608612047,1.3677551313997176,1.669200285826461e-09,4.4840193605468e-09,Basal-up,ENSG00000176406.23,ENSG00000176406,RIMS2,8.348332520929764
4.578322539492023,3.211372228726158,1.3669503107658647,5.149157915741039e-31,5.496808068014001e-30,Basal-up,ENSG00000255507.6,ENSG00000255507,UVRAG-DT,29.25988942702511
8.657624399517129,7.291066332505204,1.3665580670119253,5.619237144009675e-25,4.145176696021222e-24,Basal-up,ENSG00000170775.3,ENSG00000170775,GPR37,23.38245695209286
6.3044095968501095,4.938704499094881,1.365705097755228,2.184735528261143e-55,1.0897668885016892e-53,Basal-up,ENSG00000272476.1,ENSG00000272476,AL024507.2,52.96266639184342
1.8510581014888519,0.4854980690768076,1.3655600324120443,1.2338902874109632e-27,1.0790504157061176e-26,Basal-up,ENSG00000256499.2,ENSG00000256499,LINC02468,25.96695826361045
7.619852805935419,6.254756665032285,1.365096140903134,5.07728312948238e-37,7.652451910982437e-36,Basal-up,ENSG00000261189.1,ENSG00000261189,AL031058.1,35.11619939088588
2.954093756614448,1.5891339458552796,1.3649598107591683,7.128076827289956e-29,6.696556481243254e-28,Basal-up,ENSG00000233785.1,ENSG00000233785,AC131011.1,27.174148463812386
5.153144184795442,3.788783811611783,1.364360373183659,7.580093970944274e-09,1.934262712439495e-08,Basal-up,ENSG00000074803.20,ENSG00000074803,SLC12A1,7.713484540173254
11.10536680398353,9.741294312576864,1.3640724914066666,1.621033882554022e-46,4.389099817706851e-45,Basal-up,ENSG00000152256.14,ENSG00000152256,PDK1,44.35762454223857
3.3200590290392533,1.9560598966863878,1.3639991323528655,1.0103982329059912e-28,9.407930213058008e-28,Basal-up,ENSG00000180316.12,ENSG00000180316,PNPLA1,27.0265059128024
11.493695012458135,10.130893283391714,1.3628017290664207,1.2373605663067072e-36,1.820734248577736e-35,Basal-up,ENSG00000073111.14,ENSG00000073111,MCM2,34.7397534384987
10.338452267787657,8.976124142380424,1.3623281254072328,2.2049129095530915e-40,4.0721036213895114e-39,Basal-up,ENSG00000133627.18,ENSG00000133627,ACTR3B,38.39018117919166
9.241015310729939,7.878739115245102,1.3622761954848368,1.7229374593457182e-26,1.401768534885157e-25,Basal-up,ENSG00000117016.10,ENSG00000117016,RIMS3,24.8533236927325
6.066557828309273,4.704716193004408,1.3618416353048648,1.2050590634269744e-13,4.3725459846365207e-13,Basal-up,ENSG00000213937.4,ENSG00000213937,CLDN9,12.359265614492195
8.355828422878242,6.994107529124671,1.3617208937535707,6.779903360209281e-39,1.138018831418203e-37,Basal-up,ENSG00000187951.11,ENSG00000187951,AC091057.1,36.94385055137386
2.8420201334733806,1.4803545267918459,1.3616656066815347,7.877056285750889e-21,4.521988811412396e-20,Basal-up,ENSG00000280604.1,ENSG00000280604,AJ239328.1,19.344670516547904
8.275841805283724,6.915527673822519,1.3603141314612053,9.806159073031619e-39,1.6337100006362817e-37,Basal-up,ENSG00000176273.15,ENSG00000176273,SLC35G1,36.78682503244313
11.043157727286662,9.682848303040924,1.360309424245738,5.893028423360841e-35,7.879310440807954e-34,Basal-up,ENSG00000181744.9,ENSG00000181744,DIPK2A,33.10351178820281
3.5998403170256816,2.2397667041371356,1.360073612888546,1.3335536494379193e-06,2.850265786466815e-06,Basal-up,ENSG00000188508.11,ENSG00000188508,KRTDAP,5.545114640267333
2.599342928874234,1.2398509835017337,1.3594919453725003,1.798861129001706e-14,6.899064650358947e-14,Basal-up,ENSG00000147160.9,ENSG00000147160,AWAT2,13.16120978530959
3.896075108456379,2.5369191166790035,1.3591559917773757,8.786485761438572e-06,1.7450137590193945e-05,Basal-up,ENSG00000267466.1,ENSG00000267466,AC021683.1,4.758201144382371
2.0309918453910454,0.6723572078153599,1.3586346375756855,4.1094997699925744e-20,2.2552461082212033e-19,Basal-up,ENSG00000086506.3,ENSG00000086506,HBQ1,18.64680605794998
2.9267287016778285,1.5689406380518323,1.3577880636259962,7.045913499098432e-36,9.894387117292812e-35,Basal-up,ENSG00000266913.1,ENSG00000266913,LINC01841,34.0046111018943
8.904985677575405,7.547574983048823,1.3574106945265827,6.632668180693068e-09,1.7016994827158948e-08,Basal-up,ENSG00000100170.10,ENSG00000100170,SLC5A1,7.769117133159606
2.2136872390768003,0.8566383017213489,1.3570489373554513,3.352575677019876e-17,1.5331287407054058e-16,Basal-up,ENSG00000229637.4,ENSG00000229637,PRAC2,15.814421374806173
10.477364930090332,9.1211133484574,1.3562515816329324,1.8830262421427756e-35,2.5752362152846116e-34,Basal-up,ENSG00000178718.7,ENSG00000178718,RPP25,33.58918292884043
8.918403717140569,7.563833011017535,1.3545707061230337,1.5095165901413795e-06,3.2099851615516743e-06,Basal-up,ENSG00000211934.3,ENSG00000211934,IGHV1-2,5.4934969751562255
2.1597456450345063,0.8054712574577872,1.354274387576719,2.161696004984655e-39,3.7563530371739573e-38,Basal-up,ENSG00000237347.2,ENSG00000237347,AC004461.1,37.42523359774474
4.384998346319465,3.0317943391591395,1.3532040071603255,1.7932368532398507e-12,5.989965054369686e-12,Basal-up,ENSG00000159217.10,ENSG00000159217,IGF2BP1,11.222575711289934
10.186773265725513,8.8341671851497,1.3526060805758124,6.906403115954593e-40,1.237320323072143e-38,Basal-up,ENSG00000075702.18,ENSG00000075702,WDR62,37.907517853698444
2.015243408621953,0.6628295557046783,1.352413852917275,9.992975371004432e-33,1.1757266915972921e-31,Basal-up,ENSG00000228142.2,ENSG00000228142,AL354861.2,30.929693622244667
4.307991581055434,2.9560925571848253,1.351899023870609,3.724371141011136e-12,1.2186735713265646e-11,Basal-up,ENSG00000259727.1,ENSG00000259727,AC103740.2,10.914112607061153
2.148217125216557,0.7966479290616136,1.3515691961549434,8.656102600751008e-18,4.11388854639407e-17,Basal-up,ENSG00000287259.1,ENSG00000287259,AL359732.1,16.38574747840253
2.798203355685068,1.4473894859599898,1.3508138697250782,4.335145695974516e-25,3.2191866134042044e-24,Basal-up,ENSG00000261570.2,ENSG00000261570,AC073878.1,23.492253846917183
5.921646609479748,4.571463341060283,1.3501832684194657,2.6003555547737593e-17,1.1976355893929158e-16,Basal-up,ENSG00000261616.1,ENSG00000261616,AC036108.3,15.921675306813883
1.6856171785689902,0.33546198842977915,1.350155190139211,2.6117385230488084e-42,5.380791351726863e-41,Basal-up,ENSG00000243518.1,ENSG00000243518,AC108729.2,40.26915384804838
4.05869378470995,2.7095446167394246,1.3491491679705256,3.77807024374425e-18,1.8399086818292495e-17,Basal-up,ENSG00000183019.7,ENSG00000183019,MCEMP1,16.735203731317537
2.0444609259412183,0.6959530552315762,1.348507870709642,2.2550521181407235e-20,1.2594026491182448e-19,Basal-up,ENSG00000135443.8,ENSG00000135443,KRT85,18.8998353975067
4.281354814300479,2.9341542442496578,1.3472005700508212,7.148172280369743e-29,6.713553792042415e-28,Basal-up,ENSG00000279138.1,ENSG00000279138,AP002847.1,27.173047526968478
3.141928020576302,1.7949659159649536,1.3469621046113485,6.876356768348941e-17,3.077787139471979e-16,Basal-up,ENSG00000249352.4,ENSG00000249352,LINC02198,15.511761419380885
8.69524127011979,7.349318900852323,1.345922369267468,1.0879779205731172e-21,6.563898469692385e-21,Basal-up,ENSG00000140563.15,ENSG00000140563,MCTP2,20.182838145229145
5.752132567519992,4.406318334791627,1.3458142327283653,1.3324930809090208e-39,2.3458596676507552e-38,Basal-up,ENSG00000278948.1,ENSG00000278948,AL031587.5,37.629697971499176
14.31529836991801,12.969693984193707,1.345604385724302,2.1578436459470093e-57,1.2513999829090614e-55,Basal-up,ENSG00000083444.17,ENSG00000083444,PLOD1,54.902603855289854
4.341234219600069,2.9966778224557613,1.3445563971443075,5.225300518594186e-13,1.8097961705236322e-12,Basal-up,ENSG00000267260.2,ENSG00000267260,AC020928.1,11.742370335076437
6.388666174956895,5.044166492053564,1.344499682903331,3.0339593014373028e-33,3.6661252986365675e-32,Basal-up,ENSG00000230082.1,ENSG00000230082,PRRT3-AS1,31.43579269606324
8.449403405120895,7.105001374811415,1.34440203030948,6.76480653294635e-22,4.1288476872607734e-21,Basal-up,ENSG00000172382.10,ENSG00000172382,PRSS27,20.384171137905696
4.673082342644382,3.32884009702283,1.3442422456215524,2.677841574744849e-21,1.581696027937398e-20,Basal-up,ENSG00000277829.1,ENSG00000277829,AL031651.2,19.800876976005135
3.944506737837268,2.6006975842637496,1.3438091535735182,2.462660176652381e-24,1.744102453441534e-23,Basal-up,ENSG00000205143.3,ENSG00000205143,ARID3C,22.758428006985213
10.335453772948437,8.991803990325263,1.3436497826231744,3.2006047046469142e-49,1.0365629922682567e-47,Basal-up,ENSG00000104356.11,ENSG00000104356,POP1,46.98440430055204
2.991486746800324,1.6489328410278719,1.342553905772452,1.2331530337910692e-20,6.996494531597264e-20,Basal-up,ENSG00000238755.3,ENSG00000238755,LINC02006,19.15511950097248
10.30173211542864,8.959568521856234,1.3421635935724066,5.769813470248945e-09,1.4874953662724554e-08,Basal-up,ENSG00000241351.3,ENSG00000241351,IGKV3-11,7.827544378477018
12.684373046191205,11.34284379888131,1.3415292473098948,6.708702961124122e-43,1.4323835973508308e-41,Basal-up,ENSG00000123908.12,ENSG00000123908,AGO2,40.84394066086651
10.34326510663531,9.001753177765659,1.3415119288696502,4.960988892767791e-08,1.1878873325635856e-07,Basal-up,ENSG00000211949.3,ENSG00000211949,IGHV3-23,6.925224748888765
10.662122094609613,9.321372475108848,1.3407496195007642,2.8891589562842015e-43,6.296788570523175e-42,Basal-up,ENSG00000135540.11,ENSG00000135540,NHSL1,41.20088088891116
4.418190223399338,3.077900713705754,1.340289509693584,5.597339797724417e-28,4.985990699434559e-27,Basal-up,ENSG00000112041.13,ENSG00000112041,TULP1,26.302248535938144
2.1930889432363183,0.8528783681896904,1.340210575046628,4.950895067688731e-17,2.235974166921669e-16,Basal-up,ENSG00000231291.3,ENSG00000231291,AC106799.1,15.650533218329523
12.591159304275896,11.251692991289692,1.3394663129862039,7.966855939247126e-30,7.921952271835172e-29,Basal-up,ENSG00000173898.14,ENSG00000173898,SPTBN2,28.101167778460514
5.745512131324884,4.4061044397000115,1.3394076916248725,1.6650430630643212e-30,1.7194160035094285e-29,Basal-up,ENSG00000102043.16,ENSG00000102043,MTMR8,28.7646190353717
2.2884769096936455,0.9492214106626443,1.339255499031001,6.588207038885128e-31,6.992929067239692e-30,Basal-up,ENSG00000286180.1,ENSG00000286180,AC073140.2,29.155340877002523
3.374123490103725,2.0350271281294425,1.3390963619742826,8.812817027953381e-11,2.6084382055364e-10,Basal-up,ENSG00000124678.20,ENSG00000124678,TCP11,9.58361944734967
7.959756191530832,6.620878234400852,1.3388779571299798,4.848860917512652e-17,2.1904827217658236e-16,Basal-up,ENSG00000206432.4,ENSG00000206432,TMEM200C,15.659460168128971
10.702763422695691,9.365119163207615,1.3376442594880764,5.290656615309056e-39,8.947669512873844e-38,Basal-up,ENSG00000186951.16,ENSG00000186951,PPARA,37.04829006518626
11.18640981614563,9.849337990644836,1.3370718255007947,7.417439782688451e-35,9.854640567408516e-34,Basal-up,ENSG00000197943.10,ENSG00000197943,PLCG2,33.0063592113072
4.822231844429337,3.48534665313847,1.3368851912908668,5.0602748923092574e-11,1.5245408447798519e-10,Basal-up,ENSG00000260604.2,ENSG00000260604,AL590004.3,9.816860935729641
12.022491761643954,10.685644729738828,1.3368470319051262,1.8835583163823998e-45,4.76504715208589e-44,Basal-up,ENSG00000132481.7,ENSG00000132481,TRIM47,43.321932797483285
3.523096603030305,2.1863635698126043,1.3367330332177008,1.8945535422421446e-14,7.252790627678927e-14,Basal-up,ENSG00000234928.1,ENSG00000234928,LINC01659,13.139494859496224
2.1546409661517534,0.8188480108641646,1.3357929552875887,4.2852743040107e-17,1.9432142136152416e-16,Basal-up,ENSG00000110680.13,ENSG00000110680,CALCA,15.711479321549936
8.877109532315671,7.5413637154110935,1.335745816904578,1.1862458817351044e-18,5.988397884903719e-18,Basal-up,ENSG00000127152.18,ENSG00000127152,BCL11B,17.222689351702837
4.309258545212039,2.9739211399398604,1.3353374052721785,7.535158553542962e-26,5.871188161663415e-25,Basal-up,ENSG00000258512.1,ENSG00000258512,LINC00239,24.231274000994734
9.665612471856472,8.33028667216792,1.335325799688551,1.6903368150453591e-44,4.0356189487407724e-43,Basal-up,ENSG00000100526.20,ENSG00000100526,CDKN3,42.394089847457884
7.2381750056094,5.902981539679072,1.3351934659303284,1.4151981397671918e-20,8.000917801483601e-20,Basal-up,ENSG00000247317.3,ENSG00000247317,LY6E-DT,19.096860191350924
1.8219146424927686,0.48695652967131914,1.3349581128214494,7.89438551475792e-36,1.1035020953072788e-34,Basal-up,ENSG00000237128.1,ENSG00000237128,LINC02652,33.957226837872035
1.918211878555463,0.583319843407734,1.334892035147729,1.1874847619577766e-23,8.065752628333267e-23,Basal-up,ENSG00000227300.12,ENSG00000227300,KRT16P2,22.093355101668504
9.92083114806083,8.586006051755177,1.3348250963056536,2.2238035585024716e-29,2.149420279152331e-28,Basal-up,ENSG00000112208.11,ENSG00000112208,BAG2,27.667678657998145
6.926522659303073,5.592358428247785,1.3341642310552881,1.0655560203734665e-20,6.068969385794205e-20,Basal-up,ENSG00000163121.10,ENSG00000163121,NEURL3,19.216885053251694
4.046987909877729,2.7130247232015985,1.3339631866761308,4.6422843257917213e-14,1.7305312566785867e-13,Basal-up,ENSG00000164266.11,ENSG00000164266,SPINK1,12.761820552116493
11.18111395512849,9.84767092151309,1.3334430336153993,3.030627240935894e-51,1.1337792981715534e-49,Basal-up,ENSG00000163918.11,ENSG00000163918,RFC4,48.94547147711391
5.621913965876612,4.288550937071906,1.3333630288047056,5.991068639384861e-48,1.7819043548551955e-46,Basal-up,ENSG00000228624.7,ENSG00000228624,HDAC2-AS2,45.749115610778034
1.9931516777169311,0.660181381844438,1.3329702958724932,5.850214955611243e-20,3.182395412400014e-19,Basal-up,ENSG00000140015.20,ENSG00000140015,KCNH5,18.497245860278838
5.061620651102108,3.7289844901916465,1.3326361609104613,6.22622960802392e-10,1.7295368895414088e-09,Basal-up,ENSG00000166796.12,ENSG00000166796,LDHC,8.762070170421278
2.598238081211895,1.2661983687983838,1.332039712413511,5.8596726560881895e-22,3.594733298537264e-21,Basal-up,ENSG00000257924.1,ENSG00000257924,LINC02416,20.44433332538408
12.439983294515987,11.108487549579214,1.3314957449367721,2.4253335560486273e-40,4.474253208516785e-39,Basal-up,ENSG00000147872.10,ENSG00000147872,PLIN2,38.3492794417973
2.715277178004162,1.383993741511574,1.331283436492588,9.199249839152365e-15,3.596441038119749e-14,Basal-up,ENSG00000198153.8,ENSG00000198153,ZNF849P,13.444127055349053
3.538125507141866,2.209656847748327,1.3284686593935389,1.306162358824707e-09,3.535128160500943e-09,Basal-up,ENSG00000274276.4,ENSG00000274276,CBSL,8.451594836919579
2.110033900736627,0.7819001000600057,1.3281338006766215,9.170870062885932e-40,1.6308093607848088e-38,Basal-up,ENSG00000242325.1,ENSG00000242325,RPS12P31,37.78759680437862
13.947175091729866,12.619313091692781,1.3278620000370847,1.2171476230066333e-46,3.316974660421329e-45,Basal-up,ENSG00000160213.9,ENSG00000160213,CSTB,44.47925784620172
7.055576550133367,5.727899510279208,1.3276770398541586,0.00012005291713966793,0.0002138243242572619,Basal-up,ENSG00000129988.6,ENSG00000129988,LBP,3.6699428917847796
6.5127466381476555,5.1851283639467045,1.327618274200951,1.4254932902122868e-43,3.196156193171629e-42,Basal-up,ENSG00000104147.9,ENSG00000104147,OIP5,41.49537200527324
2.070012159169493,0.7424557395318545,1.3275564196376384,1.944511093363024e-27,1.680763585598983e-26,Basal-up,ENSG00000287974.1,ENSG00000287974,Z84486.1,25.774493369660135
4.669083904180487,3.341718051428464,1.3273658527520227,2.992815363545e-18,1.4670835183683594e-17,Basal-up,ENSG00000235576.1,ENSG00000235576,LINC01871,16.833545161866287
2.9796062394466745,1.6524575236532457,1.3271487157934287,1.6449017333447023e-20,9.262070569748769e-20,Basal-up,ENSG00000197934.8,ENSG00000197934,CYYR1-AS1,19.03329191434453
2.5503580370121113,1.223734731342345,1.3266233056697663,3.423541752595763e-14,1.2878141571878576e-13,Basal-up,ENSG00000233515.2,ENSG00000233515,LINC01518,12.890146804935174
1.7870216759009616,0.4604109991196346,1.326610676781327,4.0992195837942003e-19,2.12308158913445e-18,Basal-up,ENSG00000287560.1,ENSG00000287560,AL731533.3,17.67303331575863
3.760921604506285,2.434495764494909,1.3264258400113764,2.719030683012276e-24,1.921203804691642e-23,Basal-up,ENSG00000100253.13,ENSG00000100253,MIOX,22.71642656196908
11.381372423149452,10.05559732806888,1.325775095080573,2.223048684784583e-23,1.4867636056260816e-22,Basal-up,ENSG00000181458.10,ENSG00000181458,TMEM45A,21.82775807850799
6.282790189144765,4.957308037629042,1.3254821515157227,1.913718640443024e-07,4.383180651018118e-07,Basal-up,ENSG00000139292.13,ENSG00000139292,LGR5,6.3582106297057175
12.539944677732759,11.215047458927037,1.324897218805722,3.07863258720615e-11,9.431161060423156e-11,Basal-up,ENSG00000171346.16,ENSG00000171346,KRT15,10.02543483842966
3.0474042132316645,1.7228087317971144,1.3245954814345502,1.011905460997763e-27,8.890975374218877e-27,Basal-up,ENSG00000228917.1,ENSG00000228917,NECTIN4-AS1,26.051050592640028
8.794450765818585,7.472510849429894,1.3219399163886907,6.844780216610912e-15,2.698941687575553e-14,Basal-up,ENSG00000158089.15,ENSG00000158089,GALNT14,13.56880649856232
5.633831717552021,4.312154826311581,1.3216768912404397,1.853426121099904e-30,1.9092453466278052e-29,Basal-up,ENSG00000245904.4,ENSG00000245904,AC025164.1,28.719138259222852
2.632560952418058,1.3110658785675455,1.3214950738505125,5.971419917775026e-18,2.871352684605062e-17,Basal-up,ENSG00000253266.1,ENSG00000253266,AC100860.1,16.541913460387274
10.359945633895677,9.038733232869381,1.3212124010262958,9.581372325722315e-23,6.167996934092798e-22,Basal-up,ENSG00000138646.9,ENSG00000138646,HERC5,21.209855850830465
6.3299278359862985,5.008999930217888,1.3209279057684107,5.010779799565521e-36,7.101959360737263e-35,Basal-up,ENSG00000233654.2,ENSG00000233654,AC108047.1,34.14862181717353
4.943428218317342,3.6233878538023685,1.3200403645149734,7.496798301549243e-31,7.937229281994019e-30,Basal-up,ENSG00000273387.1,ENSG00000273387,AC005005.3,29.100331074089404
2.0504058334961286,0.730663537045231,1.3197422964508976,1.596310727582595e-13,5.746170058909857e-13,Basal-up,ENSG00000197641.12,ENSG00000197641,SERPINB13,12.240621525132577
6.084035703688187,4.764959783548166,1.3190759201400208,2.56114453041089e-13,9.08461001686487e-13,Basal-up,ENSG00000172005.11,ENSG00000172005,MAL,12.041693711301336
10.208939745525097,8.889899169464503,1.319040576060594,1.6488759543251414e-32,1.9157823912990897e-31,Basal-up,ENSG00000137812.20,ENSG00000137812,KNL1,30.717653822828026
3.2809197706036257,1.9620374434130852,1.3188823271905405,1.838480122205637e-24,1.3173547177497423e-23,Basal-up,ENSG00000237927.1,ENSG00000237927,AL078604.2,22.88029726891136
5.616175260493337,4.297833349049013,1.3183419114443247,2.801031880658827e-10,7.990008394152317e-10,Basal-up,ENSG00000147606.9,ENSG00000147606,SLC26A7,9.097452764424167
1.7386830156016955,0.42035368035458726,1.3183293352471082,4.5793277630072995e-26,3.616848883506237e-25,Basal-up,ENSG00000270432.1,ENSG00000270432,OR7E108P,24.44166963622881
14.842920086679111,13.52483890208598,1.3180811845931313,1.5677678661781865e-33,1.9313332919622495e-32,Basal-up,ENSG00000112096.19,ENSG00000112096,SOD2,31.71414277315494
2.101953746350825,0.7840977592743262,1.317855987076499,3.4914882928607174e-20,1.9236470673354907e-19,Basal-up,ENSG00000260328.1,ENSG00000260328,AC104024.2,18.715874605254914
12.833788373868067,11.51596376800499,1.317824605863077,4.755599614574798e-50,1.6467737508320995e-48,Basal-up,ENSG00000119787.14,ENSG00000119787,ATL2,47.78336606416643
1.7572260641667263,0.4395387920160475,1.3176872721506787,3.352955256479358e-25,2.5098494907813327e-24,Basal-up,ENSG00000205927.5,ENSG00000205927,OLIG2,23.60035232126119
2.610851559981708,1.2937973228752135,1.3170542371064944,1.0587401151125927e-10,3.1127943740526364e-10,Basal-up,ENSG00000124490.14,ENSG00000124490,CRISP2,9.506849567131102
11.59626901737226,10.279267430541331,1.3170015868309282,4.473828752617164e-34,5.678255955612546e-33,Basal-up,ENSG00000068650.18,ENSG00000068650,ATP11A,32.245785034916054
3.004792851017105,1.6882019194750393,1.3165909315420656,1.4188515196959286e-21,8.503469147185325e-21,Basal-up,ENSG00000167281.19,ENSG00000167281,RBFOX3,20.070403859684692
10.260547798340836,8.94440181527271,1.3161459830681252,1.1869164136024779e-32,1.391099237201226e-31,Basal-up,ENSG00000127564.17,ENSG00000127564,PKMYT1,30.85664188752657
2.3628796621174364,1.047016022736923,1.3158636393805134,2.7627746748648547e-19,1.4467771770265574e-18,Basal-up,ENSG00000198049.7,ENSG00000198049,AVPR1B,17.839598350870887
2.742034590122376,1.4261938539772785,1.3158407361450977,1.0734534898128847e-23,7.323867490032139e-23,Basal-up,ENSG00000265096.2,ENSG00000265096,C1QTNF1-AS1,22.13525952194386
4.80714412095439,3.491505005294023,1.3156391156603666,5.856356893059082e-10,1.6301700967890751e-09,Basal-up,ENSG00000236264.5,ENSG00000236264,RPL26P30,8.787767077655715
4.010581949275011,2.6953212826639388,1.315260666611072,1.039241475229518e-18,5.2685079022524864e-18,Basal-up,ENSG00000273442.1,ENSG00000273442,AC006946.3,17.278312364212727
2.321503517395975,1.006754803187163,1.314748714208812,7.298140770306099e-22,4.443845206551507e-21,Basal-up,ENSG00000124003.13,ENSG00000124003,MOGAT1,20.352241077343987
7.375915087976315,6.061522820331119,1.3143922676451965,1.892776528297156e-32,2.1915671581527e-31,Basal-up,ENSG00000228109.1,ENSG00000228109,MELTF-AS1,30.659245216331836
2.445568257688516,1.1314797050783316,1.3140885526101844,5.583564431533276e-18,2.689095973347635e-17,Basal-up,ENSG00000272626.1,ENSG00000272626,AC021146.12,16.570393697608797
2.1684916405442243,0.855799985400164,1.3126916551440604,1.2989909932773752e-34,1.701530992366456e-33,Basal-up,ENSG00000287384.1,ENSG00000287384,AL096840.2,32.76916013608263
11.292350875721624,9.979754804181203,1.3125960715404208,2.3962408273386e-12,7.942449573063372e-12,Basal-up,ENSG00000205002.4,ENSG00000205002,AARD,11.10004553384546
11.66334564023182,10.351596457640067,1.3117491825917522,5.362379915756131e-51,1.977414463983999e-49,Basal-up,ENSG00000104312.8,ENSG00000104312,RIPK2,48.70390229348044
11.851003397817403,10.539315313302682,1.3116880845147207,6.029698574884443e-22,3.696333142467566e-21,Basal-up,ENSG00000008517.18,ENSG00000008517,IL32,20.432228893670757
13.411506847586729,12.099915216666554,1.3115916309201747,4.8152421870113164e-32,5.45109483649508e-31,Basal-up,ENSG00000138074.15,ENSG00000138074,SLC5A6,30.26351626218287
4.297772105009239,2.986853599074641,1.3109185059345978,6.335781493170927e-18,3.040449472456542e-17,Basal-up,ENSG00000115008.6,ENSG00000115008,IL1A,16.51706220949046
2.0335975836618996,0.7234038189674306,1.310193764694469,4.354599303373921e-18,2.1105576727746365e-17,Basal-up,ENSG00000182261.4,ENSG00000182261,NLRP10,16.675602775883153
2.415498367753918,1.1058999519970956,1.3095984157568223,2.0393730170480932e-21,1.2118380345940805e-20,Basal-up,ENSG00000248599.2,ENSG00000248599,FLJ42969,19.916555420914328
2.0539411333601647,0.7445484112560006,1.3093927221041641,1.265670831060659e-25,9.722859811433779e-25,Basal-up,ENSG00000270938.1,ENSG00000270938,RAP2CP1,24.012205976056176
2.9245310684260493,1.615234947830913,1.3092961205951363,1.8244498601507315e-15,7.468013104439188e-15,Basal-up,ENSG00000226004.1,ENSG00000226004,LINC02528,14.126794928647351
9.197229179564491,7.888641816814758,1.3085873627497335,1.000792384380019e-23,6.840652676267993e-23,Basal-up,ENSG00000013619.14,ENSG00000013619,MAMLD1,22.16490245965724
11.867765507613782,10.560140898314287,1.307624609299495,1.208444031419967e-15,4.996551613814888e-15,Basal-up,ENSG00000100985.7,ENSG00000100985,MMP9,14.301329622016933
3.5921335070742426,2.2869945938423752,1.3051389132318674,1.0603120949533357e-22,6.806139682657183e-22,Basal-up,ENSG00000230825.2,ENSG00000230825,AC005532.1,21.167099142106984
1.7575652765115592,0.45257263953887183,1.3049926369726874,8.554800422847778e-24,5.864149492307925e-23,Basal-up,ENSG00000215124.2,ENSG00000215124,AMD1P4,22.231794966938402
11.558903754802675,10.254067260688169,1.3048364941145056,1.6004105016882874e-45,4.0609962162446173e-44,Basal-up,ENSG00000123975.5,ENSG00000123975,CKS2,43.39136741515534
7.605520919891643,6.300802750953968,1.3047181689376748,1.160440554087165e-16,5.131657964775959e-16,Basal-up,ENSG00000077264.15,ENSG00000077264,PAK3,15.289742297924677
8.791919946879124,7.4878882338602795,1.304031713018845,2.3875563715656704e-28,2.178304016736017e-27,Basal-up,ENSG00000240859.3,ENSG00000240859,AC093627.4,26.661881507694662
2.4837587264803123,1.179965897338276,1.3037928291420362,1.8286469653978778e-13,6.557150864370654e-13,Basal-up,ENSG00000261241.7,ENSG00000261241,LINC02128,12.183284824140415
7.606401340936255,6.3027239519929905,1.3036773889432647,3.568997637194583e-35,4.823903258014615e-34,Basal-up,ENSG00000225556.1,ENSG00000225556,C2CD4D,33.31660141043086
8.554202504387659,7.250604464039681,1.3035980403479774,4.520038969868435e-08,1.0851719400514965e-07,Basal-up,ENSG00000211962.2,ENSG00000211962,IGHV1-46,6.964501444580871
5.733215657076629,4.42986213645267,1.3033535206239595,4.7766983160434194e-21,2.7826716641253985e-20,Basal-up,ENSG00000227473.1,ENSG00000227473,TSSK5P,19.555538034366926
10.3496253681873,9.04645153658104,1.3031738316062604,5.386595627507808e-23,3.514983763114497e-22,Basal-up,ENSG00000198947.16,ENSG00000198947,DMD,21.454076676790976
3.4345923520514936,2.131781307897921,1.3028110441535725,3.5348199419746124e-36,5.046301722955238e-35,Basal-up,ENSG00000223461.1,ENSG00000223461,AC004471.1,34.2970267861813
3.5374509557869396,2.2346649870074873,1.3027859687794523,2.9685596832905754e-15,1.1984357531482607e-14,Basal-up,ENSG00000205056.8,ENSG00000205056,LINC02397,13.921385243066352
2.1684098230669897,0.8661974660474333,1.3022123570195565,2.351120355938752e-34,3.036977045513178e-33,Basal-up,ENSG00000285614.1,ENSG00000285614,AC026100.1,32.517558490612075
6.441968241298952,5.139997524490736,1.3019707168082153,3.2824248580508594e-11,1.0036201882866441e-10,Basal-up,ENSG00000164398.15,ENSG00000164398,ACSL6,9.998430611234166
7.049607495760427,5.748041494844598,1.3015660009158294,4.455097715580871e-25,3.3046000315616464e-24,Basal-up,ENSG00000240207.7,ENSG00000240207,AC080013.1,23.480881097327305
6.9118717830706,5.61073297076114,1.3011388123094596,2.7223716301421874e-06,5.650396101694496e-06,Basal-up,ENSG00000211976.2,ENSG00000211976,IGHV3-73,5.247921106384022
8.310607585294553,7.009545242100311,1.3010623431942427,3.159232081430694e-10,8.969040346367143e-10,Basal-up,ENSG00000170549.4,ENSG00000170549,IRX1,9.047254022348664
10.284417021886195,8.984256486836605,1.3001605350495904,2.8708969762073935e-42,5.900498101487319e-41,Basal-up,ENSG00000183340.7,ENSG00000183340,JRKL,40.22911132503642
11.981000044819774,10.68172346239992,1.2992765824198536,8.122307981881388e-36,1.1339432051339612e-34,Basal-up,ENSG00000187840.5,ENSG00000187840,EIF4EBP1,33.945408697043305
2.135364613539623,0.8366091764007514,1.2987554371388716,6.4397813513884865e-22,3.93692268645891e-21,Basal-up,ENSG00000183709.8,ENSG00000183709,IFNL2,20.404843113829013
8.46687911743594,7.16914162581856,1.2977374916173803,3.020775917841165e-11,9.263233808986905e-11,Basal-up,ENSG00000197506.8,ENSG00000197506,SLC28A3,10.03323737398475
11.005457836706404,9.707796168712408,1.2976616679939958,7.5422570341798495e-31,7.982837252469485e-30,Basal-up,ENSG00000137747.16,ENSG00000137747,TMPRSS13,29.097842724677957
4.542493835097356,3.2450630255074087,1.2974308095899474,0.0005123528084433319,0.00085417617323289,Basal-up,ENSG00000134873.10,ENSG00000134873,CLDN10,3.068452547142161
3.3909489864103377,2.094233255814308,1.2967157305960297,5.515342114857951e-34,6.965872934816824e-33,Basal-up,ENSG00000243795.1,ENSG00000243795,LINC02044,32.1570244518145
6.8295937636975586,5.533222106009817,1.2963716576877413,7.057022343657409e-23,4.575462068847125e-22,Basal-up,ENSG00000180113.16,ENSG00000180113,TDRD6,21.33956504065385
3.130349850507798,1.8344160770367288,1.295933773471069,4.567977430028146e-13,1.5900166506183123e-12,Basal-up,ENSG00000189127.8,ENSG00000189127,ANKRD34B,11.79859832773377
1.6343156629870979,0.3396466365006276,1.2946690264864702,1.8562366769473712e-36,2.702912832809552e-35,Basal-up,ENSG00000182531.7,ENSG00000182531,OR7E115P,34.56816795979155
3.4883728998529233,2.1938513443602425,1.2945215554926808,3.92840893404764e-29,3.7526437010338245e-28,Basal-up,ENSG00000279822.1,ENSG00000279822,AC016397.2,27.425662668206318
9.815137025522326,8.520991692864989,1.2941453326573367,1.9938130678062614e-27,1.7220462260465313e-26,Basal-up,ENSG00000166289.6,ENSG00000166289,PLEKHF1,25.763955194666643
10.562176442865892,9.26837083154551,1.2938056113203817,1.0847423255099949e-07,2.5331310262710763e-07,Basal-up,ENSG00000211666.2,ENSG00000211666,IGLV2-14,6.596342345734597
8.918462423016699,7.625180577743893,1.2932818452728059,4.276081696503868e-08,1.0283703434266729e-07,Basal-up,ENSG00000270550.1,ENSG00000270550,IGHV3-30,6.987850456214184
8.034984951381455,6.741854173902421,1.2931307774790337,3.650721308539607e-06,7.491409749754981e-06,Basal-up,ENSG00000211637.2,ENSG00000211637,IGLV4-69,5.125436448131121
2.2279078104398713,0.9354062805824971,1.292501529857374,7.869785743051851e-12,2.5224251109877418e-11,Basal-up,ENSG00000109193.12,ENSG00000109193,SULT1E1,10.59818171879475
12.874744377548483,11.582271174611712,1.2924732029367707,3.1547239677530645e-42,6.455820964534964e-41,Basal-up,ENSG00000128283.7,ENSG00000128283,CDC42EP1,40.190048522151024
7.512872139532302,6.220488068870396,1.2923840706619059,4.1324191688212256e-08,9.953915675401515e-08,Basal-up,ENSG00000231475.3,ENSG00000231475,IGHV4-31,7.002006042702195
9.944582736608957,8.652492952126245,1.2920897844827124,2.5407542988175485e-24,1.797265014620695e-23,Basal-up,ENSG00000176490.5,ENSG00000176490,DIRAS1,22.745387879540225
2.9717291241043022,1.6796488743014772,1.292080249802825,7.498275347475096e-23,4.854039970014779e-22,Basal-up,ENSG00000225279.2,ENSG00000225279,AL121987.1,21.313896651843105
8.471284112529377,7.17957341909327,1.291710693436107,2.279162367420365e-18,1.1269733376003929e-17,Basal-up,ENSG00000073150.14,ENSG00000073150,PANX2,16.948086358550164
4.336181081062172,3.0445918512060826,1.2915892298560894,2.5319957157894643e-22,1.5866983808798437e-21,Basal-up,ENSG00000115194.11,ENSG00000115194,SLC30A3,20.79950562142976
3.0139592060785185,1.7228359197664012,1.2911232863121174,4.97301093794387e-19,2.561391005529787e-18,Basal-up,ENSG00000267659.5,ENSG00000267659,LINC01482,17.59152411985951
8.626276025270428,7.335453527225097,1.2908224980453316,1.7786538336253065e-10,5.153023033977552e-10,Basal-up,ENSG00000143867.7,ENSG00000143867,OSR1,9.287937916241237
8.995758371239308,7.7049504906087884,1.2908078806305197,4.836133022853643e-34,6.1311338474301866e-33,Basal-up,ENSG00000155846.17,ENSG00000155846,PPARGC1B,32.21245920278227
1.833059988681439,0.5423633043759308,1.290696684305508,2.303824311221435e-26,1.8590320392908643e-25,Basal-up,ENSG00000225867.1,ENSG00000225867,AL022315.1,24.730713125361333
9.262890274566494,7.972441606493405,1.2904486680730898,2.705517170769585e-28,2.455033447866716e-27,Basal-up,ENSG00000273604.2,ENSG00000273604,EPOP,26.609942586585824
7.770874701271958,6.480523860524799,1.2903508407471591,1.133876068492288e-14,4.407691733255421e-14,Basal-up,ENSG00000166823.5,ENSG00000166823,MESP1,13.35578878693931
1.7897219433810136,0.5002229006504151,1.2894990427305986,1.8495260591136435e-16,8.087152817830594e-16,Basal-up,ENSG00000232190.3,ENSG00000232190,LINC02181,15.092204350222696
6.245408379355754,4.955984629753072,1.2894237496026824,2.7994804613785397e-06,5.8046879293213315e-06,Basal-up,ENSG00000274576.2,ENSG00000274576,IGHV2-70,5.236221123766377
7.083436061872255,5.794688017109153,1.2887480447631017,1.1403125691135032e-12,3.860547148437999e-12,Basal-up,ENSG00000242516.2,ENSG00000242516,LINC00960,11.413351139186371
2.227556288180975,0.9391917099904691,1.2883645781905058,6.844414919616757e-14,2.5244805029220255e-13,Basal-up,ENSG00000260420.3,ENSG00000260420,LINC02182,12.597827979100432
2.058347513253386,0.7704880733740485,1.2878594398793375,8.003547387463734e-31,8.447068905156938e-30,Basal-up,ENSG00000227560.1,ENSG00000227560,RPS15AP30,29.073293963138607
3.396809667918472,2.109105450335516,1.2877042175829558,9.976042202900526e-31,1.0466257735249629e-29,Basal-up,ENSG00000274038.1,ENSG00000274038,AC007014.2,28.980208574811478
3.025957179517088,1.738284343705966,1.2876728358111218,2.1125272893878358e-23,1.4151062098377349e-22,Basal-up,ENSG00000183476.12,ENSG00000183476,SH2D7,21.849210963238335
6.2998131908459065,5.012617254123192,1.2871959367227142,2.173642690286013e-09,5.792233323665408e-09,Basal-up,ENSG00000151224.13,ENSG00000151224,MAT1A,8.237153952139046
6.808359891774654,5.521338641322966,1.287021250451688,5.572733679429502e-18,2.6842654538651662e-17,Basal-up,ENSG00000171847.11,ENSG00000171847,FAM90A1,16.57117453788895
3.3590709292702434,2.0723168848302502,1.2867540444399932,1.0898712323836109e-19,5.832133414670919e-19,Basal-up,ENSG00000177699.4,ENSG00000177699,AC011944.1,18.234172549746212
11.784151048245235,10.497545727148125,1.2866053210971096,1.1894114590373794e-31,1.318421696657836e-30,Basal-up,ENSG00000127824.14,ENSG00000127824,TUBA4A,29.87994565860415
10.05140065290509,8.764856714029179,1.2865439388759103,1.5396215719143642e-43,3.440541006037966e-42,Basal-up,ENSG00000171365.17,ENSG00000171365,CLCN5,41.463373261654276
8.668472105989634,7.382059659932676,1.286412446056958,1.3922453907192222e-30,1.4475206419636578e-29,Basal-up,ENSG00000182118.8,ENSG00000182118,FAM89A,28.839375234421258
3.657499918957897,2.371242539895707,1.28625737906219,1.7624234968090665e-23,1.185083964153258e-22,Basal-up,ENSG00000272944.1,ENSG00000272944,AC079834.1,21.926250878449984
3.6849029179143438,2.399159473630368,1.285743444283976,1.8602934955631297e-24,1.3327001062465506e-23,Basal-up,ENSG00000258623.1,ENSG00000258623,AL121820.1,22.87526756765681
2.833869193580821,1.5481269293869828,1.2857422641938383,1.2803254117144179e-17,6.019145554090784e-17,Basal-up,ENSG00000236481.1,ENSG00000236481,LINC02195,16.220465154503067
1.750136574291946,0.4648221010449863,1.2853144732469597,1.0718519895907551e-24,7.788527789092154e-24,Basal-up,ENSG00000204174.8,ENSG00000204174,NPY4R,23.10854462621675
2.6106474380934026,1.3253632942450693,1.2852841438483333,5.81945100818237e-16,2.4660935245799374e-15,Basal-up,ENSG00000164393.8,ENSG00000164393,ADGRF2,14.607990457164945
6.438993434347347,5.153847916256349,1.2851455180909985,1.356085379508591e-18,6.80275096095899e-18,Basal-up,ENSG00000246465.1,ENSG00000246465,AC138904.1,17.167315427651953
6.195883985428384,4.910807267062926,1.285076718365458,1.4862087490040821e-46,4.0370921609900185e-45,Basal-up,ENSG00000279227.1,ENSG00000279227,AC009303.4,44.39393133616002
2.2661924120782957,0.9819363584291044,1.2842560536491914,2.8780978669722195e-24,2.0306007261820414e-23,Basal-up,ENSG00000285759.1,ENSG00000285759,AL138885.3,22.69237546283976
12.410029718300702,11.125781917801138,1.284247800499564,1.6063153447056643e-42,3.352720971831222e-41,Basal-up,ENSG00000176014.13,ENSG00000176014,TUBB6,40.47460258896201
5.1037074261049336,3.819564760162218,1.2841426659427158,4.105669661584067e-22,2.5438456017799984e-21,Basal-up,ENSG00000268601.1,ENSG00000268601,AC115522.1,20.594509251643846
8.173261965713914,6.889475586038882,1.283786379675032,2.1590688623409164e-20,1.2074072116394313e-19,Basal-up,ENSG00000206195.11,ENSG00000206195,DUXAP8,18.91814623450718
3.623415044495897,2.3396548328862754,1.2837602116096214,7.62128781954876e-16,3.198306607358216e-15,Basal-up,ENSG00000287185.1,ENSG00000287185,AC041005.1,14.495079904723319
9.116540481093141,7.833072406181694,1.2834680749114469,4.423453988928205e-32,5.017738670351047e-31,Basal-up,ENSG00000176890.16,ENSG00000176890,TYMS,30.29949196099269
10.892021447202879,9.608890714397756,1.2831307328051231,4.3610568090983714e-37,6.620589865986297e-36,Basal-up,ENSG00000160957.14,ENSG00000160957,RECQL4,35.17910331507231
3.942418413233518,2.6596143898150437,1.2828040234184743,6.881298288912641e-09,1.7631946081971545e-08,Basal-up,ENSG00000170231.16,ENSG00000170231,FABP6,7.753699750887408
7.4148230599640454,6.13273194071488,1.2820911192491655,7.009078439208287e-19,3.584746861188004e-18,Basal-up,ENSG00000125845.7,ENSG00000125845,BMP2,17.445541506849942
11.952317498546769,10.670597393779314,1.2817201047674551,2.8367171706120895e-47,8.003935989807847e-46,Basal-up,ENSG00000096063.16,ENSG00000096063,SRPK1,45.09669639322228
12.075112918435174,10.79367369684579,1.281439221589384,2.0928610303659012e-38,3.4304499627317856e-37,Basal-up,ENSG00000147454.14,ENSG00000147454,SLC25A37,36.46464891100248
12.048854495028507,10.76752390428031,1.2813305907481976,5.239501202707161e-47,1.455079372947341e-45,Basal-up,ENSG00000013810.20,ENSG00000013810,TACC3,44.83711331575516
10.293301800513484,9.013009246416372,1.2802925540971124,3.47717914330914e-21,2.0401723242380952e-20,Basal-up,ENSG00000088899.15,ENSG00000088899,LZTS3,19.6903331481109
3.8261218258701035,2.5461957954841585,1.279926030385945,8.28735332877369e-22,5.028821208915533e-21,Basal-up,ENSG00000186431.19,ENSG00000186431,FCAR,20.298533804697566
4.431007189810685,3.1515756111928757,1.279431578617809,6.043272223038046e-21,3.4952547996770843e-20,Basal-up,ENSG00000231793.5,ENSG00000231793,DOC2GP,19.456521159242982
10.461070610029537,9.18195243217639,1.2791181778531477,6.88374268953636e-37,1.0314843761880143e-35,Basal-up,ENSG00000163923.10,ENSG00000163923,RPL39L,34.98653734586506
3.0939356736569796,1.8148704874532897,1.27906518620369,1.7777436440677219e-31,1.9492956149542048e-30,Basal-up,ENSG00000224126.2,ENSG00000224126,UBE2SP2,29.710122294177385
10.897642765285886,9.61875699256486,1.2788857727210257,1.0490670464625062e-35,1.4548914934804803e-34,Basal-up,ENSG00000110660.15,ENSG00000110660,SLC35F2,33.83716939536529
7.082242459003656,5.803780400401423,1.2784620586022335,5.705532106776611e-34,7.200656484154818e-33,Basal-up,ENSG00000251396.7,ENSG00000251396,LINC01301,32.1426279071175
4.935625926737867,3.657318066304086,1.278307860433781,2.797545088812656e-26,2.244464130612739e-25,Basal-up,ENSG00000231527.7,ENSG00000231527,FAM27C,24.64888733078424
5.579629726193718,4.301821359380257,1.2778083668134617,1.692720434587088e-27,1.4707099265774802e-26,Basal-up,ENSG00000235072.2,ENSG00000235072,ARNILA,25.83247297629314
2.7760976186260593,1.4982948271462149,1.2778027914798444,6.930104704037781e-27,5.771818372411137e-26,Basal-up,ENSG00000232194.1,ENSG00000232194,Z99943.1,25.238687343742903
3.4006588119035586,2.12286345000677,1.2777953618967888,1.078911850773652e-25,8.325305073188955e-25,Basal-up,ENSG00000258881.6,ENSG00000258881,AC007040.2,24.07959984320603
5.318021181592874,4.040249095069478,1.2777720865233961,7.521303767781971e-19,3.840860790616265e-18,Basal-up,ENSG00000228412.9,ENSG00000228412,LNC-LBCS,17.415571433257316
2.7355523765784486,1.4579111303456305,1.2776412462328182,2.3121552586242146e-34,2.990102016554154e-33,Basal-up,ENSG00000232369.1,ENSG00000232369,PPIAP35,32.524313994126835
14.836601024043974,13.559072091719596,1.277528932324378,6.059274156558934e-26,4.7488162199638885e-25,Basal-up,ENSG00000160932.11,ENSG00000160932,LY6E,24.323414637366806
4.502669360744262,3.2252765927235707,1.2773927680206913,3.1691576491837413e-22,1.9756400297682538e-21,Basal-up,ENSG00000144821.10,ENSG00000144821,MYH15,20.704292182889443
1.635296141837599,0.3586380054835607,1.2766581363540384,2.45806936274097e-27,2.1088939093697802e-26,Basal-up,ENSG00000286642.1,ENSG00000286642,AC091646.1,25.675945267455482
7.981867260622868,6.705299862087771,1.2765673985350974,7.81482842203769e-20,4.21688745503386e-19,Basal-up,ENSG00000187699.10,ENSG00000187699,C2orf88,18.375007989762942
4.402636181678348,3.126155713769786,1.276480467908562,3.55913394251883e-20,1.9596282810977526e-19,Basal-up,ENSG00000144852.19,ENSG00000144852,NR1I2,18.707826301489607
5.35060148331693,4.074715525046101,1.2758859582708286,4.336944512959296e-06,8.843261760106795e-06,Basal-up,ENSG00000169594.13,ENSG00000169594,BNC1,5.0533875196996165
2.3322826168799793,1.0567945710935576,1.2754880457864217,1.4606037932381932e-23,9.8708546672065e-23,Basal-up,ENSG00000204657.4,ENSG00000204657,OR2H2,22.005645242347384
7.831612015606914,6.55751069345881,1.2741013221481037,1.6852417604904777e-17,7.878563990465942e-17,Basal-up,ENSG00000049249.9,ENSG00000049249,TNFRSF9,16.103552933252697
10.491364737309063,9.21754164276826,1.273823094540802,1.2334778291236712e-18,6.218249040671107e-18,Basal-up,ENSG00000101333.17,ENSG00000101333,PLCB4,17.20633188846469
12.321994492539073,11.048296644448211,1.2736978480908618,7.580975321102894e-38,1.2026232501815854e-36,Basal-up,ENSG00000167900.12,ENSG00000167900,TK1,35.919870404242424
2.3447418544988303,1.0710646354754527,1.2736772190233776,2.2482644029004275e-07,5.122473000626857e-07,Basal-up,ENSG00000235026.6,ENSG00000235026,DPP10-AS1,6.290520321986732
7.662156871995538,6.389008161919914,1.273148710075624,7.460111991939042e-31,7.900883221794525e-30,Basal-up,ENSG00000134627.12,ENSG00000134627,PIWIL4,29.102324357201812
2.1301146653046827,0.8578532552700782,1.2722614100346046,1.3342426918543372e-27,1.165289604766998e-26,Basal-up,ENSG00000260782.1,ENSG00000260782,AC007225.1,25.933566127752194
4.33538422605493,3.063232143060845,1.2721520829940847,5.101711486130859e-13,1.7682697654338371e-12,Basal-up,ENSG00000277200.1,ENSG00000277200,AC005696.4,11.75245147874481
5.457900045083851,4.185855460388453,1.272044584695398,5.396415472505408e-16,2.2911696850966597e-15,Basal-up,ENSG00000128218.8,ENSG00000128218,VPREB3,14.639942745567392
9.458013015194577,8.186551730445105,1.2714612847494724,6.666789513274061e-39,1.1195931086420166e-37,Basal-up,ENSG00000100162.15,ENSG00000100162,CENPM,36.95093978338197
7.444851113203725,6.173754947683104,1.2710961655206212,1.4695134443022248e-17,6.887316925756512e-17,Basal-up,ENSG00000065675.15,ENSG00000065675,PRKCQ,16.16194993212425
10.169573728520692,8.89874197470235,1.2708317538183422,8.870087684196182e-26,6.884124546752859e-25,Basal-up,ENSG00000118495.20,ENSG00000118495,PLAGL1,24.162151281069896
1.5659026653436507,0.29567361025582767,1.270229055087823,2.5626478764278383e-38,4.178013463903752e-37,Basal-up,ENSG00000271021.1,ENSG00000271021,AC239600.1,36.379030164812946
5.261495426745477,3.992210411737562,1.2692850150079154,1.6042740962407014e-05,3.110374672102974e-05,Basal-up,ENSG00000112761.21,ENSG00000112761,CCN6,4.507187293215593
6.7736315058601955,5.504494701206613,1.2691368046535825,7.733238527276666e-14,2.84261602625632e-13,Basal-up,ENSG00000134323.12,ENSG00000134323,MYCN,12.546281799803115
11.65528472354403,10.386252315671541,1.2690324078724888,4.3755605071149416e-44,1.0199498483900755e-42,Basal-up,ENSG00000197329.12,ENSG00000197329,PELI1,41.99142118226055
2.8063621317600838,1.5374512117272328,1.268910920032851,5.112844763609552e-13,1.7717621883199854e-12,Basal-up,ENSG00000288611.1,ENSG00000288611,NPBWR1,11.751594570954252
11.915876854106138,10.648142381344481,1.2677344727616564,3.651592785020744e-46,9.630321805971309e-45,Basal-up,ENSG00000146386.8,ENSG00000146386,ABRACL,44.01635920028746
6.12382643450729,4.856173142595878,1.2676532919114116,7.340728586959469e-21,4.2220525434948763e-20,Basal-up,ENSG00000104808.8,ENSG00000104808,DHDH,19.37447636619466
2.591144481346784,1.3235428638803146,1.2676016174664695,1.061038253225256e-18,5.3725078924638346e-18,Basal-up,ENSG00000237596.7,ENSG00000237596,AL138828.1,17.26982293783727
1.8621990395967525,0.5953106491944534,1.2668883904022992,7.949597943003034e-22,4.829989542313969e-21,Basal-up,ENSG00000254287.1,ENSG00000254287,AC007991.4,20.31605380956324
2.138243975288292,0.871709040115857,1.266534935172435,1.2410658821012579e-29,1.2180407399563128e-28,Basal-up,ENSG00000280278.1,ENSG00000280278,FLJ30679,27.91433818556002
9.353185700060168,8.08717980204581,1.2660058980143578,1.6386305272276293e-24,1.1769208329262939e-23,Basal-up,ENSG00000111199.12,ENSG00000111199,TRPV4,22.929252749543654
5.715450173910856,4.449580997940276,1.2658691759705798,1.390575513568468e-35,1.9174039989640085e-34,Basal-up,ENSG00000284052.1,ENSG00000284052,AC006460.2,33.717286371193275
3.428741463167096,2.163220000934664,1.265521462232432,2.041673741930173e-17,9.49062596442926e-17,Basal-up,ENSG00000224535.2,ENSG00000224535,LINC02771,16.022705142269007
9.747693174866365,8.482357925028033,1.2653352498383317,4.5873878952432974e-35,6.1630958817056245e-34,Basal-up,ENSG00000082269.17,ENSG00000082269,FAM135A,33.21020107572677
2.362425206347071,1.0979909675965156,1.2644342387505554,4.627087485756248e-20,2.5297663109207215e-19,Basal-up,ENSG00000186831.11,ENSG00000186831,KRT17P2,18.596919595253063
6.433610943124453,5.169703223445499,1.2639077196789543,1.2336323424959088e-18,6.218249040671107e-18,Basal-up,ENSG00000204380.4,ENSG00000204380,PKP4-AS1,17.20633188846469
3.6389419430565164,2.3759376892215314,1.263004253834985,4.192024689152312e-10,1.1785344928322193e-09,Basal-up,ENSG00000287189.1,ENSG00000287189,AL121956.7,8.928657702212648
2.1086224677272507,0.8466587502139326,1.2619637175133183,2.3488197530910815e-15,9.536390276600418e-15,Basal-up,ENSG00000254675.1,ENSG00000254675,AP003032.1,14.020615983746284
2.1727597611090945,0.911003118642914,1.2617566424661806,4.1548251984054996e-17,1.886357045246544e-16,Basal-up,ENSG00000287464.1,ENSG00000287464,AC100810.7,15.724376101575107
2.8129249143626764,1.5512376454852976,1.2616872688773788,1.6624859365940545e-22,1.0548273442103484e-21,Basal-up,ENSG00000282572.2,ENSG00000282572,AC215522.2,20.976818620549306
12.109989550259304,10.849891238808793,1.2600983114505109,3.703838411064321e-44,8.669878738748327e-43,Basal-up,ENSG00000134057.15,ENSG00000134057,CCNB1,42.06198697674072
6.18465324127857,4.924734556177185,1.2599186851013853,3.2200420098175955e-32,3.6838159784670924e-31,Basal-up,ENSG00000255624.3,ENSG00000255624,C10orf88B,30.43370207270223
2.9107247923827932,1.6512824040196012,1.259442388363192,2.111803698699921e-17,9.801669894824335e-17,Basal-up,ENSG00000233718.8,ENSG00000233718,MYCNOS,16.008699927947685
3.032514403847321,1.7740462904898084,1.2584681133575124,4.522086862466969e-15,1.8042204284265733e-14,Basal-up,ENSG00000286271.2,ENSG00000286271,AC008945.2,13.743710404154843
11.001687358591635,9.744079461316927,1.257607897274708,2.7377338875094547e-22,1.7124247044097207e-21,Basal-up,ENSG00000104998.4,ENSG00000104998,IL27RA,20.766388515414096
6.483660406857796,5.226704042962009,1.256956363895787,4.505872351980565e-37,6.828066963760785e-36,Basal-up,ENSG00000245614.4,ENSG00000245614,DDX11-AS1,35.16570222835268
3.328776050275892,2.0721008777598793,1.2566751725160126,3.1403842801862205e-17,1.4380557523475697e-16,Basal-up,ENSG00000232528.3,ENSG00000232528,AL109809.1,15.842224276354013
10.945434854154858,9.689173010785511,1.2562618433693462,5.352647978238828e-42,1.0808479531961777e-40,Basal-up,ENSG00000160949.17,ENSG00000160949,TONSL,39.96623539553072
8.113971192678257,6.857727327985814,1.2562438646924425,1.1518748678493652e-19,6.153122800049517e-19,Basal-up,ENSG00000143847.15,ENSG00000143847,PPFIA4,18.210904417456796
1.847948411082487,0.5923802674486943,1.2555681436337927,1.3500885176674439e-29,1.3236316792106675e-28,Basal-up,ENSG00000196289.7,ENSG00000196289,BECN2,27.878232847177234
9.118004166629111,7.863008219967759,1.254995946661352,7.028166117888514e-22,4.28490593436928e-21,Basal-up,ENSG00000187193.9,ENSG00000187193,MT1X,20.36805870761074
2.989118885860091,1.7341280461499626,1.2549908397101284,1.1057839260169435e-24,8.029869410764285e-24,Basal-up,ENSG00000287042.1,ENSG00000287042,AC090945.1,23.095291517566356
2.4105476002188513,1.1556404510216294,1.254907149197222,1.2094803612161384e-21,7.274678217829708e-21,Basal-up,ENSG00000224478.3,ENSG00000224478,AL356417.1,20.138186212144344
8.650869569394482,7.395969206206752,1.2549003631877298,1.646239128937125e-38,2.716983535301449e-37,Basal-up,ENSG00000148803.12,ENSG00000148803,FUOM,36.56591299336326
11.250561042090174,9.995921328499525,1.2546397135906489,8.415792364054421e-57,4.670486093428877e-55,Basal-up,ENSG00000183527.12,ENSG00000183527,PSMG1,54.33063791671276
1.829362940076237,0.5751696460212254,1.2541932940550116,6.781970017305526e-19,3.4707119844287215e-18,Basal-up,ENSG00000226943.3,ENSG00000226943,ALG1L5P,17.459581424577845
2.1469507485478694,0.8929292048774553,1.254021543670414,9.276183128958888e-21,5.2997726006937436e-20,Basal-up,ENSG00000197110.9,ENSG00000197110,IFNL3,19.275742764433662
11.996115849655048,10.74253821327654,1.253577636378509,5.2518401346049416e-40,9.49523631671832e-39,Basal-up,ENSG00000145860.12,ENSG00000145860,RNF145,38.02249422210447
6.754264077890933,5.500742347410657,1.2535217304802755,8.728809285754321e-08,2.052684771001016e-07,Basal-up,ENSG00000154080.14,ENSG00000154080,CHST9,6.687677739731324
10.370772007569947,9.117707283342783,1.2530647242271638,1.7706823668288063e-25,1.346795392241924e-24,Basal-up,ENSG00000072195.15,ENSG00000072195,SPEG,23.870698378122476
2.4380854680115753,1.1850274888113248,1.2530579792002505,3.516290952494006e-14,1.3219240567126157e-13,Basal-up,ENSG00000206069.6,ENSG00000206069,TMEM211,12.878793493941162
2.1042769144347835,0.8512543892069419,1.2530225252278417,4.2679782874583715e-11,1.2928125085451348e-10,Basal-up,ENSG00000180861.9,ENSG00000180861,LINC01559,9.888464454553826
4.2594754676485,3.007039244770889,1.2524362228776105,3.740831551294574e-14,1.4038588625100104e-13,Basal-up,ENSG00000230699.2,ENSG00000230699,AL645608.2,12.852676551974133
3.297806090374562,2.045715198678576,1.2520908916959859,4.129364362938818e-10,1.1618928351020666e-09,Basal-up,ENSG00000149972.11,ENSG00000149972,CNTN5,8.934833926394978
2.4641568141281724,1.2124851666855323,1.2516716474426401,2.7020091236855097e-23,1.7952694910988757e-22,Basal-up,ENSG00000258245.1,ENSG00000258245,RPL10P13,21.745870349474355
10.363091432012052,9.11238521994958,1.2507062120624717,3.6880555788244e-43,7.980866559211999e-42,Basal-up,ENSG00000198689.13,ENSG00000198689,SLC9A6,41.09794995057261
1.9328572994171302,0.6821613438629833,1.2506959555541468,3.658781394973342e-27,3.107229601203608e-26,Basal-up,ENSG00000241622.1,ENSG00000241622,RARRES2P1,25.50762665442073
2.3873378398234117,1.1366828473143906,1.2506549925090211,8.701599160818581e-27,7.206746950456635e-26,Basal-up,ENSG00000257443.1,ENSG00000257443,AC068305.2,25.14226072699699
4.671144747981322,3.4206287434299036,1.2505160045514185,3.6154960186649376e-16,1.5543340585564794e-15,Basal-up,ENSG00000185155.12,ENSG00000185155,MIXL1,14.808455636631455
5.9252591181186824,4.6752727590368215,1.249986359081861,1.14381518140796e-12,3.8720142275090704e-12,Basal-up,ENSG00000188282.12,ENSG00000188282,RUFY4,11.41206305556888
13.059903693941772,11.809951741092224,1.249951952849548,9.593801036670506e-22,5.799534909814163e-21,Basal-up,ENSG00000168394.11,ENSG00000168394,TAP1,20.236606833023295
11.584470053446566,10.334613431154473,1.2498566222920928,2.0654241654284445e-27,1.7807373005610994e-26,Basal-up,ENSG00000167191.12,ENSG00000167191,GPRC5B,25.74940014417048
8.898675554897876,7.649104987169872,1.2495705677280036,1.0325617080582575e-40,1.938482002429453e-39,Basal-up,ENSG00000122483.17,ENSG00000122483,CCDC18,38.71253822678567
5.392262348546879,4.142722910185915,1.249539438360964,2.0415123775234575e-20,1.1439567852655682e-19,Basal-up,ENSG00000226329.2,ENSG00000226329,AC005682.1,18.94159038137795
1.7576722396062678,0.5099852330495349,1.247687006556733,4.60610506340527e-27,3.884192244662759e-26,Basal-up,ENSG00000280890.1,ENSG00000280890,ELDR,25.410699283210473
9.469113943002494,8.22173218184962,1.2473817611528748,4.053686594299169e-18,1.9701257741178506e-17,Basal-up,ENSG00000198915.12,ENSG00000198915,RASGEF1A,16.705506047309612
11.103373476792745,9.855992259515414,1.247381217277331,3.1106155079054024e-38,5.029803754220409e-37,Basal-up,ENSG00000076382.17,ENSG00000076382,SPAG5,36.298448959302284
12.017846703337154,10.770494725098263,1.2473519782388909,9.949225124956602e-30,9.834798766987476e-29,Basal-up,ENSG00000139146.14,ENSG00000139146,SINHCAF,28.007234521894215
3.5703361453816953,2.3233100688063684,1.247026076575327,2.738610772634611e-25,2.0614918728657573e-24,Basal-up,ENSG00000220517.2,ENSG00000220517,ASS1P1,23.685818373002576
5.787352264148513,4.540333160715702,1.2470191034328115,3.657920005099346e-14,1.3741284161260793e-13,Basal-up,ENSG00000140279.13,ENSG00000140279,DUOX2,12.861972679351496
4.459887989842626,3.213183331310376,1.2467046585322499,0.003366336554648173,0.005132805736526872,Basal-up,ENSG00000281990.1,ENSG00000281990,IGHV1-69-2,2.289645172355435
2.0388337249145323,0.792341777473789,1.2464919474407434,4.384138688572309e-15,1.7509392212670534e-14,Basal-up,ENSG00000265185.6,ENSG00000265185,SNORD3B-1,13.756728928917386
8.003659986867808,6.757305282930118,1.2463547039376897,1.2833653444856822e-21,7.709391818487467e-21,Basal-up,ENSG00000161682.15,ENSG00000161682,FAM171A2,20.11297988139042
2.3130032936204628,1.0674655904038233,1.2455377032166395,2.4746081781679047e-24,1.7518239943439952e-23,Basal-up,ENSG00000271086.7,ENSG00000271086,NAMA,22.756509529517785
2.7789534090375168,1.5344925031271075,1.2444609059104093,9.205262179899063e-20,4.947256505855645e-19,Basal-up,ENSG00000279092.1,ENSG00000279092,AC025678.3,18.30563557170784
2.6225402299729015,1.379506867616129,1.2430333623567724,1.9162357817096878e-17,8.92362092288257e-17,Basal-up,ENSG00000075429.9,ENSG00000075429,CACNG5,16.049458886908713
2.6093500747981375,1.366486960177955,1.2428631146201825,6.225656522269122e-31,6.616487210731165e-30,Basal-up,ENSG00000179165.11,ENSG00000179165,PXT1,29.179372522630015
2.0822631909860614,0.839435928002805,1.2428272629832564,2.681145957550974e-07,6.073664425025927e-07,Basal-up,ENSG00000286056.1,ENSG00000286056,AC008055.2,6.2165492068835935
1.9498684224199656,0.7071795242742264,1.2426888981457394,3.3967158411343545e-25,2.5409041507436636e-24,Basal-up,ENSG00000224057.1,ENSG00000224057,EGFR-AS1,23.59501171731415
4.024598836771466,2.782667524040438,1.2419313127310274,2.778201357041812e-17,1.2770887203516392e-16,Basal-up,ENSG00000232692.1,ENSG00000232692,AP001596.1,15.893778930911418
6.0850803406308165,4.843173729080483,1.2419066115503332,2.2384103278598352e-17,1.0363468810754375e-16,Basal-up,ENSG00000214290.8,ENSG00000214290,COLCA2,15.984494855283888
9.997578590489022,8.75588352394628,1.2416950665427429,7.808171804762562e-41,1.4778651546902375e-39,Basal-up,ENSG00000183696.14,ENSG00000183696,UPP1,38.830365190599906
3.336237180598349,2.094863072552028,1.2413741080463208,1.2160443552907043e-23,8.254719884435886e-23,Basal-up,ENSG00000243230.1,ENSG00000243230,AC011005.4,22.08329765949481
4.114210718575944,2.8738287319723694,1.2403819866035741,6.2410011817887056e-30,6.254061572901567e-29,Basal-up,ENSG00000176236.6,ENSG00000176236,RPP38-DT,28.203837847327215
3.560145000043552,2.320638333050627,1.2395066669929253,3.7897720835005006e-23,2.49672091664577e-22,Basal-up,ENSG00000256196.2,ENSG00000256196,AP003721.1,21.602630000353734
10.755690136099089,9.51624625318213,1.2394438829169587,2.3655312974929328e-43,5.202927105771857e-42,Basal-up,ENSG00000107833.10,ENSG00000107833,NPM3,41.283752258628816
4.164187828609172,2.9249634414018884,1.2392243872072832,6.748000743878724e-12,2.17263456857953e-11,Basal-up,ENSG00000086159.13,ENSG00000086159,AQP6,10.663013314726665
5.485842621578894,4.246948022599807,1.238894598979087,6.038809130152434e-32,6.797208933603411e-31,Basal-up,ENSG00000235587.2,ENSG00000235587,GAPDHP65,30.167669380465195
11.947711535973037,10.709961908150273,1.2377496278227635,6.144806517685051e-50,2.1147219145051633e-48,Basal-up,ENSG00000080608.10,ENSG00000080608,PUM3,47.674746734168956
1.7833911799085433,0.5459222190366743,1.237468960871869,4.186902421915598e-11,1.2696306240511206e-10,Basal-up,ENSG00000225206.10,ENSG00000225206,MIR137HG,9.896322610752252
12.37649107391977,11.140092069083714,1.2363990048360556,3.0547919597245246e-06,6.31104015346478e-06,Basal-up,ENSG00000242265.6,ENSG00000242265,PEG10,5.199899056654141
2.2276656519024396,0.9920462550439643,1.2356193968584752,6.949121625379754e-30,6.940839001273222e-29,Basal-up,ENSG00000253283.1,ENSG00000253283,AC091175.1,28.158588029314622
11.768251655745953,10.533215477646298,1.235036178099655,8.296136100851706e-44,1.8956133749185358e-42,Basal-up,ENSG00000164983.7,ENSG00000164983,TMEM65,41.72225023570126
3.54157829973781,2.3065819165101127,1.2349963832276973,1.8705179974437266e-09,5.008368342065158e-09,Basal-up,ENSG00000093134.15,ENSG00000093134,VNN3,8.300303738295286
4.859021806801307,3.624424742111387,1.23459706468992,9.275317992076669e-11,2.740732185246914e-10,Basal-up,ENSG00000233532.6,ENSG00000233532,LINC00460,9.56213340012339
9.369256683935609,8.134992194651291,1.2342644892843175,5.449084509292739e-07,1.2043604955261284e-06,Basal-up,ENSG00000211668.2,ENSG00000211668,IGLV2-11,5.919243498307392
5.0535182191817904,3.8192650432724093,1.234253175909381,4.74515086968113e-21,2.764774155253111e-20,Basal-up,ENSG00000279692.1,ENSG00000279692,AC110285.6,19.55834033891019
2.0276990377190485,0.793795775487914,1.2339032622311343,3.331315398247023e-24,2.338548526685659e-23,Basal-up,ENSG00000261949.6,ENSG00000261949,GFY,22.6310536137165
9.566730983210638,8.333206118944403,1.2335248642662346,5.5667999716010755e-36,7.866742624286175e-35,Basal-up,ENSG00000165359.16,ENSG00000165359,INTS6L,34.104205058383144
1.6556734718899078,0.4222249784076431,1.2334484934822647,8.144458298685048e-22,4.944796996412295e-21,Basal-up,ENSG00000173699.16,ENSG00000173699,SPATA3,20.305851533216984
8.606176054090149,7.372731364504398,1.2334446895857507,8.51918883594457e-14,3.1219329810961184e-13,Basal-up,ENSG00000181847.12,ENSG00000181847,TIGIT,12.505576424224449
3.7876502158350966,2.5543136416925853,1.2333365741425113,2.487087439644023e-23,1.6564111062361943e-22,Basal-up,ENSG00000248099.4,ENSG00000248099,INSL3,21.78083186621547
4.906031268303538,3.672748390884039,1.2332828774194993,7.39426568539829e-38,1.174115517643537e-36,Basal-up,ENSG00000260456.7,ENSG00000260456,C16orf95,35.930289172077245
10.526895303259597,9.293649267092436,1.233246036167161,1.5497171588497134e-35,2.1289557034689507e-34,Basal-up,ENSG00000146263.11,ENSG00000146263,MMS22L,33.671833374700306
1.539725836891897,0.30672932623021837,1.2329965106616785,6.693242994501094e-37,1.0033877691219887e-35,Basal-up,ENSG00000236508.1,ENSG00000236508,ATP13A5-AS1,34.99853119714443
2.6781280551146964,1.445790474313446,1.2323375808012504,4.3660188809087426e-16,1.866457759062123e-15,Basal-up,ENSG00000180251.5,ENSG00000180251,SLC9A4,14.728981834408353
2.3468584750780535,1.1148285268770812,1.2320299482009722,9.103701149957154e-21,5.207441340385048e-20,Basal-up,ENSG00000136931.10,ENSG00000136931,NR5A1,19.283375613495544
3.9284713531527355,2.69716172919541,1.2313096239573253,6.44830401942329e-08,1.5318720817226696e-07,Basal-up,ENSG00000211900.2,ENSG00000211900,IGHJ6,6.8147774987513445
1.697084434737098,0.46614214116112457,1.2309422935759733,1.9955210319091482e-41,3.90483741912403e-40,Basal-up,ENSG00000213684.4,ENSG00000213684,LDHBP2,39.408397043591336
10.066222053095371,8.835320459979226,1.2309015931161458,2.622979522504356e-45,6.566263898009411e-44,Basal-up,ENSG00000120647.10,ENSG00000120647,CCDC77,43.182681666969735
9.687116043840557,8.456271865223567,1.2308441786169908,8.716004433849207e-17,3.877893132766464e-16,Basal-up,ENSG00000112812.16,ENSG00000112812,PRSS16,15.411404163408248
5.44177643949457,4.210992319758349,1.2307841197362208,3.015820046210447e-23,1.9994123407629388e-22,Basal-up,ENSG00000224812.3,ENSG00000224812,TMEM72-AS1,21.69909763166923
7.281471400438399,6.050954642058748,1.2305167583796504,2.2362864746544088e-17,1.0355065980165186e-16,Basal-up,ENSG00000243069.8,ENSG00000243069,ARHGEF26-AS1,15.984847129534376
1.841534831016908,0.6112618622259335,1.2302729687909744,8.652738135274511e-30,8.581058647763362e-29,Basal-up,ENSG00000236972.2,ENSG00000236972,FABP5P1,28.066459129806297
10.27983675228685,9.049818938496779,1.2300178137900701,2.1600389170487954e-24,1.5382303908960192e-23,Basal-up,ENSG00000164649.20,ENSG00000164649,CDCA7L,22.81297861251813
8.865289429275302,7.635424393968722,1.22986503530658,1.3758491049337395e-32,1.6069150521734825e-31,Basal-up,ENSG00000158402.20,ENSG00000158402,CDC25C,30.79400708113798
8.803365894404793,7.5737492878659936,1.2296166065387997,1.1878609356342574e-41,2.3532564162210585e-40,Basal-up,ENSG00000160999.10,ENSG00000160999,SH2B2,39.62833074852197
1.9480035807138916,0.719054111652106,1.2289494690617855,9.696016629965136e-11,2.8602523755736283e-10,Basal-up,ENSG00000259676.1,ENSG00000259676,AC103982.1,9.543595645023643
8.65813018498082,7.42942386494354,1.22870632003728,2.6652472481544113e-06,5.536974760343097e-06,Basal-up,ENSG00000211937.3,ENSG00000211937,IGHV2-5,5.256727456164552
4.720390125105626,3.491979123832388,1.2284110012732383,4.4094996081897304e-06,8.98082554785027e-06,Basal-up,ENSG00000276566.1,ENSG00000276566,IGKV1D-13,5.046683739680499
9.974180940376593,8.74605585777138,1.2281250826052137,1.9734321771436722e-07,4.5162454139315826e-07,Basal-up,ENSG00000211653.2,ENSG00000211653,IGLV1-40,6.34522246643255
2.9568098394624154,1.729111786948319,1.2276980525140964,2.40022377187967e-29,2.315266211033282e-28,Basal-up,ENSG00000272662.1,ENSG00000272662,AC073352.1,27.63539906627202
2.050810186361775,0.8233885767710846,1.2274216095906905,6.681855070298908e-31,7.09008489890533e-30,Basal-up,ENSG00000235748.1,ENSG00000235748,SEPTIN14P12,29.149348564407152
8.389188929655466,7.1619400535995394,1.2272488760559268,2.50089760673477e-16,1.0861633555033622e-15,Basal-up,ENSG00000173762.8,ENSG00000173762,CD7,14.96410485333048
9.94932220847447,8.72261001153959,1.22671219693488,4.1868949020491467e-41,8.02428342576829e-40,Basal-up,ENSG00000112029.10,ENSG00000112029,FBXO5,39.09559373999844
12.747596279452258,11.52140397718905,1.2261923022632075,5.937316026508911e-34,7.481911022878898e-33,Basal-up,ENSG00000156802.13,ENSG00000156802,ATAD2,32.12598746086683
3.8421749944078503,2.616489408249426,1.2256855861584244,2.381896179493735e-09,6.32806213336213e-09,Basal-up,ENSG00000232044.7,ENSG00000232044,SILC1,8.19872926528095
2.149297346261332,0.9237560897393547,1.2255412565219772,1.0658546718264461e-22,6.839098123970611e-22,Basal-up,ENSG00000174417.3,ENSG00000174417,TRHR,21.16500116518154
3.2461049733261973,2.0210139498986375,1.2250910234275598,8.152261041721e-37,1.2155862549754804e-35,Basal-up,ENSG00000213539.4,ENSG00000213539,YBX1P6,34.91521421927164
3.936137428348534,2.7114851726761957,1.2246522556723383,9.045124608260068e-09,2.295348450820482e-08,Basal-up,ENSG00000240041.1,ENSG00000240041,IGHJ4,7.639151376017159
4.773922006243851,3.549283950204375,1.2246380560394763,5.360493573310948e-22,3.2939274899611914e-21,Basal-up,ENSG00000181585.7,ENSG00000181585,TMIE,20.482285965292657
6.3879908141791955,5.163550705709237,1.2244401084699588,2.809216042024488e-24,1.9828368441495228e-23,Basal-up,ENSG00000287431.1,ENSG00000287431,AC027601.5,22.702713019834384
2.6527211407213014,1.4298129126402959,1.2229082280810055,2.788441595770699e-11,8.5672376068042e-11,Basal-up,ENSG00000286296.1,ENSG00000286296,AC018445.6,10.067159188055037
1.7972163032743111,0.5744006594987042,1.2228156437756068,1.1684535819110509e-20,6.637275727107003e-20,Basal-up,ENSG00000234177.5,ENSG00000234177,LINC01114,19.178010140430313
12.698792818785344,11.476538198922544,1.2222546198628006,4.1740732534811885e-37,6.348227561555782e-36,Basal-up,ENSG00000115419.13,ENSG00000115419,GLS,35.19734751371357
3.7100891742375484,2.4882734531640103,1.221815721073538,2.8007393663497865e-33,3.391646804914915e-32,Basal-up,ENSG00000272582.1,ENSG00000272582,AL031587.3,31.469589380077768
7.335401090056394,6.114010662802611,1.221390427253783,1.6529408889311953e-20,9.305774033754394e-20,Basal-up,ENSG00000139572.4,ENSG00000139572,GPR84,19.031247497373894
6.572475347571697,5.351162433749733,1.2213129138219632,4.6863286986634335e-06,9.521501877754776e-06,Basal-up,ENSG00000147689.16,ENSG00000147689,FAM83A,5.0212945426053714
12.048289257790534,10.827724383169192,1.220564874621342,2.182489897385376e-59,1.4839160519342355e-57,Basal-up,ENSG00000071051.14,ENSG00000071051,NCK2,56.828590667259796
13.051662377859515,11.831099927857622,1.2205624500018928,2.794796592904916e-38,4.538836327237053e-37,Basal-up,ENSG00000171867.17,ENSG00000171867,PRNP,36.34305547785627
2.073557745752784,0.8530524756736482,1.220505270079136,3.335853127130686e-22,2.076082376929458e-21,Basal-up,ENSG00000143107.10,ENSG00000143107,FNDC7,20.682755418099056
3.9888622037194583,2.768410601609209,1.2204516021102494,1.30254545702719e-18,6.548871114376992e-18,Basal-up,ENSG00000231742.6,ENSG00000231742,LINC01273,17.183833556657117
6.1318821294903385,4.9114651899090624,1.220416939581276,2.500135462705212e-06,5.204927688334806e-06,Basal-up,ENSG00000135333.14,ENSG00000135333,EPHA7,5.283585299731797
3.387660191849018,2.1673645064915634,1.2202956853574545,1.5625610643878862e-26,1.2750011411461038e-25,Basal-up,ENSG00000264808.1,ENSG00000264808,AC068025.1,24.89448942652945
9.273917589088562,8.053628747971915,1.2202888411166466,1.7620000550375175e-20,9.90644781027467e-20,Basal-up,ENSG00000141579.7,ENSG00000141579,ZNF750,19.004082044096798
9.914402245742973,8.695147056471056,1.2192551892719177,2.763131752818761e-32,3.178052370940928e-31,Basal-up,ENSG00000186193.9,ENSG00000186193,SAPCD2,30.497838950356062
8.55121553703883,7.332022455872895,1.219193081165935,3.7937286019442553e-23,2.4988363674036437e-22,Basal-up,ENSG00000138336.9,ENSG00000138336,TET1,21.602262182072987
4.100865825031199,2.8819732565575724,1.2188925684736263,3.107634714741152e-13,1.0956970194396067e-12,Basal-up,ENSG00000278195.2,ENSG00000278195,SSTR3,11.960309519735196
9.958101976565203,8.740105758513062,1.217996218052141,2.1347764271344198e-51,8.122327563853093e-50,Basal-up,ENSG00000164758.7,ENSG00000164758,MED30,49.09031949991059
1.6569718404205986,0.44087624421278543,1.2160955962078133,8.92782854242472e-37,1.3282770206039796e-35,Basal-up,ENSG00000268818.2,ENSG00000268818,AL049747.1,34.87671134065079
3.4220739342451014,2.2061739041895176,1.2159000300555838,4.3994346622502385e-11,1.331308566205904e-10,Basal-up,ENSG00000188848.16,ENSG00000188848,BEND4,9.875721273549145
11.183454713597285,9.96778449933179,1.2156702142654954,1.6665054763845622e-33,2.0462001307110082e-32,Basal-up,ENSG00000106392.11,ENSG00000106392,C1GALT1,31.689051891927438
13.720247912376294,12.504675165394675,1.2155727469816195,3.990147544155159e-46,1.0498410178970245e-44,Basal-up,ENSG00000184216.14,ENSG00000184216,IRAK1,43.97887646309928
11.681906391562034,10.466337319058608,1.2155690725034258,4.5116686903652826e-51,1.6694483471791678e-49,Basal-up,ENSG00000129667.13,ENSG00000129667,RHBDF2,48.77742701349616
9.750922230258531,8.535362472760353,1.2155597574981787,1.5063833001453218e-32,1.7557012594183306e-31,Basal-up,ENSG00000129680.16,ENSG00000129680,MAP7D3,30.755549379331715
3.3720196607202286,2.156851963792106,1.2151676969281224,4.586724132380513e-21,2.67665377641704e-20,Basal-up,ENSG00000243422.2,ENSG00000243422,RPL23AP49,19.572407800914615
2.540271843531826,1.3255199457754603,1.2147518977563656,4.640970219397976e-18,2.2451338108561143e-17,Basal-up,ENSG00000232480.1,ENSG00000232480,TGFB2-AS1,16.648757769767737
3.6232933056161554,2.4086150328448688,1.2146782727712866,4.935887804161361e-16,2.1036788434732154e-15,Basal-up,ENSG00000106013.15,ENSG00000106013,ANKRD7,14.67702056069387
3.392299837366293,2.1783012878859496,1.2139985494803436,9.114985890199465e-07,1.977440470128057e-06,Basal-up,ENSG00000102290.22,ENSG00000102290,PCDH11X,5.703896581855086
8.81838230390742,7.604504321751999,1.213877982155421,8.047328486456037e-22,4.886711066413159e-21,Basal-up,ENSG00000091622.16,ENSG00000091622,PITPNM3,20.31098333847786
10.898073226939806,9.684231541303397,1.2138416856364085,1.2290599439212827e-42,2.586195186455832e-41,Basal-up,ENSG00000159259.8,ENSG00000159259,CHAF1B,40.58733870095532
9.978911530224536,8.765239898632439,1.2136716315920975,3.1269553533830252e-27,2.665027801815383e-26,Basal-up,ENSG00000134874.18,ENSG00000134874,DZIP1,25.57429825601376
12.369859866380622,11.156881108559004,1.2129787578216185,2.6060711416979463e-52,1.0653110325575019e-50,Basal-up,ENSG00000100297.16,ENSG00000100297,MCM5,49.972523575321695
2.3490162549122475,1.1364393304866993,1.2125769244255482,1.9934595288964718e-29,1.9362724835876482e-28,Basal-up,ENSG00000280053.1,ENSG00000280053,AC011199.1,27.713033526267544
2.133307270524999,0.9215909360301439,1.2117163344948554,5.154041267372733e-17,2.324276379420611e-16,Basal-up,ENSG00000186442.7,ENSG00000186442,KRT3,15.633712231307257
3.611177400562986,2.3995330783711393,1.2116443221918467,2.248594440295472e-13,8.011573728603766e-13,Basal-up,ENSG00000187862.12,ENSG00000187862,TTC24,12.096282166248171
7.292794429576137,6.081183240588319,1.2116111889878178,4.409389153041168e-31,4.7266621173629666e-30,Basal-up,ENSG00000128346.11,ENSG00000128346,C22orf23,29.325445441870876
5.973605655115277,4.762277149851271,1.2113285052640057,0.00019406938879955185,0.00033812598952965217,Basal-up,ENSG00000123407.4,ENSG00000123407,HOXC12,3.470921446579629
10.08383381851644,8.873265431472745,1.2105683870436952,3.123410370232219e-36,4.479962157046812e-35,Basal-up,ENSG00000180773.15,ENSG00000180773,SLC36A4,34.34872565454096
5.703196492068901,4.492747646939838,1.2104488451290631,7.636213230993315e-13,2.616702795981353e-12,Basal-up,ENSG00000189423.13,ENSG00000189423,USP32P3,11.582245601546251
3.6749641549260397,2.4651833772890543,1.2097807776369853,4.603483717707739e-10,1.289991424657778e-09,Basal-up,ENSG00000246095.2,ENSG00000246095,LINC01096,8.889413176705546
2.6580769433755402,1.4486952011770071,1.2093817421985331,4.1043112220269136e-30,4.147618696483031e-29,Basal-up,ENSG00000279862.1,ENSG00000279862,AC092964.1,28.38220117649348
9.834872264259799,8.625745713205191,1.2091265510546076,2.567198905849711e-53,1.1307819622087032e-51,Basal-up,ENSG00000138092.11,ENSG00000138092,CENPO,50.946621127822866
3.2216023965726954,2.0130096542923517,1.2085927422803437,1.264814762577282e-14,4.900206985851883e-14,Basal-up,ENSG00000229961.3,ENSG00000229961,AL357143.1,13.309785574886847
5.057823994819178,3.8493281620978888,1.2084958327212894,6.222317724603489e-18,2.9885669885185406e-17,Basal-up,ENSG00000125337.19,ENSG00000125337,KIF25,16.524537005040976
9.096990659748617,7.88864702107366,1.2083436386749566,1.381290546875573e-23,9.347514789425139e-23,Basal-up,ENSG00000122574.11,ENSG00000122574,WIPF3,22.029303839042356
3.6708662747483682,2.4631218353255813,1.207744439422787,2.871871680000925e-20,1.5930024609238956e-19,Basal-up,ENSG00000205837.7,ENSG00000205837,LINC00487,18.797783553285598
2.555788279250671,1.3481165698734323,1.2076717093772389,1.2603143872647274e-34,1.6515143964469765e-33,Basal-up,ENSG00000259394.2,ENSG00000259394,AC079328.1,32.78211763615953
10.40223144027511,9.194703289576049,1.2075281506990603,2.0812112023497522e-46,5.5899198319522194e-45,Basal-up,ENSG00000159147.18,ENSG00000159147,DONSON,44.252594420519735
6.37796672113417,5.170643575226235,1.2073231459079352,4.33605843274621e-05,8.070669035796155e-05,Basal-up,ENSG00000211951.2,ENSG00000211951,IGHV2-26,4.093090461992813
6.641851410683092,5.434751869766433,1.2070995409166585,6.8852518632139815e-12,2.2159735233310867e-11,Basal-up,ENSG00000135324.6,ENSG00000135324,MRAP2,10.654435432905657
2.4425940616594968,1.2355180462722075,1.2070760153872893,7.525837111863732e-08,1.7787763361279953e-07,Basal-up,ENSG00000250420.8,ENSG00000250420,AACSP1,6.749878656802029
12.320816651475194,11.113872053163332,1.2069445983118623,1.5617527308298776e-36,2.2880223574046106e-35,Basal-up,ENSG00000113368.12,ENSG00000113368,LMNB1,34.64053973615086
12.282513776907194,11.076220731362843,1.206293045544351,3.610744910414481e-36,5.150305080727379e-35,Basal-up,ENSG00000115107.20,ENSG00000115107,STEAP3,34.28816704456033
2.492060324428002,1.2860391992821463,1.206021125145856,1.548518694649557e-22,9.840065714626189e-22,Basal-up,ENSG00000249092.1,ENSG00000249092,PPIAP77,21.0070020012227
2.0089528436332467,0.8029766040391724,1.2059762395940743,6.635798862363889e-19,3.397983163251414e-18,Basal-up,ENSG00000253819.2,ENSG00000253819,LINC01151,17.468778777357826
3.6759440180870744,2.470549820658471,1.2053941974286033,5.1421906546679626e-30,5.168402720973616e-29,Basal-up,ENSG00000250471.2,ENSG00000250471,GMPSP1,28.28664365354967
1.8435002452712965,0.6382763316410092,1.2052239136302874,2.574330558424459e-16,1.1176215557361464e-15,Basal-up,ENSG00000287824.1,ENSG00000287824,AL627443.3,14.951705230509674
1.593578608573785,0.38840637111875376,1.2051722374550313,1.9417078853651484e-38,3.1873676942918595e-37,Basal-up,ENSG00000233953.1,ENSG00000233953,AC009970.1,36.49656783348552
8.95697444152333,7.751945463571622,1.2050289779517085,6.75736896512515e-42,1.3547069839174344e-40,Basal-up,ENSG00000100092.24,ENSG00000100092,SH3BP1,39.86815463027231
5.978244241837556,4.773318595769798,1.2049256460677586,1.4178214566391732e-31,1.565394440927045e-30,Basal-up,ENSG00000230002.3,ENSG00000230002,ALMS1-IT1,29.80537621279223
8.115850506070446,6.9114720198385555,1.2043784862318905,7.801971548147196e-17,3.479538135895343e-16,Basal-up,ENSG00000174871.11,ENSG00000174871,CNIH2,15.458478399255718
3.6016032020617743,2.3976471010875113,1.203956100974263,5.218494959831213e-19,2.68411770835572e-18,Basal-up,ENSG00000101977.21,ENSG00000101977,MCF2,17.571198442687677
6.041120617503935,4.837746787325875,1.2033738301780605,5.217549185535929e-22,3.207854891767504e-21,Basal-up,ENSG00000215417.13,ENSG00000215417,MIR17HG,20.493785285378518
7.002015635379062,5.7986582950277885,1.2033573403512738,1.0726079341696048e-07,2.505841786546219e-07,Basal-up,ENSG00000117215.15,ENSG00000117215,PLA2G2D,6.6010463528945555
7.013388091468447,5.810321737547163,1.203066353921284,5.5356491003415916e-08,1.321428271211011e-07,Basal-up,ENSG00000113396.13,ENSG00000113396,SLC27A6,6.878956405943323
4.608836580586654,3.40662434758513,1.2022122330015237,2.2246653687980515e-25,1.68141562935988e-24,Basal-up,ENSG00000270006.2,ENSG00000270006,AC010531.6,23.774324919977495
12.1331251975076,10.93097762012672,1.2021475773808792,2.1660301740365082e-51,8.222574341302803e-50,Basal-up,ENSG00000163872.16,ENSG00000163872,YEATS2,49.084992191317895
11.768859612815676,10.56710205099796,1.2017575618177165,7.740332960631216e-10,2.133859370345903e-09,Basal-up,ENSG00000138755.6,ENSG00000138755,CXCL9,8.670834205668461
12.311779026203777,11.110172467626676,1.201606558577101,2.684449418309158e-49,8.761708325386852e-48,Basal-up,ENSG00000183684.8,ENSG00000183684,ALYREF,47.057411208448805
11.835197165997263,10.633607351778277,1.2015898142189858,9.683126398617752e-35,1.2783709999277945e-33,Basal-up,ENSG00000115825.11,ENSG00000115825,PRKD3,32.89334308996546
10.892610039473219,9.69120629464199,1.2014037448312287,4.173360860374493e-37,6.348227561555782e-36,Basal-up,ENSG00000070882.13,ENSG00000070882,OSBPL3,35.19734751371357
8.392496068804,7.191283280226343,1.2012127885776573,2.0610278748929517e-11,6.407499013764769e-11,Basal-up,ENSG00000137265.15,ENSG00000137265,IRF4,10.193311451989844
6.148962612635713,4.948128662975495,1.2008339496602183,1.2577746218018447e-13,4.558888983866548e-13,Basal-up,ENSG00000182732.18,ENSG00000182732,RGS6,12.341140983424534
3.4763726757208624,2.2756034268013248,1.2007692489195376,4.018544929437643e-15,1.6085696923184833e-14,Basal-up,ENSG00000156510.13,ENSG00000156510,HKDC1,13.793560118266102
4.890485602668622,3.690199660353727,1.2002859423148946,2.1202049677642214e-23,1.4199654449441897e-22,Basal-up,ENSG00000271576.1,ENSG00000271576,AL359504.1,21.847722224104732
2.332992855558722,1.1327749426083973,1.2002179129503248,1.7973547121127364e-21,1.0722073313760263e-20,Basal-up,ENSG00000124232.11,ENSG00000124232,RBPJL,19.969721227547883
11.090533927394395,9.890590579571967,1.199943347822428,7.502174086670719e-35,9.963267646006438e-34,Basal-up,ENSG00000105011.9,ENSG00000105011,ASF1B,33.00159820295281
2.426404305399971,1.2266277160684973,1.1997765893314736,9.375719158872355e-27,7.748375399541453e-26,Basal-up,ENSG00000216867.2,ENSG00000216867,RPL22P12,25.11078934639383
2.3235298503275295,1.1241979916786333,1.1993318586488961,1.1861800052757374e-32,1.3907224126212912e-31,Basal-up,ENSG00000287061.1,ENSG00000287061,AC124248.2,30.856759546282102
6.073367019456501,4.874289721176845,1.199077298279656,9.095414786125607e-15,3.5566764305988135e-14,Basal-up,ENSG00000245648.2,ENSG00000245648,KLRK1-AS1,13.448955643050759
3.1944866193121655,1.9961433215266378,1.1983432977855277,1.0610582301665002e-28,9.863192422401853e-28,Basal-up,ENSG00000272267.2,ENSG00000272267,AC021242.3,27.005982494081888
3.7566531884896586,2.559413661018346,1.1972395274713126,6.918089760472047e-24,4.7656056056519323e-23,Basal-up,ENSG00000288018.1,ENSG00000288018,AP003120.1,22.321881902060152
7.6872540527821505,6.4901587936980905,1.19709525908406,2.8841953879944833e-05,5.4515749072727575e-05,Basal-up,ENSG00000211669.3,ENSG00000211669,IGLV3-10,4.263478016121177
4.700955775637377,3.504084879366344,1.196870896271033,2.9448286447942088e-18,1.444828105584044e-17,Basal-up,ENSG00000151948.12,ENSG00000151948,GLT1D1,16.840183818815355
6.402273644847527,5.205985094781903,1.1962885500656233,5.223865156601485e-17,2.3548138790920087e-16,Basal-up,ENSG00000274286.2,ENSG00000274286,ADRA2B,15.62804341315403
9.205973796997075,8.00994367042215,1.1960301265749251,5.360760656876285e-23,3.500734409088118e-22,Basal-up,ENSG00000253958.2,ENSG00000253958,CLDN23,21.45584083669078
11.464005673592267,10.26834879585329,1.1956568777389762,2.140987486609696e-28,1.9560071014215593e-27,Basal-up,ENSG00000142910.16,ENSG00000142910,TINAGL1,26.70862957280885
11.07854020895152,9.883107767776723,1.1954324411747965,1.3844481180642478e-26,1.1340836001347406e-25,Basal-up,ENSG00000134602.16,ENSG00000134602,STK26,24.945354929800285
2.080802083304569,0.8860500651894146,1.194752018115154,2.202659377274309e-19,1.1590760176802958e-18,Basal-up,ENSG00000137252.9,ENSG00000137252,HCRTR2,17.935888080018763
13.169900900632912,11.975170146762695,1.1947307538702177,7.430584348811854e-42,1.4861168697623709e-40,Basal-up,ENSG00000148484.18,ENSG00000148484,RSU1,39.827947035866764
5.714645980614034,4.519917379288928,1.1947286013251066,1.4421590063204357e-28,1.3313459072393556e-27,Basal-up,ENSG00000260924.2,ENSG00000260924,LINC01311,26.87570909246824
8.908384862611934,7.713714132260867,1.194670730351067,1.8753187528453105e-17,8.741577610259326e-17,Basal-up,ENSG00000121552.4,ENSG00000121552,CSTA,16.058410182285332
13.767611071070966,12.573035272901215,1.1945757981697511,8.680982534029149e-33,1.0264075292439402e-31,Basal-up,ENSG00000112655.16,ENSG00000112655,PTK7,30.98868017084094
1.975193073643678,0.7807263311126617,1.1944667425310165,2.164770819300638e-18,1.0723085246484025e-17,Basal-up,ENSG00000253858.1,ENSG00000253858,AC008619.1,16.96968024143933
2.0075597892074395,0.8131732174554813,1.1943865717519582,7.87729707589743e-10,2.1701898412433786e-09,Basal-up,ENSG00000285407.1,ENSG00000285407,AL033530.1,8.663502273802054
12.30055131319932,11.106531133199107,1.1940201800002122,8.575018718089788e-26,6.6643780994753e-25,Basal-up,ENSG00000159200.18,ENSG00000159200,RCAN1,24.17624037146658
10.579112382052532,9.385105419343917,1.194006962708615,3.665924484668491e-12,1.2004864080313385e-11,Basal-up,ENSG00000121005.9,ENSG00000121005,CRISPLD1,10.92064275268351
3.3088500095767426,2.1151233062704686,1.193726703306274,0.011254337816316774,0.01612159844457001,Basal-up,ENSG00000250366.3,ENSG00000250366,TUNAR,1.792591900419219
5.3643998192509645,4.170744321148039,1.1936554981029257,1.8770227529761604e-05,3.6134736204778824e-05,Basal-up,ENSG00000211639.2,ENSG00000211639,IGLV4-60,4.442075111424102
3.275658500672164,2.082194423412919,1.1934640772592453,0.000735054171557497,0.0012033119667223724,Basal-up,ENSG00000166091.21,ENSG00000166091,CMTM5,2.9196217642962385
2.5987821353187237,1.4054124331196378,1.193369702199086,2.817958359503207e-12,9.300705416556469e-12,Basal-up,ENSG00000211676.2,ENSG00000211676,IGLJ2,11.03148411091922
4.159874018948075,2.9665611426013427,1.1933128763467327,1.0264002033345588e-12,3.4868688371110173e-12,Basal-up,ENSG00000248362.1,ENSG00000248362,AC011352.1,11.457564388841481
8.667104476726232,7.47408129182244,1.193023184903792,1.0773143564785798e-27,9.455767800251897e-27,Basal-up,ENSG00000171631.15,ENSG00000171631,P2RY6,26.02430320104694
1.6400434873310414,0.44706916832722277,1.1929743190038187,3.340205666614523e-21,1.96255379395125e-20,Basal-up,ENSG00000287784.1,ENSG00000287784,AC112482.2,19.70717843032997
7.337723357958138,6.144905495398459,1.1928178625596795,4.319179614696279e-05,8.041038638412623e-05,Basal-up,ENSG00000211933.2,ENSG00000211933,IGHV6-1,4.094687851027917
2.0265779148009964,0.8340695622420263,1.1925083525589701,6.909515927212768e-16,2.9092698640895867e-15,Basal-up,ENSG00000276067.2,ENSG00000276067,SLC23A4P,14.536215991695862
3.683892733176777,2.491404120172943,1.192488613003834,1.2528466989912853e-10,3.668683615810945e-10,Basal-up,ENSG00000118113.12,ENSG00000118113,MMP8,9.435489739819985
5.859226939068803,4.666786184276856,1.1924407547919467,7.03422237280489e-20,3.8073168728632314e-19,Basal-up,ENSG00000116544.12,ENSG00000116544,DLGAP3,18.41938097650607
2.105015818440396,0.9126328998559298,1.1923829185844665,2.29732488101174e-27,1.9735092263329966e-26,Basal-up,ENSG00000259151.2,ENSG00000259151,CAP2P1,25.704760838897986
1.6210203844134845,0.4287143980660223,1.192305986347462,1.3732084012124498e-24,9.918109374841913e-24,Basal-up,ENSG00000256287.1,ENSG00000256287,LINC02398,23.00357110670952
8.612091969852818,7.420018269894883,1.1920736999579349,2.0984364515233768e-07,4.792831143026955e-07,Basal-up,ENSG00000133067.17,ENSG00000133067,LGR6,6.319407871434547
5.9273732601897855,4.736067324108886,1.1913059360808997,8.684209137151011e-21,4.97597761157781e-20,Basal-up,ENSG00000267892.1,ENSG00000267892,AC022144.1,19.303121582334537
12.152176121984143,10.960981687413996,1.1911944345701464,8.534296943302396e-23,5.504514788137316e-22,Basal-up,ENSG00000204642.14,ENSG00000204642,HLA-F,21.25928095718664
4.682446829216755,3.4913223824962425,1.1911244467205129,1.6300682922246794e-29,1.5925353877986375e-28,Basal-up,ENSG00000188710.3,ENSG00000188710,QRFP,27.797910908408674
5.105965574446179,3.9149601657875555,1.1910054086586235,3.1492209086481394e-08,7.653294051902098e-08,Basal-up,ENSG00000254709.8,ENSG00000254709,IGLL5,7.1161516000554785
6.218219385323557,5.027528996492569,1.1906903888309879,9.354972382628893e-22,5.6633316645425415e-21,Basal-up,ENSG00000180061.10,ENSG00000180061,TMEM150B,20.24692800382238
4.857273134243622,3.6666238746424455,1.1906492596011762,2.1249471026486973e-19,1.1187093903060208e-18,Basal-up,ENSG00000258947.7,ENSG00000258947,TUBB3,17.951282716490432
12.813599325706805,11.624164815185747,1.1894345105210586,7.779552497291567e-36,1.0883666260514895e-34,Basal-up,ENSG00000172893.16,ENSG00000172893,DHCR7,33.96322478400354
6.391676026511229,5.202489743429234,1.1891862830819955,1.2115548921516943e-22,7.748773132021522e-22,Basal-up,ENSG00000231789.2,ENSG00000231789,PIK3CD-AS2,21.110767054161027
14.93045318097059,13.74137307948633,1.1890801014842598,7.572190496747928e-25,5.543127876195469e-24,Basal-up,ENSG00000197956.10,ENSG00000197956,S100A6,23.256245102413228
1.7325819221926784,0.5435361741751982,1.18904574801748,7.101724306998001e-19,3.6310219458598685e-18,Basal-up,ENSG00000171360.4,ENSG00000171360,KRT38,17.439971126207723
2.6774625248143735,1.4886964399413145,1.188766084873059,7.383666494341693e-25,5.408664792183862e-24,Basal-up,ENSG00000241135.6,ENSG00000241135,LINC00881,23.26690993359139
3.6776972503576646,2.4892726468153974,1.1884246035422672,4.585954628533439e-13,1.5959426821889628e-12,Basal-up,ENSG00000223486.1,ENSG00000223486,AC092198.1,11.796982710263517
5.735536482122773,4.547178866139205,1.1883576159835672,5.366061076319002e-16,2.2791480901952982e-15,Basal-up,ENSG00000125726.11,ENSG00000125726,CD70,14.6422274551333
2.6205321862370226,1.4322486092814466,1.188283576955576,8.154476534681517e-22,4.949982858430359e-21,Basal-up,ENSG00000287277.1,ENSG00000287277,AL392086.3,20.30539630500623
1.7482555497304835,0.5599957378732429,1.1882598118572405,1.3008391136882473e-22,8.310567432843674e-22,Basal-up,ENSG00000109272.4,ENSG00000109272,PF4V1,21.08036932224
12.61978606603406,11.43197301120768,1.18781305482638,5.447270674667061e-46,1.4220600702090333e-44,Basal-up,ENSG00000076003.5,ENSG00000076003,MCM6,43.847082057889445
12.585811149373129,11.39854827346397,1.187262875909159,2.237091155621764e-33,2.728795325198018e-32,Basal-up,ENSG00000029993.15,ENSG00000029993,HMGB3,31.564029037606247
11.746959589325874,10.559868587565962,1.187091001759912,0.0022838852857642684,0.003550991918865359,Basal-up,ENSG00000186847.6,ENSG00000186847,KRT14,2.44965031603862
7.398304360862646,6.211302752697285,1.1870016081653612,3.546213314422844e-14,1.3329117548716498e-13,Basal-up,ENSG00000158560.14,ENSG00000158560,DYNC1I1,12.87519860200467
12.166844078405942,10.980030218710544,1.1868138596953983,4.841245931552505e-56,2.52770348326542e-54,Basal-up,ENSG00000105185.12,ENSG00000105185,PDCD5,53.59727387308524
10.830238132098447,9.643455936891863,1.1867821952065842,2.8236815786363785e-29,2.7159198426367694e-28,Basal-up,ENSG00000130775.16,ENSG00000130775,THEMIS2,27.566083051922554
4.054857621229367,2.868120732036676,1.1867368891926908,3.9977218654600274e-27,3.3813685826449694e-26,Basal-up,ENSG00000218582.2,ENSG00000218582,GAPDHP63,25.470907486825418
3.9853228093877213,2.7985943994573774,1.186728409930344,2.0583441946469404e-15,8.389554645496771e-15,Basal-up,ENSG00000231123.1,ENSG00000231123,SPATA20P1,14.076261092822886
2.2525659102150364,1.0658696606097884,1.186696249605248,2.3350511991426034e-20,1.3025614277793322e-19,Basal-up,ENSG00000255753.1,ENSG00000255753,AC009533.2,18.88520178655701
2.7452188109756164,1.558988259756447,1.1862305512191693,6.73142330364105e-09,1.7263757393882785e-08,Basal-up,ENSG00000180999.11,ENSG00000180999,C1orf105,7.7628646757217705
1.9157996414704812,0.7296489213033764,1.1861507201671047,3.1173698397630364e-26,2.4885505365291017e-25,Basal-up,ENSG00000238840.1,ENSG00000238840,U8,24.604053535344764
7.833090527564295,6.64758473651859,1.1855057910457045,2.7216187780024645e-38,4.424280380147556e-37,Basal-up,ENSG00000197275.14,ENSG00000197275,RAD54B,36.35415735826474
4.932239945809794,3.7474001126778678,1.1848398331319263,6.40197339630386e-10,1.7773244015579376e-09,Basal-up,ENSG00000256039.2,ENSG00000256039,LINC02446,8.75023329647813
2.686252159228528,1.501725584770496,1.1845265744580318,1.5059107912551745e-10,4.3833040745808834e-10,Basal-up,ENSG00000119125.17,ENSG00000119125,GDA,9.35819840081947
11.126944560947848,9.942604874954302,1.184339685993546,1.1141377203999384e-36,1.644469237684101e-35,Basal-up,ENSG00000140950.16,ENSG00000140950,MEAK7,34.783974246248825
11.293322937642708,10.10938506280159,1.183937874841119,5.716186856242179e-14,2.1200108809608082e-13,Basal-up,ENSG00000114115.10,ENSG00000114115,RBP1,12.673661910048084
7.068099942165768,5.884265603603312,1.1838343385624555,2.7514573109058824e-40,5.0619565895480337e-39,Basal-up,ENSG00000229692.3,ENSG00000229692,SOS1-IT1,38.295681583595105
14.777879125133497,13.594354737059763,1.1835243880737334,4.633985117130885e-38,7.4321139294845584e-37,Basal-up,ENSG00000152558.15,ENSG00000152558,TMEM123,36.12888764151075
9.001363205993389,7.818150803959035,1.1832124020343544,1.4385992444821966e-36,2.1131396439545676e-35,Basal-up,ENSG00000128805.15,ENSG00000128805,ARHGAP22,34.67507180224017
2.456146869410504,1.2729463696284602,1.1832004997820438,1.3577095659185682e-14,5.249789439334457e-14,Basal-up,ENSG00000092054.13,ENSG00000092054,MYH7,13.279858115102423
3.356497896008674,2.17421829394362,1.1822796020650541,1.385273953002139e-12,4.663491303066355e-12,Basal-up,ENSG00000229140.11,ENSG00000229140,CCDC26,11.3312888288151
1.8811450608099383,0.6992894344588626,1.1818556263510755,7.071567184143994e-19,3.61615456922207e-18,Basal-up,ENSG00000220154.2,ENSG00000220154,AL355796.1,17.441753014279218
3.335081771930552,2.1533633004743096,1.1817184714562425,5.189871664715457e-28,4.6304098536401946e-27,Basal-up,ENSG00000223695.1,ENSG00000223695,FO393418.1,26.334380566369408
12.833778214509172,11.652142340717873,1.1816358737912989,5.344837744001791e-47,1.481877263680232e-45,Basal-up,ENSG00000107937.19,ENSG00000107937,GTPBP4,44.82918776525938
2.331165829211057,1.149969516244503,1.1811963129665541,4.1263024513953043e-22,2.55521260245281e-21,Basal-up,ENSG00000272071.1,ENSG00000272071,AC122710.2,20.592572959235408
9.138209349145312,7.957728038197931,1.1804813109473802,3.6293565726761086e-24,2.54138358713397e-23,Basal-up,ENSG00000126970.16,ENSG00000126970,ZC4H2,22.5949297791831
3.4195271110085126,2.239239284308313,1.1802878267001997,5.025425309602842e-14,1.870237108669782e-13,Basal-up,ENSG00000189238.6,ENSG00000189238,LINC00943,12.728103330116422
11.470117193264617,10.291003448592924,1.1791137446716924,1.0459610152716888e-25,8.080344141946764e-25,Basal-up,ENSG00000168209.5,ENSG00000168209,DDIT4,24.09257014222471
10.258016605405636,9.079288334113047,1.1787282712925897,3.393426087226197e-53,1.4734150575624628e-51,Basal-up,ENSG00000183765.23,ENSG00000183765,CHEK2,50.8316748961868
3.9549628646716415,2.776334457551544,1.1786284071200974,1.4602046207939406e-29,1.4289212944072328e-28,Basal-up,ENSG00000213740.2,ENSG00000213740,SERBP1P1,27.844991691675077
7.6376360462482165,6.459151592449108,1.1784844537991086,1.5230363438381466e-18,7.625418707312124e-18,Basal-up,ENSG00000156140.10,ENSG00000156140,ADAMTS3,17.117736304468696
2.600206142440592,1.4220959177486083,1.1781102246919835,4.9465377441261455e-24,3.43216611846633e-23,Basal-up,ENSG00000230306.1,ENSG00000230306,BANF1P2,22.46443170025593
15.092931880986479,13.915567213308332,1.1773646676781464,9.334009385644827e-39,1.555822946826527e-37,Basal-up,ENSG00000147065.17,ENSG00000147065,MSN,36.808039827392165
5.682326456059967,4.504973776546905,1.1773526795130627,9.206607937301491e-27,7.610493170366114e-26,Basal-up,ENSG00000172738.12,ENSG00000172738,TMEM217,25.118587199441137
2.155240734472769,0.9781945265723048,1.1770462079004642,4.477060122834431e-19,2.3130557231413397e-18,Basal-up,ENSG00000254251.1,ENSG00000254251,AC103770.1,17.635813904643435
6.599242332408334,5.422500987931425,1.176741344476909,2.0374527907951035e-13,7.284067571187272e-13,Basal-up,ENSG00000168913.7,ENSG00000168913,ENHO,12.137626034093804
3.5948277821865866,2.4181332455181868,1.1766945366683998,1.4691221147150294e-30,1.5246121760138633e-29,Basal-up,ENSG00000216624.3,ENSG00000216624,GAPDHP72,28.81684061614508
2.4133058187565584,1.237505013123109,1.1758008056334495,3.9712064227693376e-26,3.149156358912425e-25,Basal-up,ENSG00000227512.1,ENSG00000227512,AL592301.1,24.50180577565211
8.377875506575919,7.202085416672431,1.1757900899034874,1.9213853415698633e-23,1.2896443061558233e-22,Basal-up,ENSG00000153898.13,ENSG00000153898,MCOLN2,21.889530054952406
5.937898984825298,4.762117859401738,1.1757811254235602,8.064188673283787e-07,1.7572099351782653e-06,Basal-up,ENSG00000211972.2,ENSG00000211972,IGHV3-66,5.755176349920204
6.894011619672234,5.718506272414572,1.175505347257662,2.215581988339657e-31,2.4143793318967914e-30,Basal-up,ENSG00000244627.5,ENSG00000244627,TPTEP2,29.61719449529612
2.086684920069554,0.9112223377405648,1.175462582328989,3.584962900996718e-15,1.4398269403475913e-14,Basal-up,ENSG00000147655.12,ENSG00000147655,RSPO2,13.841689704688605
6.376199150620272,5.201633132295301,1.1745660183249713,2.4886860511281048e-09,6.601832576275251e-09,Basal-up,ENSG00000262943.7,ENSG00000262943,ALOX12P2,8.180335493656385
3.4228620017036477,2.2483876555144025,1.1744743461892453,5.642682428677955e-08,1.3462114947280075e-07,Basal-up,ENSG00000162006.9,ENSG00000162006,MSLNL,6.870886705507373
10.488580012391365,9.314355002850263,1.174225009541102,4.1419329462846596e-49,1.3375490593397089e-47,Basal-up,ENSG00000006634.8,ENSG00000006634,DBF4,46.87369027972933
2.1744714672859358,1.000349477028255,1.1741219902576807,5.29236158947298e-25,3.910071864208381e-24,Basal-up,ENSG00000287011.1,ENSG00000287011,AC003077.1,23.407815260521694
11.732805347698138,10.559224732555638,1.1735806151425,9.492726242401808e-53,3.972486687207349e-51,Basal-up,ENSG00000068724.17,ENSG00000068724,TTC7A,50.40093754954716
8.129743876887108,6.956559638417442,1.1731842384696662,3.083030621500356e-17,1.4123710049568394e-16,Basal-up,ENSG00000124731.13,ENSG00000124731,TREM1,15.85005120679607
4.3748357507249604,3.2016516117572373,1.1731841389677231,1.2917888930666507e-14,5.0018209189781826e-14,Basal-up,ENSG00000286299.1,ENSG00000286299,AL121938.1,13.30087186144435
4.011792793046684,2.8391488431372824,1.1726439499094017,1.5709579003603014e-12,5.272680490698873e-12,Basal-up,ENSG00000261618.2,ENSG00000261618,LINC02605,11.277968544870047
1.8895162955013851,0.717209260473361,1.172307035028024,1.8956243916300756e-24,1.3562717098706538e-23,Basal-up,ENSG00000101958.14,ENSG00000101958,GLRA2,22.86765329699057
6.06534058590042,4.893243337314758,1.1720972485856613,3.825544257647001e-18,1.8627577500919154e-17,Basal-up,ENSG00000164303.11,ENSG00000164303,ENPP6,16.72984362102384
10.825995330014443,9.654896687902294,1.171098642112149,0.0008087981448170631,0.0013185600804565903,Basal-up,ENSG00000163017.14,ENSG00000163017,ACTG2,2.8799000767038416
8.073258480226475,6.902800072371414,1.1704584078550608,4.640984234142893e-22,2.8644041894396937e-21,Basal-up,ENSG00000185338.6,ENSG00000185338,SOCS1,20.54296569975179
2.3196415677775293,1.14963253107404,1.1700090367034892,7.361497172667275e-16,3.0937485610306804e-15,Basal-up,ENSG00000287342.1,ENSG00000287342,AC188616.1,14.509514985722058
6.197722083357135,5.027969772828053,1.1697523105290824,9.942719463961791e-08,2.3285122366519894e-07,Basal-up,ENSG00000172461.11,ENSG00000172461,FUT9,6.632921475448033
11.480740311179048,10.311888329432497,1.1688519817465508,2.4329252150143043e-19,1.2778385021510416e-18,Basal-up,ENSG00000137965.11,ENSG00000137965,IFI44,17.893524030415943
4.09953129400149,2.93089333933257,1.1686379546689198,2.2551338606251894e-28,2.0591688098108513e-27,Basal-up,ENSG00000248626.1,ENSG00000248626,GAPDHP40,26.686308048639777
2.7572385164455966,1.5886040540950706,1.168634462350526,1.736275202891241e-17,8.108100418071105e-17,Basal-up,ENSG00000242048.3,ENSG00000242048,AC093583.1,16.091080881248875
11.135966875030029,9.967733207851902,1.1682336671781268,2.6436529569876977e-43,5.803225089602334e-42,Basal-up,ENSG00000149503.13,ENSG00000149503,INCENP,41.23633058413539
3.294130926657067,2.125944038535533,1.168186888121534,2.8504256598653485e-18,1.4011771244857968e-17,Basal-up,ENSG00000287935.1,ENSG00000287935,AC136297.1,16.85350696155609
2.048077863932487,0.8799776949907127,1.1681001689417743,1.2354466860390388e-17,5.813050661991659e-17,Basal-up,ENSG00000253286.6,ENSG00000253286,AC135166.1,16.23559589205694
11.415182875514857,10.247511474863085,1.1676714006517717,8.175020443532888e-49,2.587598538878399e-47,Basal-up,ENSG00000100142.16,ENSG00000100142,POLR2F,46.58710310276158
6.6426726642773115,5.475261918493752,1.1674107457835596,3.6286863144295685e-25,2.7071792846578934e-24,Basal-up,ENSG00000058866.15,ENSG00000058866,DGKG,23.56748298185073
2.5385569889429678,1.3713713863339305,1.1671856026090373,1.960743181883134e-15,8.007323520555878e-15,Basal-up,ENSG00000235385.2,ENSG00000235385,LINC02154,14.096512624302399
2.858063924598782,1.6913208602008476,1.1667430643979344,3.770187322081238e-14,1.4144004368904655e-13,Basal-up,ENSG00000250237.1,ENSG00000250237,AC010273.3,12.84942761818289
6.1171939190151425,4.950673782301126,1.1665201367140163,4.7837564553816083e-29,4.55156163452715e-28,Basal-up,ENSG00000231407.6,ENSG00000231407,GORAB-AS1,27.341839571936678
11.128646271637061,9.962381770107529,1.1662645015295325,4.136787800147389e-18,2.0087661460370923e-17,Basal-up,ENSG00000107742.13,ENSG00000107742,SPOCK2,16.69707061944745
7.588351320047377,6.422221538613466,1.166129781433911,2.9137455015545163e-23,1.9328863885237954e-22,Basal-up,ENSG00000280734.3,ENSG00000280734,LINC01232,21.713793672245245
12.490465838091794,11.324932375223902,1.1655334628678915,3.3393284522849023e-36,4.775353657021754e-35,Basal-up,ENSG00000148400.12,ENSG00000148400,NOTCH1,34.32099445955552
3.3694731854362687,2.204401942066127,1.1650712433701416,1.1570809182063624e-23,7.876797802249649e-23,Basal-up,ENSG00000224965.1,ENSG00000224965,LINC02586,22.10365030274629
5.115384629944749,3.9505057680475955,1.164878861897154,1.0453873480786982e-17,4.940276879683909e-17,Basal-up,ENSG00000282221.1,ENSG00000282221,AC119427.1,16.306248710195955
2.813954089125736,1.6490828188196216,1.1648712703061144,5.88397830665651e-11,1.763667645883271e-10,Basal-up,ENSG00000204983.14,ENSG00000204983,PRSS1,9.753583252060267
2.9382305584723483,1.7741664257416518,1.1640641327306964,7.594549671215867e-22,4.620132576754189e-21,Basal-up,ENSG00000283355.1,ENSG00000283355,AC074194.2,20.335345561992217
5.207380073065431,4.0433764365150315,1.1640036365503992,1.0695951718282494e-09,2.916998629865993e-09,Basal-up,ENSG00000157542.11,ENSG00000157542,KCNJ6,8.535063774869277
10.509999191908012,9.346035871721101,1.1639633201869106,7.0931844766723105e-28,6.293370663262463e-27,Basal-up,ENSG00000075651.16,ENSG00000075651,PLD1,26.201116688676976
6.910982614786696,5.747440770100436,1.16354184468626,3.8178418145837204e-06,7.820941002557374e-06,Basal-up,ENSG00000145681.11,ENSG00000145681,HAPLN1,5.106740990209748
5.691053638948051,4.5277020690353,1.1633515699127512,2.5760308850288722e-12,8.518156778747934e-12,Basal-up,ENSG00000235961.6,ENSG00000235961,PNMA6A,11.069654370893108
9.683223157069998,8.519956520934748,1.1632666361352495,8.894146222757079e-33,1.0501295575442666e-31,Basal-up,ENSG00000138346.15,ENSG00000138346,DNA2,30.978757117448573
2.0958394964181037,0.9326113404868932,1.1632281559312105,6.493999301321085e-15,2.5639441293319523e-14,Basal-up,ENSG00000157884.11,ENSG00000157884,CIB4,13.591091442720773
3.2616256034538016,2.0984895763785945,1.1631360270752071,8.782468114652626e-27,7.27064290449879e-26,Basal-up,ENSG00000279766.1,ENSG00000279766,AC067931.1,25.138427185078882
1.6900061510920763,0.527037500051853,1.1629686510402233,9.58162724397657e-25,6.983608289151873e-24,Basal-up,ENSG00000285402.1,ENSG00000285402,AC244230.2,23.155920128212955
1.612288330335748,0.4494719233885154,1.1628164069472327,1.7287312900990567e-25,1.3163805734693408e-24,Basal-up,ENSG00000182793.12,ENSG00000182793,GSTA5,23.88061853544582
2.5860204958471003,1.423439296419982,1.1625811994271182,9.337280442382716e-09,2.3673371184378537e-08,Basal-up,ENSG00000251087.3,ENSG00000251087,ALG1L3P,7.625739892365713
3.5727120821663383,2.410153214161607,1.1625588680047314,1.9725117237229863e-06,4.145626244855132e-06,Basal-up,ENSG00000237978.6,ENSG00000237978,KCNMB2-AS1,5.382409854946903
11.612367897386513,10.45005893630829,1.1623089610782227,1.1688239893098351e-42,2.4640868001047594e-41,Basal-up,ENSG00000148429.14,ENSG00000148429,USP6NL,40.608343997748456
12.644994995272459,11.483014702170376,1.1619802931020828,3.3752137556866477e-46,8.92248936045871e-45,Basal-up,ENSG00000173457.11,ENSG00000173457,PPP1R14B,44.049513961242496
1.6861889657694733,0.524297957836895,1.1618910079325784,1.1667205497701971e-23,7.935972570677152e-23,Basal-up,ENSG00000266397.1,ENSG00000266397,AP000919.2,22.100399841915387
7.995312068410834,6.834079581512296,1.1612324868985375,6.101203568099776e-22,3.7387997002322576e-21,Basal-up,ENSG00000187775.17,ENSG00000187775,DNAH17,20.427267800802976
4.838281881514925,3.677088517345632,1.1611933641692933,6.098705832686318e-06,1.2269152533408077e-05,Basal-up,ENSG00000261520.5,ENSG00000261520,DLGAP1-AS5,4.9111854342392
4.917560125425109,3.7567455018119316,1.1608146236131778,0.00019653816577827607,0.000342231652825341,Basal-up,ENSG00000226278.1,ENSG00000226278,PSPHP1,3.465679825269341
9.002058213626404,7.841433689113115,1.1606245245132882,4.468393820394222e-21,2.608962913422998e-20,Basal-up,ENSG00000164638.10,ENSG00000164638,SLC29A4,19.583532094380125
1.988717776872937,0.8284208186607661,1.1602969582121707,1.4404443008890625e-20,8.139530169555188e-20,Basal-up,ENSG00000256733.2,ENSG00000256733,AP003721.2,19.089400662759257
7.0927453922548445,5.932534143774294,1.1602112484805502,2.553107878061319e-09,6.763092782726049e-09,Basal-up,ENSG00000137142.5,ENSG00000137142,IGFBPL1,8.169854654457026
2.319516492545389,1.1593584950590363,1.1601579974863527,9.269225196319663e-18,4.398420563146023e-17,Basal-up,ENSG00000248571.1,ENSG00000248571,AC106882.1,16.356703247116837
13.215749406577423,12.055714802835334,1.1600346037420888,5.736506758156444e-57,3.2208996069246904e-55,Basal-up,ENSG00000173660.12,ENSG00000173660,UQCRH,54.4920228116094
10.164545419955088,9.004560747033212,1.1599846729218761,3.3618476626053913e-41,6.487572461170565e-40,Basal-up,ENSG00000180346.4,ENSG00000180346,TIGD2,39.18791777838267
11.137234706638615,9.977719576916643,1.1595151297219726,4.028106603811517e-31,4.333187848516112e-30,Basal-up,ENSG00000134744.14,ENSG00000134744,TUT4,29.36319248340836
5.656243722760434,4.497475954291164,1.1587677684692697,6.659248477051406e-32,7.465485249189402e-31,Basal-up,ENSG00000255337.1,ENSG00000255337,AP001830.1,30.126941958307853
4.794230143427559,3.6355459255943465,1.1586842178332128,1.7053413823275554e-16,7.470340190227347e-16,Basal-up,ENSG00000174527.10,ENSG00000174527,MYO1H,15.126659620490562
3.3299689604001337,2.171437341872262,1.1585316185278716,3.053079597086397e-12,1.0050994705788257e-11,Basal-up,ENSG00000235304.2,ENSG00000235304,LINC01281,10.997790955770075
6.4528387356467585,5.294577413987615,1.1582613216591433,6.879832912274564e-09,1.762953896639732e-08,Basal-up,ENSG00000164879.7,ENSG00000164879,CA3,7.753759044874112
12.786620819707943,11.629450778179331,1.1571700415286124,1.722240798156914e-48,5.301148903050483e-47,Basal-up,ENSG00000176619.13,ENSG00000176619,LMNB2,46.27562999678
8.607842582747251,7.451229011663192,1.1566135710840593,6.7556269957631345e-28,6.001818629684078e-27,Basal-up,ENSG00000187796.15,ENSG00000187796,CARD9,26.22171713275614
7.075744830916017,5.9191417114398375,1.1566031194761797,2.002095495583767e-18,9.939312946085288e-18,Basal-up,ENSG00000178821.13,ENSG00000178821,TMEM52,17.00264363512347
10.031239418278377,8.87493368853172,1.1563057297466575,3.6484242101267337e-26,2.8986769263675776e-25,Basal-up,ENSG00000173621.9,ENSG00000173621,LRFN4,24.537800186478268
2.0012649329184593,0.8451466197510474,1.1561183131674118,1.2312895760682936e-30,1.2853574148181001e-29,Basal-up,ENSG00000236683.3,ENSG00000236683,HMGA1P1,28.89097609279957
2.0121612368597592,0.8560561294018836,1.1561051074578756,3.604597741938498e-12,1.1808650929415406e-11,Basal-up,ENSG00000118733.17,ENSG00000118733,OLFM3,10.927799715204166
9.612986525798435,8.45697004161779,1.156016484180645,7.060062834811555e-30,7.043253161395337e-29,Basal-up,ENSG00000182010.11,ENSG00000182010,RTKN2,28.15222670112619
11.760177621646799,10.604183373062073,1.1559942485847259,5.95038155475486e-32,6.699925754631606e-31,Basal-up,ENSG00000196781.16,ENSG00000196781,TLE1,30.17393000991596
5.51041566441834,4.354520823517613,1.1558948409007268,2.4274940982651096e-19,1.2753856140101326e-18,Basal-up,ENSG00000150551.11,ENSG00000150551,LYPD1,17.894358486040353
13.721681484630592,12.567093640786112,1.1545878438444799,2.9267439388349928e-43,6.374558598424234e-42,Basal-up,ENSG00000160209.19,ENSG00000160209,PDXK,41.19554988225173
10.300164302417542,9.145659523157311,1.1545047792602308,1.1575419734764915e-31,1.2835199123695666e-30,Basal-up,ENSG00000116157.6,ENSG00000116157,GPX7,29.89159738934926
1.9490202807689538,0.7947027527507208,1.154317528018233,8.364282715326153e-15,3.280724977974873e-14,Basal-up,ENSG00000236197.4,ENSG00000236197,PPP1R9A-AS1,13.484030174842268
2.0499632819295437,0.8960556868005762,1.1539075951289675,1.5425878763543076e-30,1.5983785352518204e-29,Basal-up,ENSG00000287743.1,ENSG00000287743,AL031289.2,28.796320361252903
9.816170425050213,8.662697902867176,1.153472522183037,1.3864279319269199e-15,5.716816407273922e-15,Basal-up,ENSG00000180155.20,ENSG00000180155,LYNX1,14.24284575471386
10.025696533342,8.872504284686265,1.1531922486557349,2.2454121047585475e-20,1.254227857882128e-19,Basal-up,ENSG00000108950.12,ENSG00000108950,FAM20A,18.90162355726014
6.2094931792830215,5.056543409195889,1.1529497700871323,3.7942088801741644e-06,7.774428856497219e-06,Basal-up,ENSG00000112246.10,ENSG00000112246,SIM1,5.10933150629889
8.656385229251848,7.5034516949933305,1.1529335342585174,1.275325860771366e-17,5.99732363258364e-17,Basal-up,ENSG00000003137.8,ENSG00000003137,CYP26B1,16.222042514768543
2.769684573533607,1.6168100964087566,1.1528744771248505,1.983398464920171e-10,5.729855773862288e-10,Basal-up,ENSG00000231298.7,ENSG00000231298,MANCR,9.24185630951674
2.328083563006875,1.175687845754222,1.1523957172526529,1.489200967225648e-09,4.0149615073919184e-09,Basal-up,ENSG00000169474.4,ENSG00000169474,SPRR1A,8.396318614073325
4.841451413189273,3.6892131024769523,1.1522383107123209,3.0386045616002008e-25,2.282698899705036e-24,Basal-up,ENSG00000186451.2,ENSG00000186451,SPATA12,23.64155137051616
4.1937467209611405,3.042267575797087,1.1514791451640534,9.752980172927105e-30,9.646500306772397e-29,Basal-up,ENSG00000251259.1,ENSG00000251259,AC004069.1,28.01563021755037
3.054088717891311,1.9028147349221924,1.1512739829691185,5.09921456487486e-27,4.280632912962817e-26,Basal-up,ENSG00000104889.7,ENSG00000104889,RNASEH2A,25.368492013630338
4.57637742022015,3.425193490962262,1.151183929257888,2.4753269361964713e-30,2.531979215785954e-29,Basal-up,ENSG00000270419.1,ENSG00000270419,CAHM,28.59653986362566
10.187963922503346,9.036833897163442,1.1511300253399046,4.388033222268622e-24,3.055398288542672e-23,Basal-up,ENSG00000147852.16,ENSG00000147852,VLDLR,22.5149321689757
9.837977182767855,8.687010946404028,1.1509662363638267,1.9129084623868876e-54,8.993084384180712e-53,Basal-up,ENSG00000103121.9,ENSG00000103121,CMC2,52.04609133148234
5.855785332246756,4.705844459468584,1.1499408727781724,5.004788086280079e-09,1.2967496069576273e-08,Basal-up,ENSG00000196169.15,ENSG00000196169,KIF19,7.8871438749682
9.663028456282035,8.513750776863914,1.1492776794181214,3.974929722866193e-10,1.119849086489114e-09,Basal-up,ENSG00000113389.16,ENSG00000113389,NPR3,8.950840499937897
9.872687592112918,8.724097265370593,1.1485903267423243,7.817416786407233e-33,9.27903012324258e-32,Basal-up,ENSG00000142731.11,ENSG00000142731,PLK4,31.03249741539066
10.338458776593171,9.190087495149141,1.14837128144403,1.8387982936007697e-18,9.153032195054618e-18,Basal-up,ENSG00000162981.14,ENSG00000162981,LRATD1,17.038435010039333
3.1399166833196217,1.9917064339302368,1.1482102493893849,3.492482810625255e-17,1.594714940909393e-16,Basal-up,ENSG00000215866.8,ENSG00000215866,LINC01356,15.797316936841373
1.5221354930522057,0.3740371230265667,1.148098370025639,8.230979784402578e-30,8.17488718142739e-29,Basal-up,ENSG00000271275.1,ENSG00000271275,AC007326.1,28.087518232162676
1.8841076961153695,0.7362108557829654,1.1478968403324041,7.181223368897632e-24,4.9417903372089637e-23,Basal-up,ENSG00000231645.3,ENSG00000231645,KRT17P6,22.30611568413118
6.868989995760833,5.721337099266231,1.147652896494602,1.4831831438212297e-09,4.000667818531232e-09,Basal-up,ENSG00000111863.13,ENSG00000111863,ADTRP,8.397867507248337
7.368812643566136,6.221381545928596,1.14743109763754,3.394623250170367e-10,9.611265423237665e-10,Basal-up,ENSG00000122420.10,ENSG00000122420,PTGFR,9.017219429173313
4.272225260007788,3.1254166152717398,1.1468086447360486,8.584183220840823e-23,5.535625655301739e-22,Basal-up,ENSG00000187959.9,ENSG00000187959,CPSF4L,21.256833286566785
5.131720118297273,3.9860132937962454,1.1457068245010276,9.859372472031338e-31,1.0347093464699137e-29,Basal-up,ENSG00000273174.1,ENSG00000273174,AC108673.2,28.985181627938196
11.48695578033448,10.341438435800033,1.145517344534447,3.6093193058535573e-32,4.116515247778538e-31,Basal-up,ENSG00000169991.11,ENSG00000169991,IFFO2,30.38547027160098
3.9401890974704967,2.794712923550222,1.1454761739202746,1.8406454675133995e-07,4.223895123642716e-07,Basal-up,ENSG00000259337.4,ENSG00000259337,IGHV1OR15-2,6.37428687356816
16.798552669303547,15.653202413796361,1.1453502555071857,3.195987004976269e-44,7.523137949916048e-43,Basal-up,ENSG00000111640.15,ENSG00000111640,GAPDH,42.12360097455752
7.3422054122299985,6.197189410788673,1.1450160014413253,3.6225339461619146e-25,2.703792871862556e-24,Basal-up,ENSG00000121690.11,ENSG00000121690,DEPDC7,23.568026581240982
2.149016093829672,1.0041744730574633,1.1448416207722087,5.225640572265105e-12,1.6928913886375405e-11,Basal-up,ENSG00000262133.1,ENSG00000262133,AC087392.2,10.77137090416424
10.04121107833609,8.896372752655866,1.1448383256802241,4.308471388299746e-06,8.790200151035608e-06,Basal-up,ENSG00000211660.3,ENSG00000211660,IGLV2-23,5.056001236018301
8.650519690906984,7.505802840806005,1.1447168501009788,1.3974272438843358e-33,1.7265669448950585e-32,Basal-up,ENSG00000185480.12,ENSG00000185480,PARPBP,31.762816577908293
5.4878598392003575,4.343647698505913,1.144212140694444,3.036515597670197e-23,2.012336948080368e-22,Basal-up,ENSG00000176912.5,ENSG00000176912,TYMSOS,21.696299298745295
2.6220915341022275,1.4780003887973416,1.1440911453048859,1.0483315483104654e-23,7.15829568127252e-23,Basal-up,ENSG00000242791.2,ENSG00000242791,AC117395.1,22.145190366564496
8.574252427917132,7.43019202119844,1.1440604067186921,1.7430446720393477e-14,6.694186229005378e-14,Basal-up,ENSG00000180644.8,ENSG00000180644,PRF1,13.174302209948902
9.492556658670683,8.349151789210826,1.1434048694598573,2.1234437587028856e-20,1.1884761194142716e-19,Basal-up,ENSG00000141655.17,ENSG00000141655,TNFRSF11A,18.925009540322677
2.212933023554135,1.0695969398194467,1.1433360837346884,7.960177295118119e-22,4.835540828785055e-21,Basal-up,ENSG00000233694.6,ENSG00000233694,LINC02579,20.315554945402788
8.123998644797622,6.980748237048238,1.1432504077493837,1.932369151537492e-12,6.438029416512945e-12,Basal-up,ENSG00000115523.17,ENSG00000115523,GNLY,11.191247043276366
1.8273464642717627,0.6841301920622167,1.143216272209546,2.2406803277627764e-18,1.1085993296916348e-17,Basal-up,ENSG00000262074.7,ENSG00000262074,SNORD3B-2,16.9552253883372
7.615160962851437,6.472713439923376,1.1424475229280615,1.0607057748857608e-21,6.4051265671357776e-21,Basal-up,ENSG00000254535.4,ENSG00000254535,PABPC4L,20.193472284051133
10.161449889808427,9.019222201350843,1.1422276884575844,8.04020109679215e-40,1.4350774268608777e-38,Basal-up,ENSG00000183814.15,ENSG00000183814,LIN9,37.8431246667688
3.063183418631958,1.9213407859025713,1.1418426327293867,1.0017108637384943e-11,3.186311268980293e-11,Basal-up,ENSG00000179399.15,ENSG00000179399,GPC5,10.49671180047545
5.324810175216461,4.183171587912513,1.141638587303948,5.49952070877984e-18,2.6501428142366336e-17,Basal-up,ENSG00000278291.1,ENSG00000278291,AL161772.1,16.576730721624067
9.131164674583077,7.989599498523042,1.1415651760600358,4.250205977857003e-21,2.4841657258546948e-20,Basal-up,ENSG00000174130.12,ENSG00000174130,TLR6,19.604819434492494
1.651280721420312,0.5099655956925382,1.1413151257277738,1.640256912096568e-18,8.185411894220182e-18,Basal-up,ENSG00000276048.1,ENSG00000276048,AC012354.4,17.086959461776033
2.269892879145854,1.1289873113169246,1.1409055678289293,9.631429184112149e-12,3.066832965245932e-11,Basal-up,ENSG00000165566.12,ENSG00000165566,AMER2,10.513309877179381
11.769289643918665,10.628845739863669,1.1404439040549956,3.856961522859854e-35,5.200537017146512e-34,Basal-up,ENSG00000011422.12,ENSG00000011422,PLAUR,33.28395180799185
6.5522971149445715,5.411883217972068,1.140413896972503,1.527965317614704e-12,5.132518032512765e-12,Basal-up,ENSG00000244242.2,ENSG00000244242,IFITM10,11.289669516110896
6.687526478823327,5.547650877158602,1.1398756016647251,4.9481549872136006e-24,3.432577714639898e-23,Basal-up,ENSG00000284946.1,ENSG00000284946,AC068831.6,22.464379621416132
1.635423247262199,0.4962977530261983,1.1391254942360007,1.0064037727525205e-23,6.877605395038632e-23,Basal-up,ENSG00000217447.1,ENSG00000217447,AL021331.1,22.162562745593608
5.100162127281076,3.9614741993938165,1.13868792788726,9.576552610590308e-19,4.864464972071331e-18,Basal-up,ENSG00000272931.1,ENSG00000272931,AC099568.2,17.31296491951791
2.537455836762841,1.3992251280059498,1.138230708756891,7.928064068327546e-17,3.5348325029308237e-16,Basal-up,ENSG00000248693.1,ENSG00000248693,LINC02100,15.45163116030451
2.7076031888416345,1.5700162564351439,1.1375869324064907,2.1619927913225152e-13,7.71449844210461e-13,Basal-up,ENSG00000163221.9,ENSG00000163221,S100A12,12.112692304326313
10.3188872822838,9.181996548737203,1.136890733546597,3.255817518151094e-29,3.1226038113998474e-28,Basal-up,ENSG00000180667.10,ENSG00000180667,YOD1,27.505483114533114
2.8877285589450623,1.7508678196003857,1.1368607393446766,2.3440308398769623e-20,1.3071354808297418e-19,Basal-up,ENSG00000162728.5,ENSG00000162728,KCNJ9,18.883679396713696
3.8562759756794773,2.7197776886317913,1.136498287047686,8.999878271854464e-13,3.069243256410231e-12,Basal-up,ENSG00000189410.12,ENSG00000189410,SH2D5,11.512968689694592
2.04754249352925,0.9115839602259741,1.1359585333032758,1.9857139867760016e-19,1.0475469442356244e-18,Basal-up,ENSG00000231971.6,ENSG00000231971,CT69,17.979826505673685
1.5084937431799519,0.3727634214482372,1.1357303217317147,1.504239351472312e-28,1.3863652202736293e-27,Basal-up,ENSG00000261628.1,ENSG00000261628,AC087481.2,26.858122345297534
3.6460838867311973,2.510937195270258,1.1351466914609394,3.344892823249415e-15,1.3464730087104646e-14,Basal-up,ENSG00000248243.1,ENSG00000248243,LINC02014,13.870802347997435
1.8023546268516109,0.6674139047820734,1.1349407220695373,2.9765227641801526e-18,1.459737279521854e-17,Basal-up,ENSG00000285769.2,ENSG00000285769,AP003100.2,16.835725300599734
11.1301422395992,9.995283310100726,1.1348589294984741,4.588149970683258e-16,1.9587408575888764e-15,Basal-up,ENSG00000116741.8,ENSG00000116741,RGS2,14.708023017585495
10.510555849786805,9.375698747636791,1.1348571021500131,5.487020667640239e-38,8.770859932250873e-37,Basal-up,ENSG00000112312.10,ENSG00000112312,GMNN,36.056957824476285
10.53243000430503,9.398029457404643,1.1344005469003875,1.7409684216344756e-28,1.5970788585984572e-27,Basal-up,ENSG00000136490.9,ENSG00000136490,LIMD2,26.796673639272523
8.6288260755864,7.494567271513023,1.1342588040733768,3.302458218606459e-14,1.2431038684748851e-13,Basal-up,ENSG00000116675.16,ENSG00000116675,DNAJC6,12.905492582041497
3.0819700661131613,1.9479197302227327,1.1340503358904286,1.8278732235076594e-13,6.555077613349389e-13,Basal-up,ENSG00000183929.7,ENSG00000183929,DUSP5P1,12.183422161815269
7.256501990668731,6.122558302809795,1.1339436878589364,1.325275093421622e-18,6.656161392192503e-18,Basal-up,ENSG00000169247.14,ENSG00000169247,SH3TC2,17.17677615623523
5.3614269502041205,4.227837046755699,1.1335899034484216,2.8443985496460995e-19,1.4888232258609816e-18,Basal-up,ENSG00000259985.1,ENSG00000259985,AC017100.1,17.827156864766742
13.165816707337866,12.032459103806701,1.1333576035311648,3.32780915463783e-39,5.711631483024069e-38,Basal-up,ENSG00000189159.16,ENSG00000189159,JPT1,37.24323982119899
13.440660999123837,12.307338200648468,1.133322798475369,1.4468318926003332e-41,2.8511349229843136e-40,Basal-up,ENSG00000138801.9,ENSG00000138801,PAPSS1,39.54498223028048
7.27526284954964,6.142136219525406,1.1331266300242344,2.9298110351170662e-05,5.5356105009370424e-05,Basal-up,ENSG00000150893.11,ENSG00000150893,FREM2,4.256834475495801
2.6065085913204156,1.4738547263722566,1.132653864948159,9.825922249325738e-15,3.832944417518896e-14,Basal-up,ENSG00000261402.1,ENSG00000261402,AL591222.1,13.416467478512374
11.254194987941004,10.121737960004252,1.132457027936752,2.68565222880314e-39,4.6331993159794777e-38,Basal-up,ENSG00000253276.4,ENSG00000253276,CCDC71L,37.334119016445214
12.812509843337825,11.680135733493726,1.1323741098440987,8.850022663066052e-26,6.870142650902595e-25,Basal-up,ENSG00000136997.21,ENSG00000136997,MYC,24.163034245202947
8.643408026176306,7.511263790970812,1.1321442352054945,6.964679741474155e-39,1.1678642567994682e-37,Basal-up,ENSG00000151287.17,ENSG00000151287,TEX30,36.93260763320727
9.14238404342973,8.01091114415877,1.1314728992709604,4.285078616189039e-23,2.8147332003656006e-22,Basal-up,ENSG00000269190.6,ENSG00000269190,FBXO17,21.550562764258558
10.391555239338203,9.260210059950344,1.1313451793878588,2.40080787804476e-26,1.934962252273632e-25,Basal-up,ENSG00000147650.11,ENSG00000147650,LRP12,24.713327502887534
2.021701002557168,0.890621625003649,1.1310793775535188,8.91211152012182e-21,5.102202871980929e-20,Basal-up,ENSG00000223298.1,ENSG00000223298,RNY3P8,19.29224227711976
3.657472046093243,2.5264661547007488,1.131005891392494,5.397056641932428e-10,1.5051945972008902e-09,Basal-up,ENSG00000154898.15,ENSG00000154898,CCDC144CP,8.82240734922146
9.948416645617527,8.817665110962588,1.130751534654939,3.2022730345997944e-40,5.8591807925646894e-39,Basal-up,ENSG00000179967.11,ENSG00000179967,PPP1R14BP3,38.23216310107051
11.683769950965221,10.553339980170964,1.1304299707942569,2.0144239653801906e-21,1.1980747217804114e-20,Basal-up,ENSG00000090339.9,ENSG00000090339,ICAM1,19.921516094930908
11.090868558676691,9.96086184058091,1.1300067180957818,1.3458449500695906e-11,4.2343460415179915e-11,Basal-up,ENSG00000182795.13,ENSG00000182795,C1orf116,10.37321365321769
3.4561704705143454,2.3266194803288505,1.129550990185495,6.880892348759501e-11,2.0522067046037769e-10,Basal-up,ENSG00000145087.13,ENSG00000145087,STXBP5L,9.687778897874226
2.3838871142359044,1.2543792094617996,1.1295079047741048,5.056070137058797e-17,2.2813228024526973e-16,Basal-up,ENSG00000104970.11,ENSG00000104970,KIR3DX1,15.64181325860538
12.802571520844054,11.673591476697203,1.1289800441468518,1.5841337058828395e-28,1.458394996462312e-27,Basal-up,ENSG00000182240.16,ENSG00000182240,BACE2,26.836124834350706
3.506660261159396,2.3780564698078517,1.1286037913515443,3.787179047607105e-16,1.6248079057441463e-15,Basal-up,ENSG00000286677.1,ENSG00000286677,AP006545.3,14.789197976473815
3.8432765102594413,2.7148353543853263,1.128441155874115,5.061893315046399e-11,1.5248913806089268e-10,Basal-up,ENSG00000182040.9,ENSG00000182040,USH1G,9.816761090403892
10.925280568187965,9.796853702963695,1.1284268652242702,4.570852515014896e-16,1.9517831376216472e-15,Basal-up,ENSG00000138772.13,ENSG00000138772,ANXA3,14.709568438393886
9.382749951067053,8.254478585202778,1.1282713658642756,7.897431299952498e-23,5.1065180782100255e-22,Basal-up,ENSG00000185920.16,ENSG00000185920,PTCH1,21.29187512625447
3.35642671118037,2.2283106829755503,1.1281160282048197,8.392903293606506e-11,2.4885459389800095e-10,Basal-up,ENSG00000264449.6,ENSG00000264449,AP001021.1,9.60405433769618
9.233138060755449,8.105456009554546,1.1276820512009031,3.736071605450107e-36,5.324537424093859e-35,Basal-up,ENSG00000152253.9,ENSG00000152253,SPC25,34.27371811613143
2.1315976831872505,1.0041880565216679,1.1274096266655826,4.0587027197608375e-14,1.5185591602453764e-13,Basal-up,ENSG00000184507.16,ENSG00000184507,NUTM1,12.818568284109475
1.6914488323101335,0.564418792534597,1.1270300397755366,1.30002602033319e-18,6.538165371578173e-18,Basal-up,ENSG00000108242.13,ENSG00000108242,CYP2C18,17.184544098889393
2.5739407303589052,1.447326373982038,1.1266143563768674,1.588323754711361e-14,6.112584644997109e-14,Basal-up,ENSG00000134398.15,ENSG00000134398,ERN2,13.213775113864129
4.929949468728096,3.803869246786728,1.126080221941368,5.498828039534077e-07,1.2149542936206068e-06,Basal-up,ENSG00000231419.6,ENSG00000231419,LINC00689,5.9154400598448715
3.2733441512725596,2.147751470742521,1.1255926805300387,3.436077181162714e-14,1.2922395053581754e-13,Basal-up,ENSG00000189430.13,ENSG00000189430,NCR1,12.88865698617404
4.863241958091052,3.737924731581226,1.1253172265098264,8.761697344094257e-34,1.0958660260225354e-32,Basal-up,ENSG00000234129.8,ENSG00000234129,AC073529.1,31.960242536833043
3.3624086104251356,2.2371223687862427,1.125286241638893,7.143617807294638e-12,2.2960405494344258e-11,Basal-up,ENSG00000178395.7,ENSG00000178395,CCDC185,10.63902044630886
13.152858144467764,12.027594257859334,1.1252638866084297,3.098373106208011e-08,7.536279407887129e-08,Basal-up,ENSG00000211893.4,ENSG00000211893,IGHG2,7.122843008429867
3.0327384538005386,1.9075960120440454,1.1251424417564933,3.603285348584535e-19,1.872591083481451e-18,Basal-up,ENSG00000244086.1,ENSG00000244086,AC110749.1,17.72755704888012
2.4841581798289765,1.3590349853531005,1.125123194475876,2.2162583038826615e-17,1.0267999771409373e-16,Basal-up,ENSG00000139269.3,ENSG00000139269,INHBE,15.988514149669045
10.23833654935576,9.11326749086485,1.1250690584909098,7.809486307447485e-23,5.052576356410726e-22,Basal-up,ENSG00000188549.12,ENSG00000188549,CCDC9B,21.29648711454353
7.073660311395193,5.948718100847879,1.1249422105473137,1.075337487859876e-25,8.299634490689166e-25,Basal-up,ENSG00000145949.11,ENSG00000145949,MYLK4,24.08094103318683
7.047163467150856,5.922366104799378,1.1247973623514778,2.127242699805964e-05,4.0724870236733056e-05,Basal-up,ENSG00000172927.8,ENSG00000172927,MYEOV,4.390140290826956
8.64131824822665,7.5165588958999905,1.1247593523266595,2.9965433344704472e-36,4.305363590717934e-35,Basal-up,ENSG00000136122.18,ENSG00000136122,BORA,34.365990166213884
6.096974413748699,4.972312000655028,1.124662413093671,4.2076485204697096e-14,1.5728825516465337e-13,Basal-up,ENSG00000177807.10,ENSG00000177807,KCNJ10,12.803303705270002
1.983363018917731,0.8602868597315516,1.1230761591861793,0.007704216715255996,0.011269215582797214,Basal-up,ENSG00000213401.10,ENSG00000213401,MAGEA12,1.948106312873047
10.984560971968833,9.86166478551928,1.1228961864495535,1.004288732765055e-49,3.403817828340207e-48,Basal-up,ENSG00000111845.5,ENSG00000111845,PAK1IP1,47.46803369132062
10.942699798885752,9.819829037826981,1.1228707610587705,3.9245030866175746e-45,9.766098252666748e-44,Basal-up,ENSG00000197785.14,ENSG00000197785,ATAD3A,43.01027891077314
2.909031424421723,1.7862888005080502,1.1227426239136726,4.421128185603312e-10,1.2406548077138806e-09,Basal-up,ENSG00000211594.2,ENSG00000211594,IGKJ4,8.90634903716272
1.9018592293737242,0.7792387062866869,1.1226205230870372,4.519903804682723e-11,1.3666532160649907e-10,Basal-up,ENSG00000254948.1,ENSG00000254948,OR7E158P,9.864341672305414
2.5280606226022653,1.4056899272076717,1.1223706953945936,1.8477791810656077e-22,1.1684127173989657e-21,Basal-up,ENSG00000258256.1,ENSG00000258256,AC011773.3,20.93240372466482
2.3543278983956535,1.2320145198469716,1.1223133785486819,3.9516835137980383e-16,1.693001423600591e-15,Basal-up,ENSG00000287089.1,ENSG00000287089,AL138889.3,14.771342676704046
2.0114942349221976,0.889233320542224,1.1222609143799736,3.771549113609259e-17,1.7183950834332247e-16,Basal-up,ENSG00000227634.3,ENSG00000227634,LINC01714,15.764876978555536
12.28832520875943,11.166196135124704,1.122129073634726,1.5244847976469395e-28,1.4046379993712319e-27,Basal-up,ENSG00000085117.12,ENSG00000085117,CD82,26.85243558688512
2.671426716335809,1.549395900714384,1.1220308156214251,4.639200352564915e-15,1.849280483029801e-14,Basal-up,ENSG00000176754.13,ENSG00000176754,LINC00303,13.732997213776509
12.615131328923493,11.493326879464178,1.1218044494593151,1.73754570244067e-33,2.1287475126393006e-32,Basal-up,ENSG00000143514.17,ENSG00000143514,TP53BP2,31.67187584648567
10.688299327766378,9.566640105884005,1.121659221882373,6.455583041347135e-42,1.2973090140644842e-40,Basal-up,ENSG00000120539.15,ENSG00000120539,MASTL,39.886956564302636
2.4083888325503704,1.2882422868130716,1.1201465457372988,1.7633946014832882e-28,1.616766603985772e-27,Basal-up,ENSG00000258777.1,ENSG00000258777,HIF1A-AS1,26.791352670209285
1.6704409896526273,0.5504831147163387,1.1199578749362886,8.029929591946756e-18,3.823884641597603e-17,Basal-up,ENSG00000272710.2,ENSG00000272710,AC133041.1,16.41749521793184
3.436536412997402,2.3165984567857523,1.1199379562116496,5.622697018149407e-13,1.94281830788958e-12,Basal-up,ENSG00000188676.13,ENSG00000188676,IDO2,11.711567812663509
6.798608813297741,5.678856432837245,1.119752380460496,1.1430971871678294e-06,2.4561934431965154e-06,Basal-up,ENSG00000183780.13,ENSG00000183780,SLC35F3,5.609737432317324
10.62172492049785,9.502381293032427,1.1193436274654243,2.4137197601584078e-36,3.4866273123739575e-35,Basal-up,ENSG00000197905.10,ENSG00000197905,TEAD4,34.457594472133515
11.380028584672168,10.260718885963188,1.11930969870898,1.0396713114560933e-50,3.759415572816424e-49,Basal-up,ENSG00000112578.10,ENSG00000112578,BYSL,48.424879663909685
5.860632434106875,4.7414699205887025,1.1191625135181722,5.615653830480709e-13,1.9405847051310656e-12,Basal-up,ENSG00000226979.9,ENSG00000226979,LTA,11.712067395867468
11.269135529859634,10.150280808471027,1.1188547213886064,2.4548181142650045e-21,1.451243442507283e-20,Basal-up,ENSG00000176170.14,ENSG00000176170,SPHK1,19.83825972962328
7.7696072399857865,6.651761592561551,1.117845647424235,1.8452219300775332e-17,8.606071948824115e-17,Basal-up,ENSG00000153291.16,ENSG00000153291,SLC25A27,16.06519502743233
6.972029406492084,5.854584794224351,1.1174446122677324,1.3685317424431044e-27,1.1939922958535361e-26,Basal-up,ENSG00000273117.1,ENSG00000273117,AC144652.1,25.922998475450445
4.953290073902043,3.8360794259580957,1.117210647943947,2.0767742509904805e-11,6.454656735577275e-11,Basal-up,ENSG00000253641.6,ENSG00000253641,LINCR-0001,10.190126848952728
2.8466313963389154,1.7297210736297082,1.1169103227092072,1.8467939629376439e-16,8.076260096238725e-16,Basal-up,ENSG00000224220.1,ENSG00000224220,DTNB-AS1,15.092789703034205
7.301568555349115,6.18521903376693,1.116349521582185,1.2925858871736377e-09,3.499796360101804e-09,Basal-up,ENSG00000107105.15,ENSG00000107105,ELAVL2,8.455957224866015
12.193172513524273,11.0771790067661,1.1159935067581728,3.631270514895888e-25,2.708504398293506e-24,Basal-up,ENSG00000155760.2,ENSG00000155760,FZD7,23.567270454832897
3.0642397913683013,1.9483474509298833,1.115892340438418,1.387394651642345e-14,5.360243052449447e-14,Basal-up,ENSG00000272438.1,ENSG00000272438,AL645608.6,13.27081551740715
7.5328280430603245,6.4172796154235705,1.115548427636754,1.2526697217015295e-11,3.948978564039807e-11,Basal-up,ENSG00000178826.11,ENSG00000178826,TMEM139,10.403515223706984
6.4197472929782045,5.304200481494949,1.1155468114832559,1.3152978422022132e-18,6.608187785183999e-18,Basal-up,ENSG00000234883.6,ENSG00000234883,MIR155HG,17.179917624145542
2.8010481878367526,1.6855201125494779,1.1155280752872747,6.852158729550334e-10,1.8964937710719772e-09,Basal-up,ENSG00000231870.4,ENSG00000231870,KRT17P3,8.722048579374853
9.943727175405503,8.82823024669721,1.1154969287082928,8.33886486121175e-40,1.4852218392551426e-38,Basal-up,ENSG00000092445.12,ENSG00000092445,TYRO3,37.8282086733711
4.157734493190569,3.042540782884871,1.115193710305698,9.812783961649262e-16,4.089282708778556e-15,Basal-up,ENSG00000248898.3,ENSG00000248898,AC022126.1,14.388352863860359
2.7849114430155573,1.6698669114324607,1.1150445315830966,1.3222277784729836e-09,3.5765877287293744e-09,Basal-up,ENSG00000236069.2,ENSG00000236069,AL136987.1,8.446531117848462
10.571122534743285,9.456204713239439,1.1149178215038464,2.9159974291432547e-35,3.952455876461055e-34,Basal-up,ENSG00000080839.12,ENSG00000080839,RBL1,33.40313296964786
12.992012638837968,11.877115654721813,1.1148969841161556,1.9035452641430327e-29,1.8521578303069508e-28,Basal-up,ENSG00000070087.14,ENSG00000070087,PFN2,27.732322007983026
7.9593547962366005,6.844857965215177,1.1144968310214232,3.8669763905800905e-05,7.227267834527161e-05,Basal-up,ENSG00000211965.4,ENSG00000211965,IGHV3-49,4.141025850512124
8.822302443458238,7.707857359503185,1.1144450839550526,7.49550446700056e-25,5.488189378197002e-24,Basal-up,ENSG00000247081.8,ENSG00000247081,BAALC-AS1,23.260570911060977
2.9028388494045423,1.7884876500316114,1.114351199372931,1.593261932618219e-09,4.288272039614799e-09,Basal-up,ENSG00000211593.2,ENSG00000211593,IGKJ5,8.367717671646435
5.468218340451248,4.354038617792097,1.1141797226591512,3.2042003549744836e-11,9.80507539700061e-11,Basal-up,ENSG00000226816.3,ENSG00000226816,AC005082.1,10.008549062437256
5.515315609653457,4.4012056175536864,1.1141099920997704,7.328749262211511e-10,2.024222769193555e-09,Basal-up,ENSG00000181126.13,ENSG00000181126,HLA-V,8.6937416943482
1.9551415598087047,0.8413440965882572,1.1137974632204477,2.0978874207191022e-27,1.8068136264775002e-26,Basal-up,ENSG00000288103.1,ENSG00000288103,AL359538.4,25.743086642772106
1.4994945095865098,0.3859771224482199,1.1135173871382897,1.8311413037086575e-25,1.3915179437840445e-24,Basal-up,ENSG00000269989.1,ENSG00000269989,AC036176.3,23.8565111890165
7.884314362458335,6.770879278471502,1.1134350839868334,1.951705014924037e-15,7.97332749546054e-15,Basal-up,ENSG00000198846.6,ENSG00000198846,TOX,14.09836039738283
6.706955175479187,5.593599081655054,1.1133560938241338,3.366656172963459e-16,1.4505181866032796e-15,Basal-up,ENSG00000267470.6,ENSG00000267470,ZNF571-AS1,14.838476821641093
10.035112273037383,8.921809320861087,1.113302952176296,2.149992054086002e-43,4.75380828845401e-42,Basal-up,ENSG00000120334.15,ENSG00000120334,CENPL,41.32295833647939
9.918055227716746,8.80485835320328,1.1131968745134664,1.4267862670397709e-11,4.481855090541947e-11,Basal-up,ENSG00000167772.12,ENSG00000167772,ANGPTL4,10.348542189388507
6.786219745270794,5.673038126912227,1.113181618358567,1.0400537276572895e-09,2.8394364677530822e-09,Basal-up,ENSG00000071909.19,ENSG00000071909,MYO3B,8.546767844188812
2.6856734911761655,1.5726176058642842,1.1130558853118813,6.534504529788297e-22,3.993374509361964e-21,Basal-up,ENSG00000275576.1,ENSG00000275576,AL049539.1,20.398659958595463
3.2837780416707356,2.1709250669377353,1.1128529747330003,6.201939520290914e-20,3.368805910227701e-19,Basal-up,ENSG00000253102.1,ENSG00000253102,AC004707.1,18.47252400966158
6.32027650528715,5.207954526048419,1.1123219792387307,1.301938561314106e-16,5.737704519491038e-16,Basal-up,ENSG00000174950.11,ENSG00000174950,CD164L2,15.241261820826645
5.525404997037493,4.413536419021689,1.1118685780158044,2.6802147326369438e-11,8.251359096068181e-11,Basal-up,ENSG00000132744.8,ENSG00000132744,ACY3,10.083474512139805
11.150665365609557,10.039250777248538,1.1114145883610185,1.1286657649332653e-33,1.402776286264852e-32,Basal-up,ENSG00000159228.13,ENSG00000159228,CBR1,31.853011584415405
11.386530989610653,10.27518796275704,1.1113430268536142,6.963905051858586e-47,1.9212353690395046e-45,Basal-up,ENSG00000124784.9,ENSG00000124784,RIOK1,44.71641942680234
12.71013916901971,11.59951727862115,1.1106218903985603,1.911440404548268e-46,5.1463038040528465e-45,Basal-up,ENSG00000124571.18,ENSG00000124571,XPO5,44.288504579468615
13.123744162917452,12.013166589251302,1.1105775736661503,4.016397346896546e-46,1.0559187377880174e-44,Basal-up,ENSG00000156471.13,ENSG00000156471,PTDSS1,43.976369503287266
7.20906228470116,6.0985881161629205,1.1104741685382393,1.2161156135161848e-37,1.8968913617990934e-36,Basal-up,ENSG00000270362.1,ENSG00000270362,HMGN3-AS1,35.721957541184196
7.94860886631158,6.838473329948115,1.1101355363634653,6.909401165411559e-16,2.9092698640895867e-15,Basal-up,ENSG00000180535.4,ENSG00000180535,BHLHA15,14.536215991695862
9.574020618591685,8.463897845081028,1.110122773510657,6.111244223491966e-09,1.5712886888966074e-08,Basal-up,ENSG00000223573.7,ENSG00000223573,TINCR,7.8037440158024385
1.733451246387428,0.6239559498465439,1.1094952965408842,2.9126412377671887e-18,1.4302920347195453e-17,Basal-up,ENSG00000147246.10,ENSG00000147246,HTR2C,16.844575279934613
2.848208566579949,1.7387529815391243,1.1094555850408245,1.802540095622112e-19,9.543696731204105e-19,Basal-up,ENSG00000214914.3,ENSG00000214914,RPL23AP3,18.020283369637085
1.8535447869196011,0.7447473419613772,1.108797444958224,1.8364562792920362e-21,1.0951434705900916e-20,Basal-up,ENSG00000249693.3,ENSG00000249693,THEGL,19.960528981824762
5.129022924072445,4.020690409281445,1.108332514791,9.996679237740923e-19,5.0724899795500414e-18,Basal-up,ENSG00000130943.7,ENSG00000130943,PKDREJ,17.294778802220772
12.131901427288149,11.024050597069216,1.1078508302189327,8.388157758259276e-54,3.815075278926064e-52,Basal-up,ENSG00000102900.13,ENSG00000102900,NUP93,51.418496888141696
2.170807048283769,1.0630665492183722,1.1077404990653967,5.808043111230662e-20,3.1599676203287094e-19,Basal-up,ENSG00000225675.2,ENSG00000225675,LINC01771,18.50031736750331
4.2975760609335785,3.189846209913024,1.1077298510205544,1.0069571446146724e-14,3.924791103195793e-14,Basal-up,ENSG00000287860.1,ENSG00000287860,AC079804.3,13.406183453605014
8.242157958161425,7.134744373315434,1.1074135848459905,2.3714914117775765e-14,9.012742871063987e-14,Basal-up,ENSG00000197415.12,ENSG00000197415,VEPH1,13.04514301895582
8.440442984582615,7.333212643700657,1.1072303408819586,3.724811574067658e-23,2.4553723493165763e-22,Basal-up,ENSG00000167799.10,ENSG00000167799,NUDT8,21.609882639185997
11.9322572221034,10.825335174809718,1.1069220472936827,7.467545626711259e-17,3.336605297352191e-16,Basal-up,ENSG00000135919.14,ENSG00000135919,SERPINE2,15.476695165032472
6.145043618700891,5.038129071750153,1.1069145469507378,3.0784744714778177e-16,1.3301168378955459e-15,Basal-up,ENSG00000260428.3,ENSG00000260428,SCX,14.876110208788818
8.858538950053267,7.752108820680408,1.1064301293728596,1.6642034025463986e-26,1.3546405549624887e-25,Basal-up,ENSG00000228288.7,ENSG00000228288,PCAT6,24.868175926712254
3.4894584183634914,2.3834062611900655,1.1060521571734259,5.561040118465734e-27,4.6578227079203245e-26,Basal-up,ENSG00000248180.1,ENSG00000248180,GAPDHP60,25.33181704616571
9.024200807960298,7.918418915092117,1.1057818928681815,6.467213823478623e-29,6.09963442214416e-28,Basal-up,ENSG00000124216.4,ENSG00000124216,SNAI1,27.214696193383208
1.9946111612588178,0.8890363203529297,1.105574840905888,3.2941743844099854e-24,2.3139297017062598e-23,Basal-up,ENSG00000254968.7,ENSG00000254968,LINC02763,22.635649839258434
3.20816508197109,2.104567330593874,1.1035977513772162,2.3181127029222694e-14,8.817877644343448e-14,Basal-up,ENSG00000124557.12,ENSG00000124557,BTN1A1,13.054635931678344
14.479157946390997,13.375674256747264,1.103483689643733,1.1944104904828241e-29,1.1730629839139838e-28,Basal-up,ENSG00000112378.12,ENSG00000112378,PERP,27.93067866918716
3.4839332394622926,2.380513771263886,1.1034194681984064,4.949261877701787e-24,3.432635177748063e-23,Basal-up,ENSG00000236670.1,ENSG00000236670,KRT18P5,22.464372351165032
3.6410290102049467,2.537834622858065,1.103194387346882,2.2716235091166775e-11,7.030081584704345e-11,Basal-up,ENSG00000254750.1,ENSG00000254750,CASP1P2,10.153039634925936
3.7785410606985095,2.6755116944227493,1.1030293662757602,4.984154460522793e-25,3.6896832490442585e-24,Basal-up,ENSG00000255008.3,ENSG00000255008,LINC02739,23.433010915438985
2.912683941684615,1.80973182693689,1.102952114747725,1.0428645257774152e-22,6.697991742490699e-22,Basal-up,ENSG00000276408.1,ENSG00000276408,AC025287.2,21.174055392208654
4.123247215735281,3.0204533445447,1.1027938711905811,1.3097913715377523e-11,4.12400965376155e-11,Basal-up,ENSG00000215009.5,ENSG00000215009,ACSM4,10.384680326761348
2.239531354002131,1.1372361848100558,1.1022951691920753,4.2041896407368e-18,2.041199837159582e-17,Basal-up,ENSG00000285859.1,ENSG00000285859,AL512598.2,16.690114474986434
8.660169229702666,7.558558005296273,1.1016112244063923,5.1963311927720564e-11,1.5635639280226151e-10,Basal-up,ENSG00000168062.10,ENSG00000168062,BATF2,9.805884357452785
9.502730516480446,8.401790629275963,1.1009398872044827,1.268907691214302e-16,5.598760801566856e-16,Basal-up,ENSG00000136514.3,ENSG00000136514,RTP4,15.251908086671595
4.292244577554305,3.1913957824705146,1.1008487950837904,1.196412258079518e-24,8.671078679097393e-24,Basal-up,ENSG00000221539.1,ENSG00000221539,SNORD99,23.061926873084328
9.227743737648407,8.12708259465725,1.1006611429911572,2.7188262157019624e-22,1.7009155421860727e-21,Basal-up,ENSG00000149289.11,ENSG00000149289,ZC3H12C,20.769317250451614
1.7637219537097582,0.6631748038794077,1.1005471498303505,4.85606495067308e-25,3.5972441358356166e-24,Basal-up,ENSG00000286962.1,ENSG00000286962,AC027128.1,23.444030086716303
13.935324778649305,12.834995663440933,1.1003291152083712,3.495712138103615e-31,3.775008726457254e-30,Basal-up,ENSG00000197747.9,ENSG00000197747,S100A10,29.423082040101587
4.689577779258709,3.5892496322615757,1.1003281469971333,2.2241561056456258e-20,1.2425618776873562e-19,Basal-up,ENSG00000228701.2,ENSG00000228701,TNKS2-AS1,18.90568197485295
7.696726440421961,6.596660449847298,1.100065990574663,2.3368772730355713e-12,7.751051473595127e-12,Basal-up,ENSG00000106327.13,ENSG00000106327,TFR2,11.110639379015584
4.044919532640923,2.9452443762119946,1.099675156428928,1.299740573871559e-22,8.306445002130535e-22,Basal-up,ENSG00000275719.1,ENSG00000275719,AC008622.2,21.080584806094812
2.6380727868108735,1.5384868380461376,1.099585948764736,3.281644194704909e-21,1.9298370773071675e-20,Basal-up,ENSG00000230730.1,ENSG00000230730,AC074011.1,19.714479353900582
3.0091882277450908,1.9097260322117844,1.0994621955333064,4.203731289519078e-12,1.3705775004832167e-11,Basal-up,ENSG00000182545.6,ENSG00000182545,RNASE10,10.863096401875248
3.4644954205118412,2.3654294186520066,1.0990660018598346,4.1715725465068783e-13,1.4561190436208535e-12,Basal-up,ENSG00000238099.3,ENSG00000238099,LINC01625,11.836803118241221
11.723528099661426,10.624742040082419,1.098786059579007,1.466166535010621e-42,3.071618890847251e-41,Basal-up,ENSG00000168496.4,ENSG00000168496,FEN1,40.5126326701085
2.2593025940187776,1.1613190716231694,1.0979835223956083,1.6481903661850168e-23,1.110276146996016e-22,Basal-up,ENSG00000204086.4,ENSG00000204086,RPA4,21.95456899040164
2.053195325424682,0.955545236496947,1.097650088927735,1.3900780758911537e-19,7.398446666222845e-19,Basal-up,ENSG00000225187.1,ENSG00000225187,AC073283.1,18.130859452579966
2.1886849788027094,1.0919193590106324,1.096765619792077,1.2125870041859956e-18,6.11584658144968e-18,Basal-up,ENSG00000243537.1,ENSG00000243537,KC877373.1,17.21354341758044
7.05923973076339,5.962755124678258,1.0964846060851317,1.3812570798816957e-06,2.949967334669286e-06,Basal-up,ENSG00000176692.8,ENSG00000176692,FOXC2,5.530182792988421
2.9303644328561917,1.8338970022305299,1.0964674306256619,4.103131137936746e-12,1.3384289192646918e-11,Basal-up,ENSG00000242953.1,ENSG00000242953,AC139453.1,10.87340468819824
13.454646900565994,12.358438972322467,1.0962079282435262,4.45182823973114e-22,2.7506964533785776e-21,Basal-up,ENSG00000140105.18,ENSG00000140105,WARS1,20.56055733250971
7.668251998651094,6.572564289528925,1.0956877091221688,2.113502374202573e-27,1.8197944922494283e-26,Basal-up,ENSG00000240024.5,ENSG00000240024,LINC00888,25.73997765372997
2.0819914212150006,0.9863287365519584,1.0956626846630422,1.0598904088842351e-19,5.675323722971176e-19,Basal-up,ENSG00000286614.1,ENSG00000286614,AL589182.3,18.246009361079285
4.309923776292837,3.2143692630118696,1.095554513280967,4.679863545202282e-22,2.8868057790795087e-21,Basal-up,ENSG00000224020.1,ENSG00000224020,MIR181A2HG,20.539582433961826
12.687642188643666,11.592231760222733,1.0954104284209336,1.0838995545469448e-44,2.615717283543095e-43,Basal-up,ENSG00000112079.9,ENSG00000112079,STK38,42.582409197974805
4.93494704178343,3.839556735328098,1.0953903064553323,2.059089287071138e-28,1.883238005528637e-27,Basal-up,ENSG00000285077.2,ENSG00000285077,ARHGAP11B,26.72509478993776
4.127355932133256,3.032019472770274,1.0953364593629815,3.604535061598742e-27,3.063489230851669e-26,Basal-up,ENSG00000287445.1,ENSG00000287445,AC092803.3,25.513783642013898
6.013153674881994,4.918557709137691,1.0945959657443032,9.57104944127885e-17,4.2492924141942654e-16,Basal-up,ENSG00000254024.1,ENSG00000254024,AP001207.3,15.371683381995595
12.184874257684623,11.090357604632603,1.09451665305202,1.130642414159351e-43,2.5642174372544957e-42,Basal-up,ENSG00000137547.9,ENSG00000137547,MRPL15,41.591045150839676
2.749821796571812,1.6553927840035447,1.0944290125682672,3.002358436592174e-10,8.535967327783687e-10,Basal-up,ENSG00000233256.1,ENSG00000233256,AL355870.1,9.068747255883308
11.566906924174809,10.472564369142326,1.0943425550324832,8.120447207299374e-34,1.0171800836647049e-32,Basal-up,ENSG00000146918.20,ENSG00000146918,NCAPG2,31.99260215187737
11.268180669594598,10.17392130472968,1.094259364864918,3.9749414443988206e-39,6.777214507438884e-38,Basal-up,ENSG00000078070.13,ENSG00000078070,MCCC1,37.16894876817099
4.545183516383948,3.450972757369763,1.0942107590141847,7.426179950144423e-15,2.923720365619462e-14,Basal-up,ENSG00000039600.11,ENSG00000039600,SOX30,13.534064167102642
2.0215723845667797,0.9274900058989533,1.0940823786678264,5.6655725367329526e-18,2.727416220469461e-17,Basal-up,ENSG00000256564.1,ENSG00000256564,AC007552.2,16.56424858099503
11.243504849831766,10.1494343931493,1.0940704566824664,5.0186654645714663e-23,3.286299401688524e-22,Basal-up,ENSG00000115355.17,ENSG00000115355,CCDC88A,21.483292872252804
1.5891416886223102,0.4956211304858113,1.0935205581364988,6.405743035239745e-24,4.417208527900355e-23,Basal-up,ENSG00000168412.6,ENSG00000168412,MTNR1A,22.354852098052277
12.065858808555364,10.972415495686555,1.0934433128688088,1.284706869392946e-42,2.6982064073967137e-41,Basal-up,ENSG00000143256.5,ENSG00000143256,PFDN2,40.568924830733565
3.082640354489852,1.9898267491514596,1.0928136053383926,3.1672925910936925e-08,7.695538391813611e-08,Basal-up,ENSG00000278263.2,ENSG00000278263,AC135068.3,7.113760990853382
2.100887502737098,1.0087010111455772,1.0921864915915207,3.6419585505245824e-13,1.2773720897099928e-12,Basal-up,ENSG00000170486.11,ENSG00000170486,KRT72,11.893682577310146
5.771724589260391,4.679982550218931,1.0917420390414598,4.1432597554405386e-07,9.248323034052531e-07,Basal-up,ENSG00000177455.15,ENSG00000177455,CD19,6.033937009215898
9.54194042874758,8.450615441965539,1.0913249867820412,3.550960385507794e-17,1.6203129883231863e-16,Basal-up,ENSG00000154229.12,ENSG00000154229,PRKCA,15.790401086708963
7.8045799644880285,6.713448630747442,1.0911313337405861,7.217707743177769e-17,3.2284169142156233e-16,Basal-up,ENSG00000188859.7,ENSG00000188859,FAM78B,15.491010386015768
12.730408956640872,11.639679321546264,1.0907296350946076,8.585734067595076e-33,1.015862357733099e-31,Basal-up,ENSG00000162607.13,ENSG00000162607,USP1,30.993165131940398
2.8709016477651206,1.7802493888538984,1.0906522589112222,9.209528876995667e-22,5.579313355447221e-21,Basal-up,ENSG00000232732.11,ENSG00000232732,AC097717.1,20.253419246275612
9.64747115226473,8.557447762690185,1.0900233895745455,1.4030128264572473e-20,7.93470388777576e-20,Basal-up,ENSG00000112290.13,ENSG00000112290,WASF1,19.100469275878833
3.992514768525511,2.9029205583084767,1.0895942102170344,1.9784770756495807e-20,1.109748185672255e-19,Basal-up,ENSG00000279569.1,ENSG00000279569,AC020763.4,18.954775556330233
10.67468877623408,9.585238510252445,1.0894502659816343,9.78245125172147e-24,6.691995223626605e-23,Basal-up,ENSG00000075643.6,ENSG00000075643,MOCOS,22.17444437768474
7.61409111871407,6.525375010060897,1.0887161086531725,1.0744760252152604e-21,6.485942079095178e-21,Basal-up,ENSG00000233593.10,ENSG00000233593,LINC02609,20.18802693399201
6.269397788191527,5.180971361170766,1.088426427020761,1.5166109183300527e-10,4.4129164915298064e-10,Basal-up,ENSG00000276980.1,ENSG00000276980,AC008760.2,9.355274290910149
4.986135379698589,3.8979450020152013,1.0881903776833877,1.6617113333940938e-34,2.165651784423407e-33,Basal-up,ENSG00000205639.12,ENSG00000205639,MFSD2B,32.66441137239249
4.613138606299707,3.5254559295913306,1.087682676708376,2.892660429265666e-34,3.716442222651787e-33,Basal-up,ENSG00000228519.3,ENSG00000228519,RANBP1P1,32.429872614530225
6.702651399200006,5.6151078598895285,1.0875435393104773,4.450292037572295e-11,1.3460908599478733e-10,Basal-up,ENSG00000188389.11,ENSG00000188389,PDCD1,9.870925624627494
4.381007915264341,3.2937446645883846,1.0872632506759565,4.249858119954154e-15,1.6989295668558528e-14,Basal-up,ENSG00000263301.1,ENSG00000263301,AC113189.3,13.769824625462856
2.499740938391953,1.4126969910520584,1.0870439473398947,5.792074055650172e-23,3.7706413351212615e-22,Basal-up,ENSG00000245651.3,ENSG00000245651,AC083805.1,21.42358477589078
5.387376620204388,4.300348616315689,1.0870280038886992,6.906778037555685e-20,3.7407529458533945e-19,Basal-up,ENSG00000225210.10,ENSG00000225210,DUXAP9,18.427040973383082
7.757476293130786,6.670917424604877,1.086558868525909,2.1495205899237648e-11,6.670857344157448e-11,Basal-up,ENSG00000124256.15,ENSG00000124256,ZBP1,10.17581834660685
5.482275468552947,4.39662851573692,1.0856469528160275,7.406167198897718e-18,3.539921923671061e-17,Basal-up,ENSG00000287678.1,ENSG00000287678,AL031778.1,16.451006316644484
7.532662538733827,6.447107453674802,1.085555085059025,2.2496609977730566e-49,7.407528157696745e-48,Basal-up,ENSG00000233954.6,ENSG00000233954,UQCRHL,47.130326688992824
1.7233006562241995,0.6381717330142265,1.085128923209973,2.5769687986929245e-16,1.118622042633862e-15,Basal-up,ENSG00000158764.7,ENSG00000158764,ITLN2,14.951316627078276
9.102751925791827,8.01776649885137,1.084985426940456,7.506067242780378e-44,1.7197769923308154e-42,Basal-up,ENSG00000186073.14,ENSG00000186073,CDIN1,41.76452786546415
4.417405515742427,3.332462065560156,1.084943450182271,2.4353386001687913e-22,1.5281271036626335e-21,Basal-up,ENSG00000171786.6,ENSG00000171786,NHLH1,20.815840521333907
7.4202806372128665,6.335897946680674,1.084382690532192,8.265238537003245e-14,3.032185572511205e-13,Basal-up,ENSG00000007312.13,ENSG00000007312,CD79B,12.518244223009848
12.965073160599852,11.880925319779648,1.0841478408202043,1.687789434933068e-48,5.19988068556585e-47,Basal-up,ENSG00000123131.13,ENSG00000123131,PRDX4,46.284006621402675
11.886595945153946,10.802672655093149,1.0839232900607971,2.912182922202527e-49,9.486527847641274e-48,Basal-up,ENSG00000103005.12,ENSG00000103005,USB1,47.02289271407798
9.85985869694002,8.776019574972233,1.0838391219677863,1.3423259448053094e-30,1.3982214316306393e-29,Basal-up,ENSG00000090975.13,ENSG00000090975,PITPNM2,28.854424045385674
3.906098597681687,2.8222787695064775,1.0838198281752094,5.149200206048741e-17,2.3224056903492167e-16,Basal-up,ENSG00000279419.1,ENSG00000279419,AC004925.1,15.63406191306846
5.593047528696754,4.509669637902856,1.0833778907938987,1.7927953828906225e-05,3.4594727554253444e-05,Basal-up,ENSG00000211658.2,ENSG00000211658,IGLV3-27,4.460990085270063
11.307566612481121,10.224206441789354,1.0833601706917673,7.56679619465053e-13,2.5934458941174413e-12,Basal-up,ENSG00000271503.6,ENSG00000271503,CCL5,11.586122808064205
11.705994599266425,10.622769473711795,1.0832251255546304,1.359486643159648e-41,2.6821655255274517e-40,Basal-up,ENSG00000160214.13,ENSG00000160214,RRP1,39.57151442387258
10.71317125721476,9.6301357981355,1.0830354590792606,2.6652869698647527e-08,6.52024662311097e-08,Basal-up,ENSG00000173432.12,ENSG00000173432,SAA1,7.1857359771161535
3.2741046051251925,2.191228948284578,1.0828756568406144,2.411104230277803e-07,5.482309985002847e-07,Basal-up,ENSG00000270472.2,ENSG00000270472,IGHV3OR16-9,6.261036411888438
10.651383379449436,9.568565197588015,1.0828181818614215,4.705521763313425e-45,1.167498812037498e-43,Basal-up,ENSG00000128944.13,ENSG00000128944,KNSTRN,42.932743552668335
12.950066917213993,11.867370086142355,1.0826968310716385,2.949398673331499e-44,6.9573429648185675e-43,Basal-up,ENSG00000069849.11,ENSG00000069849,ATP1B3,42.157556587406056
5.751354228374842,4.668900499612138,1.0824537287627036,3.1758539752716777e-10,9.013176297612958e-10,Basal-up,ENSG00000151364.17,ENSG00000151364,KCTD14,9.045122134055937
2.4551675521538003,1.3728235510571618,1.0823440010966385,8.441344578859337e-11,2.502023788870501e-10,Basal-up,ENSG00000211595.2,ENSG00000211595,IGKJ3,9.601708565415551
6.349075005325785,5.266740784687271,1.082334220638514,3.186693266501812e-20,1.7620910308997153e-19,Basal-up,ENSG00000187116.14,ENSG00000187116,LILRA5,18.753971659376734
12.220518936645245,11.138209582001819,1.0823093546434261,3.461938218880919e-49,1.1201174623251778e-47,Basal-up,ENSG00000151465.14,ENSG00000151465,CDC123,46.95073643218269
1.999816979584703,0.9176212978819529,1.08219568170275,6.5271643235254896e-24,4.499085916606506e-23,Basal-up,ENSG00000277901.1,ENSG00000277901,AL390037.1,22.34687571326879
11.929824718916773,10.84840084670913,1.081423872207644,1.0349012344532488e-39,1.834473261706658e-38,Basal-up,ENSG00000143179.16,ENSG00000143179,UCK2,37.73648861390415
3.1907520710294204,2.109467949676834,1.0812841213525863,6.228943263038144e-17,2.7947286598452495e-16,Basal-up,ENSG00000213997.3,ENSG00000213997,PGAM1P7,15.553660351374107
2.4894721812945053,1.4090105388465275,1.0804616424479778,7.66776026246471e-28,6.781618047435807e-27,Basal-up,ENSG00000202415.1,ENSG00000202415,RN7SKP269,26.168666674092318
12.141230021041826,11.060770409808804,1.0804596112330227,5.019700376326229e-27,4.2191664146051956e-26,Basal-up,ENSG00000188042.8,ENSG00000188042,ARL4C,25.374773344606407
3.584926768262236,2.5048896122943414,1.0800371559678945,4.0872538522194617e-10,1.1503337458135714e-09,Basal-up,ENSG00000260302.3,ENSG00000260302,LINC01882,8.939176139701262
5.20042769785041,4.12045287662753,1.07997482122288,1.342710674559978e-09,3.6308213787714147e-09,Basal-up,ENSG00000177301.16,ENSG00000177301,KCNA2,8.43999511603397
3.1135435749274087,2.033614980538976,1.079928594388433,1.4136947046081208e-14,5.457450938438813e-14,Basal-up,ENSG00000226012.1,ENSG00000226012,AP001434.1,13.263010159835236
4.5131659889212665,3.433428240667372,1.0797377482538946,2.433511928875188e-14,9.239021390406197e-14,Basal-up,ENSG00000259225.7,ENSG00000259225,LINC02345,13.034374027400485
9.685543518459438,8.605861479665831,1.0796820387936066,7.596133837370532e-21,4.36595346756962e-20,Basal-up,ENSG00000136492.9,ENSG00000136492,BRIP1,19.35992089732258
3.7110714584946263,2.631849480570195,1.0792219779244312,7.0645185448362e-27,5.880374015964972e-26,Basal-up,ENSG00000235489.4,ENSG00000235489,DBF4P1,25.230595050130677
2.3792161988284777,1.3000441684838162,1.0791720303446615,3.2363823676143296e-25,2.4258393775141395e-24,Basal-up,ENSG00000228974.5,ENSG00000228974,AC006483.1,23.615137958526603
2.723667721452936,1.6456092673840297,1.0780584540689062,5.785813087973093e-21,3.348997663768919e-20,Basal-up,ENSG00000275092.1,ENSG00000275092,AL031710.2,19.475085155420008
2.056115164883725,0.9780751320124247,1.0780400328713005,1.6282337754234274e-18,8.12662241694361e-18,Basal-up,ENSG00000133742.14,ENSG00000133742,CA1,17.090089918178425
6.614349038480324,5.536315724822149,1.0780333136581746,8.988190340488195e-19,4.572059297250397e-18,Basal-up,ENSG00000267272.5,ENSG00000267272,LINC01140,17.339888145664847
10.368094907180165,9.290326637388516,1.0777682697916493,7.562103829680758e-43,1.6104302437795364e-41,Basal-up,ENSG00000167695.15,ENSG00000167695,TLCD3A,40.793058082019535
7.352316136189286,6.274625194811901,1.0776909413773845,4.775546376588484e-10,1.336530972223812e-09,Basal-up,ENSG00000204179.10,ENSG00000204179,PTPN20,8.87402097262758
2.118862315662264,1.0418427475152412,1.0770195681470227,3.894836055332813e-26,3.090056913011974e-25,Basal-up,ENSG00000273428.3,ENSG00000273428,AC004832.6,24.510033521617423
5.762992752269407,4.686289999138156,1.0767027531312516,2.1418603503387647e-14,8.167822405387417e-14,Basal-up,ENSG00000272468.1,ENSG00000272468,AL021807.1,13.087893713771141
11.583008038249204,10.50667772836818,1.0763303098810244,9.112716359939097e-36,1.2679877641559093e-34,Basal-up,ENSG00000109854.14,ENSG00000109854,HTATIP2,33.89688493729436
4.590689779658144,3.51501971248041,1.0756700671777337,3.825402854429957e-16,1.6405770685835743e-15,Basal-up,ENSG00000241322.11,ENSG00000241322,CDRT1,14.785003363160042
13.872364886228523,12.796722408840225,1.075642477388298,3.4474245901097147e-40,6.297420831633659e-39,Basal-up,ENSG00000143870.13,ENSG00000143870,PDIA6,38.20083728355208
9.75497919591145,8.679931472269935,1.0750477236415144,2.038979839609498e-22,1.2861611634119378e-21,Basal-up,ENSG00000054219.11,ENSG00000054219,LY75,20.890704608398515
3.764987733013078,2.6903179660293954,1.0746697669836824,7.858697897315932e-07,1.7142158750441208e-06,Basal-up,ENSG00000173702.7,ENSG00000173702,MUC13,5.765934487292103
10.138528049493999,9.064090452903786,1.0744375965902133,8.453262028061597e-29,7.897250367352974e-28,Basal-up,ENSG00000197872.11,ENSG00000197872,CYRIA,27.102524093285375
3.4045540802556817,2.331025179477805,1.0735289007778768,6.092411084731148e-14,2.2543064307339453e-13,Basal-up,ENSG00000147647.13,ENSG00000147647,DPYS,12.646987050077188
2.2122634740133185,1.1387576145124716,1.0735058595008469,1.8274226589852182e-22,1.1561949326006892e-21,Basal-up,ENSG00000272431.1,ENSG00000272431,AC104117.5,20.936968938393164
11.46537586179599,10.39205825211501,1.0733176096809807,3.5131496574602324e-39,6.017413209916555e-38,Basal-up,ENSG00000120526.12,ENSG00000120526,NUDCD1,37.22059016490439
4.797039556324775,3.7237991820514016,1.0732403742733738,7.483034965335661e-24,5.145258093088233e-23,Basal-up,ENSG00000261008.7,ENSG00000261008,LINC01572,22.288592835557964
1.7591061176996972,0.6859512223515215,1.0731548953481758,1.073521244068079e-27,9.424942928539027e-27,Basal-up,ENSG00000261559.1,ENSG00000261559,FSCN1P1,26.02572127092542
3.9277695231609893,2.8548445289386932,1.072924994222296,1.107099656465353e-15,4.59395648486242e-15,Basal-up,ENSG00000224885.1,ENSG00000224885,EIPR1-IT1,14.33781312287056
5.619900189580968,4.547247499582315,1.0726526899986535,1.262224580976857e-13,4.573534531871609e-13,Basal-up,ENSG00000118004.18,ENSG00000118004,COLEC11,12.339748037483131
9.815075217890614,8.742604711135758,1.072470506754856,1.0077699300462096e-30,1.0569602019758743e-29,Basal-up,ENSG00000170545.17,ENSG00000170545,SMAGP,28.975941364998786
4.546600978799338,3.4750745403488765,1.0715264384504617,2.0632312377178766e-06,4.326536917271587e-06,Basal-up,ENSG00000282600.2,ENSG00000282600,IGHV3-69-1,5.363859586205522
1.6218347376867246,0.5504382894397285,1.071396448246996,9.917218722676779e-26,7.675483065899922e-25,Basal-up,ENSG00000265487.1,ENSG00000265487,AP001021.2,24.114894282137055
9.642912568466597,8.571525997932921,1.0713865705336758,4.295199195114966e-20,2.354457514640289e-19,Basal-up,ENSG00000125257.16,ENSG00000125257,ABCC4,18.628109141842092
7.96812736969507,6.896999009135324,1.0711283605597464,1.6341808931485339e-15,6.714604503351171e-15,Basal-up,ENSG00000158714.11,ENSG00000158714,SLAMF8,14.172979562603691
3.8292020717209074,2.758273642158464,1.0709284295624433,1.2916341117464229e-23,8.753654554334835e-23,Basal-up,ENSG00000279347.1,ENSG00000279347,AC021945.1,22.05781059595758
9.568326250864917,8.497999483601427,1.0703267672634897,3.7843994662725426e-26,3.003861475478466e-25,Basal-up,ENSG00000158050.5,ENSG00000158050,DUSP2,24.522320098905702
5.54905234811422,4.479163489590382,1.0698888585238375,2.5474752145061143e-14,9.658564550417935e-14,Basal-up,ENSG00000233030.2,ENSG00000233030,AC243772.2,13.015087413352155
12.045159855946228,10.975503426869484,1.069656429076744,3.0989395971770335e-32,3.548905203190098e-31,Basal-up,ENSG00000125249.7,ENSG00000125249,RAP2A,30.449905601182497
10.229346481867083,9.160082898657958,1.0692635832091248,9.89456831832646e-28,8.705924663317411e-27,Basal-up,ENSG00000132613.15,ENSG00000132613,MTSS2,26.06018509532784
10.321757988903943,9.252804423983845,1.0689535649200987,4.3409779508486595e-31,4.656306589198306e-30,Basal-up,ENSG00000133818.14,ENSG00000133818,RRAS2,29.33195843179172
12.399567678911007,11.33079771033555,1.068769968575456,1.8620586870925148e-52,7.705704591523592e-51,Basal-up,ENSG00000099901.17,ENSG00000099901,RANBP1,50.11318764426285
8.94812503474995,7.879432239691224,1.068692795058726,1.0023715817423613e-36,1.4840766528270297e-35,Basal-up,ENSG00000189007.16,ENSG00000189007,ADAT2,34.828543667089285
13.235590254273408,12.167075760550796,1.0685144937226116,1.6652062224167245e-48,5.135024155971353e-47,Basal-up,ENSG00000132780.17,ENSG00000132780,NASP,46.2894575090715
2.8766528781388407,1.8088188161011645,1.0678340620376763,3.3655527306276423e-18,1.644269458251546e-17,Basal-up,ENSG00000284690.3,ENSG00000284690,CD300H,16.784027010006174
13.67120357111891,12.603508585494772,1.0676949856241382,3.25298031430753e-37,4.9699134063622794e-36,Basal-up,ENSG00000068878.15,ENSG00000068878,PSME4,35.30365117816137
5.361314931725847,4.293695955507462,1.0676189762183848,2.275586844843247e-10,6.53397901654494e-10,Basal-up,ENSG00000255833.2,ENSG00000255833,TIFAB,9.18482226456725
4.224290452198725,3.1571530114026327,1.0671374407960919,1.2571270262159671e-28,1.1647014350126926e-27,Basal-up,ENSG00000271855.1,ENSG00000271855,AC073195.1,26.933785389440143
2.2244168861847773,1.1573000690394826,1.0671168171452947,1.7296471039271737e-05,3.342428855277232e-05,Basal-up,ENSG00000267304.1,ENSG00000267304,AC004637.1,4.475937828071766
9.590419514147758,8.523764088494973,1.066655425652785,8.247023718664734e-26,6.415415062651239e-25,Basal-up,ENSG00000182648.13,ENSG00000182648,LINC01006,24.192775240522447
2.44994723634124,1.3833350163794842,1.0666122199617556,6.04046829128627e-17,2.7130711124737476e-16,Basal-up,ENSG00000261447.1,ENSG00000261447,AL162412.1,15.566538822769848
4.391766700172854,3.32525877685871,1.0665079233141443,3.1313030818210535e-22,1.9527679870258924e-21,Basal-up,ENSG00000276931.1,ENSG00000276931,AC009041.3,20.709349353199617
8.63188153300561,7.566233452058862,1.0656480809467475,1.6598726207306713e-06,3.513667840031077e-06,Basal-up,ENSG00000105369.10,ENSG00000105369,CD79A,5.454239296358051
5.272545836783195,4.207692382060033,1.0648534547231616,7.554449321733646e-22,4.596571814567286e-21,Basal-up,ENSG00000233487.6,ENSG00000233487,RPSAP69,20.33756595029183
1.6914321550653488,0.6266983815554691,1.0647337735098796,1.8958070507747064e-20,1.063911808839246e-19,Basal-up,ENSG00000284471.1,ENSG00000284471,CR769775.2,18.97309437065175
2.270369063423044,1.2056942906105406,1.0646747728125032,1.3689722026657639e-25,1.0488673881910036e-24,Basal-up,ENSG00000286362.1,ENSG00000286362,AP005717.2,23.979279417638224
1.9427214639586838,0.8786213360021787,1.0641001279565052,6.245362699801474e-17,2.80172052592807e-16,Basal-up,ENSG00000171540.8,ENSG00000171540,OTP,15.552575188143983
13.613064413640956,12.549377536698644,1.0636868769423113,2.9191479746220782e-21,1.7193786699935347e-20,Basal-up,ENSG00000135046.14,ENSG00000135046,ANXA1,19.764628465268792
3.360727746115181,2.297065087626475,1.0636626584887061,7.361348448494577e-10,2.0328917448800313e-09,Basal-up,ENSG00000169067.4,ENSG00000169067,ACTBL2,8.691885747703832
10.579148391317354,9.515546801209856,1.0636015901074973,3.88557070441803e-24,2.7156866140970054e-23,Basal-up,ENSG00000276043.5,ENSG00000276043,UHRF1,22.566120348390445
5.848760461195773,4.785170358821522,1.063590102374251,1.9177196093227264e-11,5.97638167576216e-11,Basal-up,ENSG00000285744.1,ENSG00000285744,AC083837.1,10.223561674515244
1.7671408085420237,0.7041082856449902,1.0630325228970334,1.3019203033631178e-17,6.114665625435296e-17,Basal-up,ENSG00000233354.1,ENSG00000233354,LINC00028,16.213627286951294
5.602139235306264,4.539112906688124,1.0630263286181396,2.053301761132709e-06,4.307051003327184e-06,Basal-up,ENSG00000158477.7,ENSG00000158477,CD1A,5.365819985369416
10.447084856088699,9.384141388518234,1.0629434675704648,1.2559949764365867e-50,4.497964915614785e-49,Basal-up,ENSG00000066697.15,ENSG00000066697,MSANTD3,48.34698393640913
10.887157765292244,9.824214492411253,1.0629432728809913,1.8842485147475573e-30,1.9403996993652264e-29,Basal-up,ENSG00000154642.11,ENSG00000154642,C21orf91,28.712108801333148
2.904341936341549,1.8416818838167606,1.0626600525247882,6.28677066047081e-17,2.819541778685865e-16,Basal-up,ENSG00000263745.7,ENSG00000263745,AP005230.1,15.549821465850126
1.7511198998460882,0.6884685865151895,1.0626513133308988,1.5196230802774794e-25,1.1613717658664186e-24,Basal-up,ENSG00000287022.1,ENSG00000287022,AC079841.2,23.9350287363167
9.225128104835015,8.1625512641419,1.062576840693115,6.550138340973414e-14,2.419400960765056e-13,Basal-up,ENSG00000182866.17,ENSG00000182866,LCK,12.616292151225776
2.5350431298662035,1.4726337507611076,1.062409379105096,2.2120529078871366e-07,5.043739437614912e-07,Basal-up,ENSG00000253497.1,ENSG00000253497,IGKV1-13,6.297247357413976
10.392315455172762,9.330473057040894,1.0618423981318674,1.9824074639234546e-18,9.848865894577471e-18,Basal-up,ENSG00000115295.20,ENSG00000115295,CLIP4,17.006613776008354
5.393970920782043,4.332368753922306,1.0616021668597373,2.173748349681029e-06,4.548601328504157e-06,Basal-up,ENSG00000240671.4,ENSG00000240671,IGKV1-8,5.342122126132928
4.624313987042562,3.562923579474292,1.06139040756827,3.151447896089892e-10,8.948456880722844e-10,Basal-up,ENSG00000274641.2,ENSG00000274641,H2BC17,9.04825185026703
9.860052713522084,8.798721924332515,1.0613307891895687,6.195048389235676e-32,6.968390000240935e-31,Basal-up,ENSG00000251136.9,ENSG00000251136,AF117829.1,30.156867551138628
1.7358110941076796,0.6745010422042942,1.0613100519033853,4.420555232211169e-25,3.2804297406180734e-24,Basal-up,ENSG00000231134.1,ENSG00000231134,TCF7L1-IT1,23.484069259412134
2.8446075038540473,1.7834226333397036,1.0611848705143436,8.702614043414429e-16,3.640479504995028e-15,Basal-up,ENSG00000281756.1,ENSG00000281756,C2-AS1,14.438841409576709
5.20015829234159,4.139939105784413,1.0602191865571768,4.312989410544916e-22,2.6663851907315678e-21,Basal-up,ENSG00000171790.15,ENSG00000171790,SLFNL1,20.57407711143927
8.294358028721605,7.23446322084861,1.059894807872995,1.1615523902904558e-37,1.8143166879094165e-36,Basal-up,ENSG00000172244.9,ENSG00000172244,C5orf34,35.741286904813165
1.4887763564796261,0.4290286290518897,1.0597477274277365,4.591342185504532e-36,6.515740476634712e-35,Basal-up,ENSG00000232028.1,ENSG00000232028,AC007391.1,34.186036222063045
6.708743784194631,5.649490051394862,1.0592537327997693,1.5801989226777362e-11,4.950768098715555e-11,Basal-up,ENSG00000260549.2,ENSG00000260549,MT1L,10.305327416186579
4.41502315757205,3.35604989656478,1.0589732610072704,1.9991071530996408e-15,8.158031625505231e-15,Basal-up,ENSG00000255129.6,ENSG00000255129,AP000880.1,14.088414615425423
2.3598143754613394,1.3010233280606271,1.0587910474007123,4.23900655201238e-23,2.7855616471957457e-22,Basal-up,ENSG00000287362.1,ENSG00000287362,AC103563.9,21.555087225737772
2.7515313031106112,1.6930682667332198,1.0584630363773915,4.5827585985327166e-14,1.7092919575255e-13,Basal-up,ENSG00000233765.1,ENSG00000233765,CDRT15P12,12.767183750788373
10.56927003455495,9.51090495782861,1.058365076726341,4.2874076924642555e-46,1.126284528616002e-44,Basal-up,ENSG00000146143.19,ENSG00000146143,PRIM2,43.948351881599976
8.042103874261507,6.984361467947687,1.05774240631382,1.9969952479002497e-13,7.144000075732803e-13,Basal-up,ENSG00000101134.12,ENSG00000101134,DOK5,12.1460585495156
2.222713388461036,1.1654408342234301,1.0572725542376058,1.436955859258201e-11,4.513377099169312e-11,Basal-up,ENSG00000186790.6,ENSG00000186790,FOXE3,10.34549837903326
5.974954961839793,4.918180588829943,1.0567743730098504,5.632962350311345e-32,6.351056104353726e-31,Basal-up,ENSG00000203362.2,ENSG00000203362,POLH-AS1,30.197154050746423
4.097513851839105,3.040754792934581,1.0567590589045244,2.3228596209510156e-30,2.381108700130827e-29,Basal-up,ENSG00000062582.14,ENSG00000062582,MRPS24,28.623220778140084
1.9394741433787108,0.8832194361343403,1.0562547072443706,6.274899336446071e-25,4.613613199334774e-24,Basal-up,ENSG00000234913.1,ENSG00000234913,AC016027.2,23.33595881909888
2.4997217207638798,1.4435236418486266,1.0561980789152532,2.5188139916689104e-08,6.173635931613182e-08,Basal-up,ENSG00000162624.14,ENSG00000162624,LHX8,7.209458985082853
2.065850102039145,1.009660791097826,1.056189310941319,1.7315211245389577e-18,8.631854267481539e-18,Basal-up,ENSG00000167011.9,ENSG00000167011,NAT16,17.06389590050342
2.1178709754228793,1.0617455857502398,1.0561253896726395,1.6201667647548454e-19,8.595756561345745e-19,Basal-up,ENSG00000283945.1,ENSG00000283945,LINC00032,18.06571589257116
2.6402422475105225,1.5843412726836115,1.055900974826911,4.973580788598318e-13,1.7256435983212466e-12,Basal-up,ENSG00000172867.4,ENSG00000172867,KRT2,11.763048895332988
2.523204102825793,1.4673904554237756,1.0558136474020174,1.9670109769338398e-13,7.039740331712824e-13,Basal-up,ENSG00000233673.7,ENSG00000233673,ANAPC1P1,12.152443359974946
5.214410971700639,4.158684411657469,1.05572656004317,7.51772453357949e-13,2.5771540843279252e-12,Basal-up,ENSG00000187672.14,ENSG00000187672,ERC2,11.588859614831765
5.018062308756734,3.9624171035299582,1.0556452052267762,2.264954112850265e-05,4.3259978269368026e-05,Basal-up,ENSG00000223648.4,ENSG00000223648,IGHV3-64,4.363913703054484
2.3926545181522734,1.3371203731811443,1.055534144971129,1.9745627631204143e-16,8.620388619405612e-16,Basal-up,ENSG00000171450.6,ENSG00000171450,CDK5R2,15.064473155119714
5.902025300679525,4.846592870563383,1.0554324301161415,2.853277470759133e-20,1.5839990198715822e-19,Basal-up,ENSG00000283154.2,ENSG00000283154,IQCJ-SCHIP1,18.80024509147411
2.160460011866283,1.1050386329747575,1.0554213788915257,1.1491034161491625e-15,4.762221320780619e-15,Basal-up,ENSG00000277089.4,ENSG00000277089,AC243829.4,14.322190424941176
4.072878406821601,3.0177142179400045,1.0551641888815961,6.597415954933275e-26,5.1597149512217305e-25,Basal-up,ENSG00000237605.2,ENSG00000237605,DYRK3-AS1,24.28737429033615
8.0825100004471,7.027379409002555,1.0551305914445441,1.131623394731346e-21,6.819851886262984e-21,Basal-up,ENSG00000150510.17,ENSG00000150510,FAM124A,20.166225057260995
6.131559778719108,5.077305907181689,1.0542538715374192,3.685136593539858e-21,2.1587867636395675e-20,Basal-up,ENSG00000188015.10,ENSG00000188015,S100A3,19.66579025342687
1.9454838675844213,0.8913432150452139,1.0541406525392074,9.029543590569136e-17,4.0163256522807513e-16,Basal-up,ENSG00000233308.2,ENSG00000233308,OSTN-AS1,15.396171080909175
9.107122068241537,8.053107291034353,1.0540147772071844,2.3193572267701948e-32,2.6780866083822573e-31,Basal-up,ENSG00000107614.22,ENSG00000107614,TRDMT1,30.572175382165575
2.0380432640200845,0.9845187576385531,1.0535245063815313,1.9337735670414447e-16,8.44561432797775e-16,Basal-up,ENSG00000229107.2,ENSG00000229107,ABHD17AP4,15.073368754672346
3.4590090938401294,2.405579013671694,1.0534300801684355,1.4823088867670983e-13,5.34901430556929e-13,Basal-up,ENSG00000260876.6,ENSG00000260876,LINC01229,12.271726240612836
8.698094557014825,7.644963618087049,1.0531309389277759,2.938225237607348e-20,1.6284608129067183e-19,Basal-up,ENSG00000129646.14,ENSG00000129646,QRICH2,18.788222687785716
8.784150094565653,7.731051064294535,1.0530990302711185,9.179263948632188e-38,1.4438710819246877e-36,Basal-up,ENSG00000125319.15,ENSG00000125319,HROB,35.84047158163352
1.939516332928123,0.886987096624486,1.052529236303637,0.00033131841421167135,0.0005635742030029039,Basal-up,ENSG00000256779.2,ENSG00000256779,AP002383.3,3.2490488944659788
10.584886409410572,9.53323129841307,1.051655110997503,5.286049289933606e-11,1.5892759189037088e-10,Basal-up,ENSG00000043039.7,ENSG00000043039,BARX2,9.798800697094252
2.558977723930204,1.5076739487284028,1.051303775201801,2.1171552188513166e-21,1.2556093937702784e-20,Basal-up,ENSG00000261341.6,ENSG00000261341,AC010325.1,19.90114544381037
2.960282136648398,1.9089846988240686,1.0512974378243292,5.791475992228259e-11,1.736562083008241e-10,Basal-up,ENSG00000170128.5,ENSG00000170128,GPR25,9.760309685819424
3.7791054063805234,2.727843475231988,1.0512619311485354,8.399968316975256e-23,5.422047717793386e-22,Basal-up,ENSG00000180815.14,ENSG00000180815,MAP3K15,21.265836664645025
4.777694744504524,3.726439591546754,1.0512551529577703,6.800350929771266e-25,4.99447333842973e-24,Basal-up,ENSG00000259015.1,ENSG00000259015,AL442663.4,23.301510300886015
5.55851524032611,4.507353799734005,1.0511614405921046,1.912190626275469e-18,9.512708488090488e-18,Basal-up,ENSG00000251365.4,ENSG00000251365,LINC02236,17.02169581177354
9.067935973482921,8.017124837964861,1.0508111355180603,1.9014506343912543e-19,1.0046756819797422e-18,Basal-up,ENSG00000103034.14,ENSG00000103034,NDRG4,17.997974109644346
1.8332772180420853,0.7826248660235546,1.0506523520185307,8.12798517032215e-28,7.184864528196162e-27,Basal-up,ENSG00000121211.8,ENSG00000121211,MND1,26.14358141614653
12.470651520206207,11.420311357340323,1.0503401628658846,1.2837112661938637e-39,2.261166665413469e-38,Basal-up,ENSG00000079739.17,ENSG00000079739,PGM1,37.64566742562378
2.0231227903078746,0.9729909442834921,1.0501318460243825,7.252514427175213e-13,2.4887825921264653e-12,Basal-up,ENSG00000258628.1,ENSG00000258628,RHPN2P1,11.604013039576088
8.356374428397928,7.306305452684342,1.050068975713586,1.8434806072420003e-29,1.7956330309771118e-28,Basal-up,ENSG00000169621.10,ENSG00000169621,APLF,27.745782414275535
11.03589853726027,9.98603225182338,1.0498662854368899,3.263259118727218e-23,2.159187636394322e-22,Basal-up,ENSG00000196517.13,ENSG00000196517,SLC6A9,21.66570961523419
10.326131774853582,9.276438573924958,1.0496932009286244,7.803419629983315e-43,1.6597120938898522e-41,Basal-up,ENSG00000123545.6,ENSG00000123545,NDUFAF4,40.779967241405224
2.927619566196845,1.8779778054239598,1.0496417607728852,4.003752379293788e-20,2.1990132681292443e-19,Basal-up,ENSG00000287236.1,ENSG00000287236,Z73420.1,18.657772150239968
1.6784822598583213,0.6288896019145624,1.0495926579437589,8.02826181264609e-19,4.0947555684707385e-18,Basal-up,ENSG00000243349.2,ENSG00000243349,AL358394.2,17.387772017818754
9.891733062156458,8.842700256682523,1.049032805473935,2.5544368490649524e-33,3.101221411831119e-32,Basal-up,ENSG00000160256.13,ENSG00000160256,FAM207A,31.508467226183246
1.6798194814368044,0.6314261182657813,1.048393363171023,9.054895716366763e-15,3.542484878765334e-14,Basal-up,ENSG00000206014.7,ENSG00000206014,OR7E161P,13.450691994879454
1.917414081369707,0.8691090475934534,1.0483050337762534,1.1493897051295595e-16,5.084130762198843e-16,Basal-up,ENSG00000171855.7,ENSG00000171855,IFNB1,15.293783288060773
5.504142644100218,4.455946894691052,1.0481957494091665,8.367417991099991e-21,4.798560326119276e-20,Basal-up,ENSG00000176919.13,ENSG00000176919,C8G,19.318889041000666
3.673095842814616,2.625069269876683,1.0480265729379328,7.979703773047842e-15,3.133548154552058e-14,Basal-up,ENSG00000175820.4,ENSG00000175820,CCDC168,13.503963626926817
10.434657540189912,9.38666644748872,1.0479910927011922,1.8918244884639965e-34,2.4588583502641784e-33,Basal-up,ENSG00000152465.18,ENSG00000152465,NMT2,32.60926648934609
6.816800996826637,5.768874534662434,1.0479264621642033,1.1901880722656124e-05,2.3368106316687178e-05,Basal-up,ENSG00000211967.3,ENSG00000211967,IGHV3-53,4.6313764801424515
4.852947208424774,3.8050545596824925,1.0478926487422813,1.7721036438297372e-11,5.535450017815002e-11,Basal-up,ENSG00000233723.9,ENSG00000233723,LINC01122,10.25684706632831
2.9947584987630123,1.9470180890265598,1.0477404097364524,2.113347682337494e-08,5.207631721822598e-08,Basal-up,ENSG00000145721.12,ENSG00000145721,LIX1,7.283359736197843
11.87765892883583,10.829982033518714,1.0476768953171156,1.5178760934996887e-50,5.4069295062815696e-49,Basal-up,ENSG00000035141.8,ENSG00000035141,FAM136A,48.267049292572054
12.421624375115742,11.37430336827001,1.047321006845733,2.677697491847068e-43,5.874111251748281e-42,Basal-up,ENSG00000123136.15,ENSG00000123136,DDX39A,41.23105783248757
3.94665033730405,2.899450917214033,1.047199420090017,8.064718275653297e-33,9.565794642600797e-32,Basal-up,ENSG00000230071.2,ENSG00000230071,RPL4P6,31.019278946748877
8.815903600382379,7.7688301751353706,1.0470734252470084,2.106835214348787e-17,9.77996349327951e-17,Basal-up,ENSG00000198046.12,ENSG00000198046,ZNF667,16.009662766347045
1.5191542167001155,0.4724276271132452,1.0467265895868703,2.6128198370806415e-23,1.738077414942312e-22,Basal-up,ENSG00000170484.10,ENSG00000170484,KRT74,21.75993088373689
2.543994751389538,1.497699212893095,1.0462955384964427,3.875891969166801e-22,2.4045881696552133e-21,Basal-up,ENSG00000230534.6,ENSG00000230534,AL392046.1,20.618959293910326
10.818906053124953,9.772874739771254,1.0460313133536996,2.8002697176392147e-30,2.8565137229235083e-29,Basal-up,ENSG00000122966.17,ENSG00000122966,CIT,28.54416368521252
10.471247725229478,9.425430742693386,1.045816982536092,2.488196079409562e-28,2.266422081027405e-27,Basal-up,ENSG00000242125.3,ENSG00000242125,SNHG3,26.644659207274398
5.336487827014127,4.290821238002177,1.04566658901195,1.1775359337342306e-20,6.68660079599719e-20,Basal-up,ENSG00000271888.1,ENSG00000271888,AL136162.1,19.17479460431181
12.166275959447901,11.120881354237303,1.045394605210598,3.239725619952576e-22,2.0185056278961033e-21,Basal-up,ENSG00000113810.16,ENSG00000113810,SMC4,20.694970035373895
2.7867368734175453,1.7418247338239128,1.0449121395936325,4.836062444943339e-15,1.9247781186713454e-14,Basal-up,ENSG00000185433.10,ENSG00000185433,LINC00158,13.715619327137599
1.580263961677177,0.5354482596938932,1.0448157019832838,2.27562396001328e-21,1.3469700713340127e-20,Basal-up,ENSG00000225243.5,ENSG00000225243,AL021026.1,19.870642053867876
9.266142559284766,8.221559010169601,1.0445835491151652,9.880251046322445e-43,2.0895016723831442e-41,Basal-up,ENSG00000124787.14,ENSG00000124787,RPP40,40.67995727692214
3.684100570367379,2.6395572636627604,1.0445433067046186,1.7952645812214417e-07,4.122860287924276e-07,Basal-up,ENSG00000248554.1,ENSG00000248554,C5orf34-AS1,6.384801381961097
1.9303070632283612,0.8857664475856547,1.0445406156427066,5.251743711873092e-08,1.25517610853466e-07,Basal-up,ENSG00000250590.6,ENSG00000250590,LINC02492,6.901295335856995
4.535276944422576,3.4916370397096963,1.04363990471288,1.4009961412819152e-26,1.1473586771504958e-25,Basal-up,ENSG00000198901.14,ENSG00000198901,PRC1,24.94030079556277
2.774230112776164,1.7306001311621426,1.0436299816140215,1.7405633602191204e-06,3.677972882465165e-06,Basal-up,ENSG00000267327.2,ENSG00000267327,AC009271.1,5.434391477120551
11.504591380292746,10.460987577660731,1.0436038026320151,1.6745684865434308e-35,2.29295488843692e-34,Basal-up,ENSG00000112699.11,ENSG00000112699,GMDS,33.639604489489706
7.66380664881629,6.620935928285601,1.042870720530689,7.330054500560814e-26,5.716692109325233e-25,Basal-up,ENSG00000214826.5,ENSG00000214826,DDX12P,24.24285519746945
2.3308746941599328,1.288830681007387,1.0420440131525457,2.024583049595946e-18,1.004946302716661e-17,Basal-up,ENSG00000273056.1,ENSG00000273056,AL354694.1,16.997857143275212
1.5614396775642014,0.5193981385540472,1.0420415390101543,5.149797079236488e-23,3.3675614142802784e-22,Basal-up,ENSG00000228697.4,ENSG00000228697,AL023755.1,21.472684475296195
13.452899324446829,12.411262653857893,1.041636670588936,1.2817728737831514e-40,2.396264736710052e-39,Basal-up,ENSG00000196591.12,ENSG00000196591,HDAC2,38.62046520325225
2.652977140298778,1.6113593030471327,1.0416178372516451,4.4286991473672384e-10,1.2426753341683395e-09,Basal-up,ENSG00000184486.10,ENSG00000184486,POU3F2,8.905642321878636
2.9536784335372075,1.9121832611531768,1.0414951723840307,1.014521121374073e-12,3.4475616371105967e-12,Basal-up,ENSG00000162399.9,ENSG00000162399,BSND,11.46248796056394
3.008140832139492,1.9673818572773878,1.0407589748621042,3.8661085190523746e-07,8.646957867394115e-07,Basal-up,ENSG00000237111.1,ENSG00000237111,IGHJ3P,6.063136657134337
8.956493863766926,7.915755957652651,1.0407379061142752,1.20445152579783e-19,6.428855914768035e-19,Basal-up,ENSG00000152782.16,ENSG00000152782,PANK1,18.191866307653097
13.853402494187465,12.812692657632624,1.040709836554841,1.4712937062793555e-38,2.434243091534255e-37,Basal-up,ENSG00000149418.11,ENSG00000149418,ST14,36.613636053862606
6.43353853107608,5.393409943797987,1.040128587278093,1.866016390840715e-23,1.2532332081943652e-22,Basal-up,ENSG00000162881.6,ENSG00000162881,OXER1,21.901968105695467
8.587868023987236,7.547796881516338,1.0400711424708975,8.03417463024654e-17,3.5816668919519086e-16,Basal-up,ENSG00000130475.14,ENSG00000130475,FCHO1,15.44591480757527
8.884331331401704,7.8442943408071075,1.0400369905945963,3.8107013313104606e-05,7.126064637407344e-05,Basal-up,ENSG00000168309.18,ENSG00000168309,FAM107A,4.147150242672343
2.140930733071021,1.1013057301620297,1.0396250029089915,1.8412272747480042e-12,6.147817337339685e-12,Basal-up,ENSG00000101180.16,ENSG00000101180,HRH3,11.211279044647231
1.6275620457099296,0.5880854850302601,1.0394765606796694,1.8579989182535068e-14,7.116915065690498e-14,Basal-up,ENSG00000233342.2,ENSG00000233342,AL139393.2,13.14770821707627
5.927280169660543,4.887837126142359,1.039443043518184,4.773090730621923e-19,2.460310645708855e-18,Basal-up,ENSG00000225889.9,ENSG00000225889,AC012368.1,17.609010054197572
4.825843052564316,3.786450442795628,1.0393926097686883,2.7399983440090464e-10,7.82523170240975e-10,Basal-up,ENSG00000183971.10,ENSG00000183971,NPW,9.106502794281422
5.041492685599148,4.002861302292896,1.0386313833062522,5.325664801160226e-09,1.377865731204776e-08,Basal-up,ENSG00000182103.5,ENSG00000182103,FAM181B,7.860793101033573
9.21254332544544,8.174097592381562,1.0384457330638774,2.0852081839738753e-41,4.077956728518337e-40,Basal-up,ENSG00000125454.12,ENSG00000125454,SLC25A19,39.38955738686229
5.76642303992116,4.728319823632664,1.038103216288496,5.484388095359507e-19,2.8187164820062964e-18,Basal-up,ENSG00000261105.6,ENSG00000261105,LMO7-AS1,17.54994860504094
2.450007527659469,1.4119365207578456,1.0380710069016232,1.572464666690941e-07,3.6241072351127846e-07,Basal-up,ENSG00000280435.1,ENSG00000280435,AC006058.4,6.440798960297451
2.1673012311959168,1.129608406198897,1.0376928249970199,2.6239141256792677e-17,1.2083198446595556e-16,Basal-up,ENSG00000241679.2,ENSG00000241679,AC018450.1,15.917818091886543
10.453401599543465,9.41587934931933,1.0375222502241357,4.7484185148428977e-29,4.519221709753945e-28,Basal-up,ENSG00000170802.16,ENSG00000170802,FOXN2,27.34493635197245
1.965516346332401,0.9280396971108239,1.0374766492215772,3.7261772373048224e-19,1.9340579280653087e-18,Basal-up,ENSG00000288021.1,ENSG00000288021,AL450338.2,17.713530522258008
2.7837877232257724,1.7463403606898844,1.037447362535888,2.744957947615605e-07,6.210245032672455e-07,Basal-up,ENSG00000242472.1,ENSG00000242472,IGHJ5,6.206891263875254
8.727152563501894,7.690427482459359,1.036725081042535,1.7653049969356903e-26,1.4351933906690356e-25,Basal-up,ENSG00000287263.1,ENSG00000287263,AC008875.3,24.84308957430178
2.9526731797054997,1.916311929109507,1.0363612505959927,2.1766008084923183e-12,7.2301713507742056e-12,Basal-up,ENSG00000275714.2,ENSG00000275714,H3C1,11.140851410061778
1.550529615712643,0.5141756295166685,1.0363539861959743,4.971072846563279e-27,4.183539086537813e-26,Basal-up,ENSG00000221740.1,ENSG00000221740,SNORD93,25.37845616907378
7.876756438751072,6.8404130947739565,1.0363433439771157,3.0068294702115065e-05,5.6782492305064613e-05,Basal-up,ENSG00000137285.10,ENSG00000137285,TUBB2B,4.245785549277894
2.7555729521998393,1.7193663466503548,1.0362066055494845,1.5668977643347356e-10,4.552913753510778e-10,Basal-up,ENSG00000236064.2,ENSG00000236064,AL109946.1,9.34171057651569
12.463302486889338,11.427330996916616,1.035971489972722,8.496705312661892e-42,1.6952950123834919e-40,Basal-up,ENSG00000167553.16,ENSG00000167553,TUBA1C,39.77075471568993
8.198727733527067,7.162938495143036,1.0357892383840301,4.5338339584868774e-10,1.2714307227347122e-09,Basal-up,ENSG00000154188.10,ENSG00000154188,ANGPT1,8.895707298526967
1.7381258846881493,0.7024448086939727,1.0356810759941766,4.193220822593417e-20,2.300061560682889e-19,Basal-up,ENSG00000257336.1,ENSG00000257336,PRELID2P1,18.638260540022802
5.317846544981002,4.2828112393612,1.035035305619802,2.525330264022857e-06,5.253464311428422e-06,Basal-up,ENSG00000224041.3,ENSG00000224041,IGKV3D-15,5.279554213706701
2.424665980415186,1.3901025084488563,1.0345634719663297,1.5464079865363566e-20,8.722126149873577e-20,Basal-up,ENSG00000224613.7,ENSG00000224613,AC095032.1,19.05937763632829
2.596939317867121,1.5630171249613865,1.0339221929057345,2.9968295196565614e-17,1.3747601683165177e-16,Basal-up,ENSG00000278456.1,ENSG00000278456,AC015712.7,15.861773059405733
1.883287172229833,0.8502398279390146,1.0330473442908183,9.462522178773393e-22,5.722239643378751e-21,Basal-up,ENSG00000226403.2,ENSG00000226403,AL392089.1,20.242433958201907
10.854488558948248,9.821515731930639,1.032972827017609,8.274703397242065e-19,4.215960752022405e-18,Basal-up,ENSG00000110042.8,ENSG00000110042,DTX4,17.375103440788735
2.8041475433874203,1.7711769321364803,1.03297061125094,0.0007116072270758946,0.001166865974541825,Basal-up,ENSG00000235688.2,ENSG00000235688,SNTG2-AS1,2.9329790238685742
9.830150231125794,8.79747058291295,1.0326796482128433,6.851582530849498e-36,9.641689606804163e-35,Basal-up,ENSG00000156787.17,ENSG00000156787,TBC1D31,34.01584685379286
13.056853798822008,12.024261836266964,1.0325919625550437,1.3902655957904069e-36,2.0430382626433338e-35,Basal-up,ENSG00000139083.11,ENSG00000139083,ETV6,34.68972349969195
11.812677919760874,10.780197832270428,1.0324800874904465,4.876424229967609e-36,6.914456014742565e-35,Basal-up,ENSG00000082212.13,ENSG00000082212,ME2,34.16024198172801
1.6157859674757713,0.5833426187223089,1.0324433487534623,9.109250705520164e-18,4.324346178289703e-17,Basal-up,ENSG00000254704.3,ENSG00000254704,AP002358.2,16.364079546609783
2.0134629193696876,0.9811745457122746,1.0322883736574129,2.459208010654782e-13,8.734122962189901e-13,Basal-up,ENSG00000230928.1,ENSG00000230928,AL139241.1,12.058780698214466
5.998879538586409,4.966904892928129,1.0319746456582797,3.755078663452189e-11,1.1433394204643236e-10,Basal-up,ENSG00000142677.4,ENSG00000142677,IL22RA1,9.941824822489986
6.492141099480026,5.460249749099349,1.0318913503806773,2.0388171472731166e-19,1.0747153762634828e-18,Basal-up,ENSG00000271133.5,ENSG00000271133,AC004130.2,17.968706537501888
3.1268030139258705,2.095679054202208,1.0311239597236623,1.0982684060127784e-06,2.3632017569359567e-06,Basal-up,ENSG00000250961.2,ENSG00000250961,AC025470.2,5.626499199153272
4.541974554577326,3.511029809733349,1.030944744843977,6.3415163876521e-20,3.443506063730737e-19,Basal-up,ENSG00000173338.13,ENSG00000173338,KCNK7,18.462999147921153
3.1392849418405793,2.1083466346903457,1.0309383071502336,3.448667829647066e-20,1.9016177932187804e-19,Basal-up,ENSG00000285600.1,ENSG00000285600,AC023593.1,18.720876767617394
4.429623029675095,3.398814030574813,1.0308089991002816,3.572905009555898e-11,1.0896531336576625e-10,Basal-up,ENSG00000086967.10,ENSG00000086967,MYBPC2,9.962711727850794
2.108756362534609,1.078133700754269,1.03062266178034,1.8375065029758208e-19,9.722686342501896e-19,Basal-up,ENSG00000205318.5,ENSG00000205318,GCNT2P1,18.01221372452457
2.366749651404239,1.336426910688214,1.030322740716025,7.151681896210708e-08,1.6933275210919186e-07,Basal-up,ENSG00000185038.14,ENSG00000185038,MROH2A,6.771259033121987
3.6918622162320536,2.661587719393547,1.0302744968385067,0.0008265810031197992,0.0013463722836180411,Basal-up,ENSG00000186867.11,ENSG00000186867,QRFPR,2.870834837314199
11.042554009535573,10.012304831364403,1.0302491781711698,2.2871920734503224e-22,1.4381293997759295e-21,Basal-up,ENSG00000149485.19,ENSG00000149485,FADS1,20.842202035315932
3.693022069160765,2.6628109038366827,1.0302111653240824,1.6165776566784503e-17,7.56494248944041e-17,Basal-up,ENSG00000267123.7,ENSG00000267123,SCAT1,16.121194369242065
1.842401223365863,0.8122226051668616,1.0301786181990016,5.422563594930177e-17,2.4420842630936387e-16,Basal-up,ENSG00000234707.3,ENSG00000234707,SEC61G-DT,15.612239354983585
8.552835174750532,7.522741320522558,1.0300938542279745,2.2609284950586396e-10,6.493558662870841e-10,Basal-up,ENSG00000157734.14,ENSG00000157734,SNX22,9.187517231692953
12.612009517729721,11.58194533376522,1.0300641839645017,2.082013393106168e-21,1.2360802149649089e-20,Basal-up,ENSG00000119900.9,ENSG00000119900,OGFRL1,19.90795334495413
4.757744724144892,3.728084628405615,1.0296600957392772,8.629089372048735e-15,3.3818201303761674e-14,Basal-up,ENSG00000249628.3,ENSG00000249628,LINC00942,13.470849495041781
2.9423127366225414,1.913222592857627,1.0290901437649145,3.5211416671721814e-08,8.527466850922008e-08,Basal-up,ENSG00000226251.6,ENSG00000226251,LINC02608,7.069179960163266
6.0479555210531215,5.019059693337953,1.0288958277151687,8.218999681812728e-12,2.6308333588078936e-11,Basal-up,ENSG00000002726.21,ENSG00000002726,AOC1,10.579906659950101
9.149729126458084,8.120864303782394,1.0288648226756898,6.854792521665737e-18,3.2834044773683264e-17,Basal-up,ENSG00000104369.5,ENSG00000104369,JPH1,16.48367561392954
2.767593026155583,1.7389445101877046,1.0286485159678782,6.049089925296333e-16,2.5592009882106916e-15,Basal-up,ENSG00000286256.2,ENSG00000286256,AC084871.3,14.591895605225305
4.984606471443393,3.9560716611917477,1.0285348102516454,4.561219997999784e-06,9.275744362855838e-06,Basal-up,ENSG00000242371.1,ENSG00000242371,IGKV1-39,5.032651228914056
2.304054059893071,1.275640227137943,1.0284138327551282,1.9123580600463134e-14,7.317607553967173e-14,Basal-up,ENSG00000267404.1,ENSG00000267404,AC023043.2,13.135630885600536
8.721709648632398,7.693320360559787,1.0283892880726109,9.783641267738663e-21,5.581137768798502e-20,Basal-up,ENSG00000127507.18,ENSG00000127507,ADGRE2,19.253277256915254
2.899782198022047,1.8714195953561872,1.0283626026658597,2.2185589256398823e-15,9.020632604008837e-15,Basal-up,ENSG00000286115.1,ENSG00000286115,AC010092.1,14.044763004941805
6.471059944110042,5.442938839923443,1.0281211041865994,2.8791614821233406e-12,9.492425777591657e-12,Basal-up,ENSG00000286940.1,ENSG00000286940,MICB-DT,11.022622789975197
6.540187390332659,5.512313630234835,1.0278737600978243,2.658024172688791e-38,4.325095644103314e-37,Basal-up,ENSG00000159110.20,ENSG00000159110,IFNAR2,36.36400428421142
6.6112670143987815,5.583433514745263,1.0278334996535188,2.4390924404313418e-17,1.125218532937773e-16,Basal-up,ENSG00000135314.12,ENSG00000135314,KHDC1,15.948763123390657
1.773262236143645,0.7459267569322154,1.0273354792114295,1.2180921552037975e-15,5.0352015097337894e-15,Basal-up,ENSG00000227115.8,ENSG00000227115,LINC01630,14.297983144213791
9.03915360370705,8.011937589351083,1.0272160143559663,1.0737163862596012e-21,6.482524003498168e-21,Basal-up,ENSG00000102445.20,ENSG00000102445,RUBCNL,20.18825586644947
2.072027562710174,1.0449458703879728,1.027081692322201,1.905287236356735e-21,1.134978286168078e-20,Basal-up,ENSG00000258599.2,ENSG00000258599,AL355922.2,19.945012447094285
3.749197763548377,2.72214559991064,1.027052163637737,4.410519014213512e-05,8.20379542513939e-05,Basal-up,ENSG00000242076.2,ENSG00000242076,IGKV1-33,4.085985178001483
12.946601016155165,11.919566125268593,1.027034890886572,4.744053390033525e-47,1.3218675780043538e-45,Basal-up,ENSG00000130826.18,ENSG00000130826,DKC1,44.878812049405994
7.620521616214474,6.593497718649125,1.027023897565349,1.8798378803373726e-19,9.937260014021247e-19,Basal-up,ENSG00000186806.5,ENSG00000186806,VSIG10L,18.0027333464708
1.686379326383197,0.6602169777681435,1.0261623486150535,8.821116048499356e-23,5.687320829884563e-22,Basal-up,ENSG00000215131.11,ENSG00000215131,C16orf90,21.24509227188527
1.9561394787794506,0.9300498955187402,1.0260895832607104,3.108547445814742e-24,2.188124955558802e-23,Basal-up,ENSG00000277453.1,ENSG00000277453,AC010271.2,22.65992788071149
11.532477028809652,10.506767444541309,1.025709584268343,5.578367172378265e-30,5.596733541398367e-29,Basal-up,ENSG00000152990.14,ENSG00000152990,ADGRA3,28.252065369215305
4.772568738313988,3.747241859583881,1.0253268787301075,1.2588647359833637e-09,3.4118002870441747e-09,Basal-up,ENSG00000153157.13,ENSG00000153157,SYCP2L,8.467016398598643
2.890794842078794,1.8654692042121326,1.0253256378666613,1.7832862494502365e-18,8.881984410337583e-18,Basal-up,ENSG00000237222.4,ENSG00000237222,LINC01968,17.051489993435514
1.5576121692642886,0.5324309465742478,1.0251812226900407,1.653635806075081e-28,1.5186266361544305e-27,Basal-up,ENSG00000259511.3,ENSG00000259511,UBE2Q2L,26.81854898702531
4.443760749682303,3.4189378940669837,1.0248228556153194,7.102417802371448e-12,2.2834552535535293e-11,Basal-up,ENSG00000254602.2,ENSG00000254602,AP000662.1,10.641407494381129
4.010603485010962,2.986735712638927,1.0238677723720349,1.2292762657177272e-21,7.389766934515463e-21,Basal-up,ENSG00000162510.6,ENSG00000162510,MATN1,20.13136925858082
13.213420672971717,12.189843258357659,1.0235774146140582,7.204716432615653e-22,4.38935105091379e-21,Basal-up,ENSG00000117394.24,ENSG00000117394,SLC2A1,20.35759968382172
6.055529375970572,5.032013800976721,1.0235155749938514,8.998841577037228e-07,1.9527492047794903e-06,Basal-up,ENSG00000211952.3,ENSG00000211952,IGHV4-28,5.709353530380548
1.9444441734758624,0.9209511649790051,1.0234930084968572,1.0027373857573e-14,3.909252985646045e-14,Basal-up,ENSG00000236996.1,ENSG00000236996,MLIP-IT1,13.407906223475429
2.1349717394379866,1.1121558187589453,1.0228159206790413,4.7387989534547166e-14,1.7657241098243895e-13,Basal-up,ENSG00000258116.1,ENSG00000258116,PPIAP45,12.75307715293342
2.994377666514269,1.9716214931847116,1.0227561733295576,1.0925240299901662e-10,3.208744894880432e-10,Basal-up,ENSG00000229228.1,ENSG00000229228,LINC00582,9.493664809283343
3.581414373375581,2.5587768918845617,1.0226374814910195,1.0930292027028813e-12,3.702712367316885e-12,Basal-up,ENSG00000278771.1,ENSG00000278771,RN7SL3,11.431480023337771
1.9794676212185631,0.9571949284314006,1.0222726927871624,1.652328639347805e-13,5.94398540362078e-13,Basal-up,ENSG00000231648.2,ENSG00000231648,LINC01698,12.225922265723716
2.9157629917356633,1.8935686374528304,1.022194354282833,2.1629063190843069e-16,9.421782952008572e-16,Basal-up,ENSG00000225982.1,ENSG00000225982,AL355482.2,15.025866904749742
15.909244510454256,14.887456014435992,1.0217884960182637,5.838752768175445e-50,2.0114593297969263e-48,Basal-up,ENSG00000196230.13,ENSG00000196230,TUBB,47.696488744113516
3.628765942931933,2.6071471884511794,1.0216187544807536,1.0402755869780284e-09,2.8395796152690155e-09,Basal-up,ENSG00000203808.12,ENSG00000203808,BVES-AS1,8.546745950193312
2.4163142482478297,1.395264226650326,1.0210500215975038,3.5282812081260574e-15,1.417571450274307e-14,Basal-up,ENSG00000287528.1,ENSG00000287528,AL121749.2,13.848455042009778
12.825608188157355,11.804912664091782,1.020695524065573,3.317691356828486e-39,5.700103243510551e-38,Basal-up,ENSG00000106397.12,ENSG00000106397,PLOD3,37.24411727806771
6.345801064264496,5.325277925353778,1.0205231389107174,1.1838957923808055e-18,5.9783348840922865e-18,Basal-up,ENSG00000196081.10,ENSG00000196081,ZNF724,17.223419761053208
1.5183500529376452,0.498095432361162,1.0202546205764833,1.2551349166647486e-24,9.082927980699994e-24,Basal-up,ENSG00000280423.1,ENSG00000280423,AL359852.1,23.041774129355446
10.345462146149334,9.32524070409795,1.0202214420513833,1.1681027925743287e-13,4.243264055042633e-13,Basal-up,ENSG00000162551.14,ENSG00000162551,ALPL,12.372299941582497
1.5100198421173627,0.48981070052659725,1.0202091415907655,2.480915652708572e-28,2.260404802359101e-27,Basal-up,ENSG00000257004.1,ENSG00000257004,AC008115.2,26.64581377868973
3.6179099495884066,2.5977828084635504,1.0201271411248563,1.5453454221524817e-20,8.717599890701983e-20,Basal-up,ENSG00000277342.1,ENSG00000277342,AC048344.4,19.059603067555987
12.276041326860065,11.256135260933007,1.0199060659270582,2.065485269863232e-27,1.7807373005610994e-26,Basal-up,ENSG00000198053.12,ENSG00000198053,SIRPA,25.74940014417048
7.317172185429875,6.2972884360547505,1.0198837493751247,0.00045130053126002595,0.0007569852786146953,Basal-up,ENSG00000276775.1,ENSG00000276775,IGHV4-4,3.120912566310457
7.806722351120276,6.787227955812333,1.0194943953079427,2.661779174924797e-27,2.278999692042891e-26,Basal-up,ENSG00000154920.15,ENSG00000154920,EME1,25.64225573350505
11.344619315921049,10.325422399310012,1.0191969166110368,2.0031529189179442e-48,6.143246646123467e-47,Basal-up,ENSG00000162385.11,ENSG00000162385,MAGOH,46.21160204777664
10.659966567760634,9.64091905887218,1.0190475088884536,9.398800137585247e-20,5.048033658257611e-19,Basal-up,ENSG00000147804.10,ENSG00000147804,SLC39A4,18.29687775805338
5.60600186730251,4.587376647004106,1.0186252202984036,5.323675083349436e-13,1.8436779501381663e-12,Basal-up,ENSG00000204850.4,ENSG00000204850,AC011484.1,11.73431493832187
5.021718151126794,4.003334182942746,1.0183839681840476,0.00746785606899135,0.0109425832939583,Basal-up,ENSG00000282122.1,ENSG00000282122,IGHV7-4-1,1.9608801388917925
1.6579675430838758,0.6400138188414257,1.0179537242424501,9.62994934982557e-15,3.759560938809144e-14,Basal-up,ENSG00000214041.4,ENSG00000214041,PGAM1P4,13.424862871292122
11.228960186428653,10.21213694560049,1.0168232408281632,3.497337146653559e-36,4.994918668761282e-35,Basal-up,ENSG00000091127.14,ENSG00000091127,PUS7,34.30147157890862
7.640516572372141,6.623732227285778,1.0167843450863625,0.0004398780994601262,0.0007387501324667283,Basal-up,ENSG00000211935.3,ENSG00000211935,IGHV1-3,3.13150242823649
5.6575325592652215,4.641196552313726,1.0163360069514953,3.753491543572411e-15,1.505528736873845e-14,Basal-up,ENSG00000248323.7,ENSG00000248323,LUCAT1,13.822310950449044
10.116091092801458,9.100107648975666,1.0159834438257924,3.2538091778842964e-22,2.0269036172213644e-21,Basal-up,ENSG00000128165.9,ENSG00000128165,ADM2,20.693166902271035
11.789217729982255,10.773380778898183,1.0158369510840721,2.219261794201045e-36,3.21060230218468e-35,Basal-up,ENSG00000087053.20,ENSG00000087053,MTMR2,34.49341348722812
8.903162480114327,7.887696132271219,1.015466347843108,1.7809271293679812e-13,6.3915072137489e-13,Basal-up,ENSG00000151012.13,ENSG00000151012,SLC7A11,12.194396716578868
5.825550921343925,4.810205225189587,1.0153456961543386,3.741278751700812e-16,1.605937556114883e-15,Basal-up,ENSG00000256663.1,ENSG00000256663,AC112777.1,14.794271345459558
3.321028723291517,2.305693111267617,1.0153356120238999,1.4220598508172076e-11,4.467427010252371e-11,Basal-up,ENSG00000164509.15,ENSG00000164509,IL31RA,10.349942534357535
15.93756614648879,14.922545534748018,1.0150206117407716,2.1823430472488378e-14,8.314632751054904e-14,Basal-up,ENSG00000272398.6,ENSG00000272398,CD24,13.080156928370215
16.32253711941095,15.307546226286437,1.0149908931245122,1.170640040349899e-34,1.5400256731761622e-33,Basal-up,ENSG00000034510.6,ENSG00000034510,TMSB10,32.81247203914678
1.470095314588498,0.45511546354141114,1.0149798510470869,8.291126374632541e-30,8.232184717940841e-29,Basal-up,ENSG00000203523.3,ENSG00000203523,TAS2R2P,28.08448489321618
5.539990800780889,4.5253720834757445,1.0146187173051446,2.6341704850260927e-08,6.446476940795403e-08,Basal-up,ENSG00000148600.15,ENSG00000148600,CDHR1,7.190677566479111
2.6230594500539004,1.6090544297585896,1.0140050202953108,1.3670092698643977e-08,3.417523174660994e-08,Basal-up,ENSG00000261821.2,ENSG00000261821,AC090826.1,7.466288531743823
5.4484253829743485,4.434891401800595,1.0135339811737536,0.000747278220014091,0.0012222487525554958,Basal-up,ENSG00000133710.16,ENSG00000133710,SPINK5,2.912840397311041
4.383801992550023,3.370290695505156,1.0135112970448668,2.497544990258209e-14,9.474616124202712e-14,Basal-up,ENSG00000215270.3,ENSG00000215270,TOMM40P2,13.02343837698182
2.8226857322675003,1.8093430945139408,1.0133426377535595,3.457118698271831e-13,1.2145751888279192e-12,Basal-up,ENSG00000277775.2,ENSG00000277775,H3C7,11.915575594829775
6.482745164859976,5.469500414571434,1.0132447502885418,1.8871769434739043e-39,3.296413295739722e-38,Basal-up,ENSG00000127589.4,ENSG00000127589,TUBBP1,37.48195834284672
2.311349392090024,1.2981245724724226,1.0132248196176012,9.504466338202093e-24,6.503158025240542e-23,Basal-up,ENSG00000219951.4,ENSG00000219951,AL391416.1,22.186875692608105
4.55696763598296,3.543892307895682,1.013075328087278,5.719521924752674e-07,1.2623847693271196e-06,Basal-up,ENSG00000211597.2,ENSG00000211597,IGKJ1,5.89880825386619
4.874014119641505,3.86099215981335,1.0130219598281553,3.3356595992627085e-13,1.1735024114954449e-12,Basal-up,ENSG00000228509.6,ENSG00000228509,AC006460.1,11.93051601360856
1.6267169746998886,0.6137521786544607,1.012964796045428,5.985621507411962e-20,3.253941500623564e-19,Basal-up,ENSG00000242640.1,ENSG00000242640,RPS29P11,18.487590259077326
3.6145217435973978,2.6018267014781946,1.0126950421192031,2.700584543701635e-13,9.559995131996917e-13,Basal-up,ENSG00000197153.5,ENSG00000197153,H3C12,12.019542328869028
6.433457073095069,5.421140503245234,1.012316569849835,0.00259503118274395,0.004010578876185034,Basal-up,ENSG00000144407.9,ENSG00000144407,PTH2R,2.396792937956228
11.501568245118941,10.489325058151177,1.0122431869677637,1.3003776523685408e-24,9.398158453513043e-24,Basal-up,ENSG00000083720.13,ENSG00000083720,OXCT1,23.026957237020426
7.33294443953424,6.3207497637838745,1.012194675750365,1.8223421254075183e-05,3.51284766482604e-05,Basal-up,ENSG00000243290.3,ENSG00000243290,IGKV1-12,4.45434068304598
2.0846343849856863,1.072635857407081,1.0119985275786054,3.627940893359252e-25,2.7071792846578934e-24,Basal-up,ENSG00000255355.1,ENSG00000255355,AP000640.2,23.56748298185073
4.832028685271932,3.820577497824674,1.0114511874472578,1.6712082291791587e-23,1.1246685026745356e-22,Basal-up,ENSG00000101306.11,ENSG00000101306,MYLK2,21.948975467485432
1.6408305063032644,0.6294789939552125,1.0113515123480519,6.872496805951721e-22,4.192285585723416e-21,Basal-up,ENSG00000158874.11,ENSG00000158874,APOA2,20.377549140127577
1.5034354223109905,0.4922185666145036,1.011216855696487,3.57910367901305e-22,2.226230382640888e-21,Basal-up,ENSG00000283648.1,ENSG00000283648,AC006974.2,20.65242989447911
2.19638845235583,1.1851967612866399,1.01119169106919,2.166221361282072e-15,8.815770584754446e-15,Basal-up,ENSG00000286831.1,ENSG00000286831,AC244472.1,14.054739720111119
7.18338983830166,6.172309271406187,1.0110805668954734,2.8954185241793184e-20,1.6055323230850415e-19,Basal-up,ENSG00000279369.1,ENSG00000279369,AC046185.3,18.79438094665546
1.6928404088103313,0.6818258367228894,1.0110145720874417,5.27162828540919e-19,2.7110306862061375e-18,Basal-up,ENSG00000235979.9,ENSG00000235979,AC004448.2,17.566865566604474
12.513216807684094,11.502465692317015,1.0107511153670785,8.203387259459454e-37,1.2226658111920003e-35,Basal-up,ENSG00000065882.16,ENSG00000065882,TBC1D1,34.912692231588686
9.012275240681717,8.001686620760756,1.010588619920961,1.0583382213434138e-13,3.8557536321700394e-13,Basal-up,ENSG00000147180.17,ENSG00000147180,ZNF711,12.413890723630026
13.571544877686014,12.561709624874641,1.0098352528113725,4.377700924046508e-39,7.444978943380972e-38,Basal-up,ENSG00000112118.20,ENSG00000112118,MCM3,37.12813652622428
9.07034327516236,8.060589704067736,1.009753571094624,1.1066704360273945e-29,1.090726051621237e-28,Basal-up,ENSG00000196418.12,ENSG00000196418,ZNF124,27.962284313764407
9.979736860186765,8.970084877391603,1.0096519827951624,1.5392699381933606e-43,3.440541006037966e-42,Basal-up,ENSG00000160193.12,ENSG00000160193,WDR4,41.463373261654276
4.318823085101708,3.3092867158214276,1.0095363692802803,1.2473720848815198e-26,1.0258074652901997e-25,Basal-up,ENSG00000237436.1,ENSG00000237436,CAMTA1-DT,24.988934144690678
3.196848789702306,2.1873631739461024,1.0094856157562035,4.3589297835768164e-27,3.6803860540426925e-26,Basal-up,ENSG00000259305.6,ENSG00000259305,ZHX1-C8orf76,25.434106623623563
2.3507632025019687,1.3414148902563838,1.0093483122455849,4.297797421228425e-20,2.355496559182093e-19,Basal-up,ENSG00000223460.1,ENSG00000223460,GAPDHP69,18.6279175258258
6.986690435063059,5.978110078357204,1.0085803567058544,1.12482430868984e-13,4.0898265351213184e-13,Basal-up,ENSG00000100079.7,ENSG00000100079,LGALS2,12.388295111659458
2.984246172162543,1.9759774940730441,1.008268678089499,0.01541028733521502,0.021661124312341486,Basal-up,ENSG00000175497.17,ENSG00000175497,DPP10,1.6643190052373114
4.265165065966293,3.257010516166354,1.0081545497999396,7.144910390656339e-23,4.627969010527546e-22,Basal-up,ENSG00000237976.1,ENSG00000237976,RFX5-AS1,21.334609557801954
10.576338946831703,9.568767632460297,1.0075713143714058,2.0965511941643098e-27,1.8061268575787117e-26,Basal-up,ENSG00000123080.12,ENSG00000123080,CDKN2C,25.743251749254206
4.609402538885568,3.6018388210150336,1.0075637178705348,1.0102460296564051e-11,3.2113273507902036e-11,Basal-up,ENSG00000214711.10,ENSG00000214711,CAPN14,10.493315421809513
4.9289113188082245,3.921539433880456,1.0073718849277684,1.912152991323249e-16,8.353364820690123e-16,Basal-up,ENSG00000246877.1,ENSG00000246877,DNM1P35,15.07813855101929
8.026874729617935,7.019535180038524,1.0073395495794113,1.3874561082427398e-13,5.016452243371442e-13,Basal-up,ENSG00000270885.2,ENSG00000270885,RASL10B,12.299603317881648
10.122771943315913,9.115587035589064,1.0071849077268489,3.6861618904389947e-29,3.525253825036094e-28,Basal-up,ENSG00000163535.18,ENSG00000163535,SGO2,27.452809607511195
12.061747905377727,11.054623846725692,1.0071240586520354,5.3863218982437715e-25,3.977737608044309e-24,Basal-up,ENSG00000188313.13,ENSG00000188313,PLSCR1,23.400363868556205
9.509811087512189,8.502837572864388,1.0069735146478003,2.934635161048629e-22,1.8321655913270636e-21,Basal-up,ENSG00000130962.18,ENSG00000130962,PRRG1,20.73703527731138
3.8981521433725397,2.891231984602421,1.0069201587701189,8.845790911306102e-12,2.8247618946374984e-11,Basal-up,ENSG00000279375.1,ENSG00000279375,AC244517.7,10.549018153934156
2.063579846988006,1.0569640394754793,1.0066158075125264,4.152267410644986e-14,1.552699727853859e-13,Basal-up,ENSG00000105675.9,ENSG00000105675,ATP4A,12.808912523115485
8.772640087725907,7.76627117993402,1.0063689077918871,3.483544412561564e-21,2.0435493298751073e-20,Basal-up,ENSG00000173083.15,ENSG00000173083,HPSE,19.689614874255803
3.641542553346677,2.6352640660702846,1.0062784872763926,2.3805020229386875e-07,5.414196485880364e-07,Basal-up,ENSG00000121075.11,ENSG00000121075,TBX4,6.266465987356574
2.5944465799684813,1.588186224511484,1.0062603554569973,1.819254082347371e-29,1.7732304984089527e-28,Basal-up,ENSG00000235411.1,ENSG00000235411,DRG1P1,27.75123480772641
12.664251283778738,11.658111937897436,1.0061393458813015,4.962363275146519e-31,5.302467866844479e-30,Basal-up,ENSG00000161921.17,ENSG00000161921,CXCL16,29.275521954644386
5.42942428746422,4.423509110034353,1.0059151774298662,5.1934674619046414e-12,1.6827939035576955e-11,Basal-up,ENSG00000115607.9,ENSG00000115607,IL18RAP,10.773969070018511
9.064472735294327,8.058677902375672,1.0057948329186548,6.042052159171876e-35,8.068907903404035e-34,Basal-up,ENSG00000280206.1,ENSG00000280206,AC026401.3,33.0931852414391
2.3311317874442112,1.3253424687470379,1.0057893186971734,0.029588639365320465,0.040013361501010286,Basal-up,ENSG00000268654.2,ENSG00000268654,MIMT1,1.3977949622421966
1.7624689605064419,0.7567442016762693,1.0057247588301725,1.8123191596172964e-21,1.0809419613945155e-20,Basal-up,ENSG00000189167.12,ENSG00000189167,ZAR1L,19.966197623829085
7.22081374739408,6.215229418236348,1.005584329157732,3.0919040156151017e-09,8.14144718015854e-09,Basal-up,ENSG00000117707.16,ENSG00000117707,PROX1,8.089298390381774
2.6720897751076156,1.6666300320816745,1.005459743025941,6.970953286901052e-20,3.774290973621762e-19,Basal-up,ENSG00000229869.1,ENSG00000229869,AL359878.2,18.423164621561895
5.370048158575198,4.364798462348072,1.0052496962271258,0.004673555294089685,0.007015565313832792,Basal-up,ENSG00000077279.19,ENSG00000077279,DCX,2.1539373278022413
5.581929673043552,4.576783583640005,1.0051460894035475,1.8438451350307933e-29,1.7956330309771118e-28,Basal-up,ENSG00000225335.3,ENSG00000225335,AC016027.1,27.745782414275535
3.9960665507504602,2.991070150375866,1.0049964003745941,2.956898018638158e-13,1.0438675259057511e-12,Basal-up,ENSG00000286689.1,ENSG00000286689,AC090946.1,11.981354612845854
10.546117752317361,9.541174435714286,1.0049433166030752,3.2281208800273633e-21,1.8990279378469148e-20,Basal-up,ENSG00000122591.12,ENSG00000122591,FAM126A,19.7214686460247
1.617786977457579,0.6132108006587231,1.004576176798856,6.635853427789969e-26,5.1885655913114e-25,Basal-up,ENSG00000287093.1,ENSG00000287093,AC003093.1,24.284952688756583
4.935841665617298,3.9314173815726003,1.0044242840446977,1.1397550947512037e-06,2.4491692272620263e-06,Basal-up,ENSG00000250056.8,ENSG00000250056,LINC01018,5.610981205921856
1.8244722644809999,0.8202143954743317,1.0042578690066681,2.3551808467726414e-24,1.670454125768492e-23,Basal-up,ENSG00000268942.2,ENSG00000268942,CKS1BP3,22.777165446514427
5.911232023251431,4.907094121987588,1.0041379012638432,2.3444613495149054e-23,1.565465028600391e-22,Basal-up,ENSG00000106125.14,ENSG00000106125,MINDY4,21.80535662977528
6.0843152641625995,5.080386157159658,1.003929107002942,0.0002734526458923134,0.00046936006402326514,Basal-up,ENSG00000243264.2,ENSG00000243264,IGKV2D-29,3.3284938655515917
15.160715417584447,14.156858068957872,1.0038573486265747,1.1899053474393998e-43,2.6931551145286076e-42,Basal-up,ENSG00000111669.15,ENSG00000111669,TPI1,41.569738632313026
10.390768679045786,9.386951165148254,1.0038175138975323,2.808932135793709e-27,2.401032280413251e-26,Basal-up,ENSG00000119969.15,ENSG00000119969,HELLS,25.61960200107954
8.574004925145486,7.5703502667325075,1.0036546584129784,7.21062656442773e-11,2.148064365798236e-10,Basal-up,ENSG00000105374.10,ENSG00000105374,NKG7,9.667952709335525
11.583792458352681,10.580215738262524,1.003576720090157,8.169500235376671e-31,8.614081405782511e-30,Basal-up,ENSG00000255717.7,ENSG00000255717,SNHG1,29.06479102833438
9.338560836008634,8.334996710274218,1.0035641257344157,2.729483867254962e-25,2.0550830914282642e-24,Basal-up,ENSG00000196636.8,ENSG00000196636,SDHAF3,23.687170613973187
4.942516515931117,3.9391072224417694,1.0034092934893475,1.3598968113988792e-22,8.676007064729813e-22,Basal-up,ENSG00000118557.16,ENSG00000118557,PMFBP1,21.061680103018848
11.975560850999315,10.972246073896658,1.0033147771026574,1.1437389694142975e-18,5.782523417008635e-18,Basal-up,ENSG00000164930.12,ENSG00000164930,FZD6,17.237882599827202
9.979669960997406,8.976608969790467,1.0030609912069384,2.0988583681211204e-35,2.859907825179673e-34,Basal-up,ENSG00000166965.12,ENSG00000166965,RCCD1,33.5436479639552
6.040470495416377,5.037458788670416,1.0030117067459612,4.5427070727684547e-23,2.979873602332654e-22,Basal-up,ENSG00000151846.8,ENSG00000151846,PABPC3,21.525802157055843
12.677116158507461,11.674110951588538,1.0030052069189228,1.3124988136727166e-35,1.8119835351857275e-34,Basal-up,ENSG00000121644.19,ENSG00000121644,DESI2,33.741845752912226
6.838382798252964,5.835537362156375,1.0028454360965897,4.513112755774659e-09,1.1730733527726934e-08,Basal-up,ENSG00000081041.9,ENSG00000081041,CXCL2,7.930674830417816
10.930128597090224,9.927419256072604,1.0027093410176207,8.890085276997297e-23,5.730685740095181e-22,Basal-up,ENSG00000168140.5,ENSG00000168140,VASN,21.24179340677252
1.7627044839571167,0.7599993531541908,1.002705130802926,6.900572534945965e-08,1.6354888734454412e-07,Basal-up,ENSG00000184478.7,ENSG00000184478,OR56A3,6.7863524061202805
2.024032456228933,1.0215392308008124,1.0024932254281205,2.955839711375232e-20,1.637411124199269e-19,Basal-up,ENSG00000229920.2,ENSG00000229920,RPS4XP5,18.78584226343837
6.923565849860065,5.921129101597467,1.002436748262598,1.0888358470094347e-18,5.509098504416038e-18,Basal-up,ENSG00000240498.9,ENSG00000240498,CDKN2B-AS1,17.258919462235163
3.591457327425861,2.589394466583937,1.0020628608419244,2.634908929412834e-28,2.3961515820379327e-27,Basal-up,ENSG00000260190.1,ENSG00000260190,AL807752.5,26.620485711674913
9.351614100746271,8.349684859423474,1.001929241322797,9.17367294484511e-08,2.1541262144392862e-07,Basal-up,ENSG00000168447.11,ENSG00000168447,SCNN1B,6.666728854135228
3.5093312237354306,2.5080132415894782,1.0013179821459524,8.935229557306506e-26,6.931471760261839e-25,Basal-up,ENSG00000272716.1,ENSG00000272716,AL121658.1,24.15917454179551
1.7597144383530554,0.7587520159083976,1.0009624224446578,8.736732251864578e-19,4.4473085054290154e-18,Basal-up,ENSG00000237470.3,ENSG00000237470,DCLRE1CP1,17.351902742923848
11.903596299506614,10.902644721828363,1.0009515776782507,6.290179029208967e-22,3.851083124366841e-21,Basal-up,ENSG00000058063.16,ENSG00000058063,ATP11B,20.41441710717207
10.415127739334103,9.41424395866409,1.000883780670014,1.432123291314618e-45,3.642243757577086e-44,Basal-up,ENSG00000145220.14,ENSG00000145220,LYAR,43.43863099236094
3.9118121865581226,2.9110812195790077,1.000730966979115,2.328962502071384e-09,6.190866222794036e-09,Basal-up,ENSG00000287865.1,ENSG00000287865,AC099552.5,8.20824858046942
6.905296382487533,5.904742292977855,1.000554089509678,4.874353889740518e-10,1.3636771082953916e-09,Basal-up,ENSG00000089012.14,ENSG00000089012,SIRPG,8.865288449830643
3.4983643295239903,2.497822627276488,1.0005417022475025,2.8557807988855996e-05,5.400607750558268e-05,Basal-up,ENSG00000211665.3,ENSG00000211665,IGLV3-16,4.267557364647024
9.163391055639066,8.16295765899293,1.0004333966461356,4.853175376597275e-26,3.828628821453063e-25,Basal-up,ENSG00000212719.13,ENSG00000212719,LINC02693,24.41695673566551
1.6841582019152692,0.6837412163095902,1.000416985605679,1.890628948756939e-12,6.305858941525632e-12,Basal-up,ENSG00000248319.2,ENSG00000248319,LINC02275,11.200255748399758
10.82455203319377,9.824350827452838,1.0002012057409324,9.084318872869304e-29,8.467919038336459e-28,Basal-up,ENSG00000162437.14,ENSG00000162437,RAVER2,27.072223302916655
8.906373042945395,7.9062835101192395,1.0000895328261556,1.3316940851210606e-12,4.485819086851366e-12,Basal-up,ENSG00000185483.12,ENSG00000185483,ROR1,11.348158245502603
