mean_basal,mean_luminal_a,mean_difference,p_value,FDR,regulation,Ensembl_ID_versioned,Ensembl_ID,gene_symbol,minus_log10_FDR
2.671033738551035,12.027086380813012,-9.356052642261977,4.15104064669374e-79,3.939545145963184e-76,LuminalA-up,ENSG00000160182.3,ENSG00000160182,TFF1,75.40455391827638
4.050616859331556,12.73593891655984,-8.685322057228284,7.760322601924771e-84,1.3006300680825916e-79,LuminalA-up,ENSG00000173467.9,ENSG00000173467,AGR3,78.88584621015328
2.43465769169227,10.67786847934677,-8.243210787654501,3.63419871890065e-71,8.518765108919564e-69,LuminalA-up,ENSG00000148513.18,ENSG00000148513,ANKRD30A,68.06962335655395
2.7625963059576035,10.981368171960824,-8.21877186600322,5.0430999795344825e-71,1.1656633927907131e-68,LuminalA-up,ENSG00000235687.9,ENSG00000235687,LINC00993,67.93342684216586
5.238552177200421,13.04224541498246,-7.803693237782039,2.0341753201235157e-79,2.2728518910180082e-76,LuminalA-up,ENSG00000160180.15,ENSG00000160180,TFF3,75.64342886388319
3.7193870662891135,11.129659175997139,-7.410272109708025,3.5499154760444244e-74,1.2395121537188449e-71,LuminalA-up,ENSG00000256612.7,ENSG00000256612,CYP2B7P,70.90674921051202
2.161885064156329,9.560938739199905,-7.399053675043576,2.319792662506433e-72,6.270923390904487e-70,LuminalA-up,ENSG00000169347.17,ENSG00000169347,GP2,69.2026685047757
1.1000930636382416,8.499046948130662,-7.39895388449242,1.9438862710641107e-81,5.960227468270038e-78,LuminalA-up,ENSG00000183888.4,ENSG00000183888,SRARP,77.22473716537229
1.3390406831404298,8.707546003895924,-7.368505320755494,2.0745759759798955e-71,5.113219611385743e-69,LuminalA-up,ENSG00000234918.1,ENSG00000234918,AL157387.1,68.2913055540435
7.454974237781766,14.77371266879706,-7.318738431015294,3.469399245677851e-81,6.546773833415247e-78,LuminalA-up,ENSG00000106541.12,ENSG00000106541,AGR2,77.18397266207118
0.9081159656391117,8.066126879707312,-7.158010914068201,1.981916105172269e-70,4.204672648441421e-68,LuminalA-up,ENSG00000286208.1,ENSG00000286208,AC093838.1,67.37626781021316
1.4986337282677233,8.618490701320898,-7.119856973053174,7.389190192229542e-78,5.384470766163788e-75,LuminalA-up,ENSG00000235584.3,ENSG00000235584,AC008268.1,74.26885697660553
5.724038552351171,12.587180991018698,-6.863142438667527,9.718063407458241e-48,2.830143226915728e-46,LuminalA-up,ENSG00000110484.7,ENSG00000110484,SCGB2A2,45.54819158529367
8.30890342775133,14.865226945318382,-6.556323517567051,1.1925003158102925e-82,4.9965763232451256e-79,LuminalA-up,ENSG00000091831.24,ENSG00000091831,ESR1,78.30132747430717
1.5588455559398866,8.105435016846325,-6.546589460906438,2.821426914887556e-68,4.6588290732527526e-66,LuminalA-up,ENSG00000224559.2,ENSG00000224559,LINC01087,65.33172322299347
2.633680726064326,9.149235655617636,-6.51555492955331,2.6885404011616983e-75,1.1553830031658992e-72,LuminalA-up,ENSG00000186910.4,ENSG00000186910,SERPINA11,71.93727402565176
7.8749120612208525,14.373474664095411,-6.498562602874559,2.877865946736651e-83,1.9293213306922506e-79,LuminalA-up,ENSG00000129514.8,ENSG00000129514,FOXA1,78.71459543408521
6.049753226031265,12.405306071968841,-6.355552845937576,1.6852338648938488e-76,9.574413415464714e-74,LuminalA-up,ENSG00000082175.15,ENSG00000082175,PGR,73.01888782396304
5.162192336555911,11.493857918528327,-6.331665581972416,3.385267737405317e-80,4.728090606576093e-77,LuminalA-up,ENSG00000178568.15,ENSG00000178568,ERBB4,76.32531420946204
2.6499327242337207,8.933706707229595,-6.283773982995874,1.1537837131541985e-77,8.057256263526819e-75,LuminalA-up,ENSG00000006071.15,ENSG00000006071,ABCC8,74.093812823266
2.2459651891883574,8.48841841229322,-6.242453223104862,2.0311635481053426e-83,1.702115053312277e-79,LuminalA-up,ENSG00000225362.10,ENSG00000225362,CT62,78.76901108741838
3.723002135238107,9.96383392543829,-6.2408317902001835,9.020859452667486e-83,4.319702983620202e-79,LuminalA-up,ENSG00000139865.16,ENSG00000139865,TTC6,78.36454611360392
5.171453035315345,11.392465432832694,-6.221012397517349,2.063828202849818e-52,8.467505674360576e-51,LuminalA-up,ENSG00000159763.4,ENSG00000159763,PIP,50.07224450364788
1.8591352016505098,8.070526190843552,-6.211390989193042,5.525460821621791e-75,2.2049219850090765e-72,LuminalA-up,ENSG00000255774.2,ENSG00000255774,LINC02747,71.65660677221857
1.4307657208792692,7.631795020075905,-6.201029299196636,1.5766114684634408e-77,1.0569603284578909e-74,LuminalA-up,ENSG00000287914.1,ENSG00000287914,AL078582.2,73.97594131302859
0.5572860064563082,6.754263234911009,-6.196977228454701,2.265572597070756e-76,1.2054284675208214e-73,LuminalA-up,ENSG00000223808.1,ENSG00000223808,AC044784.1,72.91885855640452
6.857944407295586,13.032068857260569,-6.1741244499649826,1.2024139992568966e-78,1.0076229313772793e-75,LuminalA-up,ENSG00000204385.13,ENSG00000204385,SLC44A4,74.99670195743306
7.679606958459253,13.810877112669807,-6.131270154210554,4.125943702420809e-68,6.713671500249784e-66,LuminalA-up,ENSG00000151892.15,ENSG00000151892,GFRA1,65.17303991258444
3.727062828808946,9.843888416655775,-6.1168255878468285,3.042536596758839e-81,6.546773833415247e-78,LuminalA-up,ENSG00000248360.7,ENSG00000248360,LINC00504,77.18397266207118
3.195093265818751,9.267246605140192,-6.072153339321441,3.6761666296381436e-75,1.540313817818382e-72,LuminalA-up,ENSG00000249661.1,ENSG00000249661,TNRC18P1,71.81239078860357
0.6623650768759535,6.729622943703844,-6.067257866827891,3.685656118177557e-70,7.487466247352225e-68,LuminalA-up,ENSG00000236313.1,ENSG00000236313,VN1R53P,67.12566512234844
0.6959880063490042,6.733644382565519,-6.037656376216515,3.067446426757085e-76,1.6065750660140232e-73,LuminalA-up,ENSG00000253768.1,ENSG00000253768,AC008663.1,72.79409897755471
3.3464635508324028,9.380465823772326,-6.034002272939923,8.251068674129832e-78,5.884591956528339e-75,LuminalA-up,ENSG00000259459.6,ENSG00000259459,LINC02568,74.23028364618877
2.200794423616843,8.219833731371338,-6.019039307754495,9.981591864066205e-73,2.8354488074872813e-70,LuminalA-up,ENSG00000154198.14,ENSG00000154198,CYP4Z2P,69.54737818926195
3.9600480987829565,9.890313517804742,-5.930265419021786,1.4156871331845636e-46,3.854901113269421e-45,LuminalA-up,ENSG00000153002.12,ENSG00000153002,CPB1,44.41398675808313
2.567401851253379,8.466399904346648,-5.898998053093269,3.215097605775901e-65,3.7162093705382143e-63,LuminalA-up,ENSG00000204434.6,ENSG00000204434,POTEKP,62.429899825919534
0.3959209564397945,6.251701488314825,-5.8557805318750304,5.731533617180187e-67,8.175361993526803e-65,LuminalA-up,ENSG00000173335.5,ENSG00000173335,CST9,64.0874930082933
8.060904392489766,13.903057012867805,-5.842152620378039,1.4590435375355697e-79,1.7873317823899238e-76,LuminalA-up,ENSG00000175356.14,ENSG00000175356,SCUBE2,75.74779482192834
0.5464198201269184,6.341270173545213,-5.794850353418294,2.037251655750878e-70,4.294885251620719e-68,LuminalA-up,ENSG00000252621.1,ENSG00000252621,Y_RNA,67.36704843491857
2.9285753356941835,8.69416571451805,-5.765590378823866,4.204369000792929e-53,1.8091200116377276e-51,LuminalA-up,ENSG00000134240.12,ENSG00000134240,HMGCS2,50.74253262238107
2.222021335451331,7.987431175013464,-5.765409839562134,6.953098643688776e-51,2.5416343133745666e-49,LuminalA-up,ENSG00000162989.5,ENSG00000162989,KCNJ3,48.594886934941755
5.5540918390663805,11.312086178262469,-5.757994339196088,1.0682131065080224e-66,1.4735186555616836e-64,LuminalA-up,ENSG00000196090.12,ENSG00000196090,PTPRT,63.83164436137075
2.7804091374699405,8.530861664117024,-5.750452526647084,7.188329061351522e-68,1.1259476174602943e-65,LuminalA-up,ENSG00000170743.17,ENSG00000170743,SYT9,64.94848181372723
4.520337251842194,10.258114558268469,-5.737777306426275,6.698008495942574e-44,1.5441351085556746e-42,LuminalA-up,ENSG00000124935.4,ENSG00000124935,SCGB1D2,41.811314702489234
2.299473927858158,8.017974953672788,-5.718501025814629,7.679090367007631e-67,1.0770004564941246e-64,LuminalA-up,ENSG00000180777.14,ENSG00000180777,ANKRD30B,63.96778411262325
2.2206963455889634,7.923047609786421,-5.702351264197457,2.0729635910742616e-74,7.720637730312139e-72,LuminalA-up,ENSG00000253125.1,ENSG00000253125,AC055854.1,71.1123468251414
5.208489718222253,10.87553396003635,-5.6670442418140965,4.6603060975484817e-73,1.394763039194867e-70,LuminalA-up,ENSG00000203697.12,ENSG00000203697,CAPN8,69.855499569818
2.573718365509668,8.137693032804881,-5.563974667295213,2.4233450748904998e-51,9.137292115897588e-50,LuminalA-up,ENSG00000244468.1,ENSG00000244468,AC093001.1,49.03918249063004
0.47323731862678486,6.010630672746471,-5.537393354119686,3.9868059619299314e-66,5.1202197641337666e-64,LuminalA-up,ENSG00000249203.2,ENSG00000249203,LINC02224,63.290711398340115
3.6086663426503978,9.073534288897545,-5.464867946247146,1.3103277803988645e-73,4.223287230670187e-71,LuminalA-up,ENSG00000147041.12,ENSG00000147041,SYTL5,70.37434938069845
1.0151901446314815,6.468575111722906,-5.4533849670914245,6.5122209928763465e-74,2.1694670145154396e-71,LuminalA-up,ENSG00000249346.7,ENSG00000249346,LINC01016,70.66364694867966
0.5287521114003971,5.913597403142055,-5.384845291741658,2.479684891561075e-54,1.1625040218898913e-52,LuminalA-up,ENSG00000235123.5,ENSG00000235123,DSCAM-AS1,51.93460553591623
9.12564596558622,14.501249735105592,-5.375603769519373,9.904449319332578e-85,3.31997141184028e-80,LuminalA-up,ENSG00000115648.14,ENSG00000115648,MLPH,79.47886565597472
5.014449738258549,10.378368808248691,-5.363919069990142,5.393057909313268e-67,7.725440218811143e-65,LuminalA-up,ENSG00000121270.16,ENSG00000121270,ABCC11,64.11207676379267
8.168833061175548,13.50119319236747,-5.332360131191923,2.7989339779065476e-74,9.980879461641221e-72,LuminalA-up,ENSG00000124664.11,ENSG00000124664,SPDEF,71.00083118932287
4.2620100251883235,9.586273481590043,-5.324263456401719,2.597590508034428e-79,2.6385222372519403e-76,LuminalA-up,ENSG00000150667.8,ENSG00000150667,FSIP1,75.57863924127268
4.123298263960034,9.39865711931904,-5.275358855359006,5.914182465883536e-46,1.5379627327883328e-44,LuminalA-up,ENSG00000186160.5,ENSG00000186160,CYP4Z1,43.81305418803294
2.587959801916161,7.846370397259665,-5.258410595343504,1.446440276419705e-72,4.057464279021014e-70,LuminalA-up,ENSG00000225449.3,ENSG00000225449,RAB6C-AS1,69.39174529491328
5.452171929625184,10.705830108905783,-5.253658179280599,3.1711948309050854e-76,1.635360780491361e-73,LuminalA-up,ENSG00000064787.13,ENSG00000064787,BCAS1,72.78638642178535
7.418171326563333,12.665669910830054,-5.2474985842667214,1.397027239655704e-79,1.7873317823899238e-76,LuminalA-up,ENSG00000171428.15,ENSG00000171428,NAT1,75.74779482192834
3.6524363095003394,8.883963538096712,-5.231527228596372,4.883966038726506e-58,2.992880102707724e-56,LuminalA-up,ENSG00000179023.8,ENSG00000179023,KLHDC7A,55.52391068101327
2.8636579773342348,8.04985374772767,-5.186195770393436,1.4157543046330163e-66,1.8906806490557254e-64,LuminalA-up,ENSG00000126010.6,ENSG00000126010,GRPR,63.72338182074002
9.67211549738298,14.853362731681699,-5.181247234298718,6.62149906012683e-83,3.6992108082575226e-79,LuminalA-up,ENSG00000074410.14,ENSG00000074410,CA12,78.43189091868345
3.6457740683382767,8.822422810877592,-5.1766487425393155,2.063269515370557e-50,7.272428407489071e-49,LuminalA-up,ENSG00000105388.16,ENSG00000105388,CEACAM5,48.138320545417514
8.33645114634732,13.512827818467008,-5.176376672119687,2.5959004218363464e-79,2.6385222372519403e-76,LuminalA-up,ENSG00000169083.18,ENSG00000169083,AR,75.57863924127268
0.35858922822831074,5.531458478781001,-5.17286925055269,2.0389323431648662e-80,2.9715222670820136e-77,LuminalA-up,ENSG00000232400.1,ENSG00000232400,RAD17P1,76.52702101101082
3.4397566117805765,8.587858699591163,-5.148102087810586,1.865436696227438e-72,5.0836941510198145e-70,LuminalA-up,ENSG00000197308.9,ENSG00000197308,GATA3-AS1,69.293820585679
6.097391504226861,11.154377419697859,-5.056985915470998,3.452927513135825e-81,6.546773833415247e-78,LuminalA-up,ENSG00000176532.4,ENSG00000176532,PRR15,77.18397266207118
1.8124290317105056,6.865985965059756,-5.053556933349251,1.5738843780510434e-59,1.0855268385240942e-57,LuminalA-up,ENSG00000078898.7,ENSG00000078898,BPIFB2,56.96435943459664
4.593211377953635,9.643996881568535,-5.0507855036149,1.2950472797296376e-69,2.5385956033062842e-67,LuminalA-up,ENSG00000136457.10,ENSG00000136457,CHAD,66.59540647645613
0.42245088981697704,5.440220230322477,-5.0177693405055,1.558663651804764e-57,9.133986994492252e-56,LuminalA-up,ENSG00000248779.1,ENSG00000248779,AC093297.1,55.0393396111026
0.5698580029367282,5.559641977389876,-4.989783974453148,2.8759355324268325e-63,2.746477465724998e-61,LuminalA-up,ENSG00000244402.3,ENSG00000244402,RN7SL314P,60.56122395992368
6.456496892925399,11.442779937820589,-4.98628304489519,4.2310150732301506e-79,3.939545145963184e-76,LuminalA-up,ENSG00000163879.11,ENSG00000163879,DNALI1,75.40455391827638
2.617234781454585,7.590930287095935,-4.97369550564135,9.518005754846814e-68,1.4702467875689641e-65,LuminalA-up,ENSG00000161031.13,ENSG00000161031,PGLYRP2,64.83260976084114
4.322650042403934,9.252199800943677,-4.929549758539743,4.977122061258404e-48,1.4922462566492103e-46,LuminalA-up,ENSG00000125999.11,ENSG00000125999,BPIFB1,45.82615950187749
4.900671880465256,9.817834241735431,-4.917162361270175,7.840389044654453e-55,3.7814365579398168e-53,LuminalA-up,ENSG00000100867.15,ENSG00000100867,DHRS2,52.42234318146853
7.867027453219773,12.782693249979898,-4.915665796760125,4.040930978106765e-75,1.6722469924214661e-72,LuminalA-up,ENSG00000144218.19,ENSG00000144218,AFF3,71.77669957646424
1.3451271984620383,6.241443253548676,-4.896316055086637,2.1758973375308594e-75,9.472218020004469e-73,LuminalA-up,ENSG00000116176.6,ENSG00000116176,TPSG1,72.02354831444345
8.243624876908225,13.135803056474131,-4.8921781795659065,9.136729865763702e-75,3.5202664954068883e-72,LuminalA-up,ENSG00000158258.16,ENSG00000158258,CLSTN2,71.45342445779923
3.3815897531714283,8.25732368054155,-4.8757339273701215,4.521660498123375e-72,1.2029052372785358e-69,LuminalA-up,ENSG00000057593.14,ENSG00000057593,F7,68.91976858425453
8.072917245446934,12.94494150072228,-4.872024255275345,9.667829478546107e-76,4.564304846772754e-73,LuminalA-up,ENSG00000186868.16,ENSG00000186868,MAPT,72.34062535705621
0.817034871429394,5.685979657611681,-4.868944786182287,6.32868164362561e-60,4.5039789531704976e-58,LuminalA-up,ENSG00000238117.1,ENSG00000238117,AP000844.2,57.346403647584616
1.8313732274538914,6.65632551556238,-4.824952288108489,1.9559219018785923e-81,5.960227468270038e-78,LuminalA-up,ENSG00000259793.1,ENSG00000259793,AC013726.1,77.22473716537229
2.0641061354961954,6.880227383387503,-4.816121247891307,5.06316056918265e-22,3.1163632441976205e-21,LuminalA-up,ENSG00000166509.12,ENSG00000166509,CLEC3A,20.506351926559077
1.5306284095999758,6.299875299278824,-4.769246889678849,5.823758457667188e-78,4.338052966688981e-75,LuminalA-up,ENSG00000254290.1,ENSG00000254290,AC124067.4,74.36270514964771
6.265837470165179,11.03249872104706,-4.7666612508818815,3.039860994409618e-58,1.9081674257043148e-56,LuminalA-up,ENSG00000103534.17,ENSG00000103534,TMC5,55.71938352225798
7.4080161410158,12.170067104607337,-4.762050963591538,9.165930794554078e-79,7.878000005985967e-76,LuminalA-up,ENSG00000168350.8,ENSG00000168350,DEGS2,75.10358402319689
5.126156399373576,9.887783206102828,-4.761626806729252,4.724302360564772e-69,8.79770084034062e-67,LuminalA-up,ENSG00000142973.14,ENSG00000142973,CYP4B1,66.05563080998796
1.616779874584388,6.373493048726789,-4.7567131741424005,2.525773070939146e-63,2.4259000956412656e-61,LuminalA-up,ENSG00000238178.7,ENSG00000238178,AC078993.1,60.615127088384995
6.041607080765821,10.75514015138749,-4.713533070621669,1.8226723144722645e-63,1.765779652633246e-61,LuminalA-up,ENSG00000251141.6,ENSG00000251141,MRPS30-DT,60.753063491934014
1.8752947558197535,6.584914505024859,-4.709619749205105,4.6695766186615816e-52,1.872860498677452e-50,LuminalA-up,ENSG00000114248.10,ENSG00000114248,LRRC31,49.727494570147925
1.5807707541593752,6.2757325358525975,-4.694961781693222,1.1297898368992143e-39,1.9995013375322946e-38,LuminalA-up,ENSG00000170099.6,ENSG00000170099,SERPINA6,37.69907830101648
6.169787771546065,10.856265470278656,-4.686477698732591,2.0312576765658177e-73,6.246583240228093e-71,LuminalA-up,ENSG00000276644.5,ENSG00000276644,DACH1,70.20435746836276
1.9033118208949984,6.5626961012893075,-4.659384280394309,1.5225628141098324e-79,1.7873317823899238e-76,LuminalA-up,ENSG00000259725.1,ENSG00000259725,AC106738.2,75.74779482192834
3.9594331117823742,8.612103186051833,-4.652670074269459,1.6965932556191782e-64,1.8227501900113736e-62,LuminalA-up,ENSG00000230873.9,ENSG00000230873,STMND1,61.739272847819876
1.3233228083806714,5.97365625849379,-4.650333450113118,3.385489167571286e-65,3.8863560581160796e-63,LuminalA-up,ENSG00000285094.1,ENSG00000285094,LINC01488,62.41045741295105
4.570103067304596,9.215660698512071,-4.645557631207475,4.555223462663582e-77,2.7762016448815142e-74,LuminalA-up,ENSG00000230882.1,ENSG00000230882,AC005077.4,73.55654899279972
4.1942719121171175,8.832735721763001,-4.6384638096458835,1.8456477186335666e-72,5.070992748245668e-70,LuminalA-up,ENSG00000286379.1,ENSG00000286379,AL591845.1,69.29490701051289
0.6594404828990198,5.2782346302756,-4.618794147376581,1.2864738953261357e-70,2.7642695494443635e-68,LuminalA-up,ENSG00000279685.2,ENSG00000279685,MAPT-IT1,67.55841961031066
2.2865316813356493,6.875247495251259,-4.588715813915609,2.1273878004313314e-74,7.779937047169755e-72,LuminalA-up,ENSG00000222014.6,ENSG00000222014,RAB6C,71.10902391717192
7.5635489723669815,12.135699193853329,-4.572150221486347,1.0882097871546743e-75,5.066221120197872e-73,LuminalA-up,ENSG00000117472.10,ENSG00000117472,TSPAN1,72.29531585892248
6.477828266777092,11.018674242241934,-4.540845975464842,6.055603662422849e-66,7.574023685239324e-64,LuminalA-up,ENSG00000162949.16,ENSG00000162949,CAPN13,63.12067334110156
8.581641581679037,13.093885651117665,-4.512244069438628,2.426943535654952e-58,1.53203667260177e-56,LuminalA-up,ENSG00000003989.18,ENSG00000003989,SLC7A2,55.81473083880396
2.594126155079043,7.103231584673595,-4.509105429594552,9.615237489528481e-43,2.0360250198925755e-41,LuminalA-up,ENSG00000164756.12,ENSG00000164756,SLC30A8,40.691216889432276
4.98157626248906,9.486329493724291,-4.504753231235231,5.1962147989411486e-71,1.1799056885097645e-68,LuminalA-up,ENSG00000163491.16,ENSG00000163491,NEK10,67.92815270506397
1.9643951697819848,6.447532327696952,-4.4831371579149675,2.3204490443393997e-45,5.832303669636521e-44,LuminalA-up,ENSG00000165863.17,ENSG00000165863,C10orf82,43.234159871759005
1.2248944286659806,5.703016455075396,-4.478122026409415,4.301994269375598e-78,3.353554602545815e-75,LuminalA-up,ENSG00000230393.1,ENSG00000230393,AC092667.1,74.47449461808692
1.6787913620113377,6.131068266159945,-4.452276904148607,1.3705327281714992e-47,3.9467574783770316e-46,LuminalA-up,ENSG00000186526.13,ENSG00000186526,CYP4F8,45.4037595594516
1.2169051753438889,5.6615423353931105,-4.444637160049222,3.9449291805727075e-61,3.104085120488196e-59,LuminalA-up,ENSG00000214100.8,ENSG00000214100,PLAC9P1,58.508066377990055
1.5847378997809374,6.029318095947358,-4.44458019616642,4.4223197550954183e-54,2.041820360754799e-52,LuminalA-up,ENSG00000233508.3,ENSG00000233508,AL021395.1,51.689982469773476
10.868294900715561,15.291597054505123,-4.423302153789562,1.601551460838631e-83,1.702115053312277e-79,LuminalA-up,ENSG00000107485.18,ENSG00000107485,GATA3,78.76901108741838
1.7472220206340026,6.166123997517222,-4.41890197688322,5.0850818211118316e-73,1.508424271182908e-70,LuminalA-up,ENSG00000235049.1,ENSG00000235049,LINC00940,69.82147648822875
5.4157291483126055,9.82784794164792,-4.412118793335315,7.182960744947913e-69,1.3014748333548866e-66,LuminalA-up,ENSG00000162482.5,ENSG00000162482,AKR7A3,65.8855642254347
1.478634112200298,5.847004957699668,-4.368370845499371,1.3579885459361817e-73,4.335216767598173e-71,LuminalA-up,ENSG00000283526.1,ENSG00000283526,PRRT1B,70.36298918224357
0.508860126530468,4.8616316221292,-4.3527714955987316,1.2409304915360885e-79,1.6638396030515875e-76,LuminalA-up,ENSG00000164893.9,ENSG00000164893,SLC7A13,75.77888854274912
1.240027060482836,5.58880463737098,-4.348777576888144,6.215805875502854e-72,1.6277641636473097e-69,LuminalA-up,ENSG00000251169.2,ENSG00000251169,LINC01843,68.78840851704258
5.500579563548428,9.848873441337151,-4.3482938777887234,7.381793191836497e-55,3.565384838477801e-53,LuminalA-up,ENSG00000126562.17,ENSG00000126562,WNK4,52.44789358665165
1.850721501663795,6.191338449353729,-4.340616947689934,1.2104879557631373e-70,2.65199714229937e-68,LuminalA-up,ENSG00000271850.2,ENSG00000271850,LINC02343,67.57642694824776
0.8099203809054263,5.1293336466365655,-4.319413265731139,3.5770449061478683e-62,3.066561259695052e-60,LuminalA-up,ENSG00000287952.1,ENSG00000287952,AC105328.1,59.51334835513048
1.8032990335315036,6.122026238834501,-4.318727205302997,1.2703956890848859e-66,1.7170832055695713e-64,LuminalA-up,ENSG00000260710.1,ENSG00000260710,AC120498.4,63.76520865950176
3.956189861610226,8.273548771510074,-4.3173589098998475,2.4073952939874533e-63,2.318847421105156e-61,LuminalA-up,ENSG00000269516.6,ENSG00000269516,CYP4F23P,60.634727826761804
6.343601286170398,10.66002415802859,-4.316422871858191,3.233531754727769e-81,6.546773833415247e-78,LuminalA-up,ENSG00000120262.10,ENSG00000120262,CCDC170,77.18397266207118
0.5820427049477671,4.880867659350469,-4.2988249544027015,6.896511115835246e-63,6.316148978218509e-61,LuminalA-up,ENSG00000233041.8,ENSG00000233041,PHGR1,60.199547634893136
2.746472943153007,7.019437895478199,-4.272964952325192,2.2183157118023495e-76,1.2054284675208214e-73,LuminalA-up,ENSG00000227038.3,ENSG00000227038,GTF2IP7,72.91885855640452
6.868628899621085,11.128422574862931,-4.259793675241846,2.2175297935764645e-73,6.757418061880281e-71,LuminalA-up,ENSG00000108176.15,ENSG00000108176,DNAJC12,70.17021921170235
0.5639642495904433,4.822150129261266,-4.2581858796708225,6.266179833085286e-45,1.534275734149151e-43,LuminalA-up,ENSG00000287900.1,ENSG00000287900,AC061961.1,42.81409658363455
4.094004695124152,8.343829685582657,-4.249824990458505,1.2695752179843985e-70,2.7455587939894867e-68,LuminalA-up,ENSG00000214313.8,ENSG00000214313,AZGP1P1,67.56136925177911
8.933833513131768,13.181426190079158,-4.24759267694739,2.5868096958136105e-81,6.546773833415247e-78,LuminalA-up,ENSG00000187720.14,ENSG00000187720,THSD4,77.18397266207118
2.1955533263855638,6.432858470860634,-4.237305144475069,7.489419278544167e-79,6.606456163600011e-76,LuminalA-up,ENSG00000223813.3,ENSG00000223813,AC007255.1,75.18003144237717
3.8537467363506157,8.089844100201278,-4.2360973638506625,3.3413377054167767e-69,6.363729538952861e-67,LuminalA-up,ENSG00000132554.20,ENSG00000132554,RGS22,66.19628828632219
5.961911148553512,10.184375598631943,-4.222464450078431,7.765565958255964e-49,2.46264683936367e-47,LuminalA-up,ENSG00000103460.17,ENSG00000103460,TOX3,46.60859786453631
0.3163269999180451,4.537434231849772,-4.221107231931726,2.2155861470066753e-62,1.9340220741579102e-60,LuminalA-up,ENSG00000263618.5,ENSG00000263618,AP005121.1,59.71353857336043
0.7346307821720054,4.953452531591558,-4.218821749419552,4.450391955804898e-62,3.77663641414127e-60,LuminalA-up,ENSG00000166959.8,ENSG00000166959,MS4A8,59.42289482373291
7.114472980216645,11.323141887177938,-4.208668906961293,5.678006224392392e-45,1.39638128130325e-43,LuminalA-up,ENSG00000101210.13,ENSG00000101210,EEF1A2,42.85499598160033
3.539264805580865,7.744902560961996,-4.205637755381131,1.6170292738919255e-73,5.065684229986667e-71,LuminalA-up,ENSG00000130045.16,ENSG00000130045,NXNL2,70.2953618854986
1.2748879749306021,5.468234715357909,-4.193346740427307,8.250186700917873e-59,5.418154031003528e-57,LuminalA-up,ENSG00000196620.10,ENSG00000196620,UGT2B15,56.26614865270558
6.473668076815098,10.665535853911601,-4.191867777096503,1.6069988357657004e-68,2.762389793582886e-66,LuminalA-up,ENSG00000188959.9,ENSG00000188959,C9orf152,65.55871503927735
6.028141358599348,10.211376890049156,-4.1832355314498075,2.622452974636093e-33,3.1791907309150755e-32,LuminalA-up,ENSG00000008196.13,ENSG00000008196,TFAP2B,31.49768341643906
7.812488194354881,11.976232874910416,-4.163744680555535,3.1076582666194964e-71,7.387851425325214e-69,LuminalA-up,ENSG00000115255.12,ENSG00000115255,REEP6,68.13148184709891
3.2330199879330705,7.384375353742908,-4.151355365809838,1.2814908324242192e-57,7.562600827968279e-56,LuminalA-up,ENSG00000132681.17,ENSG00000132681,ATP1A4,55.12132882209308
2.3390187529793383,6.482087644963352,-4.143068891984013,3.119069679159541e-53,1.3578079953951664e-51,LuminalA-up,ENSG00000162891.10,ENSG00000162891,IL20,50.86716163832934
3.1800042852386645,7.320541046410883,-4.140536761172218,1.120619825888399e-64,1.2275547896659846e-62,LuminalA-up,ENSG00000280119.1,ENSG00000280119,AC093642.3,61.91095911483141
7.613516984807802,11.753063855357322,-4.13954687054952,6.78159032931724e-70,1.3450822949036324e-67,LuminalA-up,ENSG00000166106.3,ENSG00000166106,ADAMTS15,66.87125114381831
5.39900199912252,9.516466712318646,-4.117464713196126,1.6911924440459023e-72,4.685022373918896e-70,LuminalA-up,ENSG00000124249.7,ENSG00000124249,KCNK15,69.32928833074284
2.9510509738532633,7.04411792139844,-4.093066947545177,7.409356306202826e-56,3.8209480520602883e-54,LuminalA-up,ENSG00000240216.7,ENSG00000240216,CPHL1P,53.41782886674942
4.1161045731032875,8.180724601777282,-4.064620028673994,6.49122344380259e-64,6.613550450950237e-62,LuminalA-up,ENSG00000187045.19,ENSG00000187045,TMPRSS6,61.17956532912401
6.878620564987114,10.930057374261732,-4.051436809274619,1.8381435119273942e-58,1.1647366827940692e-56,LuminalA-up,ENSG00000170500.13,ENSG00000170500,LONRF2,55.93377224642781
2.5131907686254804,6.563901451375347,-4.050710682749867,1.5463192628075117e-79,1.7873317823899238e-76,LuminalA-up,ENSG00000172425.12,ENSG00000172425,TTC36,75.74779482192834
5.6208669742659225,9.660571651232411,-4.039704676966489,2.648743602994687e-56,1.4205741691581106e-54,LuminalA-up,ENSG00000163873.10,ENSG00000163873,GRIK3,53.84753608653436
6.915118410122421,10.940655395062173,-4.025536984939752,6.165289754003151e-50,2.1195950005557498e-48,LuminalA-up,ENSG00000171236.10,ENSG00000171236,LRG1,47.673747113517784
10.809745315033336,14.8336487609995,-4.023903445966164,3.515570674268331e-81,6.546773833415247e-78,LuminalA-up,ENSG00000109436.8,ENSG00000109436,TBC1D9,77.18397266207118
4.539292576268711,8.561128111012057,-4.021835534743346,1.8449103523553383e-78,1.5083267075841694e-75,LuminalA-up,ENSG00000245750.10,ENSG00000245750,DRAIC,74.82150457893488
0.3690913292997714,4.388545067253131,-4.019453737953359,7.295465044035838e-53,3.0721606567346895e-51,LuminalA-up,ENSG00000170367.5,ENSG00000170367,CST5,50.512556076886305
1.8822784453339276,5.8977460418607786,-4.015467596526851,9.601404586500494e-55,4.5939490540387395e-53,LuminalA-up,ENSG00000260284.1,ENSG00000260284,TPSP2,52.337813825351816
1.6828363430700124,5.691029642987616,-4.008193299917604,1.906878970315509e-52,7.871746685341854e-51,LuminalA-up,ENSG00000249306.6,ENSG00000249306,LINC01411,50.103928890050334
0.6845057428871358,4.690227452996718,-4.005721710109582,1.5800692193629008e-62,1.3974649138006446e-60,LuminalA-up,ENSG00000285587.1,ENSG00000285587,AC012470.1,59.85465908715106
2.9148332071536798,6.912007788563721,-3.9971745814100412,2.277228539658462e-53,1.0083580006519372e-51,LuminalA-up,ENSG00000204049.1,ENSG00000204049,AL391421.1,50.996385251516976
6.938220672817201,10.93423998345341,-3.996019310636208,1.3249538869753766e-65,1.5957204178768596e-63,LuminalA-up,ENSG00000188001.10,ENSG00000188001,TPRG1,62.79704319795373
3.4721350542825626,7.468029420335007,-3.9958943660524446,1.5675800449750522e-63,1.53641178677087e-61,LuminalA-up,ENSG00000187889.13,ENSG00000187889,FYB2,60.81349236975087
3.030342383412874,7.018097895724375,-3.9877555123115007,1.7349365135054149e-56,9.440758430633362e-55,LuminalA-up,ENSG00000136546.16,ENSG00000136546,SCN7A,54.02499311491718
1.6713515932799334,5.652208007904188,-3.980856414624255,6.29597849375811e-51,2.3140482358637263e-49,LuminalA-up,ENSG00000230314.7,ENSG00000230314,ELOVL2-AS1,48.63562759250998
2.728310465406495,6.706015672231698,-3.9777052068252026,1.3499866931043025e-80,2.1548359025169627e-77,LuminalA-up,ENSG00000206113.11,ENSG00000206113,CFAP99,76.66658579712501
1.1197601404878634,5.092083309950491,-3.9723231694626273,5.196449301975566e-64,5.343097564485306e-62,LuminalA-up,ENSG00000254164.1,ENSG00000254164,AC008663.3,61.27220689556616
1.6922295217985692,5.65501681470768,-3.962787292909111,9.242640014701727e-64,9.275847104574906e-62,LuminalA-up,ENSG00000091138.13,ENSG00000091138,SLC26A3,61.032646418527655
1.5973973225208065,5.556505139169323,-3.9591078166485163,1.5574878199126025e-64,1.6950321988139754e-62,LuminalA-up,ENSG00000105695.15,ENSG00000105695,MAG,61.770822047529094
0.20557679060878162,4.154277824724406,-3.948701034115624,8.266830914512491e-76,3.958631032206553e-73,LuminalA-up,ENSG00000225208.1,ENSG00000225208,AL133387.1,72.4024549751723
0.5822261870767181,4.521537777211774,-3.9393115901350564,1.7936151702568474e-64,1.9208300481472691e-62,LuminalA-up,ENSG00000270930.1,ENSG00000270930,GRAMD4P8,61.716511059093015
0.8665110289489528,4.797729122886367,-3.9312180939374146,3.941467200897321e-76,2.0017875844557304e-73,LuminalA-up,ENSG00000170935.8,ENSG00000170935,NCBP2L,72.69858200867142
1.660079019117425,5.591120477301977,-3.9310414581845516,5.625996805104946e-58,3.4287893255839593e-56,LuminalA-up,ENSG00000251095.7,ENSG00000251095,AC093866.1,55.46485919833421
3.9552102173978807,7.884100768976365,-3.9288905515784847,1.103170249803713e-58,7.152469395245737e-57,LuminalA-up,ENSG00000218416.4,ENSG00000218416,AC110619.1,56.145543991824596
5.169734751704899,9.092294857998132,-3.9225601062932327,7.281569061912941e-42,1.4589252537676138e-40,LuminalA-up,ENSG00000101098.13,ENSG00000101098,RIMS4,39.83596695807764
8.59375350141255,12.508901643811102,-3.915148142398552,1.6936913621184437e-68,2.8818545410259e-66,LuminalA-up,ENSG00000196208.14,ENSG00000196208,GREB1,65.5403279435859
6.628729658128572,10.53438161467711,-3.905651956548539,1.1197141948469371e-80,1.8766409905634664e-77,LuminalA-up,ENSG00000134830.6,ENSG00000134830,C5AR2,76.7266188018219
1.1973555375395664,5.091646940648809,-3.894291403109243,6.248428353684969e-35,8.33455306070514e-34,LuminalA-up,ENSG00000213759.10,ENSG00000213759,UGT2B11,33.07911768419516
3.1232348785213246,7.011056303672691,-3.8878214251513667,1.4083859749034128e-75,6.294546383834986e-73,LuminalA-up,ENSG00000224577.3,ENSG00000224577,LINC01117,72.2010355618382
5.085888768227323,8.965167717096573,-3.87927894886925,1.509744998590786e-74,5.686140713793612e-72,LuminalA-up,ENSG00000248429.5,ENSG00000248429,FAM198B-AS1,71.24518239711341
2.2684793585270606,6.144135272057416,-3.8756559135303554,5.759079564227759e-53,2.4405100757637733e-51,LuminalA-up,ENSG00000174498.14,ENSG00000174498,IGDCC3,50.612519394998
3.72520417158389,7.579442095401713,-3.8542379238178235,6.16402751087875e-67,8.718067601884207e-65,LuminalA-up,ENSG00000099769.6,ENSG00000099769,IGFALS,64.05957976768683
5.613561008734512,9.466228929786883,-3.8526679210523715,6.679145918045983e-72,1.7355424121930337e-69,LuminalA-up,ENSG00000110169.11,ENSG00000110169,HPX,68.76056476882269
1.6883973453166226,5.5381198973104455,-3.849722551993823,3.0241394282518625e-71,7.240653831071602e-69,LuminalA-up,ENSG00000254042.2,ENSG00000254042,SLIT3-AS2,68.14022221523855
1.4779725329803861,5.3271168004829805,-3.849144267502594,8.494702951601021e-64,8.576579606556213e-62,LuminalA-up,ENSG00000152086.9,ENSG00000152086,TUBA3E,61.066685876972294
3.8275832924802273,7.6705978495767,-3.843014557096473,1.662823047884826e-66,2.2030762278695404e-64,LuminalA-up,ENSG00000175985.10,ENSG00000175985,PLEKHD1,63.65697047571788
2.62292727767444,6.464029910627229,-3.8411026329527886,5.527494012737413e-49,1.7696427823014145e-47,LuminalA-up,ENSG00000188175.10,ENSG00000188175,HEPACAM2,46.75211439088804
4.969229603255786,8.80570659935869,-3.8364769961029035,1.1611795977528195e-54,5.505338064593283e-53,LuminalA-up,ENSG00000174827.14,ENSG00000174827,PDZK1,52.259216007286334
7.015434171807136,10.840517711313888,-3.8250835395067524,4.113162049258281e-47,1.1508613680395456e-45,LuminalA-up,ENSG00000188488.14,ENSG00000188488,SERPINA5,44.93897698803098
0.592299122843183,4.413699772713509,-3.8214006498703266,5.00580938321861e-71,1.1652411842047764e-68,LuminalA-up,ENSG00000233823.1,ENSG00000233823,AL356311.1,67.93358417409861
5.690371711933081,9.507263857281725,-3.8168921453486435,1.120066190014113e-76,6.704396194513048e-74,LuminalA-up,ENSG00000004838.14,ENSG00000004838,ZMYND10,73.17364032910233
8.243441892720394,12.060212495547363,-3.816770602826969,6.114125653096863e-60,4.369839912405263e-58,LuminalA-up,ENSG00000224389.9,ENSG00000224389,C4B,57.35953447296837
0.7951804357117065,4.576122598448822,-3.7809421627371154,1.7147169288751768e-42,3.5744596676552193e-41,LuminalA-up,ENSG00000237442.3,ENSG00000237442,HNRNPA1P57,40.44678959892339
1.715889823286716,5.49397937666497,-3.778089553378254,4.29971213558635e-59,2.87104284431981e-57,LuminalA-up,ENSG00000253973.3,ENSG00000253973,AC079296.1,56.54196032651679
0.714226192796607,4.491660374627352,-3.7774341818307446,1.6216491918809923e-62,1.4304652871539702e-60,LuminalA-up,ENSG00000186458.5,ENSG00000186458,DEFB132,59.84452267667759
1.4741815377785839,5.234415549058148,-3.7602340112795636,1.7926325986948148e-63,1.741711440818846e-61,LuminalA-up,ENSG00000203985.11,ENSG00000203985,LDLRAD1,60.75902379539076
5.241693863571908,8.986468358367228,-3.74477449479532,3.4390844050611206e-53,1.491308011095068e-51,LuminalA-up,ENSG00000144891.18,ENSG00000144891,AGTR1,50.826432649166726
0.4304945971406171,4.156799129680675,-3.726304532540058,2.3589933945641642e-66,3.0648627358833635e-64,LuminalA-up,ENSG00000283413.1,ENSG00000283413,AC008703.1,63.513588971189066
7.752084383664456,11.468481703545756,-3.7163973198813,2.365045380141915e-30,2.4230970882415974e-29,LuminalA-up,ENSG00000138696.11,ENSG00000138696,BMPR1B,28.615629184276507
0.23091844987033247,3.946034349300892,-3.7151158994305593,1.2268021443171036e-67,1.8470809309981664e-65,LuminalA-up,ENSG00000237970.1,ENSG00000237970,TMEM161BP1,64.73351407526042
2.6523785490262632,6.362995275659023,-3.71061672663276,3.395453521613495e-55,1.6762238887258374e-53,LuminalA-up,ENSG00000171811.14,ENSG00000171811,CFAP46,52.77566797428314
1.2164040465203922,4.92515233574933,-3.708748289228938,9.999469333264136e-26,7.737354848823034e-25,LuminalA-up,ENSG00000170419.11,ENSG00000170419,VSTM2A,24.11140748517008
6.743671139301753,10.44569231887041,-3.702021179568657,5.240881880003274e-73,1.5410031633132432e-70,LuminalA-up,ENSG00000162543.6,ENSG00000162543,UBXN10,69.81219646977732
1.956845860543989,5.6551148303231855,-3.6982689697791966,2.7132056270423286e-50,9.493387538461259e-49,LuminalA-up,ENSG00000135638.14,ENSG00000135638,EMX1,48.022578790023026
5.2271754311425696,8.92256173452785,-3.6953863033852805,1.367541928105121e-47,3.94153099140874e-46,LuminalA-up,ENSG00000070193.5,ENSG00000070193,FGF10,45.40433505432376
2.440478784821595,6.134526122443307,-3.6940473376217122,1.1053854360439267e-59,7.719274961706755e-58,LuminalA-up,ENSG00000203635.2,ENSG00000203635,AC144450.1,57.1124234891613
1.2699071383429048,4.946413993601598,-3.676506855258693,5.344592681728577e-50,1.8431146778965216e-48,LuminalA-up,ENSG00000265369.3,ENSG00000265369,PCAT18,47.734447642302236
8.65299736361866,12.328461289247556,-3.675463925628897,2.1586070788588112e-51,8.2036858597899495e-50,LuminalA-up,ENSG00000162078.11,ENSG00000162078,ZG16B,49.08599097823686
0.8840044075118693,4.55596448997011,-3.671960082458241,1.3891421305208049e-45,3.535614594917037e-44,LuminalA-up,ENSG00000218357.3,ENSG00000218357,LINC01644,43.45153508201395
8.359387844125475,12.02555525087332,-3.666167406747844,1.3177174803032309e-76,7.749103498204264e-74,LuminalA-up,ENSG00000183044.12,ENSG00000183044,ABAT,73.11074853856516
0.7286739945669197,4.394315176894173,-3.6656411823272532,1.5792814209594636e-33,1.944802102518781e-32,LuminalA-up,ENSG00000166006.14,ENSG00000166006,KCNC2,31.711124584650214
7.239206177655922,10.900206097625652,-3.66099991996973,8.844166836518132e-30,8.768307375335338e-29,LuminalA-up,ENSG00000086548.9,ENSG00000086548,CEACAM6,28.057084234284865
3.0211853364025276,6.675265873089911,-3.6540805366873834,7.221854270923986e-54,3.298045710645395e-52,LuminalA-up,ENSG00000100095.19,ENSG00000100095,SEZ6L,51.48174332936358
2.3867139117552227,6.033641961016856,-3.646928049261633,1.985202852897154e-64,2.1125079247337334e-62,LuminalA-up,ENSG00000228613.1,ENSG00000228613,AC141930.1,61.67520165318931
1.3610681664403061,5.006617845791613,-3.6455496793513067,1.3498135945200887e-36,1.9844627933470777e-35,LuminalA-up,ENSG00000243064.8,ENSG00000243064,ABCC13,34.70235703925898
7.6226607971176215,11.257967877129008,-3.635307080011387,1.7685844643545425e-75,7.80038832173214e-73,LuminalA-up,ENSG00000072858.11,ENSG00000072858,SIDT1,72.10788377656752
6.976276316956233,10.610278734516218,-3.6340024175599845,5.418901848528352e-74,1.8347635349764683e-71,LuminalA-up,ENSG00000108932.12,ENSG00000108932,SLC16A6,70.73641989984367
6.529901866429643,10.163460222013155,-3.633558355583512,7.498670533297941e-76,3.642832409799232e-73,LuminalA-up,ENSG00000187486.5,ENSG00000187486,KCNJ11,72.43856080821831
0.4971215674982025,4.113376744716683,-3.61625517721848,1.8097315836499518e-77,1.189454954587184e-74,LuminalA-up,ENSG00000200385.1,ENSG00000200385,AL136296.1,73.92465200032251
3.704496262862018,7.3116905045867515,-3.6071942417247334,1.3982394683877892e-32,1.6319285160292025e-31,LuminalA-up,ENSG00000108018.15,ENSG00000108018,SORCS1,30.787298868727987
0.38359455132660736,3.989709560438157,-3.6061150091115497,2.9303189775792724e-43,6.378200787562156e-42,LuminalA-up,ENSG00000180269.8,ENSG00000180269,GPR139,41.19530181316492
4.324424830920227,7.922037964251745,-3.5976131333315173,1.1452586169175442e-49,3.8620793600680164e-48,LuminalA-up,ENSG00000198944.6,ENSG00000198944,SOWAHA,47.413178806350125
4.413939010714125,8.007361736059199,-3.593422725345074,1.754935241690097e-46,4.7439862339880695e-45,LuminalA-up,ENSG00000171954.13,ENSG00000171954,CYP4F22,44.3238565798697
3.3365006294498816,6.925534155093353,-3.5890335256434716,2.6143274553173097e-77,1.6852356981199274e-74,LuminalA-up,ENSG00000168589.15,ENSG00000168589,DYNLRB2,73.77333934984647
6.779013609100492,10.366771904769498,-3.5877582956690066,2.1914055093623253e-43,4.838992929764502e-42,LuminalA-up,ENSG00000084628.10,ENSG00000084628,NKAIN1,41.315245012437046
3.173200841816898,6.758910762529876,-3.585709920712978,3.0009162032492015e-53,1.3080716662277405e-51,LuminalA-up,ENSG00000287354.1,ENSG00000287354,AL034351.4,50.883368461367546
2.1034482710986597,5.684482332096736,-3.581034060998076,1.160603574627198e-44,2.794786768786184e-43,LuminalA-up,ENSG00000075891.22,ENSG00000075891,PAX2,42.55365132147063
8.294301168693233,11.851962723679776,-3.5576615549865434,5.506169614273196e-55,2.6826570562563596e-53,LuminalA-up,ENSG00000244731.8,ENSG00000244731,C4A,52.57143484283124
8.069150622938656,11.622590866741707,-3.553440243803051,2.528999406173622e-43,5.558823612782938e-42,LuminalA-up,ENSG00000075461.6,ENSG00000075461,CACNG4,41.25501710635547
6.290364022816309,9.841495636033825,-3.5511316132175157,6.215388331822489e-57,3.4781271599781275e-55,LuminalA-up,ENSG00000163751.4,ENSG00000163751,CPA3,54.458654544280606
4.691330037926585,8.236953938152041,-3.545623900225456,1.1467189724921483e-75,5.2654821860187415e-73,LuminalA-up,ENSG00000273472.1,ENSG00000273472,AC096733.2,72.27856185218248
4.468593350448787,8.010621184571743,-3.5420278341229565,8.054631823073412e-37,1.2026336690842797e-35,LuminalA-up,ENSG00000129951.19,ENSG00000129951,PLPPR3,34.91986664175709
6.803526816175931,10.34325642074276,-3.539729604566829,3.5879218033888025e-41,6.9000079661269455e-40,LuminalA-up,ENSG00000197977.4,ENSG00000197977,ELOVL2,39.161150407865215
7.562447437480496,11.08911160883848,-3.526664171357983,2.0195553998238064e-53,8.966290993654834e-52,LuminalA-up,ENSG00000165731.20,ENSG00000165731,RET,51.04738717056862
0.5727962620450786,4.098958990776685,-3.526162728731607,4.031460978949403e-58,2.4978663958296488e-56,LuminalA-up,ENSG00000175302.5,ENSG00000175302,ANKRD30BP1,55.60243079458706
6.064358431792216,9.589745845793667,-3.525387414001451,1.0854042765956818e-66,1.4850102592443777e-64,LuminalA-up,ENSG00000152953.13,ENSG00000152953,STK32B,63.82827054599806
5.954679991955269,9.476109405050007,-3.5214294130947383,1.2440608558377084e-55,6.318321195103028e-54,LuminalA-up,ENSG00000139910.20,ENSG00000139910,NOVA1,53.199398300286646
7.316345743974433,10.821995408080385,-3.5056496641059516,1.8269326080708794e-42,3.798931825219347e-41,LuminalA-up,ENSG00000186377.8,ENSG00000186377,CYP4X1,40.42033850012696
8.144294522434627,11.644659099760137,-3.5003645773255094,1.3701907865312314e-63,1.3588400936250555e-61,LuminalA-up,ENSG00000157303.11,ENSG00000157303,SUSD3,60.866831647419296
6.742501540299282,10.231930244796828,-3.4894287044975467,2.6224701875185922e-58,1.6523533963463009e-56,LuminalA-up,ENSG00000171385.10,ENSG00000171385,KCND3,55.78189706254262
2.807851095639552,6.288561806938726,-3.480710711299174,6.361046800055064e-48,1.8869229091844757e-46,LuminalA-up,ENSG00000184709.7,ENSG00000184709,LRRC26,45.72424584270719
4.010904403048366,7.487542508264339,-3.476638105215973,5.838658501872223e-63,5.410866120551708e-61,LuminalA-up,ENSG00000170959.14,ENSG00000170959,DCDC1,60.26673321155345
0.89066423933948,4.3670697002741505,-3.4764054609346706,1.4304765062946976e-37,2.2250381666356504e-36,LuminalA-up,ENSG00000248771.5,ENSG00000248771,SMIM31,35.65266253505739
2.9090979257277967,6.380340056536379,-3.471242130808582,5.391542704960049e-46,1.4086088189420174e-44,LuminalA-up,ENSG00000264589.4,ENSG00000264589,MAPT-AS1,43.85120959692774
2.05491444019054,5.524654337463038,-3.4697398972724978,3.856921011308298e-56,2.03276717451343e-54,LuminalA-up,ENSG00000287331.1,ENSG00000287331,AC106045.1,53.691912360965745
3.4218569412049553,6.886691240764817,-3.4648342995598616,6.120420647447347e-56,3.1807209318206985e-54,LuminalA-up,ENSG00000231852.9,ENSG00000231852,CYP21A2,53.49747443308911
0.3311011664392111,3.7924825945022973,-3.461381428063086,2.1161566336403723e-51,8.069803226350999e-50,LuminalA-up,ENSG00000269353.1,ENSG00000269353,AC092071.1,49.09313705496217
0.9409921682762007,4.3835749941127435,-3.442582825836543,3.269180805745019e-32,3.7362066351371646e-31,LuminalA-up,ENSG00000249599.2,ENSG00000249599,BMPR1B-DT,30.427569112629794
3.4299018534413777,6.8707423061793405,-3.440840452737963,3.4809201361688706e-50,1.2128944175091532e-48,LuminalA-up,ENSG00000170369.4,ENSG00000170369,CST2,47.91617700283408
2.565065003393367,6.005715165655166,-3.4406501622617993,1.2122251949484765e-30,1.2662445788305682e-29,LuminalA-up,ENSG00000100362.13,ENSG00000100362,PVALB,28.897482400971455
5.4124261307048736,8.844842592837425,-3.4324164621325517,6.81573285638175e-32,7.633256443231416e-31,LuminalA-up,ENSG00000170786.12,ENSG00000170786,SDR16C5,30.11729014702368
1.7261368711777583,5.150244766377741,-3.4241078951999824,4.7442947011357036e-57,2.690841935398795e-55,LuminalA-up,ENSG00000283703.2,ENSG00000283703,VSIG10L2,54.570111812678554
6.41245469649801,9.836490613202562,-3.424035916704552,2.005203781494519e-51,7.664131215016679e-50,LuminalA-up,ENSG00000233622.3,ENSG00000233622,CYP2T1P,49.115537068455886
2.29434383903791,5.710544940122919,-3.416201101085009,2.1552578910192394e-47,6.132788158485985e-46,LuminalA-up,ENSG00000108878.5,ENSG00000108878,CACNG1,45.21234203664783
4.023124132775586,7.433324870090473,-3.410200737314887,3.5463995498414227e-51,1.3223060390509954e-49,LuminalA-up,ENSG00000204338.8,ENSG00000204338,CYP21A1P,48.87866801861043
6.487474176690531,9.887531545790202,-3.4000573690996703,3.43927481370761e-44,8.078801104098043e-43,LuminalA-up,ENSG00000106809.11,ENSG00000106809,OGN,42.092653083842585
7.4528369533825884,10.845186671561303,-3.392349718178714,1.3003007202409884e-50,4.641755073746318e-49,LuminalA-up,ENSG00000148488.17,ENSG00000148488,ST8SIA6,48.33331777920254
1.7732127022180466,5.165210539240779,-3.391997837022733,1.7860877950693407e-40,3.3150422420113124e-39,LuminalA-up,ENSG00000101441.4,ENSG00000101441,CST4,38.47951093321531
3.0060804455726875,6.393924554988315,-3.3878441094156275,3.1515521892455975e-39,5.420217002745635e-38,LuminalA-up,ENSG00000178965.14,ENSG00000178965,ERICH3,37.26598332578478
0.9816085241879672,4.366658971051576,-3.385050446863609,3.250631938353059e-60,2.373881973280927e-58,LuminalA-up,ENSG00000175336.10,ENSG00000175336,APOF,57.62454087747369
1.5402838556878378,4.91874630109481,-3.3784624454069725,1.9674946228355464e-61,1.581544838308094e-59,LuminalA-up,ENSG00000284395.2,ENSG00000284395,PERCC1,58.80091849090998
7.774488712513453,11.149788518542453,-3.375299806028999,2.368081214499348e-53,1.0458245363638755e-51,LuminalA-up,ENSG00000099812.9,ENSG00000099812,MISP,50.980541173290035
5.109226884307047,8.478695957685776,-3.3694690733787294,1.4930825442892872e-48,4.629798971746244e-47,LuminalA-up,ENSG00000214456.8,ENSG00000214456,PLIN5,46.33443786586255
5.628160472475972,8.985179120630473,-3.357018648154501,2.6454379207554806e-50,9.275635889510848e-49,LuminalA-up,ENSG00000109906.14,ENSG00000109906,ZBTB16,48.03265630771407
8.080168609777479,11.433111648688477,-3.3529430389109987,3.7759823756953115e-73,1.140278641741503e-70,LuminalA-up,ENSG00000165140.11,ENSG00000165140,FBP1,69.94298901025645
2.4328983862788074,5.782963299367085,-3.350064913088278,4.389798546013085e-38,7.050601210462799e-37,LuminalA-up,ENSG00000255974.8,ENSG00000255974,CYP2A6,36.15177384878819
1.3691628055261067,4.718697841754077,-3.3495350362279703,4.023035540367517e-60,2.912573462486375e-58,LuminalA-up,ENSG00000196834.13,ENSG00000196834,POTEI,57.53572311181997
1.7314626528192807,5.062366634420263,-3.330903981600982,1.4661951652521297e-46,3.9891933392249507e-45,LuminalA-up,ENSG00000258414.1,ENSG00000258414,AL121790.1,44.39911491477471
7.45288338658345,10.78055116565801,-3.3276677790745612,1.8459860589363602e-66,2.426566772374384e-64,LuminalA-up,ENSG00000165548.11,ENSG00000165548,TMEM63C,63.61500775360699
7.084769423111468,10.412311020499404,-3.3275415973879356,4.1807489634970634e-66,5.348805544138228e-64,LuminalA-up,ENSG00000050438.17,ENSG00000050438,SLC4A8,63.27174319059682
7.540968730687209,10.867892030319547,-3.3269232996323383,4.2524367617166204e-76,2.127487764966285e-73,LuminalA-up,ENSG00000185133.14,ENSG00000185133,INPP5J,72.67213292883346
0.9106312173981538,4.236044326480197,-3.3254131090820436,6.000733660880779e-31,6.3814908728656e-30,LuminalA-up,ENSG00000122584.13,ENSG00000122584,NXPH1,29.195077847576723
4.097304873099042,7.421728644010705,-3.324423770911663,2.9249331218809965e-53,1.2766114354876433e-51,LuminalA-up,ENSG00000149534.9,ENSG00000149534,MS4A2,50.89394126961408
1.2419425179483354,4.5604407997719765,-3.318498281823641,1.4980157327472776e-41,2.9485312602283464e-40,LuminalA-up,ENSG00000140798.16,ENSG00000140798,ABCC12,39.53039426348641
0.10427896549248128,3.4184941978251113,-3.31421523233263,5.227366683692797e-63,4.867259201038405e-61,LuminalA-up,ENSG00000207422.1,ENSG00000207422,RNU6-813P,60.312715525220796
7.620009902417803,10.932827704603147,-3.312817802185344,3.5828803460750784e-63,3.392603084758097e-61,LuminalA-up,ENSG00000196917.6,ENSG00000196917,HCAR1,60.46946694736419
3.903046372477468,7.215000166173902,-3.311953793696434,7.867354033488839e-27,6.534036352887658e-26,LuminalA-up,ENSG00000198650.11,ENSG00000198650,TAT,25.184818453604905
1.5710567913943774,4.882305674775928,-3.311248883381551,3.915012254810243e-63,3.6862699657651496e-61,LuminalA-up,ENSG00000226835.3,ENSG00000226835,ARHGAP29-AS1,60.43341286218565
4.8507664921995834,8.154677666066803,-3.3039111738672196,7.748557760603437e-34,9.70959462188513e-33,LuminalA-up,ENSG00000124302.13,ENSG00000124302,CHST8,32.0127989016217
0.8043223899802171,4.103605701816526,-3.2992833118363087,6.327568090597004e-59,4.183433577846382e-57,LuminalA-up,ENSG00000188817.8,ENSG00000188817,SNTN,56.37846712210167
1.4519650450102426,4.747421160095056,-3.295456115084814,4.166602593792997e-33,5.002310850427695e-32,LuminalA-up,ENSG00000164287.13,ENSG00000164287,CDC20B,31.300829324114755
7.325844611187248,10.618398112817548,-3.2925535016303,1.4379343814899024e-32,1.6776735282819885e-31,LuminalA-up,ENSG00000159212.13,ENSG00000159212,CLIC6,30.77529254807243
9.996279132214182,13.282883994027275,-3.2866048618130925,1.630290102700506e-80,2.4839692837509527e-77,LuminalA-up,ENSG00000092068.20,ENSG00000092068,SLC7A8,76.60485377885776
0.5483046877233467,3.834522668662246,-3.286217980938899,4.060973443007062e-65,4.6458644986210483e-63,LuminalA-up,ENSG00000108417.4,ENSG00000108417,KRT37,62.332933460992805
0.8336810207388711,4.115882649709273,-3.282201628970402,1.4492857479653147e-65,1.7226971018367853e-63,LuminalA-up,ENSG00000272281.6,ENSG00000272281,TPTE2P2,62.76379107691355
1.9504456374425858,5.231626204815339,-3.281180567372753,5.964116678424787e-35,7.968002832235905e-34,LuminalA-up,ENSG00000253154.2,ENSG00000253154,AC100801.1,33.09865052021385
0.8014866004506228,4.08064221476382,-3.2791556143131975,7.29767502166684e-57,4.0701841385403075e-55,LuminalA-up,ENSG00000241359.1,ENSG00000241359,SYNPR-AS1,54.39038594248412
3.5248490110835062,6.800784522571679,-3.275935511488173,9.481235705148348e-63,8.566334793438615e-61,LuminalA-up,ENSG00000167646.14,ENSG00000167646,DNAAF3,60.06720495631096
2.8034792298126066,6.079342434621865,-3.2758632048092586,2.2288959374801048e-60,1.652933447440998e-58,LuminalA-up,ENSG00000143473.13,ENSG00000143473,KCNH1,57.78174463220653
2.4534194232971256,5.727366354278381,-3.273946930981255,5.001101935970149e-44,1.1601172103371586e-42,LuminalA-up,ENSG00000204740.11,ENSG00000204740,MALRD1,41.93549813040146
3.8055324365694974,7.075129029029449,-3.2695965924599513,1.1576755382683816e-62,1.0320554266690465e-60,LuminalA-up,ENSG00000115556.14,ENSG00000115556,PLCD4,59.98629697824163
6.893759685825385,10.160428569953126,-3.266668884127741,5.734480119808081e-60,4.1160551095496124e-58,LuminalA-up,ENSG00000068615.19,ENSG00000068615,REEP1,57.38551881913481
4.008110345444693,7.273089338281241,-3.2649789928365482,1.394052453672682e-58,8.900692999449201e-57,LuminalA-up,ENSG00000075886.11,ENSG00000075886,TUBA3D,56.050576178285425
6.234560326384173,9.497812514338143,-3.26325218795397,2.050556270924413e-44,4.871342749921072e-43,LuminalA-up,ENSG00000153132.13,ENSG00000153132,CLGN,42.31235131219326
6.5261126214407605,9.788548138086973,-3.262435516646213,4.07180037447204e-64,4.225595930411851e-62,LuminalA-up,ENSG00000168306.13,ENSG00000168306,ACOX2,61.374112034397406
3.8666216192302696,7.126985507371859,-3.260363888141589,4.926165522802586e-47,1.3703325172144623e-45,LuminalA-up,ENSG00000018625.15,ENSG00000018625,ATP1A2,44.86317403658881
4.656336098642256,7.9162783669420325,-3.2599422682997767,1.6386421048006713e-36,2.3964783312791666e-35,LuminalA-up,ENSG00000171903.16,ENSG00000171903,CYP4F11,34.620426493502336
0.8614581417310416,4.120998266302487,-3.259540124571445,5.900135844645867e-60,4.225909263088236e-58,LuminalA-up,ENSG00000234115.2,ENSG00000234115,AL138878.2,57.3740798321685
8.301094694135994,11.55709176707072,-3.2559970729347256,1.6975682275802753e-61,1.377784188583313e-59,LuminalA-up,ENSG00000152049.6,ENSG00000152049,KCNE4,58.86081880350782
6.287360807141367,9.542887560424093,-3.2555267532827266,5.712579618548153e-57,3.2128467921767462e-55,LuminalA-up,ENSG00000154654.15,ENSG00000154654,NCAM2,54.49310998372288
6.1720785099900475,9.42227353412962,-3.250195024139572,3.8033250382611173e-59,2.549749105650253e-57,LuminalA-up,ENSG00000120149.9,ENSG00000120149,MSX2,56.59350255187678
1.6568383008721825,4.905060860300413,-3.24822255942823,1.8590159702359438e-56,1.0066916853361687e-54,LuminalA-up,ENSG00000267690.1,ENSG00000267690,LDLRAD4-AS1,53.997103518383284
6.835161871980407,10.077480498499336,-3.2423186265189283,1.3728040841755561e-59,9.507519194538149e-58,LuminalA-up,ENSG00000039139.9,ENSG00000039139,DNAH5,57.02193278912715
4.02927108806345,7.267953575095855,-3.2386824870324045,1.0665907107974256e-70,2.367690107677464e-68,LuminalA-up,ENSG00000101222.12,ENSG00000101222,SPEF1,67.62567514034977
6.170700872597939,9.40822918996216,-3.2375283173642213,3.8091067047081866e-39,6.501082318829858e-38,LuminalA-up,ENSG00000067715.14,ENSG00000067715,SYT1,37.18701433474698
1.8065322131242438,5.043818775111635,-3.2372865619873914,4.207379867058841e-49,1.3573760649067598e-47,LuminalA-up,ENSG00000170893.4,ENSG00000170893,TRH,46.86729981314556
0.5773381317021548,3.8081602801502696,-3.230822148448115,4.1401987884331614e-55,2.0348894924967679e-53,LuminalA-up,ENSG00000261538.1,ENSG00000261538,AC096996.2,52.69145917076407
13.72010398628212,16.945614283444545,-3.2255102971624243,2.9504874234007424e-81,6.546773833415247e-78,LuminalA-up,ENSG00000100219.16,ENSG00000100219,XBP1,77.18397266207118
4.655918475839132,7.874138967347846,-3.2182204915087134,8.87936504427846e-30,8.797999298971741e-29,LuminalA-up,ENSG00000185352.8,ENSG00000185352,HS6ST3,28.05561607696392
0.8449037582645834,4.056993723797343,-3.2120899655327597,5.229465335482004e-54,2.407852720403252e-52,LuminalA-up,ENSG00000169344.15,ENSG00000169344,UMOD,51.618370080816334
4.983513950895118,8.192710424509842,-3.2091964736147247,1.8887685425779443e-42,3.92021805245899e-41,LuminalA-up,ENSG00000157502.13,ENSG00000157502,PWWP3B,40.40668977574843
4.865583022081834,8.072897682060908,-3.2073146599790743,1.4856522110416324e-77,1.0163073900839902e-74,LuminalA-up,ENSG00000254231.3,ENSG00000254231,AC103760.1,73.99297491643546
1.5154980409048837,4.720635360260725,-3.205137319355841,1.0577403439365137e-45,2.712735755834119e-44,LuminalA-up,ENSG00000130612.16,ENSG00000130612,CYP2G1P,43.56659250825545
5.172261821201605,8.376803137990452,-3.2045413167888466,1.4581979404773007e-48,4.525814348592511e-47,LuminalA-up,ENSG00000237940.3,ENSG00000237940,LINC01238,46.34430326501573
9.62709557287635,12.826875587269287,-3.199780014392937,6.353288827942732e-61,4.918296570730724e-59,LuminalA-up,ENSG00000111319.13,ENSG00000111319,SCNN1A,58.308185287075844
5.345135850142616,8.54335869126135,-3.198222841118734,1.5090078680700784e-73,4.771881484689531e-71,LuminalA-up,ENSG00000114654.7,ENSG00000114654,EFCC1,70.32131035108395
11.167383185862594,14.356424724927692,-3.189041539065098,4.888141656779783e-54,2.2537896607325766e-52,LuminalA-up,ENSG00000113739.10,ENSG00000113739,STC2,51.64708661776893
8.320518834439971,11.50626570473301,-3.1857468702930394,1.976493813923263e-23,1.3255716815267663e-22,LuminalA-up,ENSG00000081479.15,ENSG00000081479,LRP2,21.87759678241614
9.272795165359838,12.454688771705799,-3.1818936063459606,1.1114984370860144e-60,8.448396283701407e-59,LuminalA-up,ENSG00000118513.19,ENSG00000118513,MYB,58.07322572314971
5.418219665037444,8.58610048587648,-3.167880820839036,3.596990071340025e-41,6.913480916933351e-40,LuminalA-up,ENSG00000175920.18,ENSG00000175920,DOK7,39.16030323158771
10.796150531268804,13.963722599366108,-3.1675720680973036,5.293638091194586e-57,2.9822310725519753e-55,LuminalA-up,ENSG00000138449.11,ENSG00000138449,SLC40A1,54.525458709090174
6.535813101116451,9.699753956781194,-3.163940855664743,5.486706385049139e-47,1.519953702701216e-45,LuminalA-up,ENSG00000197253.13,ENSG00000197253,TPSB2,44.81816964032339
3.200041863253742,6.358458725466467,-3.158416862212725,9.743938481010221e-68,1.4914009949016558e-65,LuminalA-up,ENSG00000204677.13,ENSG00000204677,FAM153CP,64.8264055715309
8.961336856096242,12.115415006337768,-3.154078150241526,1.2231126469880033e-68,2.1465306768082656e-66,LuminalA-up,ENSG00000136944.19,ENSG00000136944,LMX1B,65.66826290048836
3.901879656299792,7.05591025605358,-3.154030599753788,1.0858243230461731e-63,1.0832390270389202e-61,LuminalA-up,ENSG00000090534.20,ENSG00000090534,THPO,60.96527570157407
3.7569856943344613,6.907368423110898,-3.150382728776437,3.3374184946411383e-36,4.774659323105888e-35,LuminalA-up,ENSG00000272068.1,ENSG00000272068,AL365181.2,34.32105761033645
2.9834987603359373,6.130077573794234,-3.146578813458297,4.56014772244334e-66,5.7249495002359834e-64,LuminalA-up,ENSG00000261664.5,ENSG00000261664,TTC39A-AS1,63.24222833988163
6.510535715737061,9.653987645199237,-3.1434519294621763,1.2548536874186977e-59,8.726700332422146e-58,LuminalA-up,ENSG00000103528.17,ENSG00000103528,SYT17,57.05914993708587
3.580292281505683,6.722195193781112,-3.1419029122754294,6.139924717255543e-75,2.3931427502605324e-72,LuminalA-up,ENSG00000089101.19,ENSG00000089101,CFAP61,71.6210313950759
6.844203347973898,9.986036738567377,-3.1418333905934785,7.425075678568983e-52,2.94194487878998e-50,LuminalA-up,ENSG00000175287.19,ENSG00000175287,PHYHD1,49.53136546861108
8.972293702561974,12.110899429802554,-3.1386057272405807,4.2065390732128025e-69,7.921527513151299e-67,LuminalA-up,ENSG00000109452.12,ENSG00000109452,INPP4B,66.10119106505603
6.467773561518844,9.593046456004572,-3.125272894485728,2.1920309544375455e-55,1.0917812420913302e-53,LuminalA-up,ENSG00000130513.6,ENSG00000130513,GDF15,52.96186437158548
1.5822255960740992,4.706912845173078,-3.124687249098979,5.540449684307288e-68,8.843613019903823e-66,LuminalA-up,ENSG00000141977.9,ENSG00000141977,CIB3,65.05337026959823
4.851354999459855,7.965341130456182,-3.1139861309963273,6.250723312610027e-52,2.4973092424158293e-50,LuminalA-up,ENSG00000170011.14,ENSG00000170011,MYRIP,49.602527675526474
6.240686630210613,9.353792675311094,-3.1131060451004817,1.2441620937307232e-17,5.853236965874224e-17,LuminalA-up,ENSG00000196616.14,ENSG00000196616,ADH1B,16.232603893297686
7.145248540488768,10.25782688887113,-3.1125783483823612,9.290666430846844e-28,8.184576577187548e-27,LuminalA-up,ENSG00000184564.11,ENSG00000184564,SLITRK6,26.0870037835639
4.3324321668041135,7.441320887065937,-3.108888720261824,5.5969436662166385e-34,7.066273133392909e-33,LuminalA-up,ENSG00000211452.11,ENSG00000211452,DIO1,32.1508095797468
0.5254459246074163,3.628006846363222,-3.1025609217558054,2.0903471906790123e-62,1.8294631287613704e-60,LuminalA-up,ENSG00000277010.1,ENSG00000277010,AC120498.10,59.737676338916835
0.10140263159581651,3.2027298365282606,-3.1013272049324443,1.473211859613603e-45,3.741065267746059e-44,LuminalA-up,ENSG00000218549.2,ENSG00000218549,OR4K12P,43.42700471490399
2.1866404285213377,5.286918312375474,-3.1002778838541363,4.808965336782926e-53,2.0560780368490266e-51,LuminalA-up,ENSG00000156564.9,ENSG00000156564,LRFN2,50.68696040605334
6.248165526495583,9.347518003746924,-3.0993524772513403,4.357152905717838e-51,1.6174060398633659e-49,LuminalA-up,ENSG00000172236.18,ENSG00000172236,TPSAB1,48.79118093944079
0.31005584800382374,3.409282148592704,-3.0992263005888803,1.7834987290121384e-65,2.1050308942424956e-63,LuminalA-up,ENSG00000253959.1,ENSG00000253959,LINC01863,62.676741525908795
0.7885899990608725,3.8864162685595667,-3.097826269498694,7.449917297685431e-62,6.196556521548774e-60,LuminalA-up,ENSG00000226965.2,ENSG00000226965,AC073114.1,59.207849584556485
0.5081154608254008,3.6012947469830516,-3.0931792861576506,6.414018342976464e-73,1.837588844927958e-70,LuminalA-up,ENSG00000243478.9,ENSG00000243478,AOX2P,69.73575165418707
1.2769039272242453,4.367340486421513,-3.090436559197268,9.481549566547614e-57,5.2431634163461924e-55,LuminalA-up,ENSG00000286593.1,ENSG00000286593,AP006261.1,54.28040660619789
7.769123730220046,10.858836096938404,-3.0897123667183584,2.8896971452650563e-77,1.827597137911032e-74,LuminalA-up,ENSG00000163072.16,ENSG00000163072,NOSTRIN,73.73811953073803
4.904450860839054,7.980836314436916,-3.0763854535978616,1.0222507556919346e-37,1.6027055814215925e-36,LuminalA-up,ENSG00000113924.12,ENSG00000113924,HGD,35.79514625063878
2.916423249378091,5.9886994985132755,-3.0722762491351845,1.0868388765451424e-38,1.8052943083148254e-37,LuminalA-up,ENSG00000287826.1,ENSG00000287826,AC090994.1,36.74345198707805
6.628919471445748,9.700050652555808,-3.0711311811100597,3.22521878231646e-58,2.0169651787919355e-56,LuminalA-up,ENSG00000007516.14,ENSG00000007516,BAIAP3,55.69530159945162
1.2315287158520496,4.296920929018692,-3.0653922131666427,1.2395635608589067e-49,4.171703871484995e-48,LuminalA-up,ENSG00000267385.1,ENSG00000267385,AC011498.4,47.379686527557226
5.251936528335935,8.310316660923242,-3.058380132587307,3.4508558301940184e-56,1.8360744036206902e-54,LuminalA-up,ENSG00000112981.5,ENSG00000112981,NME5,53.736109723773566
6.0173300349706125,9.07383340870602,-3.056503373735408,4.528381369527452e-63,4.22817112831644e-61,LuminalA-up,ENSG00000203709.12,ENSG00000203709,MIR29B2CHG,60.373847443649495
1.990566195489592,5.039728896702237,-3.049162701212645,4.095884459979393e-41,7.854350520509681e-40,LuminalA-up,ENSG00000170054.16,ENSG00000170054,SERPINA9,39.10488972112948
8.043835802449205,11.089866448176187,-3.0460306457269812,7.243645461887459e-59,4.7796652732769215e-57,LuminalA-up,ENSG00000136883.14,ENSG00000136883,KIF12,56.32060251658012
12.843878372313164,15.889462361831253,-3.0455839895180894,8.009845197057154e-70,1.5793530059138574e-67,LuminalA-up,ENSG00000141424.13,ENSG00000141424,SLC39A6,66.8015207886833
6.68535516575427,9.724071386776338,-3.0387162210220673,4.26437584906465e-57,2.435577165306736e-55,LuminalA-up,ENSG00000236699.9,ENSG00000236699,ARHGEF38,54.613398106315564
4.6418883275522225,7.678674775400009,-3.0367864478477866,5.067668633751157e-69,9.282418175045836e-67,LuminalA-up,ENSG00000172771.12,ENSG00000172771,EFCAB12,66.03233887041128
5.169933925490851,8.20231064369167,-3.032376718200818,3.5416268970514143e-29,3.3879946800560333e-28,LuminalA-up,ENSG00000102313.9,ENSG00000102313,ITIH6,27.470057280284696
1.7812221298092035,4.810851412544663,-3.0296292827354594,3.500142820294725e-47,9.809764827448093e-46,LuminalA-up,ENSG00000153347.10,ENSG00000153347,FAM81B,45.008341403972324
7.377474744415424,10.398318989978536,-3.0208442455631124,3.0786553337391593e-68,5.033976916435932e-66,LuminalA-up,ENSG00000090539.15,ENSG00000090539,CHRD,65.29808878026311
7.584784504359205,10.602258988481964,-3.0174744841227588,9.494630649529053e-57,5.2431634163461924e-55,LuminalA-up,ENSG00000157388.19,ENSG00000157388,CACNA1D,54.28040660619789
2.0775637086456156,5.092662537451744,-3.0150988288061287,1.226336068398378e-53,5.547474360690098e-52,LuminalA-up,ENSG00000283162.1,ENSG00000283162,AL390726.5,51.255904696312996
9.194080466852027,12.206970966194012,-3.012890499341985,6.059244788164483e-68,9.535487572735843e-66,LuminalA-up,ENSG00000164237.9,ENSG00000164237,CMBL,65.02065709551415
4.670624889493602,7.669612594887043,-2.99898770539344,4.672292067793589e-70,9.322335125740541e-68,LuminalA-up,ENSG00000118307.20,ENSG00000118307,CFAP94,67.03047528880487
0.3622872431460704,3.361041696874775,-2.9987544537287043,1.7555654921225997e-71,4.4245530297706423e-69,LuminalA-up,ENSG00000260009.1,ENSG00000260009,LINC02130,68.35413059536361
1.1532571812942074,4.148665596707003,-2.995408415412796,1.8624125473123946e-48,5.71685609761094e-47,LuminalA-up,ENSG00000259087.5,ENSG00000259087,AL121790.2,46.24284273953316
4.478975431434137,7.474318217650171,-2.9953427862160344,4.0929555373223544e-24,2.855867394068387e-23,LuminalA-up,ENSG00000124939.6,ENSG00000124939,SCGB2A1,22.544261961938364
2.4285870518906276,5.422864720561503,-2.994277668670875,8.165030872029329e-33,9.681352487811216e-32,LuminalA-up,ENSG00000229453.2,ENSG00000229453,SPINK8,31.01406396738552
4.96925228850319,7.960492609850583,-2.9912403213473926,6.651375726423277e-67,9.36781993066001e-65,LuminalA-up,ENSG00000154099.18,ENSG00000154099,DNAAF1,64.02836146591524
8.383626808904387,11.368977992887379,-2.985351183982992,4.722806151088888e-78,3.597919595102262e-75,LuminalA-up,ENSG00000143412.10,ENSG00000143412,ANXA9,74.44394854632499
7.1832035552436695,10.165375497142044,-2.9821719418983745,1.3603030402518636e-51,5.277471980236397e-50,LuminalA-up,ENSG00000119938.9,ENSG00000119938,PPP1R3C,49.277574063820595
10.383848650990139,13.36172257102363,-2.977873920033492,2.8704089529173225e-74,1.0128011379135648e-71,LuminalA-up,ENSG00000183779.7,ENSG00000183779,ZNF703,70.9944758193831
9.050981341720812,12.027555873313249,-2.976574531592437,2.2747485610550146e-78,1.8154659944420021e-75,LuminalA-up,ENSG00000178935.5,ENSG00000178935,ZNF552,74.74101188146027
1.929122714348134,4.902003078103437,-2.972880363755303,1.0569093364424521e-56,5.817340058711165e-55,LuminalA-up,ENSG00000269933.1,ENSG00000269933,AL031429.2,54.235275548320395
6.06965290142996,9.03652722538072,-2.9668743239507602,5.442392094177153e-52,2.179557741897469e-50,LuminalA-up,ENSG00000151715.8,ENSG00000151715,TMEM45B,49.6616316209545
8.028292510525194,10.992338947329895,-2.9640464368047006,2.261763994803803e-53,1.002835041082321e-51,LuminalA-up,ENSG00000050628.20,ENSG00000050628,PTGER3,50.998770499322106
0.9881218884081882,3.9507711925314117,-2.9626493041232234,4.523471910391751e-39,7.665661194961148e-38,LuminalA-up,ENSG00000198077.10,ENSG00000198077,CYP2A7,37.11545037949993
5.5019962383224,8.462387418809442,-2.9603911804870418,2.0055856952404257e-34,2.6006666346018984e-33,LuminalA-up,ENSG00000162722.9,ENSG00000162722,TRIM58,32.584915314098495
4.2270118820771785,7.187009649369944,-2.9599977672927658,1.4042601085453204e-68,2.4389014942196446e-66,LuminalA-up,ENSG00000243710.8,ENSG00000243710,CFAP57,65.61280574022778
10.327072730724996,13.284307994995878,-2.9572352642708815,5.143556784397901e-55,2.5096364397819164e-53,LuminalA-up,ENSG00000168743.13,ENSG00000168743,NPNT,52.60038918833274
4.245889138524613,7.202208347595769,-2.9563192090711556,1.2802813923818478e-42,2.6905976346482467e-41,LuminalA-up,ENSG00000188833.10,ENSG00000188833,ENTPD8,40.57015124393727
5.8328317851047835,8.788152323086502,-2.9553205379817182,2.97687066663245e-46,7.900610035274721e-45,LuminalA-up,ENSG00000080854.16,ENSG00000080854,IGSF9B,44.10233937393424
2.52608719183746,5.478574766333254,-2.9524875744957937,1.3547941899041012e-45,3.4508131645581667e-44,LuminalA-up,ENSG00000248290.1,ENSG00000248290,TNXA,43.46207855383456
1.9808972528639837,4.928892095738581,-2.9479948428745972,6.785608824486258e-36,9.556874277175603e-35,LuminalA-up,ENSG00000235436.10,ENSG00000235436,DPY19L2P4,34.01968412719497
3.691826487955873,6.6370703056117035,-2.9452438176558307,3.956171970047059e-63,3.714590600447547e-61,LuminalA-up,ENSG00000174788.10,ENSG00000174788,PCP2,60.430089044558635
0.9482283732406713,3.885034607454227,-2.936806234213556,2.538693736300241e-66,3.285598997713671e-64,LuminalA-up,ENSG00000282728.1,ENSG00000282728,PGR-AS1,63.48338544263781
1.610057995384398,4.546554774868603,-2.9364967794842043,7.213099449804513e-38,1.146434772676374e-36,LuminalA-up,ENSG00000249267.7,ENSG00000249267,LINC00939,35.94065064976315
7.099753455073623,10.035607857656904,-2.9358544025832813,1.5811358723006497e-65,1.8727800155306638e-63,LuminalA-up,ENSG00000172602.11,ENSG00000172602,RND1,62.72751323365096
6.841099541058998,9.771598211193698,-2.9304986701347,1.3899991634456125e-71,3.55670014951885e-69,LuminalA-up,ENSG00000007402.12,ENSG00000007402,CACNA2D2,68.44895274681829
6.8981986800635635,9.819560092869406,-2.921361412805842,2.9245232908370076e-57,1.6872636955052753e-55,LuminalA-up,ENSG00000128606.13,ENSG00000128606,LRRC17,54.772817038007595
0.7711269276864677,3.6910873509227318,-2.919960423236264,2.6911449516513987e-43,5.899750083672655e-42,LuminalA-up,ENSG00000260573.4,ENSG00000260573,AC007493.1,41.22916638489696
0.3702214233095781,3.287758157165606,-2.917536733856028,2.597753707887763e-41,5.047924886283931e-40,LuminalA-up,ENSG00000198251.7,ENSG00000198251,CYP2A7P2,39.29688711606882
1.2579905285537398,4.172029058163865,-2.914038529610125,6.173413271545951e-61,4.790111408847692e-59,LuminalA-up,ENSG00000283766.1,ENSG00000283766,AC141930.2,58.31965438560733
2.605500021888944,5.517559523003248,-2.912059501114304,3.827800972914171e-53,1.6555856595107483e-51,LuminalA-up,ENSG00000279930.1,ENSG00000279930,AL032819.2,50.78104834406297
5.294156258258635,8.202157378471032,-2.908001120212397,1.8413100125761856e-46,4.969461483216887e-45,LuminalA-up,ENSG00000168907.13,ENSG00000168907,PLA2G4F,44.30369067113363
5.2445673461538815,8.152108777499647,-2.9075414313457655,4.505500674075356e-52,1.8130177982593753e-50,LuminalA-up,ENSG00000135773.13,ENSG00000135773,CAPN9,49.7415979324473
5.047182233197667,7.953729934143131,-2.906547700945464,2.470010564925904e-47,6.998711254126483e-46,LuminalA-up,ENSG00000197046.12,ENSG00000197046,SIGLEC15,45.15498192380711
5.1405096800215535,8.047033886379769,-2.906524206358215,6.139463188861362e-35,8.195731027106048e-34,LuminalA-up,ENSG00000112183.15,ENSG00000112183,RBM24,33.08641230299906
1.5812066908740912,4.487544622367413,-2.906337931493322,1.9757664100039946e-52,8.13607986036043e-51,LuminalA-up,ENSG00000256650.1,ENSG00000256650,RERG-IT1,50.08958479721122
8.138246141667816,11.043784630919934,-2.905538489252118,6.736448736946867e-66,8.332315928504021e-64,LuminalA-up,ENSG00000173210.20,ENSG00000173210,ABLIM3,63.07923427168099
1.3861109278072867,4.2887565694588385,-2.902645641651552,5.68123945861164e-59,3.763540447681071e-57,LuminalA-up,ENSG00000230552.6,ENSG00000230552,AC092162.2,56.424403412136606
1.0529144473936278,3.954885749767681,-2.901971302374053,1.3901374510274506e-55,7.028266569900475e-54,LuminalA-up,ENSG00000287258.1,ENSG00000287258,AL512283.2,53.15315177483165
3.3807651158974465,6.27920707252594,-2.898441956628494,1.921457801078674e-37,2.972185763366735e-36,LuminalA-up,ENSG00000228314.1,ENSG00000228314,CYP4F29P,35.5269240504014
7.990178673136559,10.886431965237255,-2.8962532921006963,2.5612858174755406e-46,6.830095513268108e-45,LuminalA-up,ENSG00000164742.16,ENSG00000164742,ADCY1,44.16557322302487
0.46458229632773257,3.3608346032198524,-2.8962523068921198,1.2557480896425639e-51,4.88314106320403e-50,LuminalA-up,ENSG00000249231.8,ENSG00000249231,CASC16,49.31130072972238
2.82118902394328,5.7117777100286995,-2.8905886860854193,6.889450719180507e-29,6.481459110494825e-28,LuminalA-up,ENSG00000095917.14,ENSG00000095917,TPSD1,27.188327214452958
0.3731895280226528,3.2636224617245557,-2.890432933701903,8.259775387359196e-59,5.418154031003528e-57,LuminalA-up,ENSG00000255007.1,ENSG00000255007,LINC02489,56.26614865270558
1.5962846352108722,4.474548120329125,-2.8782634851182527,1.2044014546722694e-53,5.455613075758712e-52,LuminalA-up,ENSG00000170324.21,ENSG00000170324,FRMPD2,51.263156438392194
11.806083716908534,14.680769069289152,-2.8746853523806184,2.806108403483994e-53,1.2295523357488038e-51,LuminalA-up,ENSG00000116299.17,ENSG00000116299,ELAPOR1,50.91025298083891
5.459988829994759,8.328856931548994,-2.868868101554235,4.705064104368873e-15,1.874197846446163e-14,LuminalA-up,ENSG00000181092.10,ENSG00000181092,ADIPOQ,13.727184565484269
5.306793144455016,8.17469410644866,-2.8679009619936444,3.9557293374872475e-44,9.246586289579674e-43,LuminalA-up,ENSG00000212766.9,ENSG00000212766,EWSAT1,42.034018573124115
6.371445840768882,9.231672308568694,-2.860226467799812,4.359994491018837e-44,1.0170286384060641e-42,LuminalA-up,ENSG00000140284.11,ENSG00000140284,SLC27A2,41.99266681765089
6.828545622676759,9.684823948526292,-2.856278325849533,5.879803301819024e-48,1.750364180079695e-46,LuminalA-up,ENSG00000187123.15,ENSG00000187123,LYPD6,45.75687158277405
1.4491863333229096,4.305326158062968,-2.8561398247400582,1.6510780374155976e-36,2.413612551860917e-35,LuminalA-up,ENSG00000287048.1,ENSG00000287048,AC096589.2,34.61733244430234
3.2786573839645534,6.132602782307795,-2.8539453983432415,1.0266445026961879e-51,4.015533690825696e-50,LuminalA-up,ENSG00000266256.3,ENSG00000266256,LINC00683,49.396256725957535
6.305615197995072,9.156816204736577,-2.851201006741505,9.994993930173154e-15,3.897082663015053e-14,LuminalA-up,ENSG00000172551.11,ENSG00000172551,MUCL1,13.409260382067062
5.892308741301596,8.739760478370885,-2.8474517370692887,7.492786658571105e-76,3.642832409799232e-73,LuminalA-up,ENSG00000197168.13,ENSG00000197168,NEK5,72.43856080821831
3.538799823479904,6.384911060011852,-2.8461112365319483,8.356184095919122e-37,1.2448857373120397e-35,LuminalA-up,ENSG00000145832.14,ENSG00000145832,SLC25A48,34.904870508754726
2.8967607173260768,5.7390366130248305,-2.8422758956987537,2.419662021393016e-46,6.467868497375908e-45,LuminalA-up,ENSG00000139330.6,ENSG00000139330,KERA,44.189238818611734
2.345607600347163,5.186518558833471,-2.8409109584863077,2.2691974769294217e-61,1.8197009432218713e-59,LuminalA-up,ENSG00000179082.3,ENSG00000179082,C9orf106,58.739999979806306
8.309391089916069,11.148023801910899,-2.83863271199483,4.405689173696605e-62,3.7481903833073647e-60,LuminalA-up,ENSG00000147642.17,ENSG00000147642,SYBU,59.426178357933686
2.075315294352206,4.911917038049359,-2.836601743697153,2.9431837148498585e-62,2.5472246060710147e-60,LuminalA-up,ENSG00000233968.7,ENSG00000233968,AL157895.1,59.5939327586577
8.504397426149568,11.338660227666619,-2.834262801517051,6.441014541751937e-20,3.495835612686608e-19,LuminalA-up,ENSG00000164128.7,ENSG00000164128,NPY1R,18.456448997714308
1.4348307309926525,4.269041789339938,-2.8342110583472855,1.1926552515563476e-42,2.5111685949854757e-41,LuminalA-up,ENSG00000006128.12,ENSG00000006128,TAC1,40.600124128619655
6.62422606756132,9.457954638009193,-2.8337285704478727,1.9042055572592092e-51,7.294739460494707e-50,LuminalA-up,ENSG00000196932.12,ENSG00000196932,TMEM26,49.13699021479042
1.8284370946361332,4.661025895372966,-2.832588800736833,9.607274125540443e-55,4.5939490540387395e-53,LuminalA-up,ENSG00000150628.7,ENSG00000150628,SPATA4,52.337813825351816
2.1098614159216424,4.941617671905215,-2.8317562559835725,7.182976063411125e-49,2.2843772072631966e-47,LuminalA-up,ENSG00000178796.13,ENSG00000178796,RIIAD1,46.641232181727894
4.192618695498599,7.023587918132046,-2.8309692226334473,9.97676042296564e-55,4.763832042418921e-53,LuminalA-up,ENSG00000224842.2,ENSG00000224842,AL161908.1,52.322043558762836
4.942679676694568,7.773319869574448,-2.83064019287988,1.715474603652793e-38,2.8242980704539106e-37,LuminalA-up,ENSG00000188916.9,ENSG00000188916,INSYN2A,36.549089470678965
4.2351888530845025,7.065719322050511,-2.8305304689660087,1.883343088801578e-25,1.4292429326834707e-24,LuminalA-up,ENSG00000108576.10,ENSG00000108576,SLC6A4,23.844893946606543
7.879990313541499,10.707517491807462,-2.827527178265963,1.1825895487939857e-58,7.652587196056834e-57,LuminalA-up,ENSG00000163040.15,ENSG00000163040,CCDC74A,56.11619171321046
4.847557786159331,7.673049197818636,-2.8254914116593053,2.760219564669738e-66,3.558559992604985e-64,LuminalA-up,ENSG00000287262.1,ENSG00000287262,AC021148.2,63.448725708145986
1.1191680449813615,3.942122246425373,-2.8229542014440114,3.0732495471732503e-16,1.3280304862865457e-15,LuminalA-up,ENSG00000226745.2,ENSG00000226745,OAZ1P1,14.876791955183325
2.1576881708538966,4.975206257282488,-2.817518086428591,6.601541050503953e-39,1.1097475226323597e-37,LuminalA-up,ENSG00000152611.12,ENSG00000152611,CAPSL,36.95477581580771
2.7909388627157563,5.608200965459715,-2.8172621027439586,7.086637681748764e-44,1.6292461940481387e-42,LuminalA-up,ENSG00000134020.8,ENSG00000134020,PEBP4,41.78801328485182
2.266370057638535,5.078761482760343,-2.812391425121808,4.53910920995648e-53,1.9431793195113822e-51,LuminalA-up,ENSG00000188869.13,ENSG00000188869,TMC3,50.71148712020266
4.876581326524943,7.683056258807775,-2.806474932282832,1.0957239129491628e-74,4.1737119956881747e-72,LuminalA-up,ENSG00000189157.14,ENSG00000189157,FAM47E,71.37947752244804
7.844884338237877,10.648955537155604,-2.804071198917727,4.115803994277973e-63,3.853680164474795e-61,LuminalA-up,ENSG00000131831.18,ENSG00000131831,RAI2,60.41412433238105
7.972019593721362,10.774206863843537,-2.8021872701221744,1.3484303797777606e-54,6.357157008459991e-53,LuminalA-up,ENSG00000185924.7,ENSG00000185924,RTN4RL1,52.19673706227322
6.144726625789945,8.946146650097882,-2.8014200243079372,2.9563172157414698e-68,4.857634954492846e-66,LuminalA-up,ENSG00000160188.10,ENSG00000160188,RSPH1,65.31357512502002
5.519417844985217,8.316504696029401,-2.7970868510441846,6.702077559173101e-65,7.513499658310447e-63,LuminalA-up,ENSG00000115257.15,ENSG00000115257,PCSK4,62.124157729005105
0.5253620888756907,3.3211963813432646,-2.795834292467574,1.064155036336794e-57,6.335786290943044e-56,LuminalA-up,ENSG00000237487.1,ENSG00000237487,VN1R48P,55.19819948012902
6.568459256615543,9.362601645174209,-2.794142388558666,1.0850896835565732e-33,1.350620356213009e-32,LuminalA-up,ENSG00000164199.18,ENSG00000164199,ADGRV1,31.86946670898844
5.642560097809737,8.435368311260683,-2.7928082134509467,7.353302928097705e-42,1.4724176472511055e-40,LuminalA-up,ENSG00000159307.19,ENSG00000159307,SCUBE1,39.83196898607878
7.029290003315475,9.819582567164272,-2.790292563848797,6.980586189969457e-44,1.608173533249321e-42,LuminalA-up,ENSG00000141449.15,ENSG00000141449,GREB1L,41.79366708962595
8.316593019895583,11.102552873802587,-2.785959853907004,6.815283724811618e-43,1.4532335270717903e-41,LuminalA-up,ENSG00000165816.13,ENSG00000165816,VWA2,40.83766459122887
8.07739084266463,10.86223283768082,-2.7848419950161887,3.3837551774119996e-65,3.8863560581160796e-63,LuminalA-up,ENSG00000130005.13,ENSG00000130005,GAMT,62.41045741295105
2.938068680549478,5.721848412382784,-2.7837797318333064,1.0543005455376297e-49,3.562515553066668e-48,LuminalA-up,ENSG00000230978.2,ENSG00000230978,LINC00160,47.44824323095641
4.513322883636204,7.2967180769057185,-2.7833951932695147,4.6063221072542995e-48,1.386031571231276e-46,LuminalA-up,ENSG00000133328.4,ENSG00000133328,PLAAT2,45.85822687718787
1.3342640115982953,4.117491206290331,-2.7832271946920355,5.094494214718118e-62,4.3014470044672875e-60,LuminalA-up,ENSG00000213538.5,ENSG00000213538,KRT8P41,59.366385423410534
4.541414898967035,7.321196716388415,-2.77978181742138,1.211376270977534e-26,9.971840030247285e-26,LuminalA-up,ENSG00000185008.17,ENSG00000185008,ROBO2,25.00122469712957
2.3885098823734046,5.168176058808191,-2.7796661764347865,1.0784623590385311e-16,4.77417568343523e-16,LuminalA-up,ENSG00000145451.13,ENSG00000145451,GLRA3,15.321101603564994
1.5481543166790508,4.325258333348219,-2.7771040166691683,3.938313199394691e-62,3.359090545641477e-60,LuminalA-up,ENSG00000279205.1,ENSG00000279205,AC092162.3,59.4737782894175
7.224751707678519,9.998864931456376,-2.7741132237778574,1.1959405805114123e-55,6.083145411038322e-54,LuminalA-up,ENSG00000196557.13,ENSG00000196557,CACNA1H,53.21587180207123
3.3127075563383137,6.084469728833362,-2.7717621724950483,4.990487321475133e-62,4.2242710862587495e-60,LuminalA-up,ENSG00000271367.1,ENSG00000271367,AL034374.1,59.37424821938319
2.8051518896216123,5.576330875302811,-2.771178985681199,6.549177206148484e-54,2.9949306950900024e-52,LuminalA-up,ENSG00000288585.1,ENSG00000288585,AC010184.1,51.523613223053715
4.3242720662275085,7.093211870658795,-2.7689398044312865,6.885296838911163e-57,3.846585834005036e-55,LuminalA-up,ENSG00000115705.22,ENSG00000115705,TPO,54.414924572125535
8.05006619768813,10.80909198093379,-2.7590257832456597,4.916161046573949e-53,2.096778432070444e-51,LuminalA-up,ENSG00000012171.20,ENSG00000012171,SEMA3B,50.678447459288165
9.946514543511082,12.69317915038802,-2.746664606876937,2.61613843075904e-71,6.30884605748511e-69,LuminalA-up,ENSG00000196177.13,ENSG00000196177,ACADSB,68.20005006970932
1.8221072219740395,4.560925626368321,-2.7388184043942814,2.7777845939491843e-37,4.263339724779151e-36,LuminalA-up,ENSG00000160339.16,ENSG00000160339,FCN2,35.370250059161826
0.988433889105679,3.7240114304836123,-2.7355775413779333,1.735618282263688e-43,3.863076017362471e-42,LuminalA-up,ENSG00000278683.1,ENSG00000278683,AC006329.1,41.41306674575209
0.9659307399723097,3.699810452123323,-2.733879712151013,1.9834051854980596e-40,3.6690806742767636e-39,LuminalA-up,ENSG00000284659.1,ENSG00000284659,AC073869.6,38.4354427390459
5.472031931778712,8.203802599587146,-2.7317706678084335,8.18010877641423e-48,2.4052390016263597e-46,LuminalA-up,ENSG00000125508.3,ENSG00000125508,SRMS,45.61884176256237
2.3145034884971527,5.046009450437018,-2.7315059619398654,1.7890088289572562e-61,1.4415282679482508e-59,LuminalA-up,ENSG00000232415.1,ENSG00000232415,ELN-AS1,58.841176836804344
4.687504772612375,7.41803269834362,-2.730527925731245,1.3133179144230921e-58,8.449600094330528e-57,LuminalA-up,ENSG00000215217.7,ENSG00000215217,C5orf49,56.07316384500716
0.8868781502875487,3.6116852797955246,-2.724807129507976,4.714783245572358e-28,4.213264046696493e-27,LuminalA-up,ENSG00000265766.3,ENSG00000265766,CXADRP3,26.375381322636777
9.423551502007284,12.139520139257762,-2.7159686372504783,8.754717644532163e-48,2.5651934916496335e-46,LuminalA-up,ENSG00000134533.6,ENSG00000134533,RERG,45.59087987063545
8.47735224876816,11.191286617298303,-2.7139343685301434,8.652935944750127e-36,1.206515860515908e-34,LuminalA-up,ENSG00000105707.14,ENSG00000105707,HPN,33.91846696460537
0.3157989947406819,3.0288511732901076,-2.7130521785494257,9.165062204473052e-60,6.427047805312483e-58,LuminalA-up,ENSG00000214252.4,ENSG00000214252,AZGP1P2,57.19198846973232
5.042710243715616,7.75373420071567,-2.7110239570000543,1.633495817604546e-36,2.389994753649253e-35,LuminalA-up,ENSG00000134443.10,ENSG00000134443,GRP,34.621603052383946
5.556757775265174,8.267150057247902,-2.7103922819827275,1.2414736399487978e-51,4.833240001287305e-50,LuminalA-up,ENSG00000152076.19,ENSG00000152076,CCDC74B,49.31576163882619
5.716395974145029,8.426705837144814,-2.710309862999785,1.156457069710954e-73,3.763537958903999e-71,LuminalA-up,ENSG00000141294.10,ENSG00000141294,LRRC46,70.42440369932962
3.208263762262493,5.918412041392024,-2.710148279129531,4.3048137714051524e-23,2.827142586549779e-22,LuminalA-up,ENSG00000099960.13,ENSG00000099960,SLC7A4,21.548652287375297
6.41248815185001,9.12131949958894,-2.708831347738931,7.544023182991342e-45,1.8376898926112487e-43,LuminalA-up,ENSG00000111052.7,ENSG00000111052,LIN7A,42.73572777330379
9.943472829008934,12.6480931001182,-2.704620271109265,6.502053171337809e-66,8.102186702722802e-64,LuminalA-up,ENSG00000137501.17,ENSG00000137501,SYTL2,63.091397753373116
2.2291752723027196,4.927413554610618,-2.6982382823078987,1.863474395165598e-46,5.0252342498753687e-45,LuminalA-up,ENSG00000131096.10,ENSG00000131096,PYY,44.29884368892099
6.788605210106001,9.484561506049875,-2.6959562959438745,5.264966239435779e-24,3.6493314380869995e-23,LuminalA-up,ENSG00000166819.12,ENSG00000166819,PLIN1,22.437786691528316
10.766624208100092,13.452958638112603,-2.6863344300125114,7.353152259869796e-59,4.842390250507575e-57,LuminalA-up,ENSG00000134215.16,ENSG00000134215,VAV3,56.31494021348734
12.425705268348896,15.111877660401952,-2.686172392053056,1.869046749696441e-71,4.675406496255574e-69,LuminalA-up,ENSG00000134352.20,ENSG00000134352,IL6ST,68.3301806240629
1.3527225073688731,4.032351214085677,-2.6796287067168043,7.293652995055138e-51,2.66321621344497e-49,LuminalA-up,ENSG00000213424.9,ENSG00000213424,KRT222,48.57459357389365
8.946311541946729,11.617459025220288,-2.6711474832735593,2.2586452415682694e-66,2.9459061672127776e-64,LuminalA-up,ENSG00000173890.17,ENSG00000173890,GPR160,63.53078109038908
1.1925030480272076,3.86005611933801,-2.6675530713108024,9.683610855290828e-41,1.8256166246869997e-39,LuminalA-up,ENSG00000182798.10,ENSG00000182798,MAGEB17,38.73859041807433
7.923664200549619,10.588930191036619,-2.6652659904869997,2.6016405540518245e-38,4.237463137600445e-37,LuminalA-up,ENSG00000113296.14,ENSG00000113296,THBS4,36.37289406677266
0.48336816733113724,3.1468578358868227,-2.6634896685556853,1.1929305815907452e-44,2.8664539852990526e-43,LuminalA-up,ENSG00000225154.2,ENSG00000225154,TUBAP9,42.5426550254892
4.2163640910420925,6.878361570910085,-2.661997479867993,5.213684040076941e-47,1.4491101909069573e-45,LuminalA-up,ENSG00000163145.13,ENSG00000163145,C1QTNF7,44.83889858935054
0.29697653692503667,2.9572570405635763,-2.6602805036385395,5.226640003744232e-35,7.010683190296386e-34,LuminalA-up,ENSG00000204511.3,ENSG00000204511,MCCD1,33.15423965802216
7.923517864666278,10.58235580790683,-2.6588379432405516,2.7899541921445646e-47,7.878623801237222e-46,LuminalA-up,ENSG00000156968.9,ENSG00000156968,MPV17L,45.10354963628267
5.3170806565675965,7.972407755271659,-2.6553270987040625,4.793859410249066e-27,4.038456080209819e-26,LuminalA-up,ENSG00000151365.2,ENSG00000151365,THRSP,25.393784635879406
10.333008408148874,12.986415162575511,-2.653406754426637,1.7903165996589664e-32,2.0758011906111573e-31,LuminalA-up,ENSG00000145824.13,ENSG00000145824,CXCL14,30.68281424328749
2.95969203984262,5.605995354011797,-2.646303314169177,9.543275768625539e-43,2.0220644991424025e-41,LuminalA-up,ENSG00000149575.9,ENSG00000149575,SCN2B,40.694204995542805
5.603382176854087,8.245716352358626,-2.642334175504539,5.72019782422087e-32,6.445076674550708e-31,LuminalA-up,ENSG00000272405.1,ENSG00000272405,AL365181.3,30.19077191164864
2.341123098203147,4.981038163986684,-2.6399150657835366,9.73953266564006e-57,5.3695581406620854e-55,LuminalA-up,ENSG00000276223.1,ENSG00000276223,AL118522.1,54.27006145079348
5.020349539011008,7.649075350328095,-2.6287258113170875,1.0629258580786122e-35,1.4735018512322201e-34,LuminalA-up,ENSG00000053108.17,ENSG00000053108,FSTL4,33.83164931418838
3.102362756565957,5.730430996334929,-2.6280682397689725,7.953698202582824e-50,2.7204894260262883e-48,LuminalA-up,ENSG00000106927.12,ENSG00000106927,AMBP,47.56535295776666
7.58543905069246,10.213187134604148,-2.627748083911688,1.9995096470013047e-29,1.9411528440247786e-28,LuminalA-up,ENSG00000180730.5,ENSG00000180730,SHISA2,27.711940267443595
13.052648696265544,15.679166171861562,-2.6265174755960174,7.589935152049648e-29,7.114502972502914e-28,LuminalA-up,ENSG00000160862.13,ENSG00000160862,AZGP1,27.147855434840295
5.286407641875717,7.901916093115432,-2.615508451239715,2.1790323524592262e-60,1.6195380145107154e-58,LuminalA-up,ENSG00000118997.14,ENSG00000118997,DNAH7,57.7906088535825
2.4078872511256346,5.0191865381630745,-2.61129928703744,5.175384447034263e-40,9.367110511046896e-39,LuminalA-up,ENSG00000172232.10,ENSG00000172232,AZU1,38.028394356031846
9.593953305975006,12.204891903881947,-2.610938597906941,1.3158529345875559e-61,1.0784203023808037e-59,LuminalA-up,ENSG00000084444.14,ENSG00000084444,FAM234B,58.96721194468769
9.745290345048826,12.354294840918808,-2.609004495869982,1.3462761092460188e-65,1.6116848279259483e-63,LuminalA-up,ENSG00000116191.17,ENSG00000116191,RALGPS2,62.79271988242872
5.419585635738131,8.028108522466344,-2.6085228867282124,3.6528857624061183e-44,8.562568584325392e-43,LuminalA-up,ENSG00000203952.9,ENSG00000203952,CCDC160,42.067395936880565
0.3676463418029014,2.9745048821860376,-2.6068585403831364,8.562533079072822e-49,2.7051471141425167e-47,LuminalA-up,ENSG00000229028.2,ENSG00000229028,KRT223P,46.56780911165797
6.855712954059604,9.462264558377761,-2.606551604318157,4.449106556110751e-61,3.484440461701691e-59,LuminalA-up,ENSG00000163364.10,ENSG00000163364,LINC01116,58.457866951828635
7.203873790780278,9.809771978516942,-2.6058981877366634,6.517146795871054e-54,2.9843546529726463e-52,LuminalA-up,ENSG00000125869.10,ENSG00000125869,LAMP5,51.525149567701796
1.6887702274803391,4.294624193446498,-2.6058539659661584,7.364691568786797e-30,7.336239565697874e-29,LuminalA-up,ENSG00000081051.8,ENSG00000081051,AFP,28.134526495173112
1.0632387740677176,3.6689060681154064,-2.605667294047689,1.8724300245558483e-24,1.3411080004938468e-23,LuminalA-up,ENSG00000171487.15,ENSG00000171487,NLRP5,22.872536246660065
1.7487885753014571,4.354003208887715,-2.6052146335862574,5.8038372797619305e-40,1.0459388474065586e-38,LuminalA-up,ENSG00000007306.15,ENSG00000007306,CEACAM7,37.980493706491934
0.3130254073032313,2.918156386711358,-2.6051309794081265,2.0859239897252996e-49,6.895480486744777e-48,LuminalA-up,ENSG00000179709.8,ENSG00000179709,NLRP8,47.16143546618554
6.653909180321953,9.258155555275819,-2.604246374953865,4.971638291528239e-20,2.714600350741596e-19,LuminalA-up,ENSG00000112936.19,ENSG00000112936,C7,18.56629409912977
0.2914333507052852,2.894478041583131,-2.6030446908778457,1.3602383234287048e-52,5.656971290487616e-51,LuminalA-up,ENSG00000224920.1,ENSG00000224920,TACC1P1,50.2474160253279
5.613259939374199,8.216162945852249,-2.6029030064780496,3.445342151511235e-30,3.4964537971134305e-29,LuminalA-up,ENSG00000125848.10,ENSG00000125848,FLRT3,28.45637220624578
0.5454637974106148,3.1480737284563105,-2.602609931045696,2.1715532485587658e-49,7.1714743735655e-48,LuminalA-up,ENSG00000125879.5,ENSG00000125879,OTOR,47.144391549146874
4.2995961672411145,6.900515559260688,-2.6009193920195735,1.8576786413375798e-16,8.121740975301379e-16,LuminalA-up,ENSG00000184811.4,ENSG00000184811,TRARG1,15.090350865472812
3.1912515590490114,5.791340006887788,-2.6000884478387767,2.4273855022278745e-46,6.483343588420586e-45,LuminalA-up,ENSG00000054803.4,ENSG00000054803,CBLN4,44.188200962108176
7.133651553901199,9.732419722298356,-2.5987681683971573,1.1112805606478682e-54,5.276221585398944e-53,LuminalA-up,ENSG00000267795.6,ENSG00000267795,SMIM22,52.27767697368381
7.987789961879071,10.584239891106517,-2.596449929227446,3.903440869494008e-64,4.076116446898416e-62,LuminalA-up,ENSG00000166780.11,ENSG00000166780,BMERB1,61.38975341752061
3.352474333567237,5.94663061826192,-2.594156284694683,3.1640688993597428e-55,1.5643007301849347e-53,LuminalA-up,ENSG00000260618.1,ENSG00000260618,AC025917.1,52.80567975197638
6.472471680762858,9.066231609456652,-2.5937599286937942,1.3996631569395247e-29,1.3706312889457454e-28,LuminalA-up,ENSG00000196542.8,ENSG00000196542,SPTSSB,27.86307935827568
9.548000973372739,12.140791936776969,-2.59279096340423,1.5470960683413635e-51,5.967624880414558e-50,LuminalA-up,ENSG00000134202.11,ENSG00000134202,GSTM3,49.224198484041786
7.162737882269893,9.754925599840616,-2.5921877175707237,4.380458389295317e-47,1.2236080434098251e-45,LuminalA-up,ENSG00000150556.17,ENSG00000150556,LYPD6B,44.91235767683526
7.746590961659036,10.335524284236818,-2.588933322577782,2.1356029398682364e-48,6.543456174075255e-47,LuminalA-up,ENSG00000168280.18,ENSG00000168280,KIF5C,46.18419280200367
1.1593809496946255,3.7447725233258717,-2.585391573631246,1.480549299852776e-57,8.691420758505264e-56,LuminalA-up,ENSG00000277022.1,ENSG00000277022,AL031663.3,55.060909225030684
5.529105281011532,8.11429344394261,-2.585188162931079,1.3005372724007645e-52,5.422140469014132e-51,LuminalA-up,ENSG00000076344.16,ENSG00000076344,RGS11,50.2658292355332
1.9268574008140151,4.507388477955748,-2.5805310771417327,2.013411593130727e-28,1.842969868971654e-27,LuminalA-up,ENSG00000205592.15,ENSG00000205592,MUC19,26.73448176507735
6.697151730543812,9.276410540002265,-2.5792588094584534,1.3319929156597861e-20,7.541959887316897e-20,LuminalA-up,ENSG00000174469.23,ENSG00000174469,CNTNAP2,19.122515781763767
1.3431522134767333,3.9213762621743107,-2.578224048697577,2.5242521847922416e-34,3.2518421688791676e-33,LuminalA-up,ENSG00000287226.1,ENSG00000287226,AC084740.1,32.4878705414446
5.975685867412348,8.553807448928787,-2.578121581516439,3.131879910465434e-36,4.4901888194525814e-35,LuminalA-up,ENSG00000198807.13,ENSG00000198807,PAX9,34.34773539585144
3.946289102575026,6.522667878446505,-2.576378775871479,2.0583247986808916e-43,4.557136542389926e-42,LuminalA-up,ENSG00000140287.11,ENSG00000140287,HDC,41.34130795875174
11.024895945051076,13.600353233660464,-2.575457288609387,4.524727808150624e-64,4.681138152136077e-62,LuminalA-up,ENSG00000164125.16,ENSG00000164125,GASK1B,61.32964854156322
10.223533420445975,12.796125916920383,-2.5725924964744085,1.775259349806308e-48,5.45932967023004e-47,LuminalA-up,ENSG00000074527.13,ENSG00000074527,NTN4,46.26286067934512
3.6846970150393066,6.256280768433494,-2.5715837533941874,2.118803828249555e-39,3.6837294773301386e-38,LuminalA-up,ENSG00000104237.11,ENSG00000104237,RP1,37.4337122706621
6.7314703238049844,9.302449381450542,-2.570979057645557,4.9654359192750196e-42,1.0069050938541964e-40,LuminalA-up,ENSG00000127083.7,ENSG00000127083,OMD,39.997011462075804
1.6020713767667862,4.172679681127729,-2.5706083043609427,8.749158051881977e-33,1.0341035892069247e-31,LuminalA-up,ENSG00000155511.18,ENSG00000155511,GRIA1,30.985435954503608
1.0217769643633,3.588565938508872,-2.566788974145572,1.3212492913347733e-52,5.501649223048646e-51,LuminalA-up,ENSG00000207146.1,ENSG00000207146,Y_RNA,50.259507103032256
4.515955966213917,7.079000258964454,-2.5630442927505372,6.561037263474203e-48,1.9428089140605595e-46,LuminalA-up,ENSG00000149403.13,ENSG00000149403,GRIK4,45.711569912550026
5.689470143344452,8.250383646879012,-2.56091350353456,7.733314178101816e-30,7.696576343526511e-29,LuminalA-up,ENSG00000153446.16,ENSG00000153446,C16orf89,28.113702418433693
2.3401487577749975,4.900483995645908,-2.5603352378709108,9.564272750720526e-37,1.4191873510586633e-35,LuminalA-up,ENSG00000215559.8,ENSG00000215559,ANKRD20A11P,34.847960268277504
10.593225757303362,13.149410933900722,-2.55618517659736,1.9746623707305285e-47,5.628459410449602e-46,LuminalA-up,ENSG00000120875.9,ENSG00000120875,DUSP4,45.24961046147178
5.2150880975868645,7.769675332390055,-2.554587234803191,2.6201792300888684e-45,6.564156038309332e-44,LuminalA-up,ENSG00000272622.2,ENSG00000272622,AC010735.2,43.18282110376592
9.424270995976638,11.977402824887259,-2.5531318289106206,1.6270885500013738e-64,1.7593551030982597e-62,LuminalA-up,ENSG00000041353.10,ENSG00000041353,RAB27B,61.75464649496468
5.239016160587934,7.790917876378213,-2.5519017157902786,2.9818553074097252e-40,5.4678222048344634e-39,LuminalA-up,ENSG00000123572.17,ENSG00000123572,NRK,38.26218561566871
3.0725201135528284,5.620642804120585,-2.548122690567757,5.677587391807296e-61,4.42587742728792e-59,LuminalA-up,ENSG00000268355.1,ENSG00000268355,AC243960.3,58.35400061783524
1.4331499205385514,3.981132066890925,-2.5479821463523735,4.850427135821045e-30,4.8824719997814245e-29,LuminalA-up,ENSG00000278484.1,ENSG00000278484,AC010998.3,28.311360238644365
2.779509865733249,5.323593593944288,-2.544083728211039,1.7035733706767918e-13,6.124386463436944e-13,LuminalA-up,ENSG00000241361.8,ENSG00000241361,SLC25A24P1,12.212937412088328
8.172909771705655,10.715434236706324,-2.5425244650006693,1.0926583079244228e-68,1.9307255772786209e-66,LuminalA-up,ENSG00000123191.16,ENSG00000123191,ATP7B,65.71427945006474
0.3445990678611835,2.885321991200266,-2.5407229233390827,1.1649491355504857e-35,1.610936263351992e-34,LuminalA-up,ENSG00000118702.9,ENSG00000118702,GHRH,33.79292164208985
10.408795076516835,12.949220986371932,-2.540425909855097,1.480694004251085e-60,1.1164476226286456e-58,LuminalA-up,ENSG00000085831.15,ENSG00000085831,TTC39A,57.95216164674116
2.634075215395699,5.171661779723118,-2.537586564327419,1.99207964680401e-60,1.4871828454536842e-58,LuminalA-up,ENSG00000273062.1,ENSG00000273062,AL449106.1,57.82763563276263
0.22968706398764438,2.7654642302543433,-2.535777166266699,2.684072528650953e-50,9.401265533999994e-49,LuminalA-up,ENSG00000259977.1,ENSG00000259977,AL121578.1,48.02681368071535
3.3379468293463277,5.871168754579553,-2.533221925233225,2.3942943707408517e-45,6.007241564912676e-44,LuminalA-up,ENSG00000261742.6,ENSG00000261742,LINC00922,43.22132490372782
0.5838740559663728,3.1169685031141,-2.5330944471477275,1.8917808943411198e-46,5.097467490218194e-45,LuminalA-up,ENSG00000234233.1,ENSG00000234233,KCNH1-IT1,44.29264553531223
5.1401845644057085,7.667315494300872,-2.527130929895163,3.642283989846006e-31,3.926965562548669e-30,LuminalA-up,ENSG00000124493.14,ENSG00000124493,GRM4,29.40594290725025
5.426895655674784,7.948307904457168,-2.521412248782384,4.036833576950765e-38,6.493025983655932e-37,LuminalA-up,ENSG00000164188.9,ENSG00000164188,RANBP3L,36.18755285917317
4.820540418438519,7.33918602786432,-2.5186456094258016,1.662456837061988e-55,8.342148679388897e-54,LuminalA-up,ENSG00000010310.9,ENSG00000010310,GIPR,53.07872207413263
8.368774560222157,10.887379847408953,-2.518605287186796,2.7656973582534545e-52,1.1291860590579268e-50,LuminalA-up,ENSG00000121753.12,ENSG00000121753,ADGRB2,49.94723449229592
1.7985517537898945,4.316299052064236,-2.517747298274342,6.529872588997541e-33,7.77829883380233e-32,LuminalA-up,ENSG00000267056.2,ENSG00000267056,AC005336.1,31.10911537574522
7.70665407044565,10.221263784293983,-2.5146097138483334,5.71379864258274e-49,1.8258010533782028e-47,LuminalA-up,ENSG00000132031.13,ENSG00000132031,MATN3,46.73854654669613
6.301480966324291,8.816004558197118,-2.514523591872827,1.3020614028341495e-66,1.7528151896787424e-64,LuminalA-up,ENSG00000168993.15,ENSG00000168993,CPLX1,63.756263871889004
6.531208416938634,9.045599299831801,-2.514390882893167,6.4571069341633324e-52,2.5766931480137487e-50,LuminalA-up,ENSG00000182575.8,ENSG00000182575,NXPH3,49.58893729742081
6.693726434439955,9.204956553342123,-2.5112301189021684,2.1211127711419233e-71,5.189759130560385e-69,LuminalA-up,ENSG00000160345.13,ENSG00000160345,C9orf116,68.28485279835502
3.2512479182046503,5.760111844607551,-2.508863926402901,1.8744317655361482e-60,1.405614156169389e-58,LuminalA-up,ENSG00000232352.1,ENSG00000232352,SEMA3B-AS1,57.852133877640185
3.060901008965271,5.566432919036928,-2.505531910071657,1.4261347775509684e-61,1.1659521400855722e-59,LuminalA-up,ENSG00000145491.12,ENSG00000145491,ROPN1L,58.93331927609787
0.13098680521601283,2.6333774374005054,-2.5023906321844924,1.4429518879949764e-51,5.578748245166276e-50,LuminalA-up,ENSG00000256357.1,ENSG00000256357,AL132708.1,49.25346323676172
4.671013258189221,7.171526322526716,-2.500513064337494,1.6563523221108378e-36,2.4202672117330114e-35,LuminalA-up,ENSG00000188803.15,ENSG00000188803,SHISA6,34.61613668270771
3.1853725694580364,5.683259999862468,-2.4978874304044316,1.1042614525628318e-30,1.1567138715595664e-29,LuminalA-up,ENSG00000237423.3,ENSG00000237423,LINC01522,28.93677405623468
6.68150228008429,9.17794393077411,-2.4964416506898193,3.821469112419585e-39,6.518862323068931e-38,LuminalA-up,ENSG00000205517.13,ENSG00000205517,RGL3,37.1858281910664
0.6705672058263207,3.165810916752536,-2.4952437109262156,1.0457789070886597e-49,3.5372864748347e-48,LuminalA-up,ENSG00000265296.1,ENSG00000265296,FEM1AP2,47.45132976647821
4.990000682971984,7.479751567077165,-2.489750884105181,4.1255419470735865e-53,1.7774828543175658e-51,LuminalA-up,ENSG00000257108.2,ENSG00000257108,NHLRC4,50.7501945798028
6.712564008158768,9.197811025637687,-2.485247017478919,6.269170817717742e-38,9.98776643583169e-37,LuminalA-up,ENSG00000173175.15,ENSG00000173175,ADCY5,36.00053162218928
7.796116986206673,10.276212956180515,-2.480095969973842,7.829129748790536e-60,5.524893245883342e-58,LuminalA-up,ENSG00000148219.17,ENSG00000148219,ASTN2,57.25767610916714
0.3785079672605262,2.8583135716858568,-2.4798056044253305,5.113008068357117e-34,6.467472847220022e-33,LuminalA-up,ENSG00000266242.1,ENSG00000266242,GRAMD4P7,32.18926538593222
10.382755425384808,12.859732804518789,-2.476977379133981,2.3707239688010857e-34,3.061119700855639e-33,LuminalA-up,ENSG00000138615.6,ENSG00000138615,CILP,32.51411968758507
0.8335867845121401,3.3105582357365146,-2.4769714512243746,3.905422622004592e-52,1.5734346909806964e-50,LuminalA-up,ENSG00000251635.2,ENSG00000251635,LINC02278,49.80315127876623
5.589535032590472,8.065879158693386,-2.476344126102914,9.634672604551853e-58,5.756759816480894e-56,LuminalA-up,ENSG00000197748.13,ENSG00000197748,CFAP43,55.239821889800204
2.6846008729107784,5.160680324451908,-2.4760794515411297,2.778392522534207e-31,3.0139714354481108e-30,LuminalA-up,ENSG00000222033.1,ENSG00000222033,LINC01124,29.520860867975617
5.383880070751686,7.858765888700134,-2.474885817948448,1.1946329844350642e-51,4.656290423053879e-50,LuminalA-up,ENSG00000185761.11,ENSG00000185761,ADAMTSL5,49.33195993961329
5.408639743568325,7.882517362876772,-2.473877619308447,1.6875211124530785e-67,2.502907419886159e-65,LuminalA-up,ENSG00000100583.4,ENSG00000100583,SAMD15,64.60155521422564
10.199401640610278,12.6695345099166,-2.4701328693063225,4.1017087469339695e-55,2.0189321174335778e-53,LuminalA-up,ENSG00000171791.14,ENSG00000171791,BCL2,52.69487828309679
5.690393721379171,8.15967355127506,-2.46927982989589,9.568704676193278e-38,1.503013030674783e-36,LuminalA-up,ENSG00000155886.11,ENSG00000155886,SLC24A2,35.82303725419312
4.352605060787555,6.819948371578716,-2.4673433107911613,4.679244243497017e-47,1.304894068569218e-45,LuminalA-up,ENSG00000260228.6,ENSG00000260228,AC009119.1,44.884424742964136
3.3037972892648306,5.770908881579512,-2.4671115923146814,5.849612616308743e-45,1.4343746517825097e-43,LuminalA-up,ENSG00000169507.9,ENSG00000169507,SLC38A11,42.843337398214594
0.9652253609482604,3.4313713205271905,-2.46614595957893,1.0903583164094669e-38,1.8102432276396894e-37,LuminalA-up,ENSG00000122711.9,ENSG00000122711,SPINK4,36.74226306859769
2.769768685534365,5.232790037316763,-2.463021351782398,1.7177812569197216e-33,2.106072704167852e-32,LuminalA-up,ENSG00000133454.16,ENSG00000133454,MYO18B,31.676526640522848
3.8713777268522773,6.3337644371773285,-2.462386710325051,7.408052811665071e-60,5.249850533763492e-58,LuminalA-up,ENSG00000268204.1,ENSG00000268204,AC008763.1,57.27985306102943
1.450805049781267,3.912422488310357,-2.46161743852909,5.0658924168304596e-39,8.571868440795407e-38,LuminalA-up,ENSG00000218713.1,ENSG00000218713,AL512378.1,37.06692450303794
3.216821724331021,5.676907682428121,-2.4600859580971,8.863790387171577e-33,1.0469142134531053e-31,LuminalA-up,ENSG00000187398.12,ENSG00000187398,LUZP2,30.98008890394708
8.18812530048524,10.642668441146983,-2.454543140661743,2.2884932856436787e-39,3.972568354985816e-38,LuminalA-up,ENSG00000164220.7,ENSG00000164220,F2RL2,37.40092862126023
7.65558101308585,10.109605333217992,-2.4540243201321417,1.3298973757161113e-53,5.97562466943754e-52,LuminalA-up,ENSG00000131781.13,ENSG00000131781,FMO5,51.22361668848704
5.260002946505974,7.713387852054854,-2.45338490554888,2.5555658516998527e-26,2.054750955840227e-25,LuminalA-up,ENSG00000144331.20,ENSG00000144331,ZNF385B,24.687240808852973
3.5234075072759334,5.976741703038372,-2.4533341957624386,2.389816999926555e-22,1.5006868834308376e-21,LuminalA-up,ENSG00000181234.9,ENSG00000181234,TMEM132C,20.823709913342157
3.664357264579937,6.1173738983728825,-2.4530166337929455,1.481821667003957e-46,4.028439763014812e-45,LuminalA-up,ENSG00000262823.1,ENSG00000262823,AC127521.1,44.39486312594717
4.806731831949284,7.256882348380782,-2.4501505164314983,1.2627458227954568e-55,6.403515882012665e-54,LuminalA-up,ENSG00000166743.9,ENSG00000166743,ACSM1,53.19358150900101
4.604021341403951,7.053235349825962,-2.449214008422011,3.427714089906099e-33,4.1329847587644757e-32,LuminalA-up,ENSG00000167749.11,ENSG00000167749,KLK4,31.383736196266003
10.999060249210714,13.444528759262122,-2.4454685100514073,2.161746061342154e-55,1.0799065272159315e-53,LuminalA-up,ENSG00000139629.16,ENSG00000139629,GALNT6,52.96661383383818
1.123136199955457,3.565314072023747,-2.4421778720682896,4.656795745646199e-44,1.0832463108539944e-42,LuminalA-up,ENSG00000196166.5,ENSG00000196166,C8orf86,41.96527278134134
4.159585624238686,6.601668594538134,-2.442082970299448,2.1270769781637915e-11,6.603651042701704e-11,LuminalA-up,ENSG00000184956.16,ENSG00000184956,MUC6,10.180215884263452
8.511814242890745,10.95144996144634,-2.4396357185555946,7.557602238301992e-52,2.987391828158995e-50,LuminalA-up,ENSG00000164309.15,ENSG00000164309,CMYA5,49.52470781132721
4.641705696588095,7.077204466074587,-2.4354987694864922,3.311650276218759e-38,5.344560291711738e-37,LuminalA-up,ENSG00000183833.16,ENSG00000183833,CFAP91,36.272088019311795
0.2383065446211673,2.672825465824733,-2.4345189212035656,5.988202632210437e-53,2.5344009120163366e-51,LuminalA-up,ENSG00000214782.7,ENSG00000214782,MS4A18,50.596124683807616
0.6192269933425012,3.0528901003898055,-2.4336631070473045,4.021024503877043e-36,5.725774909513954e-35,LuminalA-up,ENSG00000135226.18,ENSG00000135226,UGT2B28,34.24216572887423
6.2246190309432645,8.656245032380745,-2.431626001437481,5.873912462037714e-24,4.060497952722297e-23,LuminalA-up,ENSG00000107954.10,ENSG00000107954,NEURL1,22.391420704142323
0.7272532858193708,3.156434578858887,-2.429181293039516,8.007719554477435e-55,3.851058241981114e-53,LuminalA-up,ENSG00000250740.1,ENSG00000250740,AC109361.2,52.41441991321842
4.815387370371644,7.243514925320074,-2.4281275549484302,4.295955583100776e-40,7.796449980808771e-39,LuminalA-up,ENSG00000173376.14,ENSG00000173376,NDNF,38.10810310304049
1.2789063162084446,3.7068253551307397,-2.427919038922295,2.4387516930903526e-33,2.9661450200431284e-32,LuminalA-up,ENSG00000196553.15,ENSG00000196553,CCDC196,31.527807619368044
5.566522260280298,7.989267901427148,-2.42274564114685,2.3482284163348105e-53,1.038425019993969e-51,LuminalA-up,ENSG00000160460.16,ENSG00000160460,SPTBN4,50.983624856450476
1.6393337303060749,4.062036550019019,-2.422702819712944,4.4771475154613506e-17,2.027204980660063e-16,LuminalA-up,ENSG00000135346.9,ENSG00000135346,CGA,15.693102335436894
2.7492544559369057,5.171022615362733,-2.4217681594258273,3.3005086332338255e-71,7.79105981591534e-69,LuminalA-up,ENSG00000263011.1,ENSG00000263011,AC108134.4,68.10840346133936
1.1049063658254243,3.5260570573477703,-2.421150691522346,1.4040018436302263e-24,1.0133966795539445e-23,LuminalA-up,ENSG00000240253.6,ENSG00000240253,FAR2P3,22.9942205230311
6.986083386322103,9.404262269609273,-2.41817888328717,3.5424406361629446e-47,9.920017554234076e-46,LuminalA-up,ENSG00000179348.12,ENSG00000179348,GATA2,45.00348755932765
2.8459453017829888,5.2636785647888304,-2.4177332630058417,3.4765283562845935e-31,3.755962471739568e-30,LuminalA-up,ENSG00000147724.12,ENSG00000147724,FAM135B,29.42527875570248
5.464002804074067,7.881020459926388,-2.4170176558523213,7.776697482532827e-35,1.0315587638088656e-33,LuminalA-up,ENSG00000197565.16,ENSG00000197565,COL4A6,32.986506026953066
2.07742551271094,4.492938863870207,-2.4155133511592672,4.154993627270612e-30,4.196305706119642e-29,LuminalA-up,ENSG00000188133.6,ENSG00000188133,TMEM215,28.377132880429713
5.232796322096089,7.647299850232436,-2.414503528136347,3.110697388058618e-49,1.0093957061735224e-47,LuminalA-up,ENSG00000205363.6,ENSG00000205363,INSYN1,46.995938547025666
2.98482165179785,5.397909030705162,-2.413087378907312,3.2781885876689356e-44,7.711219751485103e-43,LuminalA-up,ENSG00000174473.16,ENSG00000174473,GALNTL6,42.11287692033543
2.973035902279586,5.383253686669683,-2.4102177843900967,1.2360963393357889e-18,6.2287957448189485e-18,LuminalA-up,ENSG00000196427.13,ENSG00000196427,NBPF4,17.20559591031264
3.997029595631595,6.40520751715878,-2.4081779215271846,7.869956333411593e-32,8.793364543198554e-31,LuminalA-up,ENSG00000175161.14,ENSG00000175161,CADM2,30.055844922086095
7.43554686129072,9.839753708120728,-2.404206846830008,1.7500381578460674e-57,1.020196157408699e-55,LuminalA-up,ENSG00000102362.15,ENSG00000102362,SYTL4,54.99131631658148
9.958051233413396,12.361725140080212,-2.403673906666816,4.113084911780866e-56,2.1542282225452284e-54,LuminalA-up,ENSG00000197594.13,ENSG00000197594,ENPP1,53.66670828871603
6.203633543373545,8.604073637075318,-2.400440093701773,2.7078563066029724e-59,1.8336837049965986e-57,LuminalA-up,ENSG00000287906.1,ENSG00000287906,AC127526.5,56.736675574348176
12.088888421184695,14.487904511333626,-2.3990160901489315,2.399746835249364e-69,4.596543652431925e-67,LuminalA-up,ENSG00000187244.12,ENSG00000187244,BCAM,66.33756861112211
3.914950972555682,6.31367103520905,-2.3987200626533682,4.725407746300497e-31,5.055718725055623e-30,LuminalA-up,ENSG00000100448.4,ENSG00000100448,CTSG,29.296217096029917
11.211556257586352,13.609546572103389,-2.3979903145170365,2.290782300652583e-63,2.212882499074195e-61,LuminalA-up,ENSG00000124126.14,ENSG00000124126,PREX1,60.65504164588227
0.6929372457681621,3.090800402503379,-2.397863156735217,7.798391853765654e-58,4.701476527665913e-56,LuminalA-up,ENSG00000202522.1,ENSG00000202522,Y_RNA,55.32776572778487
3.166992811758863,5.564327607026475,-2.397334795267612,1.8754100657257219e-37,2.9022966483437763e-36,LuminalA-up,ENSG00000109101.8,ENSG00000109101,FOXN1,35.53725819970171
6.045787052836594,8.441048616541813,-2.39526156370522,8.75675001268189e-29,8.17166649290359e-28,LuminalA-up,ENSG00000152669.9,ENSG00000152669,CCNO,27.087689366372345
0.8770427905981543,3.272234328184644,-2.3951915375864896,4.670976661379325e-52,1.872860498677452e-50,LuminalA-up,ENSG00000255606.1,ENSG00000255606,AP000439.1,49.727494570147925
0.24494619075885984,2.6388570036929853,-2.3939108129341253,2.4583816548058407e-31,2.6746171070786034e-30,LuminalA-up,ENSG00000254080.1,ENSG00000254080,AC115837.1,29.57273838193625
0.09343438551754336,2.486896283673797,-2.3934618981562537,2.9505164256807756e-45,7.380694820061164e-44,LuminalA-up,ENSG00000259457.1,ENSG00000259457,AC100826.1,43.1319027516845
5.454363192663858,7.846627150829265,-2.3922639581654073,1.6575508889463288e-30,1.7122066501534958e-29,LuminalA-up,ENSG00000113763.12,ENSG00000113763,UNC5A,28.766443820496924
6.97017970559674,9.359594189151288,-2.389414483554548,1.2729681799416173e-41,2.5144309600261054e-40,LuminalA-up,ENSG00000155093.19,ENSG00000155093,PTPRN2,39.59956028451763
2.272343624792904,4.660576489491373,-2.3882328646984687,1.903019127951159e-44,4.530483037565544e-43,LuminalA-up,ENSG00000273650.1,ENSG00000273650,AC100793.4,42.34385549128396
9.48235158390768,11.86996527773183,-2.3876136938241483,6.2704439965601295e-58,3.8077043979111515e-56,LuminalA-up,ENSG00000127084.19,ENSG00000127084,FGD3,55.41933677439972
10.747154049697844,13.134663314665513,-2.387509264967669,2.017272646732778e-65,2.3642999691777172e-63,LuminalA-up,ENSG00000167861.16,ENSG00000167861,HID1,62.6262974234363
0.6226017219381815,3.0052860930716627,-2.382684371133481,2.5876659571143892e-48,7.914102452780505e-47,LuminalA-up,ENSG00000235713.1,ENSG00000235713,AC004522.2,46.101598331832285
0.10913320525012857,2.488397664259298,-2.37926445900917,7.276175710027991e-40,1.301480308431901e-38,LuminalA-up,ENSG00000101435.5,ENSG00000101435,CST9L,37.88556239843762
2.2057646102601702,4.583909338319481,-2.378144728059311,6.672836474718297e-40,1.1986788779879812e-38,LuminalA-up,ENSG00000231437.3,ENSG00000231437,LINC01750,37.92129714734052
11.511567173300625,13.889362561172533,-2.377795387871908,5.755338145843777e-64,5.881674836850105e-62,LuminalA-up,ENSG00000075275.18,ENSG00000075275,CELSR1,61.230498988748565
2.1460365233453134,4.5237811381943125,-2.377744614848999,2.0763280671056723e-31,2.267052664800721e-30,LuminalA-up,ENSG00000056487.16,ENSG00000056487,PHF21B,29.644538390871862
0.7843631229144983,3.1595240557486695,-2.375160932834171,2.8866382884881424e-59,1.946883610264035e-57,LuminalA-up,ENSG00000248399.1,ENSG00000248399,AL645924.1,56.71066001095094
0.9871540686754005,3.361098620018556,-2.373944551343156,1.6141587286715476e-35,2.2129488991848787e-34,LuminalA-up,ENSG00000236054.1,ENSG00000236054,SYN3-AS1,33.655028614567215
4.007293704964776,6.376213641277099,-2.368919936312323,1.0022767766854309e-19,5.37455088057841e-19,LuminalA-up,ENSG00000287550.1,ENSG00000287550,AL450345.2,18.269657821316706
8.935930270532134,11.295401803195833,-2.359471532663699,5.846191157166161e-51,2.151090313811303e-49,LuminalA-up,ENSG00000135549.15,ENSG00000135549,PKIB,48.66734135531849
3.649982714465776,6.002669373601232,-2.352686659135456,3.168555070269625e-37,4.847556638769413e-36,LuminalA-up,ENSG00000186481.16,ENSG00000186481,ANKRD20A5P,35.314477107930266
2.372258642576771,4.720493775174995,-2.348235132598224,6.454505607405359e-32,7.243221558762224e-31,LuminalA-up,ENSG00000165078.13,ENSG00000165078,CPA6,30.14006823021055
10.298456462418127,12.644109538150433,-2.345653075732306,5.129242211386674e-53,2.1791153222519812e-51,LuminalA-up,ENSG00000135111.16,ENSG00000135111,TBX3,50.661719785590186
1.9428136476999496,4.286145144557652,-2.3433314968577026,2.2468266583303247e-49,7.405469969246065e-48,LuminalA-up,ENSG00000271916.1,ENSG00000271916,AC012467.1,47.130447374877605
0.8179994899594808,3.160429954145975,-2.342430464186494,1.750485736540201e-51,6.736656933275263e-50,LuminalA-up,ENSG00000286424.1,ENSG00000286424,AL157996.2,49.171555568689946
1.8248941060944481,4.166717801457337,-2.341823695362889,6.271595588501667e-40,1.1284159105022861e-38,LuminalA-up,ENSG00000144191.12,ENSG00000144191,CNGA3,37.94753079898368
3.6388315008842427,5.980232959162093,-2.34140145827785,7.188143158000897e-44,1.6514500250595617e-42,LuminalA-up,ENSG00000188013.6,ENSG00000188013,MEIS3P2,41.78213456406718
3.7136654103972737,6.054486522420687,-2.3408211120234133,1.0753908547919707e-43,2.4438712849238547e-42,LuminalA-up,ENSG00000259345.7,ENSG00000259345,AC013652.1,41.61192167147342
3.9138032056541845,6.252931479088856,-2.3391282734346714,2.092245145063362e-18,1.0373030211880477e-17,LuminalA-up,ENSG00000129654.8,ENSG00000129654,FOXJ1,16.984094357201922
0.8752283727156676,3.2131497982237804,-2.337921425508113,5.078143871650536e-45,1.2543801221645244e-43,LuminalA-up,ENSG00000187048.13,ENSG00000187048,CYP4A11,42.90157083675678
3.3218195988610124,5.657294860219005,-2.3354752613579923,9.671562507875088e-68,1.4871136479998758e-65,LuminalA-up,ENSG00000278918.1,ENSG00000278918,AC080112.3,64.8276558406151
4.2262590111917415,6.561646180653487,-2.335387169461746,4.366144663027788e-55,2.1396662149808693e-53,LuminalA-up,ENSG00000249684.6,ENSG00000249684,AC106795.2,52.6696539707154
2.257704746499949,4.589140048237937,-2.331435301737988,2.4186188348023658e-37,3.72574004331688e-36,LuminalA-up,ENSG00000228918.4,ENSG00000228918,LINC01344,35.4287874504842
4.032021387933451,6.360998584769589,-2.3289771968361377,5.218887906855919e-45,1.2881967793653197e-43,LuminalA-up,ENSG00000128655.18,ENSG00000128655,PDE11A,42.89001779096308
0.6722207178232598,3.0007365164357043,-2.3285157986124445,2.3540847359391232e-60,1.7380819460061544e-58,LuminalA-up,ENSG00000255367.3,ENSG00000255367,AC127526.2,57.75992975155863
6.678106927119143,9.004546998354606,-2.3264400712354627,2.5486629411965758e-50,8.945673485749656e-49,LuminalA-up,ENSG00000167964.13,ENSG00000167964,RAB26,48.048386957485185
8.034351663231934,10.351652149884984,-2.3173004866530498,1.8502336743784192e-42,3.844998931504315e-41,LuminalA-up,ENSG00000173917.10,ENSG00000173917,HOXB2,40.415103776549635
0.9397610990702634,3.2568699017558087,-2.3171088026855453,6.974426768275318e-39,1.1689139263629433e-37,LuminalA-up,ENSG00000259616.2,ENSG00000259616,AC104574.2,36.93221746718022
7.858345436448784,10.17014742023643,-2.311801983787647,3.3539689181392692e-43,7.271994704788377e-42,LuminalA-up,ENSG00000172915.18,ENSG00000172915,NBEA,41.13834644602399
0.4122238443806203,2.722552869622079,-2.310329025241459,1.1962472173219702e-57,7.084488820606438e-56,LuminalA-up,ENSG00000278908.1,ENSG00000278908,AC132154.1,55.14969148068808
0.47107459409235497,2.781167691377703,-2.310093097285348,2.1214968678511496e-55,1.0613817165726946e-53,LuminalA-up,ENSG00000259964.7,ENSG00000259964,THSD4-AS1,52.97412839782589
2.6514706931167202,4.9586680012026045,-2.3071973080858843,4.292799739246051e-31,4.6061026651577345e-30,LuminalA-up,ENSG00000174680.10,ENSG00000174680,GRIK1-AS1,29.336666386299147
12.39532125238594,14.699772627248345,-2.3044513748624045,5.5860518141474474e-39,9.437724637612017e-38,LuminalA-up,ENSG00000185499.16,ENSG00000185499,MUC1,37.02513269812151
3.58002026807971,5.884462526437507,-2.304442258357797,3.3116410628132345e-25,2.4807739076911967e-24,LuminalA-up,ENSG00000186204.15,ENSG00000186204,CYP4F12,23.605412814573587
2.89826457675402,5.2003134397865685,-2.3020488630325486,4.9129962942075014e-21,2.859638968914474e-20,LuminalA-up,ENSG00000145808.10,ENSG00000145808,ADAMTS19,19.543688793341403
0.24408534324457784,2.5450815457031157,-2.300996202458538,1.3432535268339793e-49,4.507092914862361e-48,LuminalA-up,ENSG00000261257.1,ENSG00000261257,AP000821.1,47.34610348874596
0.05362529240609539,2.351294850519704,-2.2976695581136086,3.456247619299451e-50,1.2055506784486744e-48,LuminalA-up,ENSG00000258387.1,ENSG00000258387,AL358913.1,47.918814528208145
0.09442809897627034,2.3904503993126576,-2.296022300336387,1.1260397191615336e-50,4.049876758186117e-49,LuminalA-up,ENSG00000286935.1,ENSG00000286935,AC079296.2,48.39255819260116
6.9632383053531886,9.257167961068921,-2.2939296557157327,1.913831539411193e-45,4.837981387712156e-44,LuminalA-up,ENSG00000125378.16,ENSG00000125378,BMP4,43.315335806753275
2.8450813053279584,5.135307757464037,-2.290226452136079,1.7947821092386698e-31,1.9666916084236748e-30,LuminalA-up,ENSG00000250378.4,ENSG00000250378,AC114296.1,29.706263735281542
1.9042242250401318,4.193988322839215,-2.2897640977990834,9.813021246735968e-37,1.4548096956682428e-35,LuminalA-up,ENSG00000249364.6,ENSG00000249364,AC112206.2,34.83719381322553
5.990365252394173,8.279078105771994,-2.288712853377821,4.2453576285900137e-70,8.521220820978279e-68,LuminalA-up,ENSG00000165695.10,ENSG00000165695,AK8,67.06949818013561
2.139109505545494,4.427440195203123,-2.288330689657629,2.957933268886956e-48,9.00544261335974e-47,LuminalA-up,ENSG00000272551.1,ENSG00000272551,AC017048.3,46.04549493694597
1.6344054635140315,3.921651742238142,-2.28724627872411,2.1221835498507853e-51,8.0835900671589e-50,LuminalA-up,ENSG00000233183.3,ENSG00000233183,AL138889.1,49.09239571842305
1.7383304129603148,4.02311600699693,-2.2847855940366153,2.0545428173233214e-35,2.8018012708168323e-34,LuminalA-up,ENSG00000265787.2,ENSG00000265787,CYP4F35P,33.55256267206538
7.946491533720613,10.231120236409245,-2.2846287026886323,1.29929254366273e-67,1.944298484981014e-65,LuminalA-up,ENSG00000141337.12,ENSG00000141337,ARSG,64.71123706223415
7.6829019324961125,9.966624499396532,-2.28372256690042,1.2126043240841208e-43,2.7408291937491388e-42,LuminalA-up,ENSG00000184731.6,ENSG00000184731,FAM110C,41.56211802849684
4.353825784125599,6.6371969446026355,-2.283371160477037,2.569189813378126e-35,3.4922644989632918e-34,LuminalA-up,ENSG00000267259.1,ENSG00000267259,ERVE-1,33.45689287089715
3.9987963711663737,6.279439162974087,-2.280642791807713,1.131219867252458e-09,3.0787991190567064e-09,LuminalA-up,ENSG00000120251.21,ENSG00000120251,GRIA2,8.511618646378137
2.9271167680055674,5.207617592191818,-2.2805008241862508,2.7687635119780833e-43,6.054073902250838e-42,LuminalA-up,ENSG00000204241.8,ENSG00000204241,LINC02731,41.2179522819021
2.4215266449634236,4.700066586821528,-2.2785399418581043,3.1509036110272747e-40,5.768339106588435e-39,LuminalA-up,ENSG00000169224.13,ENSG00000169224,GCSAML,38.23894921642469
10.238904380651617,12.517044686848452,-2.2781403061968355,5.939169335502638e-68,9.390611138021152e-66,LuminalA-up,ENSG00000146476.11,ENSG00000146476,ARMT1,65.02730614306577
4.012989831731789,6.289619807541435,-2.2766299758096453,3.750563346666887e-34,4.7838235685035786e-33,LuminalA-up,ENSG00000235947.1,ENSG00000235947,EGOT,32.32022484587547
2.699370269382293,4.9749816012104615,-2.2756113318281685,2.0952663597032413e-18,1.0386472697020504e-17,LuminalA-up,ENSG00000186086.18,ENSG00000186086,NBPF6,16.983531916187708
2.05072376224623,4.324138832586821,-2.273415070340591,1.325758945274877e-30,1.3822531833783477e-29,LuminalA-up,ENSG00000239552.2,ENSG00000239552,HOXB-AS2,28.859412401192404
3.7418329149795793,6.012983405312065,-2.2711504903324857,1.4305837535888186e-21,8.572250164515052e-21,LuminalA-up,ENSG00000169562.13,ENSG00000169562,GJB1,20.066905163402126
1.7208222065406336,3.9916459276737903,-2.270823721133157,2.48635726132442e-36,3.58926336776893e-35,LuminalA-up,ENSG00000250643.1,ENSG00000250643,AC083906.3,34.44499467346607
7.096521517867592,9.365900384766924,-2.2693788668993315,2.1369483364357364e-46,5.735028681931616e-45,LuminalA-up,ENSG00000162755.14,ENSG00000162755,KLHDC9,44.24146440577083
3.230666442392858,5.499604355990635,-2.2689379135977767,1.7293828887889135e-36,2.522581132820034e-35,LuminalA-up,ENSG00000214077.4,ENSG00000214077,GNAQP1,34.59815485681775
5.50798996513994,7.773293996678542,-2.2653040315386024,2.975501327191919e-37,4.5605306121386887e-36,LuminalA-up,ENSG00000197291.9,ENSG00000197291,RAMP2-AS1,35.34098462476593
7.990009477724733,10.255067651700513,-2.2650581739757794,1.3429039048256896e-43,3.0231120812462806e-42,LuminalA-up,ENSG00000150594.7,ENSG00000150594,ADRA2A,41.51954575114688
0.6050118491701503,2.86691149619957,-2.2618996470294195,4.482831291179599e-53,1.9240013428980812e-51,LuminalA-up,ENSG00000228133.3,ENSG00000228133,AC099684.1,50.71579462917293
2.100447481059082,4.361363027324594,-2.260915546265512,3.758090726627677e-29,3.5930177169583493e-28,LuminalA-up,ENSG00000153930.12,ENSG00000153930,ANKFN1,27.444540641309608
0.40651641429945223,2.6670467122627297,-2.2605302979632773,3.500826865378248e-52,1.4155333718634363e-50,LuminalA-up,ENSG00000250244.5,ENSG00000250244,AC010307.4,49.849079887482
0.4036592332216931,2.6641326928355156,-2.2604734596138223,1.3825057413134632e-20,7.821365814148065e-20,LuminalA-up,ENSG00000240521.1,ENSG00000240521,AC092979.1,19.106717401191595
2.84267129925168,5.102064791002403,-2.2593934917507226,1.690756690845588e-22,1.0717504590987918e-21,LuminalA-up,ENSG00000009765.15,ENSG00000009765,IYD,20.96990632178138
1.3613333240242846,3.6201256583190013,-2.258792334294717,1.045411977594157e-29,1.0317029150936638e-28,LuminalA-up,ENSG00000187492.9,ENSG00000187492,CDHR4,27.986445342350343
5.424860102746042,7.682327442541331,-2.257467339795289,7.685707180474895e-61,5.9088280892091396e-59,LuminalA-up,ENSG00000186976.15,ENSG00000186976,EFCAB6,58.22849864515215
2.1367409641517034,4.393001195511626,-2.256260231359923,1.8244090237778617e-39,3.1884353741936354e-38,LuminalA-up,ENSG00000257150.3,ENSG00000257150,PGAM1P5,37.496422381221976
8.6400589988362,10.890720956882006,-2.250661958045807,4.610298275653292e-65,5.256367285710828e-63,LuminalA-up,ENSG00000124839.13,ENSG00000124839,RAB17,62.2793142963051
8.46280406248365,10.712762717905825,-2.2499586554221747,3.6686288239420703e-37,5.5921981891104226e-36,LuminalA-up,ENSG00000127585.12,ENSG00000127585,FBXL16,35.25241744546842
0.9855042919517744,3.2353308455003633,-2.249826553548589,1.3277619344180463e-13,4.803213904780155e-13,LuminalA-up,ENSG00000238118.1,ENSG00000238118,SLC25A24P2,12.318468072199867
8.482206582830731,10.730852999932715,-2.248646417101984,9.596924155792926e-64,9.602653662751608e-62,LuminalA-up,ENSG00000274173.1,ENSG00000274173,AL035661.1,61.01760873447769
11.363906271355583,13.609215692476944,-2.2453094211213607,3.5941012364645585e-69,6.806456126909152e-67,LuminalA-up,ENSG00000214530.9,ENSG00000214530,STARD10,66.16707895051466
0.8550503809216164,3.0997062669127606,-2.2446558859911443,9.916840220082233e-21,5.655197076848528e-20,LuminalA-up,ENSG00000253802.2,ENSG00000253802,SIRLNT,19.24755225583199
8.995503018368007,11.239609160544012,-2.2441061421760047,8.804002604038694e-36,1.2265592987837782e-34,LuminalA-up,ENSG00000143365.19,ENSG00000143365,RORC,33.91131145070909
6.554127500204303,8.796768490735511,-2.242640990531208,1.5482785779758777e-39,2.7157665062140984e-38,LuminalA-up,ENSG00000067798.16,ENSG00000067798,NAV3,37.566107572175746
3.816212247297386,6.058338275535039,-2.2421260282376534,2.0414332941257348e-20,1.1439567852655682e-19,LuminalA-up,ENSG00000235978.6,ENSG00000235978,AC018816.1,18.94159038137795
3.063560990268473,5.304860800427313,-2.2412998101588397,2.409554183866206e-56,1.2964407101636473e-54,LuminalA-up,ENSG00000278570.5,ENSG00000278570,NR2E3,53.887247339934
10.10281956077988,12.343034309000414,-2.2402147482205343,1.2227369860064015e-70,2.6614379072035442e-68,LuminalA-up,ENSG00000047346.12,ENSG00000047346,FAM214A,67.57488366169991
0.09589908591776722,2.3341328868276383,-2.238233800909871,2.578913118224672e-38,4.2024874926052984e-37,LuminalA-up,ENSG00000214319.2,ENSG00000214319,CXADRP1,36.376493570428785
6.535539140744656,8.771183773663811,-2.235644632919155,3.386406601204488e-25,2.533757796258358e-24,LuminalA-up,ENSG00000105523.3,ENSG00000105523,FAM83E,23.596234901992364
2.999767290345982,5.231277675796987,-2.2315103854510046,1.7453880484856658e-22,1.1053354881020123e-21,LuminalA-up,ENSG00000166317.12,ENSG00000166317,SYNPO2L,20.956505886216064
6.716814406869742,8.94816746743321,-2.2313530605634684,7.282906869560099e-66,8.975111701016712e-64,LuminalA-up,ENSG00000105792.19,ENSG00000105792,CFAP69,63.04696013764287
11.701970903283627,13.932352366528598,-2.2303814632449708,9.986367014987902e-68,1.5215591924654294e-65,LuminalA-up,ENSG00000196405.13,ENSG00000196405,EVL,64.81771114783353
2.6275272663363416,4.855913993468618,-2.228386727132276,1.6727829378040684e-26,1.3612936167805868e-25,LuminalA-up,ENSG00000116014.10,ENSG00000116014,KISS1R,24.86604819192035
9.82098321049947,12.049183597559809,-2.2282003870603386,2.391305467012259e-58,1.5123879104575646e-56,LuminalA-up,ENSG00000137502.10,ENSG00000137502,RAB30,55.820336802906006
2.026620767776452,4.252985093001015,-2.2263643252245626,4.5195179888022315e-21,2.6383532390221317e-20,LuminalA-up,ENSG00000254349.6,ENSG00000254349,MIR2052HG,19.578667058870046
6.775576387932642,8.998729026169698,-2.2231526382370568,4.852897712872083e-30,4.8834923847334804e-29,LuminalA-up,ENSG00000120332.16,ENSG00000120332,TNN,28.311269485178908
5.27726509589738,7.499695349002821,-2.2224302531054416,2.3128933316703246e-64,2.453423559417382e-62,LuminalA-up,ENSG00000285043.2,ENSG00000285043,AC093512.2,61.6102274686553
3.697877160298735,5.919253775509322,-2.221376615210587,5.413364313590598e-20,2.9500239276793505e-19,LuminalA-up,ENSG00000171798.18,ENSG00000171798,KNDC1,18.530174461439817
4.444758768314451,6.664387331452529,-2.2196285631380777,3.8510579356043525e-41,7.393325429636764e-40,LuminalA-up,ENSG00000276107.1,ENSG00000276107,AC037198.1,39.13116017718068
1.7961886008054335,4.014709470393044,-2.2185208695876106,1.5762397845138017e-47,4.5197226327547165e-46,LuminalA-up,ENSG00000283267.1,ENSG00000283267,FAM237B,45.344888216241756
6.301363137545244,8.519638644535515,-2.2182755069902713,4.392809388461409e-36,6.239278419543492e-35,LuminalA-up,ENSG00000088002.12,ENSG00000088002,SULT2B1,34.20486563412064
4.109828630312509,6.326970674678086,-2.217142044365577,2.3669632620346442e-51,8.944826216843435e-50,LuminalA-up,ENSG00000186952.15,ENSG00000186952,TMEM232,49.04842809263703
1.3711613480546885,3.587950062058814,-2.2167887140041254,1.0884421261259735e-32,1.2779187414270625e-31,LuminalA-up,ENSG00000234715.2,ENSG00000234715,AC005064.1,30.893496760631297
3.1681580493628685,5.384118467001705,-2.2159604176388363,2.5279749569477195e-47,7.15690207406145e-46,LuminalA-up,ENSG00000251429.1,ENSG00000251429,AIDAP2,45.14527492507832
7.244659972231214,9.457246322310425,-2.212586350079211,3.1230185541634382e-31,3.3823451352361374e-30,LuminalA-up,ENSG00000110436.13,ENSG00000110436,SLC1A2,29.47078207897338
1.7996619936894207,4.010391112137201,-2.21072911844778,1.7146676884419293e-40,3.1860122459297934e-39,LuminalA-up,ENSG00000170091.11,ENSG00000170091,NSG2,38.49675255925381
6.526457814109092,8.733095647197525,-2.2066378330884326,5.132748915402995e-23,3.3577233341980557e-22,LuminalA-up,ENSG00000144452.15,ENSG00000144452,ABCA12,21.473955091217967
0.4826796305441123,2.6889980077290354,-2.2063183771849233,6.388984371427047e-55,3.0992584099889237e-53,LuminalA-up,ENSG00000260586.2,ENSG00000260586,AC064799.2,52.50874221164276
11.758412248298187,13.963814332673138,-2.205402084374951,6.061376157898651e-73,1.751528696661748e-70,LuminalA-up,ENSG00000163683.12,ENSG00000163683,SMIM14,69.75658274290252
8.813180251728713,11.017396278498543,-2.2042160267698296,3.2396315710949944e-47,9.110104887844313e-46,LuminalA-up,ENSG00000099864.18,ENSG00000099864,PALM,45.040476622812974
11.024369117880907,13.225529343092196,-2.2011602252112894,5.410175373848266e-45,1.331491031801717e-43,LuminalA-up,ENSG00000075223.14,ENSG00000075223,SEMA3C,42.87566175438624
3.058966526432859,5.260077114609552,-2.201110588176693,6.38646712303829e-48,1.892788487747511e-46,LuminalA-up,ENSG00000214708.4,ENSG00000214708,AC116407.1,45.72289791415895
10.779045708897485,12.979728424890896,-2.200682715993411,3.122017938425854e-48,9.479170407249513e-47,LuminalA-up,ENSG00000104368.19,ENSG00000104368,PLAT,46.023229669341156
4.225606324153931,6.42536774941711,-2.199761425263179,2.509814642593124e-18,1.238830611393337e-17,LuminalA-up,ENSG00000263639.7,ENSG00000263639,MSMB,16.906988071804953
8.608057819834164,10.80477270315707,-2.1967148833229064,9.027640160071922e-51,3.2714216017903872e-49,LuminalA-up,ENSG00000272335.1,ENSG00000272335,AC093297.2,48.48526348292111
0.6451668476015429,2.8392131322501855,-2.1940462846486426,1.2720021469032165e-49,4.2765809392372934e-48,LuminalA-up,ENSG00000150676.13,ENSG00000150676,CCDC83,47.36890330403203
9.185583904646146,11.37849849963189,-2.1929145949857443,1.5433251123157966e-60,1.1599160933817376e-58,LuminalA-up,ENSG00000174749.6,ENSG00000174749,FAM241A,57.93557342585868
3.872497538119969,6.065394833648531,-2.192897295528562,3.802974651718248e-51,1.4163967813955075e-49,LuminalA-up,ENSG00000244265.2,ENSG00000244265,SIAH2-AS1,48.848815068798814
11.696596439260212,13.888626644917835,-2.1920302056576233,1.9164141100864035e-47,5.4670809336252126e-46,LuminalA-up,ENSG00000113494.17,ENSG00000113494,PRLR,45.262244496848034
0.5908610098385768,2.7826064996296083,-2.1917454897910313,2.7605244197632808e-36,3.9747757109306344e-35,LuminalA-up,ENSG00000120094.9,ENSG00000120094,HOXB1,34.40068737273163
4.348231783376756,6.5395178048698295,-2.191286021493074,2.910100548391334e-20,1.6131399104031343e-19,LuminalA-up,ENSG00000165269.13,ENSG00000165269,AQP7,18.79232796386897
8.607359526286462,10.797259645852957,-2.189900119566495,9.36170894723752e-40,1.663862587016976e-38,LuminalA-up,ENSG00000164403.15,ENSG00000164403,SHROOM1,37.778882543528766
7.988211661339665,10.174010282755772,-2.1857986214161063,1.3131046188252877e-23,8.89376981673543e-23,LuminalA-up,ENSG00000106688.12,ENSG00000106688,SLC1A1,22.0509141148933
0.6415684142046396,2.826258728419978,-2.184690314215338,3.9879900121269217e-44,9.315500014389855e-43,LuminalA-up,ENSG00000226926.7,ENSG00000226926,PDZPH1P,42.0307938291561
0.20157387730894494,2.385753185547155,-2.1841793082382104,1.0348765573916855e-51,4.0430142428635545e-50,LuminalA-up,ENSG00000236616.3,ENSG00000236616,BAK1P2,49.39329472871675
3.33107345289477,5.514719818772287,-2.1836463658775167,4.357230167131541e-49,1.4043688000216276e-47,LuminalA-up,ENSG00000164675.11,ENSG00000164675,IQUB,46.852518827546874
7.9360569023813,10.117895613479392,-2.1818387110980924,4.112043517937197e-36,5.847929517236098e-35,LuminalA-up,ENSG00000136542.9,ENSG00000136542,GALNT5,34.232997870396964
0.49248885940342546,2.6716510339068176,-2.179162174503392,7.250634228150824e-40,1.2976041608521924e-38,LuminalA-up,ENSG00000282390.1,ENSG00000282390,AL392083.1,37.88685777053716
6.049565319772092,8.22577889096807,-2.1762135711959774,1.0398807217091458e-51,4.0578349000803925e-50,LuminalA-up,ENSG00000156049.7,ENSG00000156049,GNA14,49.39170562695341
4.931516678936533,7.106292696044944,-2.174776017108411,3.5406415557425824e-45,8.823963193196384e-44,LuminalA-up,ENSG00000142606.16,ENSG00000142606,MMEL1,43.054336312107424
1.214356556746843,3.387364958963564,-2.1730084022167206,1.1696724616165056e-49,3.940444312903042e-48,LuminalA-up,ENSG00000270624.1,ENSG00000270624,AC008555.3,47.40445480564583
0.1945301900964351,2.3661198993798345,-2.1715897092833996,8.64534528816867e-29,8.072199834524062e-28,LuminalA-up,ENSG00000239402.3,ENSG00000239402,CYP4F62P,27.09300809528987
4.028942532348141,6.199357557244923,-2.1704150248967817,3.3389030211454705e-41,6.447006294285494e-40,LuminalA-up,ENSG00000149926.13,ENSG00000149926,TLCD3B,39.19064190578205
4.985458822141701,7.155842051307849,-2.1703832291661485,2.3363312168501606e-35,3.1796111404310754e-34,LuminalA-up,ENSG00000149050.10,ENSG00000149050,ZNF214,33.49762599004431
0.3495587243781479,2.519788960270635,-2.1702302358924874,9.224381431500257e-48,2.695739019911845e-46,LuminalA-up,ENSG00000268100.1,ENSG00000268100,ZNF725P,45.56932215505157
5.682967569802414,7.85208466297088,-2.169117093168466,7.972348797225578e-25,5.825880350621351e-24,LuminalA-up,ENSG00000122025.15,ENSG00000122025,FLT3,23.23463843896659
0.8393302070624069,3.008347944300145,-2.1690177372377377,3.1860704788565413e-35,4.315033634394799e-34,LuminalA-up,ENSG00000162365.12,ENSG00000162365,CYP4A22,33.36501581474017
12.773407070546536,14.939083193832234,-2.1656761232856976,4.1829505991950346e-74,1.4454897328352326e-71,LuminalA-up,ENSG00000143878.10,ENSG00000143878,RHOB,70.83998498873136
9.019425673078189,11.184469525873153,-2.1650438527949643,9.548224003820836e-48,2.7830997270267342e-46,LuminalA-up,ENSG00000154153.13,ENSG00000154153,RETREG1,45.55547123127953
0.8845174302529518,3.0487670058402796,-2.164249575587328,1.376772779680564e-22,8.77866151320002e-22,LuminalA-up,ENSG00000257986.3,ENSG00000257986,LINC02306,21.05657169613768
5.2158985822504285,7.379706218197125,-2.1638076359466965,9.391524992674357e-31,9.868461371612677e-30,LuminalA-up,ENSG00000171864.5,ENSG00000171864,PRND,29.005750554514535
8.28545444017319,10.448974026467273,-2.1635195862940826,9.247387112674437e-18,4.388679258344147e-17,LuminalA-up,ENSG00000167676.4,ENSG00000167676,PLIN4,16.357666157915858
5.714951873500765,7.877917059162325,-2.1629651856615597,5.620752075084207e-20,3.060055376917698e-19,LuminalA-up,ENSG00000137968.16,ENSG00000137968,SLC44A5,18.51427071414843
0.8720783011195085,3.0313384114372735,-2.159260110317765,5.547619031994894e-48,1.657363546813448e-46,LuminalA-up,ENSG00000267193.7,ENSG00000267193,AC091151.1,45.78058221755692
7.5344776899996,9.692983736873407,-2.158506046873806,1.0131431092681365e-29,1.0009005901169447e-28,LuminalA-up,ENSG00000016402.13,ENSG00000016402,IL20RA,27.99960905469608
2.827398960634785,4.985841823354209,-2.1584428627194234,5.039990763573812e-37,7.606505645879973e-36,LuminalA-up,ENSG00000007174.18,ENSG00000007174,DNAH9,35.118814808044036
0.4427116720435924,2.6010066210304834,-2.158294948986891,5.7812311111917004e-36,8.162884028944642e-35,LuminalA-up,ENSG00000258408.1,ENSG00000258408,NT5CP2,34.088156373529635
6.45160595126734,8.608700035818208,-2.1570940845508675,2.5300596608585284e-22,1.5857815974565796e-21,LuminalA-up,ENSG00000168004.10,ENSG00000168004,PLAAT5,20.799756626319073
5.76413110469741,7.921123868119673,-2.156992763422263,1.235006113092022e-25,9.499175059854194e-25,LuminalA-up,ENSG00000138722.10,ENSG00000138722,MMRN1,24.0223141086595
8.146251416331564,10.300799835622868,-2.154548419291304,7.535208795039729e-38,1.1959289716369873e-36,LuminalA-up,ENSG00000168421.13,ENSG00000168421,RHOH,35.92229461310859
3.710880891862958,5.862841578438895,-2.1519606865759373,1.8109890602038822e-22,1.146013843647992e-21,LuminalA-up,ENSG00000196132.14,ENSG00000196132,MYT1,20.940810136135106
1.7246379726488608,3.875469999570656,-2.150832026921795,1.2648469814769675e-35,1.746916803424308e-34,LuminalA-up,ENSG00000231868.1,ENSG00000231868,AL031848.1,33.75772777771547
6.797386005811366,8.947981104131449,-2.1505950983200828,2.354619165555613e-22,1.479138576263571e-21,LuminalA-up,ENSG00000170381.14,ENSG00000170381,SEMA3E,20.829991136288893
10.099346628209277,12.24819290508061,-2.1488462768713337,7.422727193724992e-53,3.1218295550020294e-51,LuminalA-up,ENSG00000150995.20,ENSG00000150995,ITPR1,50.50559081214573
7.508694581360878,9.657497231697244,-2.148802650336366,6.770691052229072e-34,8.496951107102901e-33,LuminalA-up,ENSG00000178401.16,ENSG00000178401,DNAJC22,32.070736880743816
1.5574626028490364,3.705836390747342,-2.148373787898306,1.2097571201322581e-39,2.1365152090007004e-38,LuminalA-up,ENSG00000255727.2,ENSG00000255727,LINC01489,37.670294011266364
2.496419135965529,4.644413919517685,-2.1479947835521562,1.813406376050432e-40,3.360164827264261e-39,LuminalA-up,ENSG00000241935.9,ENSG00000241935,HOGA1,38.47363941849837
1.653774576365302,3.80131269333909,-2.147538116973788,2.5630451844211253e-30,2.617710986648267e-29,LuminalA-up,ENSG00000170615.15,ENSG00000170615,SLC26A5,28.58207830424537
3.1597559739182675,5.307279092828779,-2.1475231189105113,2.6392148481661286e-28,2.3994163740311537e-27,LuminalA-up,ENSG00000229953.1,ENSG00000229953,AL590666.2,26.619894381772276
0.9817205007217791,3.129148480619635,-2.1474279798978557,1.1482245927922912e-44,2.7669653738603597e-43,LuminalA-up,ENSG00000234593.3,ENSG00000234593,KAZN-AS1,42.557996275638764
7.769361058698658,9.915660132014132,-2.1462990733154736,6.50907373766164e-23,4.2242817364262953e-22,LuminalA-up,ENSG00000109321.11,ENSG00000109321,AREG,21.37424712444798
1.4359725489833126,3.581760674533308,-2.1457881255499953,2.5492588165241102e-39,4.4069703728668474e-38,LuminalA-up,ENSG00000275805.1,ENSG00000275805,AC090206.1,37.35585986915055
4.7469536679501925,6.89252412774365,-2.1455704597934577,4.83842673266686e-49,1.554976645052667e-47,LuminalA-up,ENSG00000141665.13,ENSG00000141665,FBXO15,46.808276129467316
2.9122026438520763,5.056802795339681,-2.1446001514876043,1.531857683796771e-44,3.667704968633412e-43,LuminalA-up,ENSG00000214894.6,ENSG00000214894,LINC00243,42.435605606384726
2.306776852593311,4.446307808510666,-2.1395309559173556,2.9672077197145275e-32,3.403860464231039e-31,LuminalA-up,ENSG00000238243.3,ENSG00000238243,OR2W3,30.46802825142428
5.849887671062828,7.988464708206584,-2.1385770371437554,1.1659551331200443e-23,7.932375900585323e-23,LuminalA-up,ENSG00000146038.12,ENSG00000146038,DCDC2,22.10059671356888
5.66765320859748,7.805869483778859,-2.138216275181379,4.242100865291216e-39,7.218031523074191e-38,LuminalA-up,ENSG00000175544.14,ENSG00000175544,CABP4,37.14158122559221
9.990991046772074,12.128941639706696,-2.1379505929346223,1.4803365467938398e-55,7.450582740019446e-54,LuminalA-up,ENSG00000165105.10,ENSG00000165105,RASEF,53.12780975800643
1.4765559158877755,3.613703458194796,-2.1371475423070203,2.8958018019159847e-34,3.7190527356407584e-33,LuminalA-up,ENSG00000248698.6,ENSG00000248698,LINC01085,32.42956766336316
10.283836921364877,12.418605722034224,-2.134768800669347,2.786512458331097e-32,3.203151495310644e-31,LuminalA-up,ENSG00000106819.13,ENSG00000106819,ASPN,30.494422520586397
7.7484444928487255,9.881099432446653,-2.132654939597928,4.8200992576005146e-55,2.355889691087315e-53,LuminalA-up,ENSG00000169026.13,ENSG00000169026,SLC49A3,52.6278450482116
4.701436448283126,6.833287999679031,-2.131851551395905,7.367298059787415e-22,4.484325966298786e-21,LuminalA-up,ENSG00000155761.14,ENSG00000155761,SPAG17,20.348302826001348
4.180262076494027,6.310948852576129,-2.1306867760821016,1.817350084758413e-44,4.33268668855633e-43,LuminalA-up,ENSG00000131044.17,ENSG00000131044,TTLL9,42.3632427151546
2.4229517755497825,4.551320707477177,-2.1283689319273944,7.396332795454573e-35,9.830494659145014e-34,LuminalA-up,ENSG00000153086.14,ENSG00000153086,ACMSD,33.00742462842096
6.740804871116088,8.869019179867813,-2.1282143087517245,4.538515348208786e-20,2.4829612285287823e-19,LuminalA-up,ENSG00000169862.19,ENSG00000169862,CTNND2,18.60503006190636
5.403673772930132,7.5308801667373615,-2.1272063938072296,5.438516725948405e-40,9.822148742122334e-39,LuminalA-up,ENSG00000077063.11,ENSG00000077063,CTTNBP2,38.00779349339788
9.294357287936872,11.420946949356807,-2.126589661419935,3.1809739159856144e-41,6.156249749644214e-40,LuminalA-up,ENSG00000103260.9,ENSG00000103260,METRN,39.21068376981974
8.281399656887643,10.407125940460919,-2.1257262835732753,9.876448904659791e-36,1.3702755268385604e-34,LuminalA-up,ENSG00000227051.7,ENSG00000227051,C14orf132,33.863192098716176
0.31501682287583493,2.4404374950090713,-2.1254206721332363,1.0582628988318433e-41,2.0989924478605556e-40,LuminalA-up,ENSG00000237574.1,ENSG00000237574,LINC01856,39.67798912399901
7.534453589521552,9.659633230309414,-2.125179640787862,2.9214038521836193e-49,9.507325934484943e-48,LuminalA-up,ENSG00000141854.9,ENSG00000141854,MISP3,47.02194161715327
9.351379990898987,11.474959616544329,-2.123579625645341,4.861525925645474e-45,1.2026446422703784e-43,LuminalA-up,ENSG00000100003.18,ENSG00000100003,SEC14L2,42.91986267914357
1.220277240504836,3.3429768032285425,-2.1226995627237066,5.008292004463323e-50,1.7307004947382534e-48,LuminalA-up,ENSG00000130561.17,ENSG00000130561,SAG,47.76177808217471
1.0261995568031443,3.1473981975039873,-2.121198640700843,1.5364995831857965e-31,1.6919666895002594e-30,LuminalA-up,ENSG00000187550.9,ENSG00000187550,SBK2,29.7716081913612
3.852456401957177,5.973405174544674,-2.1209487725874974,4.690727145429917e-27,3.95256847447991e-26,LuminalA-up,ENSG00000258647.6,ENSG00000258647,LINC00930,25.403120597592796
2.801400999565138,4.921537209652639,-2.120136210087501,2.500518474895171e-38,4.082677997003708e-37,LuminalA-up,ENSG00000132874.15,ENSG00000132874,SLC14A2,36.389054871764266
4.338244553547157,6.4582679309363185,-2.1200233773891615,2.0424814080576578e-15,8.328950948673076e-15,LuminalA-up,ENSG00000007216.15,ENSG00000007216,SLC13A2,14.079409695579178
3.4527691403228182,5.570994067364399,-2.118224927041581,2.2074076639836753e-24,1.5706284206481172e-23,LuminalA-up,ENSG00000152467.10,ENSG00000152467,ZSCAN1,22.80392654821887
7.805745443857851,9.923901134611251,-2.1181556907534,1.4293164525589594e-63,1.4132946162175906e-61,LuminalA-up,ENSG00000163704.12,ENSG00000163704,PRRT3,60.84976729543356
7.913594582291141,10.027571139741205,-2.113976557450064,2.353345402830807e-12,7.804129194983048e-12,LuminalA-up,ENSG00000170323.9,ENSG00000170323,FABP4,11.10767554960507
0.6314068327251312,2.744904303829407,-2.1134974711042758,5.602294082436813e-26,4.403022219068746e-25,LuminalA-up,ENSG00000224715.1,ENSG00000224715,Z82186.1,24.356249122945062
7.315463723109671,9.428175727159564,-2.112712004049893,1.573346639571863e-46,4.266875352625311e-45,LuminalA-up,ENSG00000110318.15,ENSG00000110318,CEP126,44.36989004391306
11.920068706857979,14.032656492527328,-2.1125877856693496,2.635152021223596e-60,1.9328292286961695e-58,LuminalA-up,ENSG00000159388.6,ENSG00000159388,BTG2,57.713806515506455
3.1264683188218867,5.238088297713157,-2.11161997889127,7.978886557824677e-60,5.6187453239135114e-58,LuminalA-up,ENSG00000237080.3,ENSG00000237080,EHMT2-AS1,57.25036065235529
5.475631900803214,7.586354874502527,-2.110722973699313,2.195094041507662e-23,1.4683606519923533e-22,LuminalA-up,ENSG00000166840.13,ENSG00000166840,GLYATL1,21.83316726190406
1.7662094576298921,3.871860922136616,-2.1056514645067237,4.135421063505482e-42,8.421586515717119e-41,LuminalA-up,ENSG00000245384.2,ENSG00000245384,CXXC4-AS1,40.07460608544611
1.3047379747026433,3.4073997950144093,-2.102661820311766,5.7593965198076644e-55,2.801958945485528e-53,LuminalA-up,ENSG00000205794.4,ENSG00000205794,AC098591.2,52.552538232319236
7.658975529334943,9.761352837033423,-2.1023773076984797,2.094356395403724e-66,2.7422979052317508e-64,LuminalA-up,ENSG00000177465.4,ENSG00000177465,ACOT4,63.56188536808385
2.4223579169197818,4.524182626678387,-2.1018247097586054,5.206168891511093e-49,1.6683631094020252e-47,LuminalA-up,ENSG00000279255.1,ENSG00000279255,Z97653.2,46.7777094217753
0.8566238203338764,2.9571213063657695,-2.1004974860318932,1.4415764040766375e-31,1.5905740969272182e-30,LuminalA-up,ENSG00000196415.10,ENSG00000196415,PRTN3,29.79844609446793
10.703364804527439,12.802578908719333,-2.099214104191894,6.133688891286811e-72,1.61890749319633e-69,LuminalA-up,ENSG00000171604.12,ENSG00000171604,CXXC5,68.79077796677608
2.7433057874992652,4.840462807173001,-2.0971570196737357,2.775280918728784e-34,3.5697396928545224e-33,LuminalA-up,ENSG00000188452.14,ENSG00000188452,CERKL,32.447363451696944
3.6457729940539085,5.73834192125158,-2.0925689271976715,1.2792309728220569e-26,1.0509760345341997e-25,LuminalA-up,ENSG00000165966.16,ENSG00000165966,PDZRN4,24.978407187100416
7.466995795463673,9.557847369364513,-2.0908515739008395,1.530867303649765e-18,7.660049562373508e-18,LuminalA-up,ENSG00000213088.12,ENSG00000213088,ACKR1,17.11576842036796
1.637947827520571,3.7286103686516947,-2.090662541131124,6.53725470012219e-30,6.539205537096264e-29,LuminalA-up,ENSG00000079393.20,ENSG00000079393,DUSP13,28.18447501189188
6.124682442296012,8.213975758195737,-2.0892933158997247,2.2960926286360584e-36,3.320320315439201e-35,LuminalA-up,ENSG00000165194.15,ENSG00000165194,PCDH19,34.478820017344944
10.080767828714372,12.169695601734135,-2.0889277730197637,1.0423829032500029e-60,7.94106248112275e-59,LuminalA-up,ENSG00000185442.13,ENSG00000185442,FAM174B,58.10012138689045
9.448246844807295,11.536898546217255,-2.08865170140996,1.4511713427763954e-34,1.8956844664795315e-33,LuminalA-up,ENSG00000188153.14,ENSG00000188153,COL4A5,32.72223394857535
12.097429038449295,14.185521247481946,-2.0880922090326504,1.79818753763346e-52,7.450586682506006e-51,LuminalA-up,ENSG00000071967.12,ENSG00000071967,CYBRD1,50.12780952819894
5.787072314977865,7.875066662801123,-2.0879943478232574,3.9494940848791925e-30,3.998400535341303e-29,LuminalA-up,ENSG00000058404.20,ENSG00000058404,CAMK2B,28.398113703070425
3.1670017337892187,5.253118280638401,-2.0861165468491825,7.905430657298159e-44,1.8075718665254726e-42,LuminalA-up,ENSG00000232354.8,ENSG00000232354,VIPR1-AS1,41.7429044267499
5.0047748174135736,7.090558725604392,-2.0857839081908187,5.623024482623468e-33,6.714776653278898e-32,LuminalA-up,ENSG00000288075.1,ENSG00000288075,AC108519.1,31.17296842824645
9.033854893231158,11.119530891072007,-2.0856759978408483,1.5371034275551227e-42,3.214301411305251e-41,LuminalA-up,ENSG00000170412.18,ENSG00000170412,GPRC5C,40.49291340102351
2.7913158127400144,4.874967549003247,-2.0836517362632327,4.229208743451518e-51,1.5716527392516061e-49,LuminalA-up,ENSG00000260810.1,ENSG00000260810,AL135818.2,48.80364340618903
0.15821108491550143,2.2403794894498144,-2.082168404534313,6.793111766451406e-53,2.8714389206992574e-51,LuminalA-up,ENSG00000262881.1,ENSG00000262881,CR936218.2,50.54190041730216
4.131696266585599,6.210443277203166,-2.078747010617567,1.1259025943569293e-32,1.3209749724481718e-31,LuminalA-up,ENSG00000122735.16,ENSG00000122735,DNAI1,30.87910541056914
10.947561660984984,13.025996307971509,-2.0784346469865245,3.485234647602262e-21,2.0441831213933127e-20,LuminalA-up,ENSG00000189058.9,ENSG00000189058,APOD,19.689480201957885
5.397460499463382,7.475213300834989,-2.0777528013716067,9.142523382345968e-26,7.0889980054646505e-25,LuminalA-up,ENSG00000187634.12,ENSG00000187634,SAMD11,24.14941514583951
7.20775430542564,9.285085388887822,-2.077331083462182,1.0599217074838107e-34,1.3965635076594863e-33,LuminalA-up,ENSG00000168329.14,ENSG00000168329,CX3CR1,32.85493931030386
9.19206145531821,11.269048145137022,-2.0769866898188116,2.4244998667994742e-49,7.956871668772474e-48,LuminalA-up,ENSG00000124171.9,ENSG00000124171,PARD6B,47.09925764633674
4.126366516598982,6.202218170141416,-2.0758516535424336,2.5175092366286137e-37,3.874513756280584e-36,LuminalA-up,ENSG00000187980.7,ENSG00000187980,PLA2G2C,35.41178279282594
11.68947054717032,13.764915155810607,-2.0754446086402876,2.213369311713303e-42,4.574114631851413e-41,LuminalA-up,ENSG00000140443.15,ENSG00000140443,IGF1R,40.33969295574224
0.3763726889362424,2.4515902352799963,-2.0752175463437537,2.1983135955876084e-55,1.093285930624579e-53,LuminalA-up,ENSG00000237053.1,ENSG00000237053,FUCA1P1,52.96126624074682
5.800728673044941,7.86916459053522,-2.0684359174902793,4.442301652101923e-49,1.4304125972954512e-47,LuminalA-up,ENSG00000156042.18,ENSG00000156042,CFAP70,46.84453867380556
0.34120164143012804,2.4079813192661117,-2.0667796778359837,3.919415174739885e-20,2.1530448485296778e-19,LuminalA-up,ENSG00000164326.5,ENSG00000164326,CARTPT,18.6669469236061
6.5183150740837466,8.584816306591321,-2.0665012325075747,5.1701598103411505e-42,1.0458886954896522e-40,LuminalA-up,ENSG00000162415.7,ENSG00000162415,ZSWIM5,39.980514531058326
9.772900469488821,11.83702703322256,-2.0641265637337387,1.4306059075176846e-23,9.672027031059457e-23,LuminalA-up,ENSG00000132746.15,ENSG00000132746,ALDH3B2,22.014482498393814
4.407301549896045,6.468084527389828,-2.0607829774937834,5.007217858326749e-43,1.0779829326339925e-41,LuminalA-up,ENSG00000124713.6,ENSG00000124713,GNMT,40.9673881151433
9.756282143085933,11.81611694781126,-2.0598348047253268,4.321895498841647e-48,1.3016166857248159e-46,LuminalA-up,ENSG00000169891.18,ENSG00000169891,REPS2,45.88551689271428
1.2615488974218232,3.3211103676822136,-2.05956147026039,1.8933459338471706e-41,3.709231776888204e-40,LuminalA-up,ENSG00000234459.1,ENSG00000234459,AC002064.2,39.43071602828407
3.6891243844553694,5.747859036474155,-2.058734652018786,1.3256645540521134e-13,4.796661901103934e-13,LuminalA-up,ENSG00000166961.15,ENSG00000166961,MS4A15,12.319060892261575
0.7081241239589701,2.761419291636737,-2.053295167677767,1.31919677816552e-26,1.0827491675834533e-25,LuminalA-up,ENSG00000287971.1,ENSG00000287971,AC093642.6,24.965472141483183
1.7569258373891885,3.808800796863395,-2.0518749594742065,1.6174996747774507e-57,9.445747229710827e-56,LuminalA-up,ENSG00000276058.1,ENSG00000276058,STMN1P1,55.0247636804204
8.571964045666848,10.623521236202935,-2.051557190536087,5.621884357993165e-64,5.762861274615623e-62,LuminalA-up,ENSG00000112874.10,ENSG00000112874,NUDT12,61.23936183476431
1.314282064912563,3.3642079462274834,-2.0499258813149206,4.926636262679973e-44,1.143634678151196e-42,LuminalA-up,ENSG00000228058.2,ENSG00000228058,LINC01736,41.941712684110335
2.644414466004118,4.692928441574284,-2.0485139755701662,3.0594090960101566e-30,3.1132784729283684e-29,LuminalA-up,ENSG00000285601.1,ENSG00000285601,AC084262.2,28.506782031310042
10.967553253764821,13.015674220940323,-2.0481209671755014,7.124456945804625e-46,1.8412628899257595e-44,LuminalA-up,ENSG00000112379.9,ENSG00000112379,ARFGEF3,43.73488419982126
6.622040522526743,8.669732916064852,-2.0476923935381093,3.017238159087714e-48,9.17766089769693e-47,LuminalA-up,ENSG00000198598.6,ENSG00000198598,MMP17,46.03726799294553
7.251483106557251,9.298888778943876,-2.047405672386625,3.386401669245972e-61,2.677174149837853e-59,LuminalA-up,ENSG00000181031.16,ENSG00000181031,RPH3AL,58.572323377093376
2.3105673457084723,4.354658232024059,-2.044090886315587,4.945964443560179e-29,4.701892460242122e-28,LuminalA-up,ENSG00000108759.4,ENSG00000108759,KRT32,27.32772730810294
4.739407834716479,6.783447534860427,-2.044039700143948,7.615185394791307e-65,8.508700481113487e-63,LuminalA-up,ENSG00000278385.1,ENSG00000278385,AC121338.2,62.07013676388454
7.703664960750382,9.747258762755125,-2.043593802004743,8.940809582119742e-53,3.7508878246890336e-51,LuminalA-up,ENSG00000114812.13,ENSG00000114812,VIPR1,50.42586592381169
4.73471776465117,6.776183562377831,-2.0414657977266613,3.4082862979230365e-52,1.3797796703669105e-50,LuminalA-up,ENSG00000180481.11,ENSG00000180481,GLIPR1L2,49.86019025822441
5.0429593919730005,7.084412006970382,-2.0414526149973815,2.8467698132836045e-53,1.2457405240374206e-51,LuminalA-up,ENSG00000140527.15,ENSG00000140527,WDR93,50.90457240768804
4.663611951514576,6.704371499398206,-2.0407595478836305,5.770890865362593e-30,5.788158641740099e-29,LuminalA-up,ENSG00000167244.21,ENSG00000167244,IGF2,28.237459574255116
1.1423988438531607,3.180408701404968,-2.038009857551807,2.587850123840042e-32,2.9788714337609278e-31,LuminalA-up,ENSG00000253816.3,ENSG00000253816,GUSBP14,30.525948240260313
1.040287658562261,3.078048985661504,-2.037761327099243,9.267636444779818e-46,2.3841225911666883e-44,LuminalA-up,ENSG00000286558.1,ENSG00000286558,AC098679.4,43.62267141701134
4.746421235457372,6.783760188204759,-2.0373389527473877,1.1138192094657841e-29,1.0971266500526914e-28,LuminalA-up,ENSG00000120075.5,ENSG00000120075,HOXB5,27.95974323546617
3.838358060913633,5.8745090708517775,-2.0361510099381444,3.188789576743838e-38,5.151239836744745e-37,LuminalA-up,ENSG00000228146.8,ENSG00000228146,CASP16P,36.28808822931764
2.1716318840263007,4.2069158651226575,-2.0352839810963568,1.725477664546326e-49,5.732211230484921e-48,LuminalA-up,ENSG00000237115.2,ENSG00000237115,AL139805.1,47.24167781434173
3.609885715056288,5.644473701636067,-2.034587986579779,4.21501383198926e-21,2.4644560203781613e-20,LuminalA-up,ENSG00000234602.9,ENSG00000234602,MCIDAS,19.60827892767258
2.5091077873976424,4.543640789558202,-2.0345330021605594,5.95590396795201e-42,1.1990504564909992e-40,LuminalA-up,ENSG00000280255.1,ENSG00000280255,AC004947.2,39.92116254124264
1.2298318476135335,3.263717909772246,-2.0338860621587127,2.7612876041145318e-43,6.041668439289758e-42,LuminalA-up,ENSG00000230118.1,ENSG00000230118,AC092569.1,41.218843112054785
11.176304127868507,13.209641748839086,-2.0333376209705794,3.7100334776677517e-62,3.1724571982505875e-60,LuminalA-up,ENSG00000148154.10,ENSG00000148154,UGCG,59.49860422855208
2.484905901153208,4.5164647179750705,-2.0315588168218626,1.3555361248978525e-34,1.7735195513886032e-33,LuminalA-up,ENSG00000139874.6,ENSG00000139874,SSTR1,32.75116401947657
3.318819401467705,5.3502637871198875,-2.0314443856521827,6.813900798239516e-47,1.8813999568120974e-45,LuminalA-up,ENSG00000225511.7,ENSG00000225511,LINC00475,44.725518870280396
10.512591549821442,12.543827281584834,-2.031235731763392,9.534045834023e-47,2.613092529488561e-45,LuminalA-up,ENSG00000112562.19,ENSG00000112562,SMOC2,44.58284521165238
0.23167449090509834,2.2613330493668307,-2.0296585584617324,3.2040083949401735e-61,2.538968354571977e-59,LuminalA-up,ENSG00000286413.1,ENSG00000286413,AL355501.1,58.595342712092176
0.20990299300511644,2.239154890316722,-2.029251897311606,1.6010485778189895e-53,7.127111331805117e-52,LuminalA-up,ENSG00000255178.1,ENSG00000255178,LINC02720,51.14708645708477
7.9579227944653885,9.987169287310707,-2.029246492845318,1.0022062185976946e-40,1.886241013329294e-39,LuminalA-up,ENSG00000140022.13,ENSG00000140022,STON2,38.72440281633275
4.318672119077396,6.34680872826356,-2.0281366091861637,4.474098976099212e-20,2.4493189233847065e-19,LuminalA-up,ENSG00000106018.14,ENSG00000106018,VIPR2,18.61095466214016
8.352016692007815,10.379890849363553,-2.027874157355738,1.279234336028704e-49,4.296586667703623e-48,LuminalA-up,ENSG00000165821.12,ENSG00000165821,SALL2,47.366876423502404
2.252703840253842,4.279476332763217,-2.026772492509375,1.6582604208936079e-43,3.69580381039586e-42,LuminalA-up,ENSG00000286176.2,ENSG00000286176,AC116317.1,41.43229109111101
5.36999558411021,7.394990997254396,-2.024995413144186,4.5482078974856295e-33,5.450694627233403e-32,LuminalA-up,ENSG00000021645.20,ENSG00000021645,NRXN3,31.26354814844789
2.473559493294702,4.497751879694533,-2.0241923863998315,1.1609888289089546e-29,1.1409072279398463e-28,LuminalA-up,ENSG00000156006.5,ENSG00000156006,NAT2,27.942749668493132
2.565886784904703,4.5889778982894445,-2.0230911133847416,8.151611598706251e-45,1.981450477074935e-43,LuminalA-up,ENSG00000249379.2,ENSG00000249379,AL033397.2,42.703016777633025
0.29140083886118057,2.312652928817551,-2.0212520899563704,6.57631029306294e-27,5.484894775403577e-26,LuminalA-up,ENSG00000183206.17,ENSG00000183206,POTEC,25.26083169970275
5.659492785664605,7.67942450678205,-2.0199317211174455,8.388414088284528e-60,5.8947513677001555e-58,LuminalA-up,ENSG00000166246.14,ENSG00000166246,C16orf71,57.22953450811139
3.5215144529535563,5.537272476732688,-2.0157580237791315,1.0734631898836699e-31,1.193053253478137e-30,LuminalA-up,ENSG00000267767.3,ENSG00000267767,LINC01801,29.923340170599968
5.388673639537621,7.403594083534321,-2.0149204439967,5.768803302904561e-35,7.717302038201186e-34,LuminalA-up,ENSG00000277494.2,ENSG00000277494,GPIHBP1,33.11253450208811
4.978890319780815,6.993049860825885,-2.0141595410450703,1.6782822837779493e-23,1.1291855108839194e-22,LuminalA-up,ENSG00000157150.5,ENSG00000157150,TIMP4,21.947234703128316
3.537247929651206,5.55129127689663,-2.014043347245424,1.5908877660624622e-13,5.727879475662055e-13,LuminalA-up,ENSG00000115844.11,ENSG00000115844,DLX2,12.2420061288995
6.215360801305656,8.229388893507913,-2.014028092202257,3.592634694998038e-70,7.3429948156301364e-68,LuminalA-up,ENSG00000173013.6,ENSG00000173013,CCDC96,67.13412677841673
5.206007656090543,7.217584556949631,-2.0115769008590876,2.8764143234583212e-52,1.1715359431630977e-50,LuminalA-up,ENSG00000234949.2,ENSG00000234949,AC104667.2,49.93124438254467
1.4360279712092348,3.4469616571495383,-2.0109336859403033,5.080283154480371e-43,1.0923097584232331e-41,LuminalA-up,ENSG00000185863.8,ENSG00000185863,TMEM210,40.96165418645037
6.302610195520672,8.312529356786726,-2.009919161266054,2.2581895774280127e-23,1.5093622060894714e-22,LuminalA-up,ENSG00000141338.14,ENSG00000141338,ABCA8,21.821206528792935
1.87748944118596,3.886810971949192,-2.009321530763232,9.922343149159264e-34,1.2368796666411995e-32,LuminalA-up,ENSG00000223823.1,ENSG00000223823,LINC01342,31.9076725498905
9.971408488150157,11.979328648017356,-2.007920159867199,2.7470194043148064e-53,1.2052367857674387e-51,LuminalA-up,ENSG00000069020.18,ENSG00000069020,MAST4,50.918927621429475
9.568910949023582,11.575973733937388,-2.0070627849138063,4.80789451532748e-58,2.9516597830362114e-56,LuminalA-up,ENSG00000106003.13,ENSG00000106003,LFNG,55.52993370202007
10.247194671803017,12.253372790558755,-2.006178118755738,6.11033651595409e-55,2.968383768330161e-53,LuminalA-up,ENSG00000197496.6,ENSG00000197496,SLC2A10,52.52747995187894
2.902990723093613,4.907797381138926,-2.004806658045313,5.051426744720486e-31,5.394196383658193e-30,LuminalA-up,ENSG00000285205.2,ENSG00000285205,AL121612.2,29.268073246465526
7.981318278570768,9.985173892370046,-2.003855613799278,8.54773851327687e-65,9.425006413323706e-63,LuminalA-up,ENSG00000152582.14,ENSG00000152582,SPEF2,62.02571834560279
6.363745483317253,8.36428485620335,-2.000539372886097,5.184675282519162e-42,1.048192493787951e-40,LuminalA-up,ENSG00000166816.15,ENSG00000166816,LDHD,39.97955895464883
2.745916853523624,4.745087570944737,-1.9991707174211126,1.4569221664045632e-20,8.231254174596487e-20,LuminalA-up,ENSG00000233101.10,ENSG00000233101,HOXB-AS3,19.08453398743552
5.350662817927127,7.349485934413345,-1.9988231164862187,9.435750572739834e-18,4.4755392556705704e-17,LuminalA-up,ENSG00000162975.5,ENSG00000162975,KCNF1,16.349154629252556
2.851103380801574,4.845345161955232,-1.9942417811536584,4.355231222111522e-43,9.388254055638471e-42,LuminalA-up,ENSG00000069764.10,ENSG00000069764,PLA2G10,41.02741516646704
4.634714832804607,6.628826392641024,-1.9941115598364165,1.8568393195360922e-34,2.4152601471032135e-33,LuminalA-up,ENSG00000047662.5,ENSG00000047662,FAM184B,32.617036084636425
1.4409901887152814,3.434382016581243,-1.9933918278659615,6.121864176558974e-41,1.1632930113279865e-39,LuminalA-up,ENSG00000250522.1,ENSG00000250522,AC004066.1,38.93431088099364
2.3092879867658573,4.301563049367236,-1.992275062601379,5.175064261431628e-43,1.1119753464306934e-41,LuminalA-up,ENSG00000262884.1,ENSG00000262884,AC015921.1,40.95390484137609
5.925787629095723,7.911320618115233,-1.98553298901951,3.271185431229484e-57,1.87757081600706e-55,LuminalA-up,ENSG00000185261.14,ENSG00000185261,KIAA0825,54.726403673806566
2.005682900613979,3.9904136161374346,-1.9847307155234555,3.6056858083341302e-31,3.8887576671608764e-30,LuminalA-up,ENSG00000233760.2,ENSG00000233760,AC004947.1,29.410189119617762
3.128740299494218,5.11242111714793,-1.983680817653712,1.7602876958423966e-19,9.32735434154871e-19,LuminalA-up,ENSG00000248144.6,ENSG00000248144,ADH1C,18.030241524292556
4.637988444271549,6.621352866844688,-1.983364422573139,2.6698489621209033e-33,3.2343092594973864e-32,LuminalA-up,ENSG00000261754.2,ENSG00000261754,AC008555.1,31.490218455897846
10.552542335693008,12.535738369076652,-1.9831960333836438,4.182209308133789e-31,4.4931941028411726e-30,LuminalA-up,ENSG00000187955.12,ENSG00000187955,COL14A1,29.347444819784002
6.760299472658503,8.742716000400842,-1.9824165277423385,6.585024477566984e-48,1.948190825137205e-46,LuminalA-up,ENSG00000103056.12,ENSG00000103056,SMPD3,45.71036850626377
1.38611833667169,3.3682853719274854,-1.9821670352557954,2.6485521632127113e-38,4.311776032583297e-37,LuminalA-up,ENSG00000234604.2,ENSG00000234604,AL021068.1,36.36534380587776
6.116740628709865,8.097884816309183,-1.9811441875993179,7.682248057962607e-47,2.1159322506401526e-45,LuminalA-up,ENSG00000177679.16,ENSG00000177679,SRRM3,44.67449824195074
1.1411681397934321,3.121930100246723,-1.9807619604532907,2.2227316486284737e-43,4.9049351456238604e-42,LuminalA-up,ENSG00000225179.2,ENSG00000225179,LINC00457,41.30936673060491
1.0688733567213131,3.0495913888960904,-1.9807180321747773,8.825275054462089e-43,1.8734846094082914e-41,LuminalA-up,ENSG00000286159.1,ENSG00000286159,AL035106.1,40.727349870265144
5.197779910774297,7.178376255003243,-1.980596344228946,2.4573512251599183e-44,5.817119566903987e-43,LuminalA-up,ENSG00000106686.16,ENSG00000106686,SPATA6L,42.2352920094846
4.96342029547887,6.943787347436327,-1.9803670519574572,5.7675317830803635e-28,5.1348649500359575e-27,LuminalA-up,ENSG00000167619.13,ENSG00000167619,TMEM145,26.289470974116448
5.344584128076509,7.324938283824388,-1.9803541557478797,1.3035938564274383e-14,5.046364022109681e-14,LuminalA-up,ENSG00000107518.18,ENSG00000107518,ATRNL1,13.297021424628722
11.326389240917537,13.305674802612375,-1.9792855616948373,5.803327293015056e-75,2.2885591866101723e-72,LuminalA-up,ENSG00000127663.15,ENSG00000127663,KDM4B,71.64043785138796
0.44345413488638935,2.421068891787821,-1.9776147569014315,5.799729369126987e-45,1.423183956465129e-43,LuminalA-up,ENSG00000287003.1,ENSG00000287003,AC008674.1,42.846738960692775
4.073999999837208,6.051521096808562,-1.977521096971354,3.8409304921247305e-35,5.18100563766684e-34,LuminalA-up,ENSG00000214578.5,ENSG00000214578,HMGN2P15,33.285585935138805
3.4646179907699826,5.441993546325002,-1.9773755555550196,1.1069317667888709e-37,1.731421036993138e-36,LuminalA-up,ENSG00000171101.13,ENSG00000171101,SIGLEC17P,35.76159731005164
13.588541145232178,15.56510403842892,-1.9765628931967427,1.536693773882809e-67,2.2893322355800785e-65,LuminalA-up,ENSG00000102316.17,ENSG00000102316,MAGED2,64.64029117647844
0.6805228788220478,2.6568902121222018,-1.976367333300154,1.761803872439815e-50,6.2492768046754076e-49,LuminalA-up,ENSG00000237166.2,ENSG00000237166,LINC01792,48.204170238321765
5.172571893239343,7.147307417047411,-1.974735523808068,7.912212909923691e-11,2.3497596946986986e-10,LuminalA-up,ENSG00000124143.10,ENSG00000124143,ARHGAP40,9.628976549899608
10.136878379572593,12.11097977160523,-1.9741013920326367,1.8951296179655112e-52,7.832890850086798e-51,LuminalA-up,ENSG00000197892.13,ENSG00000197892,KIF13B,50.10607792523006
3.8525572240442405,5.824390387529409,-1.9718331634851682,2.921724450787911e-51,1.0954832616377045e-49,LuminalA-up,ENSG00000154479.13,ENSG00000154479,CCDC173,48.960394253825704
8.990273264109096,10.957659054774282,-1.9673857906651868,3.3119056639693876e-43,7.190095716078619e-42,LuminalA-up,ENSG00000150054.18,ENSG00000150054,MPP7,41.143265328158414
3.381103495555406,5.347307682478419,-1.9662041869230134,1.0308357095872375e-32,1.2119822162526904e-31,LuminalA-up,ENSG00000165646.14,ENSG00000165646,SLC18A2,30.91650375264497
2.034599390459212,4.000127990606485,-1.9655286001472727,6.29364811311893e-38,1.0021999275617411e-36,LuminalA-up,ENSG00000278965.1,ENSG00000278965,AC122713.2,35.99904563298402
10.152696502572333,12.118052951071768,-1.9653564484994348,4.512291773700257e-51,1.6694483471791678e-49,LuminalA-up,ENSG00000106571.15,ENSG00000106571,GLI3,48.77742701349616
4.017082811665082,5.981756521085642,-1.96467370942056,6.35095128655838e-34,7.99113690410799e-33,LuminalA-up,ENSG00000143318.13,ENSG00000143318,CASQ1,32.09739142893936
0.43991111244451087,2.40421836705646,-1.964307254611949,1.0847170235288316e-31,1.205161240592855e-30,LuminalA-up,ENSG00000280217.1,ENSG00000280217,AC126564.1,29.918954844196925
2.119398968604104,4.083121747680054,-1.9637227790759502,3.395320923704957e-28,3.0635573987238263e-27,LuminalA-up,ENSG00000266968.2,ENSG00000266968,AC023421.1,26.513773978326803
0.3888227077689091,2.3515514670926176,-1.9627287593237086,2.4113183316985855e-49,7.924253968483979e-48,LuminalA-up,ENSG00000276397.2,ENSG00000276397,LINC01879,47.10104161398361
8.863571972044696,10.825728120282932,-1.9621561482382361,1.6484275045865562e-48,5.087964084138247e-47,LuminalA-up,ENSG00000183580.10,ENSG00000183580,FBXL7,46.29345596302702
2.0661960501236236,4.028037812306143,-1.961841762182519,1.3263615888597563e-43,2.987879063076548e-42,LuminalA-up,ENSG00000287071.1,ENSG00000287071,CDRT15P4,41.5246369849361
1.1238411956813583,3.0855428859079637,-1.9617016902266053,1.7671926551485082e-19,9.360982585426359e-19,LuminalA-up,ENSG00000253203.6,ENSG00000253203,GUSBP3,18.02867856269013
1.4635220865296352,3.422807604396313,-1.959285517866678,4.8927681428583913e-26,3.858047239440444e-25,LuminalA-up,ENSG00000250942.1,ENSG00000250942,ENPP7P11,24.41363245898796
0.791003250921519,2.7500183392559445,-1.9590150883344255,7.683864020136051e-37,1.1482974674764175e-35,LuminalA-up,ENSG00000287519.1,ENSG00000287519,AC004921.2,34.939945592993
2.1694983134447816,4.128062599285282,-1.9585642858405001,9.975123563399028e-32,1.1101133527394933e-30,LuminalA-up,ENSG00000227695.6,ENSG00000227695,DNMBP-AS1,29.954632673505373
6.12813640987517,8.086658395623994,-1.958521985748824,1.9963259231309306e-26,1.6183033843615185e-25,LuminalA-up,ENSG00000148948.8,ENSG00000148948,LRRC4C,24.79094005762922
0.4078024909578302,2.365681028241238,-1.957878537283408,6.470814035979708e-35,8.624321530260032e-34,LuminalA-up,ENSG00000238145.2,ENSG00000238145,TUBAP8,33.064275060574005
7.264036315501161,9.221037678686454,-1.9570013631852925,8.596605027253403e-10,2.361371798029452e-09,LuminalA-up,ENSG00000019505.8,ENSG00000019505,SYT13,8.626835627864013
0.44830536422682715,2.4030705953790386,-1.9547652311522115,5.182518091433181e-48,1.5524397357000913e-46,LuminalA-up,ENSG00000287822.1,ENSG00000287822,AC098679.5,45.80898524974133
0.9123549674709441,2.8655004823091104,-1.9531455148381662,1.05905009975013e-40,1.984312987346247e-39,LuminalA-up,ENSG00000264491.1,ENSG00000264491,AC005544.1,38.70238982514719
1.2258200307474723,3.1786566276652155,-1.9528365969177433,1.681449080143022e-36,2.454798482856886e-35,LuminalA-up,ENSG00000254506.1,ENSG00000254506,AP003080.1,34.60998415379575
5.517950075159815,7.470479025906628,-1.9525289507468129,5.968532582418699e-13,2.0597674473661567e-12,LuminalA-up,ENSG00000237515.9,ENSG00000237515,SHISA9,11.686181809740933
5.209736614022291,7.160697897668882,-1.950961283646591,3.044087522189935e-47,8.581817808562372e-46,LuminalA-up,ENSG00000213145.10,ENSG00000213145,CRIP1,45.06642070974927
10.53844388545715,12.487278102732919,-1.9488342172757687,2.499369770484322e-20,1.3921381639520515e-19,LuminalA-up,ENSG00000105664.11,ENSG00000105664,COMP,18.85631766065627
0.7596845063040807,2.7079589484236366,-1.948274442119556,3.725096192469254e-43,8.055820927198024e-42,LuminalA-up,ENSG00000225652.2,ENSG00000225652,KCNMA1-AS3,41.093890196276945
1.8097737905586286,3.757819372909552,-1.9480455823509235,1.8169726007855578e-30,1.8728450669843758e-29,LuminalA-up,ENSG00000286502.1,ENSG00000286502,AL645768.1,28.72749814859211
9.473578623801066,11.42147338844684,-1.947894764645774,5.514525238430472e-40,9.95405955800697e-39,LuminalA-up,ENSG00000174348.14,ENSG00000174348,PODN,38.001999765075176
3.5168927625722266,5.464280437561057,-1.9473876749888306,4.245710487768216e-18,2.0604635232371597e-17,LuminalA-up,ENSG00000204335.4,ENSG00000204335,SP5,16.686035069466033
5.202696870192627,7.150052868198111,-1.9473559980054844,2.1807125781082857e-43,4.818555413196423e-42,LuminalA-up,ENSG00000280339.1,ENSG00000280339,AP001528.2,41.31708314228203
8.99753117235941,10.942318416258278,-1.9447872438988671,3.0004976889850365e-61,2.383333709354939e-59,LuminalA-up,ENSG00000005469.12,ENSG00000005469,CROT,58.62281514439938
10.466551339216677,12.411245307312852,-1.9446939680961748,1.155322675466311e-45,2.9540196057774693e-44,LuminalA-up,ENSG00000095321.17,ENSG00000095321,CRAT,43.52958662660947
10.079294590919801,12.023452235023925,-1.9441576441041235,1.902305289208455e-38,3.124217211870035e-37,LuminalA-up,ENSG00000162545.6,ENSG00000162545,CAMK2N1,36.50525877932829
8.677173285802729,10.620701754673975,-1.9435284688712464,8.776410068156616e-49,2.770106078009508e-47,LuminalA-up,ENSG00000105419.18,ENSG00000105419,MEIS3,46.55750359981205
8.217668767787911,10.161034233054396,-1.943365465266485,5.521210905557281e-31,5.880870338553545e-30,LuminalA-up,ENSG00000100626.17,ENSG00000100626,GALNT16,29.230558395818417
6.5338056583862585,8.477169823039523,-1.9433641646532642,1.8496185994503775e-44,4.40648297466785e-43,LuminalA-up,ENSG00000177076.6,ENSG00000177076,ACER2,42.35590790352259
1.3766552327079427,3.3198832029563943,-1.9432279702484516,1.1310449482647044e-48,3.546550670330486e-47,LuminalA-up,ENSG00000232872.2,ENSG00000232872,CTAGE3P,46.45019383091267
2.078929207533323,4.020933911969864,-1.9420047044365414,7.716998538445576e-46,1.9928643375092118e-44,LuminalA-up,ENSG00000159239.13,ENSG00000159239,AC005041.1,43.70052226450899
8.753262080360722,10.694684132496196,-1.941422052135474,4.511102831415806e-39,7.648566864393415e-38,LuminalA-up,ENSG00000156113.24,ENSG00000156113,KCNMA1,37.11641993232258
3.4679869006864266,5.409250205602496,-1.9412633049160695,9.312667134574308e-37,1.383077546969122e-35,LuminalA-up,ENSG00000254815.6,ENSG00000254815,LMNTD2-AS1,34.859153469003765
10.89460004565114,12.833377159893175,-1.9387771142420345,3.1464414513267517e-59,2.1178457318970424e-57,LuminalA-up,ENSG00000167608.12,ENSG00000167608,TMC4,56.674105677951815
0.6444209240245319,2.5828836738983307,-1.938462749873799,1.6104230459154011e-44,3.850312446439675e-43,LuminalA-up,ENSG00000198570.6,ENSG00000198570,RD3,42.41450402678791
4.618007099196752,6.556406247443326,-1.9383991482465746,5.382536798711651e-38,8.612058877938642e-37,LuminalA-up,ENSG00000102001.13,ENSG00000102001,CACNA1F,36.06489300970358
9.221819286319294,11.160140245298432,-1.9383209589791388,8.074421348516594e-52,3.1804301245860897e-50,LuminalA-up,ENSG00000166446.15,ENSG00000166446,CDYL2,49.497514141618666
0.743738800113047,2.680119707770471,-1.936380907657424,1.718800743459249e-39,3.0070042234214e-38,LuminalA-up,ENSG00000288545.1,ENSG00000288545,AC023421.2,37.52186596192033
4.620313976428844,6.5561714933497965,-1.9358575169209526,2.5828005963509855e-40,4.756894285147529e-39,LuminalA-up,ENSG00000170482.17,ENSG00000170482,SLC23A1,38.3226765000174
0.8327778924847427,2.7681871312012434,-1.9354092387165007,4.2534328106763245e-31,4.565323977389382e-30,LuminalA-up,ENSG00000235269.2,ENSG00000235269,LINC02331,29.340528397406807
0.03266059941942197,1.965908278984598,-1.933247679565176,1.2583109587817616e-28,1.1653037847873748e-27,LuminalA-up,ENSG00000250418.1,ENSG00000250418,AC093292.1,26.933560842999707
6.071526584650734,8.002530781370346,-1.9310041967196128,1.1674614971316468e-38,1.9363339625854923e-37,LuminalA-up,ENSG00000104953.20,ENSG00000104953,TLE6,36.71301973711035
7.327411420605824,9.257600610042639,-1.930189189436815,6.129245394943468e-52,2.4516981579773872e-50,LuminalA-up,ENSG00000161328.11,ENSG00000161328,LRRC56,49.610532999240895
10.778591040213557,12.70862943903037,-1.9300383988168122,1.5129171537346064e-24,1.0896644390456382e-23,LuminalA-up,ENSG00000123500.10,ENSG00000123500,COL10A1,22.962707221974572
8.907042019231389,10.836314842278329,-1.92927282304694,1.707369245322499e-71,4.3356831138795583e-69,LuminalA-up,ENSG00000172465.14,ENSG00000172465,TCEAL1,68.3629424669961
0.6611967205217874,2.5900119298411592,-1.9288152093193718,1.5717218707393332e-44,3.760465175387755e-43,LuminalA-up,ENSG00000236703.1,ENSG00000236703,MYB-AS1,42.42475842884675
2.925619377703966,4.853916988435331,-1.9282976107313647,4.6885941704303105e-27,3.9517645610466185e-26,LuminalA-up,ENSG00000250986.1,ENSG00000250986,LINC02600,25.403208937789913
3.710562775350836,5.63829556505304,-1.9277327897022043,3.0091440335392904e-14,1.1353726700161753e-13,LuminalA-up,ENSG00000039537.14,ENSG00000039537,C6,12.944861564051084
6.541781104441205,8.469124365681552,-1.9273432612403463,1.725904500894062e-30,1.781716010778225e-29,LuminalA-up,ENSG00000186197.15,ENSG00000186197,EDARADD,28.749161517347765
10.015043964219021,11.941821620677608,-1.9267776564585866,4.140430472882495e-40,7.526422421421976e-39,LuminalA-up,ENSG00000049130.16,ENSG00000049130,KITLG,38.12341141049871
10.281799997399165,12.208273802641223,-1.9264738052420576,5.2532233475891576e-58,3.2074325430088987e-56,LuminalA-up,ENSG00000119699.8,ENSG00000119699,TGFB3,55.493842468704266
5.322208421215247,7.246534614422871,-1.9243261932076239,1.2848934828664452e-11,4.049419851982253e-11,LuminalA-up,ENSG00000134827.8,ENSG00000134827,TCN1,10.392607192373072
2.621808402287293,4.545364411711936,-1.9235560094246429,1.516620240841629e-31,1.6706247279990606e-30,LuminalA-up,ENSG00000152779.14,ENSG00000152779,SLC16A12,29.777121094608564
9.710736496522863,11.632899884207736,-1.9221633876848738,6.609522011657073e-39,1.110532219702983e-37,LuminalA-up,ENSG00000145703.16,ENSG00000145703,IQGAP2,36.95446883681274
0.9455778038769129,2.865955721722162,-1.9203779178452491,6.863610296238349e-40,1.230311321550318e-38,LuminalA-up,ENSG00000263677.2,ENSG00000263677,AC012588.1,37.90998497951703
5.04984824571552,6.9697178367881705,-1.9198695910726506,2.647859726803385e-58,1.6652206011716597e-56,LuminalA-up,ENSG00000176563.10,ENSG00000176563,CNTD1,55.77852822490523
10.558944455293235,12.477874201068861,-1.9189297457756265,1.7705662291697418e-56,9.603459547211933e-55,LuminalA-up,ENSG00000109586.12,ENSG00000109586,GALNT7,54.01757228866791
2.4688724268224536,4.387370642946801,-1.9184982161243478,5.032476007213381e-32,5.687410511186533e-31,LuminalA-up,ENSG00000173838.12,ENSG00000173838,MARCHF10,30.2450854237069
8.143468008233938,10.061153251231028,-1.9176852429970896,1.894069517801064e-28,1.7356263049943045e-27,LuminalA-up,ENSG00000197766.8,ENSG00000197766,CFD,26.760543776365306
0.27386960876733507,2.190580009348717,-1.916710400581382,3.594783067707943e-34,4.592012415109702e-33,LuminalA-up,ENSG00000224244.1,ENSG00000224244,AC073508.1,32.33799694643623
12.093271108941575,14.007820560806696,-1.9145494518651205,1.3685943149424976e-31,1.5125381284824437e-30,LuminalA-up,ENSG00000013588.9,ENSG00000013588,GPRC5A,29.820293668721234
7.698573423561199,9.612020201996758,-1.913446778435559,4.619148062045066e-38,7.411864195296823e-37,LuminalA-up,ENSG00000082196.21,ENSG00000082196,C1QTNF3,36.13007254668902
0.3055922716928919,2.2189294057890674,-1.9133371340961756,7.824887945512976e-43,1.6632228530982558e-41,LuminalA-up,ENSG00000228607.2,ENSG00000228607,CLDN25,40.77904955632072
8.297982625576367,10.210887290606758,-1.912904665030391,2.0961370845291143e-47,5.969627448888353e-46,LuminalA-up,ENSG00000088881.21,ENSG00000088881,EBF4,45.224052771373245
8.236837320776248,10.148692315374396,-1.9118549945981478,4.242168241485381e-40,7.703005387572587e-39,LuminalA-up,ENSG00000129946.10,ENSG00000129946,SHC2,38.11333979838802
4.208385891573405,6.119966441433878,-1.9115805498604725,4.535175999956325e-53,1.9431793195113822e-51,LuminalA-up,ENSG00000130528.12,ENSG00000130528,HRC,50.71148712020266
1.800483044519864,3.7110154761540115,-1.9105324316341474,3.100800396423906e-25,2.327336078999761e-24,LuminalA-up,ENSG00000056291.17,ENSG00000056291,NPFFR2,23.633140897883838
9.558531456218628,11.468393738673784,-1.9098622824551565,1.3776676345851986e-43,3.095135329175326e-42,LuminalA-up,ENSG00000167183.3,ENSG00000167183,PRR15L,41.50932035749065
7.108892530772779,9.018532521575015,-1.9096399908022361,3.6555421175600495e-22,2.2716679974158856e-21,LuminalA-up,ENSG00000154027.19,ENSG00000154027,AK5,20.64365514013802
9.99410924819363,11.90348687443937,-1.9093776262457407,6.312089862084201e-46,1.6363592589099955e-44,LuminalA-up,ENSG00000157613.11,ENSG00000157613,CREB3L1,43.786121341842225
11.810617242940062,13.718117697550191,-1.9075004546101297,3.288239001896262e-67,4.813177787928503e-65,LuminalA-up,ENSG00000131844.16,ENSG00000131844,MCCC2,64.317568096168
10.742587239254688,12.649678768751883,-1.9070915294971957,2.9353375985551987e-33,3.5495135751648724e-32,LuminalA-up,ENSG00000133321.11,ENSG00000133321,PLAAT4,31.449831158521256
1.2612818466854336,3.167971244166883,-1.9066893974814492,1.8756015345235934e-19,9.916429564231996e-19,LuminalA-up,ENSG00000226080.1,ENSG00000226080,RPL6P4,18.00364466853846
10.15784586420761,12.063500695486399,-1.9056548312787882,1.5371495114326723e-42,3.214301411305251e-41,LuminalA-up,ENSG00000169047.5,ENSG00000169047,IRS1,40.49291340102351
9.503076876626288,11.40823351755422,-1.9051566409279328,9.291398640109457e-59,6.071104920399006e-57,LuminalA-up,ENSG00000137449.17,ENSG00000137449,CPEB2,56.216732261616166
3.4360407388467458,5.341180969759936,-1.9051402309131902,3.643570521175679e-19,1.8929399235866204e-18,LuminalA-up,ENSG00000141744.4,ENSG00000141744,PNMT,17.722863169062535
1.4341357378988397,3.339014285167525,-1.904878547268685,2.64640423887295e-09,7.0030370322113595e-09,LuminalA-up,ENSG00000259527.2,ENSG00000259527,LINC00052,8.15471357708732
2.0910905880242225,3.994872673897885,-1.9037820858736625,9.200509764397831e-22,5.574856964978585e-21,LuminalA-up,ENSG00000250535.1,ENSG00000250535,STK19B,20.25376627090176
3.8113751861856,5.713870001313768,-1.902494815128168,2.0364954771751727e-06,4.273937415158514e-06,LuminalA-up,ENSG00000141668.10,ENSG00000141668,CBLN2,5.369171841659622
12.548647241431974,14.451052438999735,-1.9024051975677612,1.3318763639235764e-58,8.55258538672764e-57,LuminalA-up,ENSG00000012660.14,ENSG00000012660,ELOVL5,56.06790258124117
4.037330454291608,5.938950749830458,-1.9016202955388506,9.101293907815536e-36,1.266924301453392e-34,LuminalA-up,ENSG00000215912.12,ENSG00000215912,TTC34,33.897249333374816
4.5044851991132555,6.40604938667712,-1.9015641875638645,1.7594983915786265e-38,2.8939345478761314e-37,LuminalA-up,ENSG00000164591.14,ENSG00000164591,MYOZ3,36.538511295545135
7.323313998213707,9.223390814238133,-1.9000768160244261,1.1076953127715065e-35,1.5336615813341966e-34,LuminalA-up,ENSG00000108852.15,ENSG00000108852,MPP2,33.81427046149105
9.248907731826101,11.147876365510067,-1.8989686336839657,1.7222013379217885e-70,3.6769547036393854e-68,LuminalA-up,ENSG00000197375.13,ENSG00000197375,SLC22A5,67.43451172016667
1.223608135442691,3.120987220838258,-1.8973790853955668,1.549401304265037e-33,1.9094092543736777e-32,LuminalA-up,ENSG00000237233.2,ENSG00000237233,TMEM26-AS1,31.71910097686189
0.8991352828324174,2.796273912935905,-1.8971386301034876,2.9281965923986725e-41,5.673592472670722e-40,LuminalA-up,ENSG00000225498.1,ENSG00000225498,AC002064.1,39.24614186227061
4.708923306802193,6.605327898872934,-1.8964045920707413,6.510383915667388e-52,2.5948640767321145e-50,LuminalA-up,ENSG00000130751.10,ENSG00000130751,NPAS1,49.585885386282285
6.966654174045795,8.862379658181386,-1.8957254841355908,9.2272285624951e-62,7.618145355045215e-60,LuminalA-up,ENSG00000171962.18,ENSG00000171962,DRC3,59.11815074520988
2.855282371558038,4.749157653017465,-1.8938752814594273,5.2636667274950997e-45,1.2982936622931255e-43,LuminalA-up,ENSG00000244219.7,ENSG00000244219,TMEM225B,42.88662706293733
11.313879144487,13.206550244272046,-1.892671099785046,3.090846304885866e-57,1.7771040847302614e-55,LuminalA-up,ENSG00000235750.10,ENSG00000235750,KIAA0040,54.750287134884516
5.2219890727866165,7.113762439112907,-1.8917733663262908,2.6740279511680847e-30,2.73022896506714e-29,LuminalA-up,ENSG00000185272.14,ENSG00000185272,RBM11,28.56380093021364
4.686677850352602,6.576252347728336,-1.889574497375734,5.825862223930794e-26,4.570159179643348e-25,LuminalA-up,ENSG00000253361.3,ENSG00000253361,AC069120.1,24.34006867309496
5.98457623211676,7.87414536606803,-1.8895691339512695,3.660559720032132e-39,6.257111770294598e-38,LuminalA-up,ENSG00000103269.14,ENSG00000103269,RHBDL1,37.20362608718507
1.1055645096745579,2.9951107956319714,-1.8895462859574135,1.0294832360128e-33,1.2823589026811243e-32,LuminalA-up,ENSG00000287963.1,ENSG00000287963,AC010476.2,31.89199040879553
0.15496421265043064,2.0424183487750236,-1.887454136124593,1.1096928552441385e-20,6.310978029824148e-20,LuminalA-up,ENSG00000224223.1,ENSG00000224223,VSTM2A-OT1,19.19990333171601
8.327885981555593,10.214744263058343,-1.8868582815027501,5.083253315206999e-32,5.742859828976698e-31,LuminalA-up,ENSG00000179388.9,ENSG00000179388,EGR3,30.240871783796294
0.4081096588256249,2.2941233393712523,-1.8860136805456276,5.5959757287079774e-49,1.7898578857470553e-47,LuminalA-up,ENSG00000254111.3,ENSG00000254111,AC124067.3,46.74718145052069
12.598695429541328,14.483514885077128,-1.8848194555357995,1.536809424402095e-35,2.1120890490347774e-34,LuminalA-up,ENSG00000110092.4,ENSG00000110092,CCND1,33.67528777520587
0.680673809126435,2.5651248843939647,-1.8844510752675296,8.357421842487884e-46,2.1549290781553375e-44,LuminalA-up,ENSG00000258171.2,ENSG00000258171,LINC02412,43.66656701852999
5.186840675768611,7.071092985709753,-1.8842523099411421,2.999333494539499e-28,2.7142996419266743e-27,LuminalA-up,ENSG00000176884.16,ENSG00000176884,GRIN1,26.566342210599604
7.659473005828087,9.54357958634201,-1.884106580513924,1.3240971913901072e-54,6.251230683858647e-53,LuminalA-up,ENSG00000141519.15,ENSG00000141519,CCDC40,52.204034474400935
8.525832723858354,10.409735310610547,-1.8839025867521926,1.497019701041406e-41,2.9483020199123345e-40,LuminalA-up,ENSG00000277363.5,ENSG00000277363,SRCIN1,39.53042803001824
2.1142830371339354,3.99740975345271,-1.8831267163187748,1.910012149667457e-30,1.9657232808367566e-29,LuminalA-up,ENSG00000137270.11,ENSG00000137270,GCM1,28.706477618784692
3.75065865497057,5.633462320525707,-1.8828036655551372,2.0843846079288657e-29,2.0193228918432247e-28,LuminalA-up,ENSG00000015520.15,ENSG00000015520,NPC1L1,27.694794231361616
1.7039142832977425,3.5867116254834808,-1.8827973421857382,5.5946877265782505e-37,8.424704968324482e-36,LuminalA-up,ENSG00000244471.6,ENSG00000244471,AL137058.1,35.074445299106145
8.076564222038899,9.958421559988377,-1.8818573379494783,2.2713632316367265e-27,1.9517071398221758e-26,LuminalA-up,ENSG00000189221.10,ENSG00000189221,MAOA,25.7095853491187
2.0697471823292113,3.950964997922699,-1.8812178155934878,1.5055341004749226e-35,2.070804392610562e-34,LuminalA-up,ENSG00000274928.6,ENSG00000274928,KRT89P,33.683860922459495
9.939268329342779,11.820382080652264,-1.8811137513094849,2.6569654561754944e-64,2.8095104760568635e-62,LuminalA-up,ENSG00000149582.16,ENSG00000149582,TMEM25,61.551369344175875
4.151405369739917,6.032301532216222,-1.8808961624763043,1.398289811055977e-33,1.72699611151792e-32,LuminalA-up,ENSG00000180660.8,ENSG00000180660,MAB21L1,31.76270864028327
8.941749242237224,10.82242865752894,-1.8806794152917163,1.108332904200583e-27,9.712763123870206e-27,LuminalA-up,ENSG00000183248.12,ENSG00000183248,PRR36,26.01265720276534
0.6900298196692621,2.570640188184106,-1.8806103685148439,9.945807422759192e-40,1.7639336762480853e-38,LuminalA-up,ENSG00000241720.2,ENSG00000241720,AL158847.1,37.75351774833174
1.4488861894140277,3.3280441958390523,-1.8791580064250246,3.0632448348253594e-37,4.6908060635673023e-36,LuminalA-up,ENSG00000258630.3,ENSG00000258630,LINC02292,35.32875252212929
4.333638441656273,6.212458912283009,-1.878820470626736,4.409614505678897e-42,8.96363118437578e-41,LuminalA-up,ENSG00000230148.8,ENSG00000230148,HOXB-AS1,40.0475160211559
2.9425467647390495,4.821187574322704,-1.8786408095836546,7.635538870144051e-52,3.0146438507329637e-50,LuminalA-up,ENSG00000276116.2,ENSG00000276116,FUT8-AS1,49.52076398793431
2.533789993818383,4.411116016535848,-1.8773260227174648,3.1488640579055624e-23,2.085142695001866e-22,LuminalA-up,ENSG00000092009.10,ENSG00000092009,CMA1,21.680864219092445
9.424561925879415,11.3015414272023,-1.8769795013228858,1.0706684769332444e-28,9.949766383920806e-28,LuminalA-up,ENSG00000166482.12,ENSG00000166482,MFAP4,27.002187116175396
5.667288673373675,7.543706030858991,-1.876417357485316,9.64380024226468e-35,1.2741828305901146e-33,LuminalA-up,ENSG00000166450.13,ENSG00000166450,PRTG,32.894768251263244
2.360990291276583,4.236619992500761,-1.8756297012241778,1.7739251607577123e-19,9.395160592289226e-19,LuminalA-up,ENSG00000231240.1,ENSG00000231240,KLF2P1,18.027095792067023
0.45236802128417924,2.3262615094867605,-1.8738934882025813,9.532189544173888e-48,2.780844155967874e-46,LuminalA-up,ENSG00000254040.2,ENSG00000254040,AC103719.1,45.55582334917959
0.1461967703890548,2.0190307346958796,-1.8728339643068248,1.7057278124858926e-31,1.873394373346236e-30,LuminalA-up,ENSG00000228184.1,ENSG00000228184,SNX19P1,29.727370788487487
8.176649571450639,10.048945824021978,-1.8722962525713385,3.0974259903244754e-26,2.4732186564001054e-25,LuminalA-up,ENSG00000154864.13,ENSG00000154864,PIEZO2,24.60673748611742
0.5654879157117302,2.4377559997853155,-1.8722680840735855,5.3469848332059e-23,3.493099427188887e-22,LuminalA-up,ENSG00000248431.2,ENSG00000248431,AC021134.1,21.456789052477173
2.736655593544943,4.608856775596108,-1.8722011820511648,3.346237711571062e-24,2.3475489345303894e-23,LuminalA-up,ENSG00000095596.12,ENSG00000095596,CYP26A1,22.629385346122543
4.516336796468059,6.387684716434086,-1.871347919966027,1.0994463936841526e-27,9.642449794948403e-27,LuminalA-up,ENSG00000118729.12,ENSG00000118729,CASQ2,26.015812613683973
0.9899836190212933,2.8605381087392185,-1.8705544897179252,4.524708393616976e-52,1.8185638531659597e-50,LuminalA-up,ENSG00000249064.1,ENSG00000249064,KRT18P25,49.74027144545295
3.071069528927263,4.94088261747456,-1.8698130885472968,1.0441117444411943e-16,4.626999692446964e-16,LuminalA-up,ENSG00000180178.11,ENSG00000180178,FAR2P1,15.334700529367316
2.6942494723155197,4.563667257518584,-1.8694177852030642,1.3818302980294904e-22,8.8075587735213e-22,LuminalA-up,ENSG00000254533.1,ENSG00000254533,AF186192.1,21.055144450056364
12.29888757242624,14.167657144823327,-1.8687695723970865,5.84347713496336e-63,5.410866120551708e-61,LuminalA-up,ENSG00000106537.8,ENSG00000106537,TSPAN13,60.26673321155345
10.631405541112533,12.499845199334086,-1.8684396582215523,4.82240802949238e-75,1.971306306690056e-72,LuminalA-up,ENSG00000131759.18,ENSG00000131759,RARA,71.70524588867355
3.1576992640368107,5.026007807049819,-1.8683085430130082,3.5330191720104087e-41,6.8037320606169385e-40,LuminalA-up,ENSG00000275763.3,ENSG00000275763,ZNF516-DT,39.16725279777652
7.7284562907699845,9.595692916125547,-1.8672366253555621,2.911204834834266e-70,6.023678152076826e-68,LuminalA-up,ENSG00000119636.16,ENSG00000119636,BBOF1,67.22013824074347
8.662979209239918,10.529240832245382,-1.8662616230054638,1.1414457777388705e-43,2.5869683887631468e-42,LuminalA-up,ENSG00000169122.11,ENSG00000169122,FAM110B,41.587208878074954
5.031701694701649,6.894633899629088,-1.8629322049274393,2.1232821261338954e-45,5.351309538947983e-44,LuminalA-up,ENSG00000225526.5,ENSG00000225526,MKRN2OS,43.271539927147785
9.62782612253948,11.490402948018865,-1.862576825479385,4.818269450651893e-37,7.284997383213867e-36,LuminalA-up,ENSG00000166927.13,ENSG00000166927,MS4A7,35.13757059989344
3.662870097906335,5.5240249343427585,-1.8611548364364237,4.1150638124372085e-09,1.07285477944229e-08,LuminalA-up,ENSG00000133169.6,ENSG00000133169,BEX1,7.969459059725684
2.0921901657881428,3.951742424282231,-1.8595522584940882,1.990009636721444e-20,1.1160301660181163e-19,LuminalA-up,ENSG00000151834.16,ENSG00000151834,GABRA2,18.95232406636784
0.3436965197848974,2.202027391681787,-1.8583308718968898,4.643514684198654e-19,2.3953618377091244e-18,LuminalA-up,ENSG00000124237.6,ENSG00000124237,C20orf85,17.620628873793923
4.963570542091442,6.82174610511843,-1.8581755630269878,2.95425724470737e-54,1.3792019894511287e-52,LuminalA-up,ENSG00000227719.1,ENSG00000227719,AC006042.1,51.86037212506415
2.0226564652098973,3.8807989743293443,-1.858142509119447,5.428328549629759e-17,2.444352135727962e-16,LuminalA-up,ENSG00000079689.14,ENSG00000079689,SCGN,15.611836229040227
10.963850859060468,12.821910461431708,-1.85805960237124,4.5898316480593076e-57,2.6076467261516606e-55,LuminalA-up,ENSG00000166347.19,ENSG00000166347,CYB5A,54.58375124548428
6.8714575075821065,8.72786376054197,-1.8564062529598635,1.0665299793478282e-18,5.3994993064097874e-18,LuminalA-up,ENSG00000179593.16,ENSG00000179593,ALOX15B,17.267646510277956
6.056911024341218,7.912801995259922,-1.8558909709187033,8.126792825545484e-47,2.2310409132865244e-45,LuminalA-up,ENSG00000162520.15,ENSG00000162520,SYNC,44.65149246546172
8.694899266921569,10.550248051047006,-1.8553487841254377,3.555666215742326e-39,6.087126228380121e-38,LuminalA-up,ENSG00000143845.15,ENSG00000143845,ETNK2,37.21558769221438
2.699584047571985,4.554786628747373,-1.8552025811753885,6.553495495953636e-21,3.7802988990598154e-20,LuminalA-up,ENSG00000165953.10,ENSG00000165953,SERPINA12,19.42247386019444
4.615300940972011,6.469266023958338,-1.8539650829863268,2.864965579047923e-18,1.4079115409717987e-17,LuminalA-up,ENSG00000165309.14,ENSG00000165309,ARMC3,16.8514246310424
3.9290249325731406,5.781958105605963,-1.852933173032822,1.9332455938720706e-34,2.509775069968699e-33,LuminalA-up,ENSG00000253955.2,ENSG00000253955,AC008663.2,32.60036519893676
3.9727525201833447,5.824357478278188,-1.851604958094843,2.158970975007188e-22,1.3598028388245197e-21,LuminalA-up,ENSG00000196748.10,ENSG00000196748,CLPSL2,20.866524056495827
6.004741275566433,7.856297513072582,-1.8515562375061494,3.606565906376147e-32,4.114774989167067e-31,LuminalA-up,ENSG00000149451.18,ENSG00000149451,ADAM33,30.38565390860115
8.670586786333393,10.52135803232604,-1.8507712459926466,6.403298854370086e-62,5.352582982505868e-60,LuminalA-up,ENSG00000196872.12,ENSG00000196872,CRACDL,59.27143659099942
7.781871652281382,9.62933266167163,-1.8474610093902477,1.1834823331537643e-42,2.4934209809751216e-41,LuminalA-up,ENSG00000129295.9,ENSG00000129295,LRRC6,40.60320439045755
9.116469274829193,10.96322481179893,-1.846755536969738,2.5220673286147143e-25,1.901905441061085e-24,LuminalA-up,ENSG00000163141.20,ENSG00000163141,BNIPL,23.72081107911587
5.576206423629934,7.422681772989596,-1.846475349359662,2.347924014696831e-25,1.7729761877143e-24,LuminalA-up,ENSG00000167549.18,ENSG00000167549,CORO6,23.751297097232545
5.108974466448749,6.954157347217249,-1.8451828807685002,2.602124292993971e-49,8.509581102551991e-48,LuminalA-up,ENSG00000089847.12,ENSG00000089847,ANKRD24,47.070091818214806
6.239901807784757,8.084188512906112,-1.8442867051213545,3.9955694434478e-34,5.092452005489363e-33,LuminalA-up,ENSG00000166928.11,ENSG00000166928,MS4A14,32.293073055376276
4.203541463391974,6.045420418056705,-1.8418789546647307,9.463662767002242e-15,3.6963642035646133e-14,LuminalA-up,ENSG00000161649.13,ENSG00000161649,CD300LG,13.432225244214429
1.8927197735214705,3.733576435375975,-1.8408566618545046,4.798867674100431e-28,4.286118956457406e-27,LuminalA-up,ENSG00000197588.9,ENSG00000197588,KLKP1,26.367935779767333
1.0783625899448093,2.9184774328369714,-1.840114842892162,2.1113893138665416e-24,1.5042246503890856e-23,LuminalA-up,ENSG00000231402.1,ENSG00000231402,WASF5P,22.822687298625674
2.4129893393758457,4.252991628795741,-1.8400022894198957,8.938747230062912e-44,2.0368919588831327e-42,LuminalA-up,ENSG00000246640.1,ENSG00000246640,PICART1,41.69103200629942
1.1839965767006786,3.0238656444964978,-1.8398690677958192,6.4278943846945195e-40,1.1552976931633259e-38,LuminalA-up,ENSG00000264056.1,ENSG00000264056,MIR5685,37.937306093832746
0.08529217836679039,1.9248216931645543,-1.839529514797764,5.689911401517555e-56,2.961581213957584e-54,LuminalA-up,ENSG00000071677.1,ENSG00000071677,PRLH,53.52847635341979
7.137702447993214,8.976999147015258,-1.8392966990220438,1.49548187991937e-37,2.3250720136779818e-36,LuminalA-up,ENSG00000129595.14,ENSG00000129595,EPB41L4A,35.633563591307954
7.358554231159703,9.197467545007669,-1.838913313847966,3.652224329170223e-64,3.8257049848058083e-62,LuminalA-up,ENSG00000260912.1,ENSG00000260912,AL158206.1,61.41728852317721
11.712828828814475,13.551242509279712,-1.8384136804652371,9.084072186639826e-41,1.7145163271180573e-39,LuminalA-up,ENSG00000170017.12,ENSG00000170017,ALCAM,38.76585837479895
9.518085786845242,11.35526399181153,-1.8371782049662873,4.0828864127526037e-26,3.2369525202333793e-25,LuminalA-up,ENSG00000133392.18,ENSG00000133392,MYH11,24.4898636708019
4.21269907769303,6.049303435391249,-1.836604357698219,3.2755508853798393e-41,6.331976105993784e-40,LuminalA-up,ENSG00000267934.1,ENSG00000267934,AC010300.1,39.19846073263701
7.988730313839627,9.825266459427029,-1.8365361455874023,1.662710463410035e-28,1.5265421729253457e-27,LuminalA-up,ENSG00000120093.11,ENSG00000120093,HOXB3,26.816291193189254
1.3391734966089277,3.1751833458424565,-1.8360098492335288,3.3481191070423704e-28,3.022595003179646e-27,LuminalA-up,ENSG00000100665.12,ENSG00000100665,SERPINA4,26.519620039943366
0.4417986942546025,2.2770070128797406,-1.835208318625138,1.2243891699731942e-41,2.4227582631346793e-40,LuminalA-up,ENSG00000287359.1,ENSG00000287359,AL138740.1,39.615689916536894
6.732173164427291,8.566303548632284,-1.8341303842049932,4.18655680348847e-24,2.9181406540431173e-23,LuminalA-up,ENSG00000117154.12,ENSG00000117154,IGSF21,22.534893778994107
2.558809533661644,4.391883233489907,-1.8330736998282635,3.198985687692693e-49,1.0365629922682567e-47,LuminalA-up,ENSG00000267009.6,ENSG00000267009,AC007780.1,46.98440430055204
1.641101644927645,3.473584019665592,-1.832482374737947,2.3687275451685118e-05,4.516481644712657e-05,LuminalA-up,ENSG00000139352.4,ENSG00000139352,ASCL1,4.345199750430166
9.04019221337072,10.87226776341548,-1.8320755500447596,6.833684967775081e-36,9.620542634179786e-35,LuminalA-up,ENSG00000157214.14,ENSG00000157214,STEAP2,34.0168004314566
1.8937889019174257,3.7247047462142775,-1.8309158442968518,1.519492181902831e-42,3.181347778724728e-41,LuminalA-up,ENSG00000259840.1,ENSG00000259840,Z97653.1,40.49738885207303
13.354072442841966,15.184922811623766,-1.8308503687817996,7.433702948187781e-64,7.550840085553164e-62,LuminalA-up,ENSG00000111057.11,ENSG00000111057,KRT18,61.122004727281606
3.4981717039121776,5.328371255866685,-1.8301995519545073,1.4466526331654306e-36,2.1240383821158666e-35,LuminalA-up,ENSG00000249715.12,ENSG00000249715,FER1L5,34.6728376396666
0.2529049157806616,2.0827089776366523,-1.8298040618559908,9.034422285208365e-48,2.6425291012232497e-46,LuminalA-up,ENSG00000256762.1,ENSG00000256762,STH,45.57798022126516
6.171614876300764,7.999214800915848,-1.8275999246150834,4.3781858890558734e-30,4.417723991606047e-29,LuminalA-up,ENSG00000269113.4,ENSG00000269113,TRABD2B,28.354801421254745
0.028695266640985484,1.8562132647787872,-1.8275179981378018,5.937851304129119e-33,7.083159278092814e-32,LuminalA-up,ENSG00000225537.1,ENSG00000225537,AC073325.1,31.14977299216758
0.3035585888670475,2.1297086027642176,-1.82615001389717,1.804017071426334e-44,4.303961013111083e-43,LuminalA-up,ENSG00000201496.1,ENSG00000201496,RN7SKP275,42.36613167132573
0.31412791589662414,2.1390300309300856,-1.8249021150334614,1.532932524937208e-30,1.5898483365066588e-29,LuminalA-up,ENSG00000226767.1,ENSG00000226767,AC114501.1,28.798644303201456
6.743048565310255,8.566979650684782,-1.823931085374527,2.5515532651492163e-23,1.6979961375382518e-22,LuminalA-up,ENSG00000243649.9,ENSG00000243649,CFB,21.770063301988255
5.026912885432804,6.849450039328875,-1.8225371538960715,5.370567491154684e-39,9.078236122214069e-38,LuminalA-up,ENSG00000261488.1,ENSG00000261488,TBILA,37.04199852557632
10.96582680012711,12.785925899017263,-1.8200990988901538,6.540588259999946e-56,3.388570610126711e-54,LuminalA-up,ENSG00000143578.16,ENSG00000143578,CREB3L4,53.469983460217584
1.9909250622985668,3.8107307734293716,-1.8198057111308048,2.009767247006038e-25,1.5234599303401718e-24,LuminalA-up,ENSG00000196468.8,ENSG00000196468,FGF16,23.8171689639953
2.888386423482088,4.707531321899927,-1.8191448984178384,2.073879900981219e-46,5.574695611939893e-45,LuminalA-up,ENSG00000229109.2,ENSG00000229109,AL137847.1,44.25377884086524
8.625329850574229,10.444181936646416,-1.8188520860721873,2.070066666218101e-56,1.1173693180616866e-54,LuminalA-up,ENSG00000181444.13,ENSG00000181444,ZNF467,53.95180325814092
1.5514975403869142,3.3678932417756684,-1.8163957013887542,4.781544613666681e-37,7.235998891652693e-36,LuminalA-up,ENSG00000267503.1,ENSG00000267503,AP005131.3,35.140501508333664
1.4543628113886506,3.270317562432037,-1.8159547510433862,1.2178894649692516e-31,1.3495423096122089e-30,LuminalA-up,ENSG00000188523.9,ENSG00000188523,CFAP77,29.869813495291922
5.448440447324601,7.262883007347873,-1.8144425600232719,8.203353756389186e-32,9.150629547892364e-31,LuminalA-up,ENSG00000183840.7,ENSG00000183840,GPR39,30.038549026177215
4.3600092975290154,6.173539899976062,-1.8135306024470461,1.720641936883634e-17,8.037335245866697e-17,LuminalA-up,ENSG00000286449.1,ENSG00000286449,AC016590.4,16.09488791640605
3.8653541641963742,5.678251828131888,-1.8128976639355137,1.8466790966958945e-14,7.074363808142444e-14,LuminalA-up,ENSG00000286058.1,ENSG00000286058,AC018865.2,13.150312609801732
1.6173006170564121,3.4299227394545504,-1.8126221223981382,1.0296624307979507e-32,1.2110275326437651e-31,LuminalA-up,ENSG00000247011.2,ENSG00000247011,AC005920.1,30.916845983083757
8.999541742644386,10.81135782583159,-1.811816083187205,1.516511020258843e-26,1.2389336923976704e-25,LuminalA-up,ENSG00000133083.15,ENSG00000133083,DCLK1,24.90695193639746
4.269479613861661,6.081074304735996,-1.811594690874335,1.9559955077552066e-10,5.654102226625951e-10,LuminalA-up,ENSG00000168702.18,ENSG00000168702,LRP1B,9.247636343696128
4.826415522324403,6.637068419745078,-1.8106528974206748,1.3718431680326123e-31,1.5156289714058392e-30,LuminalA-up,ENSG00000163749.17,ENSG00000163749,CCDC158,29.81940710173339
0.5416931175287172,2.351805357358076,-1.810112239829359,1.0116949746572464e-47,2.9437513498707376e-46,LuminalA-up,ENSG00000239453.1,ENSG00000239453,SIDT1-AS1,45.53109887637925
0.6209004544676395,2.4305621735513645,-1.809661719083725,6.513469097912268e-35,8.677721946026201e-34,LuminalA-up,ENSG00000262119.1,ENSG00000262119,AL079343.1,33.06159426976813
2.8389381260769238,4.648140973790474,-1.80920284771355,2.4714481686635485e-28,2.2523910444155014e-27,LuminalA-up,ENSG00000279675.1,ENSG00000279675,AC080100.1,26.647356208097438
10.464331977198436,12.27223828177612,-1.8079063045776849,1.3557169871665433e-20,7.672401386091935e-20,LuminalA-up,ENSG00000229807.12,ENSG00000229807,XIST,19.115068684877418
3.677568112472371,5.485466951287487,-1.8078988388151158,3.7110834450914896e-34,4.737072242173143e-33,LuminalA-up,ENSG00000287306.1,ENSG00000287306,AC016821.1,32.324489992063704
1.8308261364807334,3.638453925810374,-1.8076277893296404,2.5965482172834683e-33,3.150065010616788e-32,LuminalA-up,ENSG00000251307.1,ENSG00000251307,AC026704.1,31.50168048320697
2.9283447382336205,4.735314323325516,-1.8069695850918959,4.385559767776339e-27,3.7019381368890175e-26,LuminalA-up,ENSG00000280073.1,ENSG00000280073,AL157996.1,25.431570843020236
9.76391424417259,11.570229564883478,-1.8063153207108886,3.9351043838277557e-70,7.946066201560625e-68,LuminalA-up,ENSG00000178467.18,ENSG00000178467,P4HTM,67.09984782100068
0.551436468996581,2.3575161091834347,-1.8060796401868537,9.798427678340127e-25,7.14007164734698e-24,LuminalA-up,ENSG00000287559.1,ENSG00000287559,AL136305.1,23.146297430255853
0.11210482456983809,1.9179205524474547,-1.8058157278776166,2.513950789244213e-20,1.399794525838306e-19,LuminalA-up,ENSG00000257434.1,ENSG00000257434,AC073525.1,18.853935709210134
2.825861891677015,4.631301295362599,-1.8054394036855839,1.1567408718312493e-36,1.704349627419054e-35,LuminalA-up,ENSG00000244558.6,ENSG00000244558,KCNK15-AS1,34.76844130998979
3.1139815406515963,4.9178677592188045,-1.8038862185672082,2.431693449487663e-07,5.52687580870806e-07,LuminalA-up,ENSG00000077327.16,ENSG00000077327,SPAG6,6.2575202940935934
1.9108771642381603,3.7133578488513965,-1.8024806846132362,5.480388897203405e-31,5.839244622830838e-30,LuminalA-up,ENSG00000158428.4,ENSG00000158428,CATIP,29.233643330516784
11.085479753257328,12.886592660446667,-1.8011129071893386,2.481083443903913e-60,1.8238139701679642e-58,LuminalA-up,ENSG00000029725.17,ENSG00000029725,RABEP1,57.739019461977875
6.754491075544139,8.555084867248702,-1.8005937917045634,3.5860157182643556e-30,3.6359118837332485e-29,LuminalA-up,ENSG00000078053.17,ENSG00000078053,AMPH,28.439386650442405
6.8273325001294465,8.62740815527217,-1.8000756551427228,2.0819896522396264e-31,2.2724940782504813e-30,LuminalA-up,ENSG00000154330.13,ENSG00000154330,PGM5,29.64349723980522
9.988861472598346,11.788641079792006,-1.7997796071936598,9.744634983444037e-52,3.8203528028660133e-50,LuminalA-up,ENSG00000114737.16,ENSG00000114737,CISH,49.41789652890429
7.272190777039098,9.071954392519183,-1.7997636154800851,5.072665558402629e-53,2.160555902384449e-51,LuminalA-up,ENSG00000203780.12,ENSG00000203780,FANK1,50.665434492239584
10.976858364039362,12.774867300994774,-1.7980089369554122,5.353249722213186e-24,3.7082234074929943e-23,LuminalA-up,ENSG00000115457.10,ENSG00000115457,IGFBP2,22.430834109015496
1.0228414420582383,2.8207415324861254,-1.797900090427887,9.058833544986554e-21,5.1826608709327414e-20,LuminalA-up,ENSG00000156096.14,ENSG00000156096,UGT2B4,19.28544720842869
10.616298952819495,12.412678271872213,-1.7963793190527184,3.1763662426496005e-24,2.2349243588080312e-23,LuminalA-up,ENSG00000106483.12,ENSG00000106483,SFRP4,22.650737171014455
9.547471464695086,11.343808944557031,-1.7963374798619451,1.5338269895101389e-50,5.457949117662405e-49,LuminalA-up,ENSG00000073910.22,ENSG00000073910,FRY,48.262970517405854
9.139282717979714,10.935472624917422,-1.7961899069377072,1.4353327621996377e-69,2.7972298947053406e-67,LuminalA-up,ENSG00000110171.20,ENSG00000110171,TRIM3,66.55327183899172
8.798755514593273,10.594287223656462,-1.795531709063189,4.538993701839024e-57,2.583142086343703e-55,LuminalA-up,ENSG00000054392.13,ENSG00000054392,HHAT,54.587851704698586
11.168264426102558,12.963680345860073,-1.7954159197575148,2.389425329978073e-60,1.760297517821209e-58,LuminalA-up,ENSG00000164574.16,ENSG00000164574,GALNT10,57.754413923419875
1.3163198349378435,3.110840534407543,-1.7945206994696996,6.972137887211027e-35,9.281416281942558e-34,LuminalA-up,ENSG00000236732.1,ENSG00000236732,AC094019.2,33.032385748296086
2.779003167607056,4.572014673711586,-1.7930115061045302,9.117332382119383e-43,1.934259376257226e-41,LuminalA-up,ENSG00000263280.2,ENSG00000263280,AC003965.1,40.713485289237376
1.2337746729512706,3.0267355042588293,-1.7929608313075587,2.2688179636158596e-26,1.8321073991906434e-25,LuminalA-up,ENSG00000186732.14,ENSG00000186732,MPPED1,24.737049071329352
4.345842272097503,6.138693347597756,-1.792851075500253,1.4191214233376853e-25,1.0860490892757812e-24,LuminalA-up,ENSG00000107014.9,ENSG00000107014,RLN2,23.964150544250145
9.500933691706063,11.293398879691885,-1.7924651879858224,9.969528246424996e-71,2.2278572454677724e-68,LuminalA-up,ENSG00000183323.13,ENSG00000183323,CCDC125,67.65211264091836
3.1097179701170385,4.902118994011752,-1.7924010238947132,2.1129854379524945e-21,1.2538019451259979e-20,LuminalA-up,ENSG00000196109.9,ENSG00000196109,ZNF676,19.901771060739815
3.517205433106369,5.307810795563355,-1.7906053624569855,3.591490741278219e-26,2.8541197166345636e-25,LuminalA-up,ENSG00000177103.15,ENSG00000177103,DSCAML1,24.544527814268548
5.326517282755883,7.116235032431539,-1.7897177496756562,2.1752368905417469e-29,2.104298429176316e-28,LuminalA-up,ENSG00000134201.12,ENSG00000134201,GSTM5,27.676892669007945
0.473075889027986,2.262773453536046,-1.7896975645080602,1.8281046339068256e-31,2.002551219887477e-30,LuminalA-up,ENSG00000249091.1,ENSG00000249091,AC093903.1,29.698416367014005
10.029170183851186,11.817987792004445,-1.7888176081532592,7.122749231765819e-45,1.73639675817302e-43,LuminalA-up,ENSG00000105289.15,ENSG00000105289,TJP3,42.76035103365393
3.624816258866932,5.412508184140934,-1.7876919252740024,7.291688246469619e-18,3.487193465853355e-17,LuminalA-up,ENSG00000182836.10,ENSG00000182836,PLCXD3,16.457523957751125
1.011137229557587,2.798532168231225,-1.7873949386736383,1.3156171683703073e-51,5.110021724655006e-50,LuminalA-up,ENSG00000287500.1,ENSG00000287500,AC009754.2,49.291577253509566
8.011452009135699,9.798840786478893,-1.7873887773431942,1.2792626405686492e-52,5.340085144690052e-51,LuminalA-up,ENSG00000251615.3,ENSG00000251615,AC104825.1,50.27245181833207
1.041452672523731,2.8276559957495406,-1.7862033232258097,6.450636798647825e-26,5.050813956801567e-25,LuminalA-up,ENSG00000249421.2,ENSG00000249421,ADAMTS19-AS1,24.296638628126438
6.8386836646034626,8.624680103784645,-1.785996439181182,1.7450169913811372e-28,1.6003548440792264e-27,LuminalA-up,ENSG00000168497.5,ENSG00000168497,CAVIN2,26.79578371125698
11.219854366857568,13.005369374913041,-1.785515008055473,8.609930774846466e-48,2.524977074128202e-46,LuminalA-up,ENSG00000116667.15,ENSG00000116667,C1orf21,45.597742560763066
9.571418072821618,11.356723182850137,-1.7853051100285189,1.1769060591035076e-33,1.4605661274027978e-32,LuminalA-up,ENSG00000250722.6,ENSG00000250722,SELENOP,31.83547877548194
8.20321169148711,9.988386197508841,-1.7851745060217308,5.557524242346716e-15,2.2040725580154035e-14,LuminalA-up,ENSG00000184613.11,ENSG00000184613,NELL2,13.65677411262106
4.4716153827853065,6.255516676975304,-1.7839012941899979,8.907748603410463e-33,1.0513652576983055e-31,LuminalA-up,ENSG00000183549.10,ENSG00000183549,ACSM5,30.97824637831551
4.244228675369519,6.027907479131995,-1.7836788037624762,1.634903153181274e-38,2.6996036302776504e-37,LuminalA-up,ENSG00000233806.7,ENSG00000233806,LINC01237,36.56869999651506
11.00209289184153,12.785680430961344,-1.7835875391198144,1.920533032502581e-60,1.4369702511046099e-58,LuminalA-up,ENSG00000163697.17,ENSG00000163697,APBB2,57.84255222275989
10.517981391507185,12.300263345670036,-1.7822819541628512,1.1646919881171644e-56,6.379162653870482e-55,LuminalA-up,ENSG00000152642.11,ENSG00000152642,GPD1L,54.195236324205105
4.157646434886523,5.939303130198647,-1.7816566953121242,1.5651474857156253e-32,1.8216577680967973e-31,LuminalA-up,ENSG00000162383.13,ENSG00000162383,SLC1A7,30.73953320990287
2.172134475694382,3.950617173864751,-1.778482698170369,1.4638819667863187e-36,2.14651458996839e-35,LuminalA-up,ENSG00000197165.11,ENSG00000197165,SULT1A2,34.66826615525292
2.6867967015595595,4.465171583750432,-1.7783748821908723,1.945605356733052e-33,2.3767015873794425e-32,LuminalA-up,ENSG00000281333.2,ENSG00000281333,AC024941.2,31.624025343762
7.720295264391301,9.497276297488218,-1.7769810330969174,8.455835570694723e-31,8.901997749047963e-30,LuminalA-up,ENSG00000172260.15,ENSG00000172260,NEGR1,29.05051251986884
0.3997484163572013,2.176652064627259,-1.7769036482700575,2.9724292812780223e-30,3.0284446659100097e-29,LuminalA-up,ENSG00000224260.6,ENSG00000224260,AL023754.1,28.518780357120207
2.7141645525180156,4.490162658189698,-1.7759981056716825,1.5051574207446772e-23,1.016580228558565e-22,LuminalA-up,ENSG00000171722.13,ENSG00000171722,SPATA46,21.992858341132838
0.07944422515041612,1.855090960877933,-1.7756467357275167,3.957368490473946e-30,4.0039538726437275e-29,LuminalA-up,ENSG00000279773.1,ENSG00000279773,AL050303.3,28.3975109344324
0.4684988553285191,2.243656802865777,-1.775157947537258,1.1421957025087002e-25,8.80147125243486e-25,LuminalA-up,ENSG00000115665.9,ENSG00000115665,SLC5A7,24.055444725189943
11.338504918317303,13.11221502164045,-1.7737101033231468,9.931368361330384e-63,8.948910415908453e-61,LuminalA-up,ENSG00000144749.14,ENSG00000144749,LRIG1,60.04822983945111
9.774162610273011,11.547700507318934,-1.773537897045923,3.668666657538872e-60,2.6675424373254444e-58,LuminalA-up,ENSG00000196507.11,ENSG00000196507,TCEAL3,57.573888662756474
10.610735491983059,12.382135625102498,-1.771400133119439,2.6449599188064956e-60,1.935787259353575e-58,LuminalA-up,ENSG00000081923.15,ENSG00000081923,ATP8B1,57.71314237283626
8.797619621371334,10.568854847201639,-1.7712352258303046,1.3159580719156814e-22,8.400478874616957e-22,LuminalA-up,ENSG00000152137.8,ENSG00000152137,HSPB8,21.07569595600053
5.8748901390036306,7.645162775209094,-1.7702726362054637,1.6099311643538786e-33,1.9796365601299344e-32,LuminalA-up,ENSG00000091262.16,ENSG00000091262,ABCC6,31.703414534192024
3.86770651365377,5.635951937673285,-1.7682454240195153,4.069154446388078e-23,2.676570978079442e-22,LuminalA-up,ENSG00000170965.10,ENSG00000170965,PLAC1,21.572421235381796
6.057615378289047,7.825098678354052,-1.7674833000650043,3.5519816074369196e-09,9.314850843474068e-09,LuminalA-up,ENSG00000170373.8,ENSG00000170373,CST1,8.03082409496793
3.533233974830103,5.300179381097178,-1.7669454062670749,6.207880537893424e-12,2.002195281729891e-11,LuminalA-up,ENSG00000124253.11,ENSG00000124253,PCK1,10.698493566396328
2.967777924585537,4.7346703028596,-1.766892378274063,2.9006997225371883e-25,2.1800774596288467e-24,LuminalA-up,ENSG00000175267.15,ENSG00000175267,VWA3A,23.661528075344137
5.070316649719976,6.837162724059764,-1.7668460743397887,1.6606547018307506e-26,1.3520802916047305e-25,LuminalA-up,ENSG00000246985.8,ENSG00000246985,SOCS2-AS1,24.868997517591502
6.2635802745077,8.02966222765618,-1.76608195314848,5.915836330935003e-45,1.449552878749571e-43,LuminalA-up,ENSG00000146955.11,ENSG00000146955,RAB19,42.838765937238776
7.468929261633645,9.23477565307351,-1.765846391439866,1.4400756041294535e-57,8.468655131652507e-56,LuminalA-up,ENSG00000153832.12,ENSG00000153832,FBXO36,55.07218555251184
5.026377243696673,6.791608884316624,-1.7652316406199509,1.6252536432268128e-22,1.031985264651691e-21,LuminalA-up,ENSG00000286214.1,ENSG00000286214,AUXG01000058.1,20.986326503800036
0.20896004342493207,1.974044984527193,-1.7650849411022609,4.277321001629564e-42,8.705270186680206e-41,LuminalA-up,ENSG00000259390.4,ENSG00000259390,AC022196.1,40.06021774507929
5.370145078288337,7.134819717379979,-1.7646746390916421,5.387764998766282e-22,3.31007849630949e-21,LuminalA-up,ENSG00000179639.10,ENSG00000179639,FCER1A,20.48016170709744
4.999629476495828,6.7638775995302085,-1.7642481230343803,3.0709610118447172e-49,9.984346568092622e-48,LuminalA-up,ENSG00000258708.1,ENSG00000258708,SLC25A21-AS1,47.000680352541664
8.030912547721195,9.794681554811465,-1.7637690070902696,8.143010086886563e-58,4.891643335348343e-56,LuminalA-up,ENSG00000079337.16,ENSG00000079337,RAPGEF3,55.31054521621813
4.888414144360785,6.651729472098892,-1.7633153277381073,1.10673582513731e-36,1.6342636501587061e-35,LuminalA-up,ENSG00000140057.9,ENSG00000140057,AK7,34.78667787890979
3.0341828284184453,4.797223158970784,-1.7630403305523386,2.7209397962555794e-41,5.278119326995777e-40,LuminalA-up,ENSG00000275484.1,ENSG00000275484,AP003419.3,39.27752079553507
7.336873559626155,9.098376067804454,-1.7615025081782987,7.092073864164521e-28,6.293370663262463e-27,LuminalA-up,ENSG00000109738.11,ENSG00000109738,GLRB,26.201116688676976
4.392951898226742,6.154425378527488,-1.7614734803007464,2.7576540059254305e-47,7.793976583357542e-46,LuminalA-up,ENSG00000205838.14,ENSG00000205838,TTC23L,45.10824090335907
9.202820102622512,10.96414948197116,-1.7613293793486484,3.9635798121446965e-29,3.7842035248522624e-28,LuminalA-up,ENSG00000140479.18,ENSG00000140479,PCSK6,27.422025514092837
5.522848104541945,7.2830287232438815,-1.7601806187019369,4.729272140737677e-44,1.0993425947123921e-42,LuminalA-up,ENSG00000238164.6,ENSG00000238164,TNFRSF14-AS1,41.958866944694776
4.084767159108964,5.844934134549376,-1.7601669754404128,2.104626306569325e-25,1.5932040152710876e-24,LuminalA-up,ENSG00000105492.16,ENSG00000105492,SIGLEC6,23.797728607731024
3.7959474613368482,5.55597979237574,-1.7600323310388917,4.4417331714582916e-21,2.5938483607540406e-20,LuminalA-up,ENSG00000131969.15,ENSG00000131969,ABHD12B,19.5860554168459
0.719369358497817,2.4791671266586954,-1.7597977681608783,5.398078767617708e-40,9.75437198331782e-39,LuminalA-up,ENSG00000259200.2,ENSG00000259200,AC068722.1,38.01080068659335
1.0337446986763068,2.7930195433736444,-1.7592748446973376,1.6292682075567084e-34,2.1241956560599326e-33,LuminalA-up,ENSG00000273409.3,ENSG00000273409,LINC02712,32.67280548361989
2.6834742223989316,4.43918977155681,-1.7557155491578786,2.7097168765193334e-18,1.3351419917819793e-17,LuminalA-up,ENSG00000185303.17,ENSG00000185303,SFTPA2,16.87447254481013
6.160008936657396,7.915551208406907,-1.755542271749511,7.423548331873063e-54,3.385542041964422e-52,LuminalA-up,ENSG00000158423.17,ENSG00000158423,RIBC1,51.47037178872528
1.2677460970392656,3.022557940795412,-1.7548118437561466,3.358069173729385e-25,2.513116291659053e-24,LuminalA-up,ENSG00000257989.1,ENSG00000257989,AC078864.1,23.5997874144487
5.329485385414171,7.084233952189255,-1.754748566775084,7.006985422159987e-44,1.6131466438928763e-42,LuminalA-up,ENSG00000163106.11,ENSG00000163106,HPGDS,41.792326151061964
10.093384157816704,11.847487151341632,-1.7541029935249277,3.555272730666473e-50,1.2375154925435117e-48,LuminalA-up,ENSG00000107281.10,ENSG00000107281,NPDC1,47.90744935539719
0.742658560643065,2.4930202337854457,-1.7503616731423808,2.1363728122729716e-30,2.1932991322324658e-29,LuminalA-up,ENSG00000184999.12,ENSG00000184999,SLC22A10,28.658902133202297
11.084657659081822,12.834848989697514,-1.7501913306156922,6.253461808804088e-60,4.4599157410875116e-58,LuminalA-up,ENSG00000099282.10,ENSG00000099282,TSPAN15,57.350673346114405
2.2471308697178083,3.9971381889008293,-1.750007319183021,1.2214787349913389e-32,1.4311068576340329e-31,LuminalA-up,ENSG00000214553.10,ENSG00000214553,LRRC37A11P,30.84432793720585
9.10317461125011,10.849922594582987,-1.7467479833328774,2.694327361423456e-51,1.012487142992312e-49,LuminalA-up,ENSG00000124243.17,ENSG00000124243,BCAS4,48.99461048294089
6.917769463548337,8.66371013736668,-1.7459406738183425,4.664878413059521e-31,4.992551864806997e-30,LuminalA-up,ENSG00000213366.13,ENSG00000213366,GSTM2,29.301677414793268
4.405947363312308,6.15180177417288,-1.7458544108605727,4.275795210535982e-25,3.1765216191747806e-24,LuminalA-up,ENSG00000180875.5,ENSG00000180875,GREM2,23.49804818454205
6.632990834876815,8.378661871082352,-1.745671036205537,1.6959964720448932e-17,7.926631587136756e-17,LuminalA-up,ENSG00000259495.3,ENSG00000259495,AC016705.2,16.10091132641512
5.557004323624793,7.302464271625113,-1.7454599480003203,3.783181301357789e-40,6.895717086542311e-39,LuminalA-up,ENSG00000151778.11,ENSG00000151778,SERP2,38.161420564798476
1.168901958425819,2.9140689254376553,-1.7451669670118364,3.5416702644944326e-31,3.8221760227254794e-30,LuminalA-up,ENSG00000260253.1,ENSG00000260253,AC084262.1,29.41768931625064
9.002341077459953,10.74664733967088,-1.7443062622109267,1.6370878149547435e-17,7.656646233749547e-17,LuminalA-up,ENSG00000249242.8,ENSG00000249242,TMEM150C,16.11596141850352
8.380965352968564,10.125217896872359,-1.7442525439037944,7.192822779123402e-32,8.044825477351232e-31,LuminalA-up,ENSG00000198542.14,ENSG00000198542,ITGBL1,30.09448337295034
0.6343084365965014,2.376931677957979,-1.7426232413614775,1.1753453237763493e-44,2.8262249105439906e-43,LuminalA-up,ENSG00000268615.1,ENSG00000268615,AL353803.5,42.548793280024086
7.403690927120049,9.145701352101273,-1.742010424981224,5.71415993651622e-45,1.404242236598414e-43,LuminalA-up,ENSG00000286451.1,ENSG00000286451,AL499602.1,42.85255796845719
4.749680363687742,6.489763082261336,-1.7400827185735945,9.044576771837542e-44,2.0596074279347447e-42,LuminalA-up,ENSG00000211454.15,ENSG00000211454,AKR7L,41.68621555056725
13.761045374324288,15.500758831849097,-1.7397134575248092,4.761014072718236e-57,2.691217398271759e-55,LuminalA-up,ENSG00000141753.7,ENSG00000141753,IGFBP4,54.57005121823169
8.927784318465603,10.663799782284608,-1.7360154638190046,9.739402135441546e-40,1.7300729177530505e-38,LuminalA-up,ENSG00000179954.16,ENSG00000179954,SSC5D,37.7619355921831
8.271972517850095,10.007211218768363,-1.7352387009182682,3.218635649431202e-23,2.1309237007492377e-22,LuminalA-up,ENSG00000130558.20,ENSG00000130558,OLFM1,21.671432100232682
9.590373048959169,11.324120954809393,-1.7337479058502243,4.473436080356963e-57,2.5501628811830853e-55,LuminalA-up,ENSG00000181751.10,ENSG00000181751,MACIR,54.59343207990334
0.9708489343285213,2.704414469335161,-1.7335655350066395,7.471286693374593e-42,1.4933663086578197e-40,LuminalA-up,ENSG00000228950.1,ENSG00000228950,AC023137.1,39.82583365087106
2.5919438628462723,4.325490983098847,-1.7335471202525747,2.5704380946330024e-16,1.1160762296903917e-15,LuminalA-up,ENSG00000164007.11,ENSG00000164007,CLDN19,14.952306141417017
4.677060010165935,6.410207012423396,-1.7331470022574615,5.508077357817168e-24,3.811534951156719e-23,LuminalA-up,ENSG00000126262.5,ENSG00000126262,FFAR2,22.418900093465798
3.897520141212464,5.629344666137815,-1.7318245249253508,1.0132291119174951e-23,6.922837307679257e-23,LuminalA-up,ENSG00000183346.9,ENSG00000183346,CABCOCO1,22.159715874543032
7.8677518926792835,9.59873534925059,-1.7309834565713071,5.431592091968878e-65,6.130200906491474e-63,LuminalA-up,ENSG00000156050.10,ENSG00000156050,FAM161B,62.21252529201489
4.495016117768171,6.225325376732062,-1.7303092589638913,9.357598105702903e-36,1.3004423238107846e-34,LuminalA-up,ENSG00000260855.1,ENSG00000260855,AL591848.3,33.885908904526296
1.1957979444848315,2.925806638347647,-1.7300086938628154,6.895777502747718e-32,7.71774497135571e-31,LuminalA-up,ENSG00000257883.1,ENSG00000257883,AC125603.2,30.112509576550174
9.028144228917506,10.757008828472065,-1.7288645995545586,2.6951886984533237e-22,1.6870723654930984e-21,LuminalA-up,ENSG00000127954.13,ENSG00000127954,STEAP4,20.772866288329496
5.968812967657481,7.697060384236507,-1.728247416579026,4.344333547463855e-24,3.025598597776614e-23,LuminalA-up,ENSG00000154258.17,ENSG00000154258,ABCA9,22.51918868977416
1.9044577744601519,3.6325809426611717,-1.7281231682010199,1.6624309316154617e-23,1.1194191407744128e-22,LuminalA-up,ENSG00000276409.5,ENSG00000276409,CCL14,21.951007271431756
0.28099399450009815,2.008521580449302,-1.7275275859492039,1.1387812546247425e-22,7.2986515592775085e-22,LuminalA-up,ENSG00000225708.6,ENSG00000225708,AL354984.2,21.136757369257474
5.20821379118578,6.935434164973612,-1.7272203737878327,1.2114334554365844e-22,7.748773132021522e-22,LuminalA-up,ENSG00000188385.12,ENSG00000188385,JAKMIP3,21.110767054161027
1.7960290466008835,3.5222335155505595,-1.726204468949676,1.0614919933405394e-34,1.3980829711895827e-33,LuminalA-up,ENSG00000235438.7,ENSG00000235438,ESRRAP2,32.85446705401199
1.6960844825142967,3.421870522483088,-1.7257860399687914,6.193289663534303e-31,6.584176007664758e-30,LuminalA-up,ENSG00000264727.1,ENSG00000264727,AC005725.1,29.181498568115366
0.7993931774675191,2.5230560706180194,-1.7236628931505003,1.584310133132577e-32,1.84268132070104e-31,LuminalA-up,ENSG00000228127.3,ENSG00000228127,LINC01649,30.734549766586717
0.272897681294548,1.9954268984436325,-1.7225292171490845,4.910675412392154e-32,5.551630348174874e-31,LuminalA-up,ENSG00000224679.1,ENSG00000224679,MED15P4,30.255579458816243
10.43092899805557,12.153133826217147,-1.7222048281615763,1.1256037160030049e-33,1.3994894866624898e-32,LuminalA-up,ENSG00000143369.15,ENSG00000143369,ECM1,31.854030359721303
1.402961702058637,3.122079003393131,-1.719117301334494,6.261214470172256e-21,3.616679459592866e-20,LuminalA-up,ENSG00000137948.18,ENSG00000137948,BRDT,19.441689980345043
2.8002839719639723,4.518600483302095,-1.7183165113381231,1.2069483873094387e-18,6.090156547134184e-18,LuminalA-up,ENSG00000081842.18,ENSG00000081842,PCDHA6,17.215371543708223
0.34169660313443767,2.059820548394682,-1.7181239452602441,2.0750594021742287e-49,6.866336738487675e-48,LuminalA-up,ENSG00000260183.1,ENSG00000260183,AC108097.1,47.16327490174322
0.7459558699723969,2.4638388032484375,-1.7178829332760406,3.4476855983907714e-37,5.2625874889826343e-36,LuminalA-up,ENSG00000275981.1,ENSG00000275981,AC018816.2,35.27880067107712
9.067011753397608,10.782957821309138,-1.7159460679115295,3.935402312010455e-57,2.254951888864794e-55,LuminalA-up,ENSG00000164124.11,ENSG00000164124,TMEM144,54.64686271969442
6.197698518459297,7.913453533682525,-1.7157550152232286,3.972311588991359e-42,8.094339481032848e-41,LuminalA-up,ENSG00000213085.10,ENSG00000213085,CFAP45,40.09181858501395
5.690649889016512,7.405512903645437,-1.714863014628925,2.3602234032239507e-24,1.67367650679219e-23,LuminalA-up,ENSG00000171435.14,ENSG00000171435,KSR2,22.776328479969703
1.157597955709214,2.872014773438156,-1.7144168177289418,1.5153381250631445e-34,1.97796471776155e-33,LuminalA-up,ENSG00000261226.1,ENSG00000261226,AC092384.3,32.70378145946186
8.495201942716099,10.20946138696485,-1.7142594442487518,5.971296976270716e-42,1.2014278189951646e-40,LuminalA-up,ENSG00000166432.15,ENSG00000166432,ZMAT1,39.92030231620736
7.524607491043327,9.238255686810248,-1.713648195766921,3.073435630142894e-41,5.951563392396869e-40,LuminalA-up,ENSG00000102935.12,ENSG00000102935,ZNF423,39.2253689362034
2.479628592245131,4.192747386502964,-1.7131187942578325,2.1106154270021894e-12,7.0172415307591135e-12,LuminalA-up,ENSG00000081138.14,ENSG00000081138,CDH7,11.153833574964608
3.6700181949769908,5.382166642117084,-1.712148447140093,1.1438926833614203e-53,5.188536230889689e-52,LuminalA-up,ENSG00000280327.1,ENSG00000280327,Z97633.1,51.28495514629615
2.480213705537736,4.190854736090309,-1.7106410305525728,2.3515121785398894e-36,3.3989947487993577e-35,LuminalA-up,ENSG00000255587.9,ENSG00000255587,RAB44,34.468649506369935
6.505061648590816,8.21534228166675,-1.710280633075934,1.199953846650129e-50,4.306472477485259e-49,LuminalA-up,ENSG00000162814.11,ENSG00000162814,SPATA17,48.365878323999766
2.779616963122792,4.488936023803943,-1.7093190606811506,9.767464308564328e-38,1.533514771068273e-36,LuminalA-up,ENSG00000257298.1,ENSG00000257298,AC008147.2,35.81431203646497
1.3753711021400987,3.0844459802271844,-1.7090748780870857,3.2838586261961933e-41,6.344377011532934e-40,LuminalA-up,ENSG00000260989.1,ENSG00000260989,AL133297.2,39.19761101718425
3.086245507167702,4.795311376732673,-1.7090658695649714,1.627955792915347e-27,1.4166427356833447e-26,LuminalA-up,ENSG00000286733.1,ENSG00000286733,LINC02348,25.848739661032965
0.6254698132115686,2.3343368358147107,-1.7088670226031422,5.481785659180169e-29,5.192129282162172e-28,LuminalA-up,ENSG00000253182.1,ENSG00000253182,AC084026.1,27.28465450229578
0.13440763855356344,1.8401889770442479,-1.7057813384906844,4.41216383560004e-17,1.9983209264871414e-16,LuminalA-up,ENSG00000261776.1,ENSG00000261776,AC079414.2,15.699334763652551
3.9686979734201593,5.672356246582054,-1.7036582731618948,6.516779011563032e-27,5.437949526203456e-26,LuminalA-up,ENSG00000115602.17,ENSG00000115602,IL1RL1,25.264564827751286
7.90790334752278,9.610677603961943,-1.702774256439163,1.5359873751997563e-28,1.4148473980955162e-27,LuminalA-up,ENSG00000079435.10,ENSG00000079435,LIPE,26.84929039953121
1.04272290580003,2.7454155584108597,-1.7026926526108297,6.062661450207031e-41,1.1533508048293967e-39,LuminalA-up,ENSG00000250906.1,ENSG00000250906,AC131953.1,38.93803857698163
1.395510606377047,3.0978949192244247,-1.7023843128473777,1.0947177145877908e-21,6.599808955572437e-21,LuminalA-up,ENSG00000256166.1,ENSG00000256166,LINC02571,20.180468635782606
1.0793810251703402,2.7786985392480568,-1.6993175140777166,3.8821965690288314e-35,5.230354863096721e-34,LuminalA-up,ENSG00000230550.2,ENSG00000230550,ERLNC1,33.28146884462097
0.767113537644188,2.466333586750496,-1.6992200491063079,4.7078812097238563e-32,5.333159112874067e-31,LuminalA-up,ENSG00000231258.2,ENSG00000231258,ZSWIM5P2,30.273015459104975
6.554379695515801,8.253533523447516,-1.6991538279317142,2.0816624303381963e-55,1.0430093372935178e-53,LuminalA-up,ENSG00000260219.2,ENSG00000260219,CD2BP2-DT,52.9817118036378
3.7549860699852173,5.4534858670054165,-1.6984997970201992,2.694733846037951e-23,1.7911457172157865e-22,LuminalA-up,ENSG00000147434.9,ENSG00000147434,CHRNA6,21.74686908103626
2.2327383327768713,3.9311284065601755,-1.6983900737833042,4.123134888678771e-17,1.8727301011993551e-16,LuminalA-up,ENSG00000148702.15,ENSG00000148702,HABP2,15.727524808853257
6.106020764738263,7.804182615634299,-1.698161850896036,1.234145308769666e-59,8.60053030144682e-58,LuminalA-up,ENSG00000233006.8,ENSG00000233006,MIR3936HG,57.06547476969926
5.214680194955073,6.912297608951718,-1.6976174139966451,3.236129489638638e-10,9.177040793375968e-10,LuminalA-up,ENSG00000187288.12,ENSG00000187288,CIDEC,9.03729733778474
12.215940864759844,13.913402671344203,-1.697461806584359,4.287303196081242e-26,3.3933979488227445e-25,LuminalA-up,ENSG00000115468.12,ENSG00000115468,EFHD1,24.46936520700871
0.04281829295255767,1.7398826983477607,-1.697064405395203,6.053469812072205e-37,9.095128108501133e-36,LuminalA-up,ENSG00000258894.1,ENSG00000258894,ARHGAP16P,35.0411911793467
7.411413068125959,9.107702255563462,-1.696289187437503,1.364868227829171e-32,1.594645625543179e-31,LuminalA-up,ENSG00000129993.15,ENSG00000129993,CBFA2T3,30.797335814155765
4.180163454353311,5.8763565282201915,-1.6961930738668807,1.3654899808011066e-44,3.2740503688449993e-43,LuminalA-up,ENSG00000272732.1,ENSG00000272732,AC004982.1,42.48491464357308
4.76063278559917,6.456294909491309,-1.6956621238921388,1.6543288953568924e-30,1.7094051964353585e-29,LuminalA-up,ENSG00000272463.1,ENSG00000272463,AL357054.4,28.767154980159393
11.355628232506753,13.050001295159944,-1.6943730626531917,8.236500730657125e-38,1.302299549488806e-36,LuminalA-up,ENSG00000143248.13,ENSG00000143248,RGS5,35.88528910967934
9.025358683719425,10.719296933908215,-1.6939382501887899,7.403116490320788e-31,7.842998253968168e-30,LuminalA-up,ENSG00000196569.13,ENSG00000196569,LAMA2,29.10551788167384
2.1968808652617464,3.888336131265422,-1.6914552660036755,3.588425442994916e-46,9.471182744030675e-45,LuminalA-up,ENSG00000257696.1,ENSG00000257696,AC010203.2,44.02359578370715
4.423161077211173,6.113289432260621,-1.6901283550494481,4.369989885058762e-32,4.960449066954612e-31,LuminalA-up,ENSG00000138395.17,ENSG00000138395,CDK15,30.304479005269428
2.4946869340984077,4.183404531214036,-1.688717597115628,1.6898373463375524e-18,8.427815481213325e-18,LuminalA-up,ENSG00000183434.10,ENSG00000183434,TFDP3,17.07428498141326
2.6464040220760356,4.333968956368998,-1.6875649342929622,1.4397903178487638e-21,8.624333712346419e-21,LuminalA-up,ENSG00000261026.1,ENSG00000261026,AC105046.1,20.064274447121786
6.061943983056364,7.746943025413147,-1.6849990423567833,4.1337289400895645e-56,2.1616629340374758e-54,LuminalA-up,ENSG00000197776.8,ENSG00000197776,KLHDC1,53.66521202421244
0.09213384504189162,1.7768629048385607,-1.684729059796669,2.7147726008569145e-23,1.802677844309108e-22,LuminalA-up,ENSG00000227874.1,ENSG00000227874,GRAMD4P1,21.74408187890144
4.028059157363362,5.710342667571726,-1.6822835102083635,3.694968568554889e-11,1.1254461282867778e-10,LuminalA-up,ENSG00000096006.12,ENSG00000096006,CRISP3,9.948675288533499
9.12184093636775,10.803753975749546,-1.6819130393817954,1.4462619167336534e-63,1.42584410143859e-61,LuminalA-up,ENSG00000138613.14,ENSG00000138613,APH1B,60.84592795666243
2.311360487395946,3.991947886202163,-1.680587398806217,4.75306552915623e-34,6.028102782342673e-33,LuminalA-up,ENSG00000177994.16,ENSG00000177994,C2orf73,32.21981935134352
1.3524424794018135,3.0316678646244055,-1.679225385222592,7.190332787648802e-25,5.27280584209118e-24,LuminalA-up,ENSG00000251372.6,ENSG00000251372,LINC00499,23.277958220183965
5.128904499250875,6.807354223789924,-1.6784497245390488,6.06997670123096e-29,5.731425888035543e-28,LuminalA-up,ENSG00000177363.5,ENSG00000177363,LRRN4CL,27.241737318997917
12.590563931039716,14.26759401398457,-1.6770300829448548,1.2696094672818566e-50,4.5370265824400674e-49,LuminalA-up,ENSG00000131171.13,ENSG00000131171,SH3BGRL,48.34322867619503
8.792800524348197,10.46898036166296,-1.6761798373147627,7.021030078895905e-48,2.0753521009223168e-46,LuminalA-up,ENSG00000163637.13,ENSG00000163637,PRICKLE2,45.68290821099276
13.037758428318092,14.713620888448938,-1.6758624601308458,7.688951760061238e-53,3.2297451503415124e-51,LuminalA-up,ENSG00000134107.5,ENSG00000134107,BHLHE40,50.49083174521286
8.634600332290086,10.309889336469965,-1.675289004179879,1.3985026157918009e-42,2.931695289639848e-41,LuminalA-up,ENSG00000198133.8,ENSG00000198133,TMEM229B,40.532881170765194
1.500615091189048,3.1758636269180895,-1.6752485357290416,5.596853310884585e-35,7.4952665993148735e-34,LuminalA-up,ENSG00000287171.1,ENSG00000287171,AC006062.1,33.125212915110275
10.346207352213153,12.020772964967971,-1.6745656127548187,2.2653283970682166e-55,1.1249453017737277e-53,LuminalA-up,ENSG00000089177.19,ENSG00000089177,KIF16B,52.948868593744045
11.781027319140245,13.455444866457583,-1.6744175473173382,8.67337081328089e-56,4.452241801855673e-54,LuminalA-up,ENSG00000123124.14,ENSG00000123124,WWP1,53.35142125710464
2.029585798844419,3.7037104635804585,-1.6741246647360395,1.1591793964470347e-29,1.1394631486482288e-28,LuminalA-up,ENSG00000198237.8,ENSG00000198237,GUSBP13,27.943299715764446
0.9528939707870768,2.6266426449121143,-1.6737486741250374,5.815518320037725e-30,5.831174815664509e-29,LuminalA-up,ENSG00000266145.1,ENSG00000266145,RHOT1P1,28.23424393845541
0.31081188903858964,1.9822975937287064,-1.6714857046901168,1.889290650211277e-26,1.5337617484883024e-25,LuminalA-up,ENSG00000236272.1,ENSG00000236272,SCUBE1-AS2,24.81424209759234
5.8922904250621375,7.563402722475419,-1.6711122974132815,1.5506038882270306e-27,1.350733948372403e-26,LuminalA-up,ENSG00000105366.15,ENSG00000105366,SIGLEC8,25.869430184754684
8.679673600449593,10.350151112834173,-1.6704775123845792,5.771282579624486e-45,1.417240967538555e-43,LuminalA-up,ENSG00000162804.14,ENSG00000162804,SNED1,42.84855630220481
9.430724591969293,11.099892487612276,-1.6691678956429836,3.881372078018736e-60,2.816095066129611e-58,LuminalA-up,ENSG00000179627.10,ENSG00000179627,ZBTB42,57.55035268830883
0.2273762512957564,1.8960938660467228,-1.6687176147509664,2.5948753987929663e-39,4.478899246526274e-38,LuminalA-up,ENSG00000260963.2,ENSG00000260963,AC026462.3,37.34882870696139
3.337987720613703,5.006241664658808,-1.6682539440451052,6.916246678556552e-35,9.210670983917984e-34,LuminalA-up,ENSG00000171433.12,ENSG00000171433,GLOD5,33.03570873093251
1.6307520508018263,3.298973640536581,-1.6682215897347545,4.8102930548625104e-18,2.326038995946211e-17,LuminalA-up,ENSG00000262801.6,ENSG00000262801,U91319.1,16.633383008617763
0.7410242014650315,2.4079016677843805,-1.666877466319349,1.6234467554028023e-26,1.3230716080987584e-25,LuminalA-up,ENSG00000196364.9,ENSG00000196364,PRSS29P,24.878416650022206
2.4662778176692886,4.132881881777127,-1.6666040641078386,9.191990297395386e-33,1.0837689580326887e-31,LuminalA-up,ENSG00000287712.1,ENSG00000287712,AC005865.2,30.96506329247124
0.9862956784355859,2.651217383623526,-1.6649217051879404,3.200286150964861e-36,4.58434152907445e-35,LuminalA-up,ENSG00000249885.1,ENSG00000249885,ARHGEF38-IT1,34.33872303531045
1.8895097238570229,3.5543399298925435,-1.6648302060355207,5.353163185771283e-29,5.073170200369052e-28,LuminalA-up,ENSG00000257817.2,ENSG00000257817,AC026765.3,27.294720567242784
2.77338562403577,4.438020324011753,-1.6646346999759833,5.398282054971726e-43,1.1591954803501107e-41,LuminalA-up,ENSG00000223776.5,ENSG00000223776,LGALS8-AS1,40.9358433208278
2.7703979854202165,4.434246943963088,-1.6638489585428715,2.3494162860757123e-33,2.8606042102890624e-32,LuminalA-up,ENSG00000223519.8,ENSG00000223519,KIF28P,31.54354222649327
3.177048553414646,4.840835893506383,-1.6637873400917367,8.554040372263082e-20,4.60612744222102e-19,LuminalA-up,ENSG00000277586.4,ENSG00000277586,NEFL,18.33666405015649
2.2546297472629258,3.9178751234165454,-1.6632453761536197,1.0545898439999344e-27,9.261161008875506e-27,LuminalA-up,ENSG00000216921.9,ENSG00000216921,FAM240C,26.033334565354625
2.0518145434345656,3.7149135454644213,-1.6630990020298557,7.511513650302937e-36,1.0530570370479065e-34,LuminalA-up,ENSG00000254864.1,ENSG00000254864,AC107884.2,33.97754810535362
9.793505133505413,11.456446858721467,-1.6629417252160543,1.1758486694472705e-30,1.2293963630652683e-29,LuminalA-up,ENSG00000112796.10,ENSG00000112796,ENPP5,28.910308075990677
8.715603394763464,10.377799036853526,-1.6621956420900617,1.944063381709839e-26,1.577081426788814e-25,LuminalA-up,ENSG00000165124.18,ENSG00000165124,SVEP1,24.802145882896767
0.9563079157582313,2.6180945845376793,-1.661786668779448,1.5317908660355714e-23,1.033943411790422e-22,LuminalA-up,ENSG00000255794.9,ENSG00000255794,RMST,21.98550322973306
7.9070753350890115,9.567237640198632,-1.6601623051096208,9.820206755886972e-26,7.602155437813656e-25,LuminalA-up,ENSG00000168477.19,ENSG00000168477,TNXB,24.119063254820443
8.349716071050013,10.009397712151669,-1.6596816411016562,1.629187722761365e-14,6.264812718476649e-14,LuminalA-up,ENSG00000065618.21,ENSG00000065618,COL17A1,13.203091907359036
0.9086102056480249,2.5668980512272195,-1.6582878455791947,9.621068175108818e-29,8.963263069195319e-28,LuminalA-up,ENSG00000226876.3,ENSG00000226876,SMYD3-AS1,27.04753385697167
2.544444854257099,4.20221644505769,-1.657771590800591,1.3168780051708417e-06,2.815342224206047e-06,LuminalA-up,ENSG00000282933.2,ENSG00000282933,RHOXF1P3,5.550468806123245
9.238070471176185,10.895308319258113,-1.6572378480819285,3.6886176765676512e-56,1.953277480545777e-54,LuminalA-up,ENSG00000166821.9,ENSG00000166821,PEX11A,53.70923605691193
5.74184252715315,7.399076278440041,-1.657233751286891,1.4001380661221681e-41,2.7607428221420634e-40,LuminalA-up,ENSG00000185522.9,ENSG00000185522,LMNTD2,39.55897404831427
8.776431881356128,10.43151276762212,-1.655080886265992,2.4246476623198366e-26,1.952767651152353e-25,LuminalA-up,ENSG00000184828.10,ENSG00000184828,ZBTB7C,24.709349427897706
12.053874691425337,13.708291276565916,-1.654416585140579,2.1198246460854646e-41,4.140822968344101e-40,LuminalA-up,ENSG00000150687.12,ENSG00000150687,PRSS23,39.38291333639324
7.6754728110024395,9.329582666728967,-1.654109855726528,3.271455252542649e-12,1.074668561987746e-11,LuminalA-up,ENSG00000105048.17,ENSG00000105048,TNNT1,10.968725455649798
13.080080178335216,14.734165235996626,-1.6540850576614101,3.082161017656654e-31,3.339173798055948e-30,LuminalA-up,ENSG00000145423.5,ENSG00000145423,SFRP2,29.47636097610216
10.724337827683673,12.37797069357607,-1.6536328658923978,9.512375096652001e-50,3.237104702941879e-48,LuminalA-up,ENSG00000106780.9,ENSG00000106780,MEGF9,47.48984325327753
1.447818348234306,3.1005078681275466,-1.6526895198932405,7.752651944415261e-27,6.440369099796767e-26,LuminalA-up,ENSG00000283294.1,ENSG00000283294,AP005212.4,25.191089242358892
6.988045045553206,8.640532255723084,-1.6524872101698778,3.974405557835706e-12,1.2975754777311082e-11,LuminalA-up,ENSG00000167588.13,ENSG00000167588,GPD1,10.886867370582593
5.318893124932766,6.970633256119297,-1.6517401311865312,7.646792896812079e-51,2.789124025039618e-49,LuminalA-up,ENSG00000280332.1,ENSG00000280332,AC020917.4,48.55453217336653
1.8465893963204028,3.4981490088827942,-1.6515596125623915,9.363990884978224e-28,8.247004058446402e-27,LuminalA-up,ENSG00000257398.8,ENSG00000257398,AC126177.3,26.08370379171546
6.319350018558629,7.9704269548897875,-1.6510769363311582,1.329993436480838e-28,1.2298311721610396e-27,LuminalA-up,ENSG00000044524.11,ENSG00000044524,EPHA3,26.910154503220173
5.159476883688021,6.8097403799640075,-1.6502634962759863,4.581248302654131e-24,3.1872860752379924e-23,LuminalA-up,ENSG00000172346.15,ENSG00000172346,CSDC2,22.49657895462433
11.08631337222937,12.73647470241361,-1.6501613301842397,5.839271718746893e-54,2.677597647228397e-52,LuminalA-up,ENSG00000164938.14,ENSG00000164938,TP53INP1,51.57225468225925
5.160907885892505,6.80888891571752,-1.647981029825015,1.5526908589414746e-41,3.050773598576684e-40,LuminalA-up,ENSG00000197191.6,ENSG00000197191,CYSRT1,39.51559002065558
0.2333455697491561,1.8802093369264414,-1.6468637671772854,5.13270192215362e-41,9.79215528916274e-40,LuminalA-up,ENSG00000264175.1,ENSG00000264175,MIR3189,39.00912170787297
0.12648746561450064,1.7722260809799206,-1.64573861536542,1.5045569926787772e-34,1.9646572027500043e-33,LuminalA-up,ENSG00000264061.1,ENSG00000264061,FGF7P1,32.70671321523325
0.5492345562155341,2.194822435306493,-1.6455878790909588,5.174095449634976e-33,6.189710188142913e-32,LuminalA-up,ENSG00000232306.2,ENSG00000232306,AC012485.2,31.208329684846902
2.006297656856118,3.651329186968441,-1.6450315301123233,1.1034563761356184e-48,3.4632825588076715e-47,LuminalA-up,ENSG00000226276.1,ENSG00000226276,AC093382.1,46.460512074224454
10.558961592986163,12.20381067052117,-1.6448490775350066,3.6488815473013185e-56,1.935292871290193e-54,LuminalA-up,ENSG00000033170.17,ENSG00000033170,FUT8,53.7132533031202
10.690333849815952,12.334280130004478,-1.6439462801885263,1.7490116485257244e-68,2.9609530534637515e-66,LuminalA-up,ENSG00000109501.14,ENSG00000109501,WFS1,65.52856847838689
6.689956954487394,8.33261875188851,-1.642661797401117,5.362665232356443e-26,4.216667571864602e-25,LuminalA-up,ENSG00000165810.17,ENSG00000165810,BTNL9,24.37503063597721
2.009504772058481,3.651377516752967,-1.6418727446944863,1.0357288698404229e-23,7.073682093938666e-23,LuminalA-up,ENSG00000117598.13,ENSG00000117598,PLPPR5,22.150354462184627
0.3436993092751211,1.9853790003198353,-1.6416796910447142,9.792710908940896e-41,1.844110503751117e-39,LuminalA-up,ENSG00000251073.1,ENSG00000251073,NUDT19P5,38.73421305848226
6.164364135150553,7.805769985607834,-1.6414058504572813,2.4067600228395056e-22,1.5110431909642297e-21,LuminalA-up,ENSG00000135472.9,ENSG00000135472,FAIM2,20.82072312180965
0.7646517211315687,2.4053289511106675,-1.6406772299790988,2.576174532802883e-26,2.0703277472920793e-25,LuminalA-up,ENSG00000248464.1,ENSG00000248464,FGF10-AS1,24.683960897261343
6.302816313432868,7.942805322368327,-1.6399890089354585,3.476586981762615e-37,5.304287466030171e-36,LuminalA-up,ENSG00000131080.15,ENSG00000131080,EDA2R,35.27537294736204
8.45073730760098,10.089291715256959,-1.6385544076559793,3.4354993369750288e-19,1.7878891131098116e-18,LuminalA-up,ENSG00000064205.10,ENSG00000064205,CCN5,17.747659420136234
4.935247897702612,6.5733912772022,-1.6381433794995877,1.7371454593377424e-37,2.6908094176063366e-36,LuminalA-up,ENSG00000152154.11,ENSG00000152154,TMEM178A,35.570117060992466
11.074632500716794,12.712307644610581,-1.6376751438937873,2.4142189713663355e-36,3.4866273123739575e-35,LuminalA-up,ENSG00000112996.11,ENSG00000112996,MRPS30,34.457594472133515
2.1850552661581486,3.822526743281999,-1.6374714771238503,1.0975395928842315e-26,9.050314182897772e-26,LuminalA-up,ENSG00000177202.3,ENSG00000177202,SPACA4,25.04333634394061
1.0929232273637228,2.7275602710648155,-1.6346370437010926,7.414495376852247e-29,6.955888190094803e-28,LuminalA-up,ENSG00000275212.3,ENSG00000275212,LINC02826,27.15764740752256
0.2204558579551197,1.854216138377474,-1.6337602804223543,1.00817928934222e-20,5.747307785501907e-20,LuminalA-up,ENSG00000279994.1,ENSG00000279994,AC017037.4,19.240535544476565
4.777852918064333,6.41159362518525,-1.633740707120917,2.9124327617990624e-21,1.7157248888489378e-20,LuminalA-up,ENSG00000144229.12,ENSG00000144229,THSD7B,19.76555234867459
0.16176478419749699,1.7941181057754214,-1.6323533215779245,1.4512587948802534e-36,2.1298684240098992e-35,LuminalA-up,ENSG00000236420.1,ENSG00000236420,CHCHD3P1,34.671647224961006
7.1059060515838155,8.738239415177926,-1.6323333635941104,6.9498729876611075e-28,6.171119007851664e-27,LuminalA-up,ENSG00000166428.14,ENSG00000166428,PLD4,26.20963607828908
10.420964253314667,12.052260932423241,-1.6312966791085746,4.666075964709567e-47,1.3023052983935446e-45,LuminalA-up,ENSG00000128833.13,ENSG00000128833,MYO5C,44.8852871925228
9.84476434272103,11.475236945836555,-1.6304726031155248,2.227267406188528e-43,4.908481489509498e-42,LuminalA-up,ENSG00000100968.14,ENSG00000100968,NFATC4,41.30905284244449
0.39317002860707073,2.0228030217879325,-1.6296329931808617,3.3996928506198424e-36,4.859603597133353e-35,LuminalA-up,ENSG00000260182.1,ENSG00000260182,AC120498.2,34.313399155140765
9.959441794309964,11.588542782705643,-1.6291009883956793,3.515802982140969e-21,2.061751503872731e-20,LuminalA-up,ENSG00000176907.5,ENSG00000176907,TCIM,19.68576367998375
2.686220541304648,4.314068432281518,-1.62784789097687,3.935501248381655e-17,1.7913905736794277e-16,LuminalA-up,ENSG00000225670.4,ENSG00000225670,CADM3-AS1,15.746809715378774
3.9972913244857438,5.624802487460472,-1.627511162974728,6.969758790892952e-36,9.798882199987582e-35,LuminalA-up,ENSG00000167094.16,ENSG00000167094,TTC16,34.008823463293744
8.883023652975703,10.510334103205457,-1.6273104502297535,2.525279020619736e-38,4.121097992754312e-37,LuminalA-up,ENSG00000010319.7,ENSG00000010319,SEMA3G,36.38498705856289
8.735848803678197,10.36240970918955,-1.6265609055113526,6.930658994318265e-27,5.771818372411137e-26,LuminalA-up,ENSG00000164659.15,ENSG00000164659,ELAPOR2,25.238687343742903
0.6218523006080349,2.2479132042633827,-1.6260609036553477,7.109954974175842e-33,8.460265911763373e-32,LuminalA-up,ENSG00000259675.2,ENSG00000259675,AC018618.1,31.072615986583127
7.321275862333385,8.946462047309922,-1.6251861849765366,9.5448433996312e-34,1.1902646977516287e-32,LuminalA-up,ENSG00000185046.18,ENSG00000185046,ANKS1B,31.92435644701958
2.067521556481403,3.6925581354585026,-1.6250365789770997,5.853295241782016e-38,9.33408451496352e-37,LuminalA-up,ENSG00000245748.1,ENSG00000245748,AC097382.2,36.02992827113716
4.042689965255191,5.667145127015419,-1.6244551617602285,9.860458336834916e-35,1.3012699348453006e-33,LuminalA-up,ENSG00000249825.6,ENSG00000249825,THBS4-AS1,32.8856326042426
2.05004072590548,3.674446658910886,-1.6244059330054061,1.347761017804641e-35,1.8591337167412165e-34,LuminalA-up,ENSG00000259867.6,ENSG00000259867,AC105411.1,33.73068937281315
5.510305652490758,7.13404587230069,-1.6237402198099318,1.2362519972126562e-34,1.622520240664379e-33,LuminalA-up,ENSG00000188659.9,ENSG00000188659,SAXO2,32.78980987674392
3.5123741050583717,5.1354110201622225,-1.6230369151038508,2.4816463948080553e-13,8.810081249096167e-13,LuminalA-up,ENSG00000150625.16,ENSG00000150625,GPM6A,12.055020086381209
3.79933186582683,5.421914304779094,-1.6225824389522638,5.646145305010909e-10,1.5733543156036717e-09,LuminalA-up,ENSG00000176194.18,ENSG00000176194,CIDEA,8.803173464291001
0.9827109884851398,2.604617059950134,-1.621906071464994,2.716685609747752e-37,4.171475109424858e-36,LuminalA-up,ENSG00000248050.1,ENSG00000248050,AC079061.1,35.379710343443385
6.220039548244109,7.840298246608288,-1.6202586983641796,5.248124237476857e-29,4.979256281919734e-28,LuminalA-up,ENSG00000246082.2,ENSG00000246082,NUDT16P1,27.302835520047264
4.613685055442735,6.23334188888763,-1.6196568334448953,1.6355868520993956e-24,1.1749865255544737e-23,LuminalA-up,ENSG00000141314.13,ENSG00000141314,RHBDL3,22.92996711374194
1.494938438152675,3.114369633331238,-1.6194311951785632,3.8441797626731274e-25,2.862214696685989e-24,LuminalA-up,ENSG00000251191.8,ENSG00000251191,LINC00589,23.54329779262765
2.6892945580422283,4.308595786676719,-1.6193012286344906,4.6805582976140653e-35,6.284130336422142e-34,LuminalA-up,ENSG00000144410.5,ENSG00000144410,CPO,33.20175481602514
1.4437327274350245,3.06150129160498,-1.6177685641699555,1.9260150602056773e-34,2.5023265433369886e-33,LuminalA-up,ENSG00000287156.1,ENSG00000287156,AL138479.2,32.601656017298176
10.70137157166191,12.318768283166092,-1.6173967115041812,1.8721827826802184e-50,6.626775805220794e-49,LuminalA-up,ENSG00000090661.12,ENSG00000090661,CERS4,48.178697722060555
4.250079409036536,5.866234168130447,-1.6161547590939112,4.4615460462046004e-39,7.572203719938136e-38,LuminalA-up,ENSG00000271109.2,ENSG00000271109,AC008555.4,37.12077771044321
0.32890024812859836,1.9449806772326714,-1.6160804291040731,8.027366904235824e-36,1.1211555776249368e-34,LuminalA-up,ENSG00000232301.2,ENSG00000232301,LNCPRESS1,33.95033411816698
9.389684487154225,11.00553785481521,-1.6158533676609839,2.3456903824480892e-51,8.874440363392772e-50,LuminalA-up,ENSG00000107554.17,ENSG00000107554,DNMBP,49.05185902472399
0.21196924326604175,1.8277791263949146,-1.6158098831288727,1.0400068040277554e-48,3.2702652974681393e-47,LuminalA-up,ENSG00000255504.2,ENSG00000255504,AP001533.1,46.48541701414311
2.96863869163287,4.583865190948127,-1.615226499315257,1.2533671608059786e-34,1.6436959010256806e-33,LuminalA-up,ENSG00000273350.1,ENSG00000273350,AC004832.5,32.784178527868164
0.22392476443188064,1.8381736406982974,-1.6142488762664167,1.8183407653939527e-36,2.650034019826317e-35,LuminalA-up,ENSG00000198062.15,ENSG00000198062,POTEH,34.5767485507696
11.717591491760684,13.330464769035284,-1.6128732772746002,5.609418662748926e-51,2.0662386107180656e-49,LuminalA-up,ENSG00000157514.16,ENSG00000157514,TSC22D3,48.6848195272818
6.75178467906936,8.364657833725555,-1.6128731546561959,6.925293138533272e-16,2.9155466717361882e-15,LuminalA-up,ENSG00000138798.13,ENSG00000138798,EGF,14.535280002051117
7.24248911469174,8.853888284908253,-1.6113991702165134,4.5065501412787656e-23,2.9567344046910203e-22,LuminalA-up,ENSG00000012124.17,ENSG00000012124,CD22,21.52918768519914
1.116498945390586,2.7278212323628095,-1.6113222869722235,1.9464847073851735e-35,2.660936679916436e-34,LuminalA-up,ENSG00000223843.5,ENSG00000223843,EFCAB6-AS1,33.57496545986803
0.2417630298452703,1.8529443278232751,-1.611181297978005,6.205459729754075e-44,1.4335424544545596e-42,LuminalA-up,ENSG00000280068.1,ENSG00000280068,AC138965.2,41.84358944086725
0.8169187844689498,2.4276024441823436,-1.6106836597133938,2.337095161727683e-33,2.847671022214174e-32,LuminalA-up,ENSG00000255980.1,ENSG00000255980,AP000439.2,31.545510184097495
8.886369500278896,10.497001433863606,-1.6106319335847097,2.1800610890262914e-46,5.846051816332904e-45,LuminalA-up,ENSG00000139631.19,ENSG00000139631,CSAD,44.23313733960333
5.4775940726901,7.08737070551598,-1.6097766328258798,3.4453584384115905e-26,2.7392887774088357e-25,LuminalA-up,ENSG00000261039.3,ENSG00000261039,LINC02544,24.562362181756885
1.6668485281306784,3.276567939042013,-1.6097194109113346,2.8404251268833097e-42,5.844754466122072e-41,LuminalA-up,ENSG00000247624.6,ENSG00000247624,CPEB2-DT,40.23323372851379
9.422868340257448,11.032569130869824,-1.6097007906123757,3.8408338722334344e-22,2.383720633165427e-21,LuminalA-up,ENSG00000004799.8,ENSG00000004799,PDK4,20.622744644311023
5.386245496982502,6.995873995902765,-1.6096284989202632,9.364066258451376e-20,5.030184310629649e-19,LuminalA-up,ENSG00000228221.6,ENSG00000228221,LINC00578,18.298416101698958
3.9039721035796973,5.512903199953603,-1.6089310963739054,1.658690005228248e-27,1.4422643054539785e-26,LuminalA-up,ENSG00000197301.7,ENSG00000197301,HMGA2-AS1,25.840955144691602
1.0727994052051237,2.681178127648241,-1.6083787224431172,9.15658654161948e-28,8.07070157441717e-27,LuminalA-up,ENSG00000176769.9,ENSG00000176769,TCERG1L,26.09308871104565
5.233214992072054,6.84130084356089,-1.6080858514888359,2.408492458389568e-13,8.563982943165199e-13,LuminalA-up,ENSG00000166670.10,ENSG00000166670,MMP10,12.06732420635852
2.4329686676116427,4.040542698967617,-1.6075740313559748,2.3714725182132512e-27,2.0351192731824933e-26,LuminalA-up,ENSG00000236908.2,ENSG00000236908,LINC02827,25.691410132794022
0.1143990785042168,1.7208977343900524,-1.6064986558858356,5.771985855443903e-43,1.2370649991974401e-41,LuminalA-up,ENSG00000237555.1,ENSG00000237555,AL031681.1,40.90760748060439
2.5218155020779394,4.126878529461686,-1.6050630273837463,4.0684168243355e-19,2.108105301464306e-18,LuminalA-up,ENSG00000268555.2,ENSG00000268555,AC123912.4,17.676107699577756
0.5100307100483467,2.1148468090048893,-1.6048160989565425,4.956659808453357e-25,3.670139977454308e-24,LuminalA-up,ENSG00000181552.4,ENSG00000181552,EDDM3B,23.435317371639815
2.469145949049574,4.0735249261416415,-1.6043789770920673,3.344978136342032e-45,8.348746621756136e-44,LuminalA-up,ENSG00000237529.2,ENSG00000237529,AL137847.2,43.078378719260456
1.140189770938285,2.744406227696824,-1.604216456758539,2.84406648626675e-22,1.776614025711171e-21,LuminalA-up,ENSG00000287647.1,ENSG00000287647,AC093575.1,20.750406913619084
4.200679728016563,5.80373338588793,-1.6030536578713672,2.945953914623985e-24,2.0771639717752624e-23,LuminalA-up,ENSG00000186094.17,ENSG00000186094,AGBL4,22.6825292188109
8.416419793877514,10.019219926292878,-1.6028001324153642,7.716979219351576e-17,3.443897388773205e-16,LuminalA-up,ENSG00000068078.20,ENSG00000068078,FGFR3,15.46294979686805
4.495979720398412,6.097750422798479,-1.6017707024000671,8.97797418132288e-37,1.3351450512774753e-35,LuminalA-up,ENSG00000286705.1,ENSG00000286705,AC079140.6,34.874471549619734
1.1167869455499384,2.718467097358582,-1.6016801518086436,4.9654380036035275e-26,3.9125877263937523e-25,LuminalA-up,ENSG00000250195.1,ENSG00000250195,AC109927.1,24.40753591176841
2.3669761578153543,3.9683629810956815,-1.6013868232803272,8.864913877148146e-30,8.786277739858245e-29,LuminalA-up,ENSG00000234286.1,ENSG00000234286,AC006026.3,28.056195072527405
9.554396966008131,11.155529527104854,-1.6011325610967226,2.6030048955181965e-56,1.3982808349001593e-54,LuminalA-up,ENSG00000117480.16,ENSG00000117480,FAAH,53.85440559482873
7.391672789040477,8.99181339326416,-1.6001406042236823,1.1408560831846775e-22,7.310551693433452e-22,LuminalA-up,ENSG00000070731.11,ENSG00000070731,ST6GALNAC2,21.13604984761492
0.8376764955460608,2.437496089469749,-1.599819593923688,4.31541407864297e-28,3.865651521007813e-27,LuminalA-up,ENSG00000187855.5,ENSG00000187855,ASCL4,26.412777299124006
6.45168617644967,8.051316938355631,-1.5996307619059618,2.82789685692722e-26,2.2682723772242265e-25,LuminalA-up,ENSG00000197935.7,ENSG00000197935,ZNF311,24.644304795977163
4.864673663714929,6.463579301849779,-1.59890563813485,5.91194866808521e-25,4.351526555867726e-24,LuminalA-up,ENSG00000279970.1,ENSG00000279970,AC023024.2,23.36135836178393
3.4100083957607437,5.008359768033547,-1.5983513722728038,2.0525883155033863e-23,1.3752300686722668e-22,LuminalA-up,ENSG00000141052.18,ENSG00000141052,MYOCD,21.861624640599885
3.640140566496421,5.2384773555582616,-1.5983367890618405,1.5176619967611556e-48,4.7016663707425075e-47,LuminalA-up,ENSG00000188316.15,ENSG00000188316,ENO4,46.32774819156289
4.043610942554513,5.641767169142042,-1.5981562265875295,5.191702591052838e-07,1.1492166073571361e-06,LuminalA-up,ENSG00000169900.8,ENSG00000169900,PYDC1,5.939598106634625
8.919907565164168,10.517899031306916,-1.597991466142748,3.1544423996876134e-42,6.455820964534964e-41,LuminalA-up,ENSG00000170962.13,ENSG00000170962,PDGFD,40.190048522151024
8.478937011837242,10.076881427807548,-1.5979444159703053,2.0123775845670548e-53,8.946272763221177e-52,LuminalA-up,ENSG00000168301.13,ENSG00000168301,KCTD6,51.04835786474195
1.5939370625568023,3.191705557631633,-1.5977684950748308,4.031721474156222e-28,3.615390685225162e-27,LuminalA-up,ENSG00000254366.7,ENSG00000254366,AC062004.1,26.441844765238173
7.937609212632638,9.535096404155915,-1.5974871915232773,9.076606132597048e-27,7.506731743514757e-26,LuminalA-up,ENSG00000175745.14,ENSG00000175745,NR2F1,25.124549103567862
2.3962119807773115,3.992571011540499,-1.5963590307631876,1.3404301653287867e-18,6.729252529851869e-18,LuminalA-up,ENSG00000137976.7,ENSG00000137976,DNASE2B,17.172033173545593
1.7465911934275473,3.341968427611845,-1.5953772341842978,6.124316381142954e-40,1.103100940870026e-38,LuminalA-up,ENSG00000185689.16,ENSG00000185689,C6orf201,37.957384744987685
1.9659433687710657,3.5594991294618774,-1.5935557606908117,2.0317709710865163e-35,2.7718747639731393e-34,LuminalA-up,ENSG00000273143.2,ENSG00000273143,AL355512.1,33.557226395468625
5.742364048525048,7.3356651664389165,-1.5933011179138683,6.601944089559805e-20,3.579122851076252e-19,LuminalA-up,ENSG00000149927.18,ENSG00000149927,DOC2A,18.44622339447704
8.040515357825317,9.633273872465073,-1.5927585146397565,6.495954246621949e-42,1.3046398223293451e-40,LuminalA-up,ENSG00000130653.16,ENSG00000130653,PNPLA7,39.884509369371756
8.933848979893991,10.526441116387526,-1.5925921364935345,2.1938298131079224e-25,1.6592322954733203e-24,LuminalA-up,ENSG00000011201.12,ENSG00000011201,ANOS1,23.780092807718926
2.5140840601592935,4.105949024244846,-1.5918649640855524,4.490341134064277e-24,3.1246882876029596e-23,LuminalA-up,ENSG00000222035.4,ENSG00000222035,KIAA2012-AS1,22.50519330047226
5.4328026174164625,7.0245330132965105,-1.591730395880048,1.270119724305251e-16,5.603371039577785e-16,LuminalA-up,ENSG00000223764.2,ENSG00000223764,LINC02593,15.251550618812827
2.091121248141661,3.6814619395150414,-1.5903406913733806,2.6000250313430376e-48,7.944652602608808e-47,LuminalA-up,ENSG00000279982.1,ENSG00000279982,AL162274.3,46.09992508852187
10.141785467470012,11.731424103111328,-1.5896386356413164,1.7341904776094283e-47,4.964138754010933e-46,LuminalA-up,ENSG00000138166.6,ENSG00000138166,DUSP5,45.304156087918855
3.5644533877864717,5.153739196093717,-1.5892858083072454,7.801551457093362e-35,1.0344462216842149e-33,LuminalA-up,ENSG00000228748.2,ENSG00000228748,AL450306.1,32.98529208231374
1.7750559367731633,3.363396685250962,-1.5883407484777987,8.866906418821832e-34,1.107784954002638e-32,LuminalA-up,ENSG00000201684.1,ENSG00000201684,RN7SKP239,31.955544537761284
4.561915480837201,6.149851805267204,-1.5879363244300029,9.850914834341667e-42,1.959659734404348e-40,LuminalA-up,ENSG00000244119.1,ENSG00000244119,PDCL3P4,39.70781933083706
1.3910698840316618,2.9788584816441737,-1.587788597612512,4.9974681067126305e-14,1.8602457627652123e-13,LuminalA-up,ENSG00000109424.4,ENSG00000109424,UCP1,12.730429676017547
4.644941940393818,6.232408223044472,-1.587466282650654,3.793821598437717e-19,1.9682541399107303e-18,LuminalA-up,ENSG00000267251.2,ENSG00000267251,AC139100.1,17.70591882641535
10.686045333261516,12.273342372968937,-1.5872970397074209,4.241900799634106e-34,5.392055927331636e-33,LuminalA-up,ENSG00000176485.12,ENSG00000176485,PLAAT3,32.2682456118723
10.987998317535112,12.575126741833099,-1.5871284242979868,5.0050455812475295e-34,6.338085677499705e-33,LuminalA-up,ENSG00000180530.11,ENSG00000180530,NRIP1,32.19804189436411
6.882997626142584,8.469155347491377,-1.5861577213487932,1.6410031629879803e-21,9.810313184119333e-21,LuminalA-up,ENSG00000101463.6,ENSG00000101463,SYNDIG1,20.008317127995813
11.021543222961,12.607450181370643,-1.5859069584096428,8.319428519601753e-65,9.203539405183195e-63,LuminalA-up,ENSG00000128928.10,ENSG00000128928,IVD,62.0360451239009
7.782396165333396,9.367949888988258,-1.5855537236548622,3.872694892893817e-28,3.476505967054117e-27,LuminalA-up,ENSG00000163071.11,ENSG00000163071,SPATA18,26.458857020857266
0.5994933391941469,2.184396799970705,-1.584903460776558,4.895300764245912e-22,3.0158147696659245e-21,LuminalA-up,ENSG00000228420.1,ENSG00000228420,LINC01768,20.520595336204902
4.571881868077892,6.153532318531169,-1.5816504504532771,3.7421956053399604e-26,2.971769644420646e-25,LuminalA-up,ENSG00000198003.12,ENSG00000198003,CCDC151,24.526984857776284
11.25476604941263,12.83498180455846,-1.5802157551458293,1.4873412630736928e-27,1.2959625458339013e-26,LuminalA-up,ENSG00000122176.12,ENSG00000122176,FMOD,25.887407549678937
10.559394757952733,12.139563514586621,-1.5801687566338884,1.1984168567623957e-54,5.67386059868298e-53,LuminalA-up,ENSG00000161642.18,ENSG00000161642,ZNF385A,52.246121338608276
0.8515108829839267,2.4315063607308613,-1.5799954777469347,2.1306929598789367e-27,1.8341250132291206e-26,LuminalA-up,ENSG00000197408.10,ENSG00000197408,CYP2B6,25.736571066318533
6.882953932746293,8.462469647746312,-1.579515715000019,5.986277099955802e-15,2.369067395401635e-14,LuminalA-up,ENSG00000174175.17,ENSG00000174175,SELP,13.625422584260475
7.6131564114698955,9.192549711781716,-1.5793933003118203,1.8912293918515257e-51,7.25331913213537e-50,LuminalA-up,ENSG00000088543.15,ENSG00000088543,C3orf18,49.13946321399333
4.95601838497718,6.5351150852939135,-1.5790967003167333,3.014369069349586e-26,2.409769883248226e-25,LuminalA-up,ENSG00000133937.5,ENSG00000133937,GSC,24.61802442763553
3.8670084731256096,5.445645944571493,-1.5786374714458833,7.544568625576619e-22,4.591393252166454e-21,LuminalA-up,ENSG00000248265.2,ENSG00000248265,FLJ12825,20.3380555083815
0.8619266562618243,2.4398282456519853,-1.577901589390161,6.666240507972158e-29,6.2785159265868715e-28,LuminalA-up,ENSG00000118492.17,ENSG00000118492,ADGB,27.202142999744062
4.746031423445848,6.323366876124066,-1.5773354526782182,2.513936682330745e-39,4.3503953325620325e-38,LuminalA-up,ENSG00000230454.1,ENSG00000230454,U73166.1,37.36147127570077
6.888338241111569,8.463108931985081,-1.5747706908735122,1.4671680261274575e-53,6.54853158931989e-52,LuminalA-up,ENSG00000269867.1,ENSG00000269867,AC010326.3,51.183856073160904
1.1698309715074786,2.744364495673699,-1.5745335241662204,1.7617818002902956e-31,1.9330581324298106e-30,LuminalA-up,ENSG00000288052.1,ENSG00000288052,AL356952.1,29.71375508533313
7.145893524402723,8.719822496580889,-1.573928972178166,1.3305828487364884e-26,1.0915598896144663e-25,LuminalA-up,ENSG00000137872.17,ENSG00000137872,SEMA6D,24.961952431264464
2.015557237762875,3.5892497313813134,-1.5736924936184384,2.3822798697579943e-30,2.439035468365546e-29,LuminalA-up,ENSG00000220161.4,ENSG00000220161,LINC02076,28.612781884145704
6.385517456236609,7.958863745592553,-1.5733462893559444,2.135004728321267e-38,3.4961093548279855e-37,LuminalA-up,ENSG00000118777.12,ENSG00000118777,ABCG2,36.456414991525165
1.9324026758979613,3.5050116294718103,-1.572608953573849,2.8154455944906003e-14,1.0642054164109711e-13,LuminalA-up,ENSG00000108684.15,ENSG00000108684,ASIC2,12.972974535007792
2.6665393536427535,4.239006205942434,-1.57246685229968,8.226163516573344e-24,5.64695885880685e-23,LuminalA-up,ENSG00000285637.2,ENSG00000285637,AL161449.2,22.248185376325146
1.7031586900497626,3.2755504267584095,-1.5723917367086468,1.1467607464642798e-23,7.809715607777867e-23,LuminalA-up,ENSG00000113492.14,ENSG00000113492,AGXT2,22.10736478074774
3.8996073602087855,5.471921767631735,-1.5723144074229496,3.4403925959368236e-20,1.8976791149547858e-19,LuminalA-up,ENSG00000260597.1,ENSG00000260597,AC012531.1,18.721777222038394
1.1108627531577202,2.682501874254143,-1.571639121096423,3.208908382397711e-35,4.344208763246013e-34,LuminalA-up,ENSG00000272161.1,ENSG00000272161,AL589739.1,33.36208931266708
9.86571639895859,11.436955700399395,-1.571239301440805,5.961771966669901e-47,1.650194849899051e-45,LuminalA-up,ENSG00000187097.13,ENSG00000187097,ENTPD5,44.78246477261046
1.6463678336886576,3.2171345838462244,-1.5707667501575668,1.900244372335947e-32,2.1994541215711652e-31,LuminalA-up,ENSG00000249252.5,ENSG00000249252,C1QTNF7-AS1,30.65768509254426
1.1233971230462818,2.6938864531104856,-1.5704893300642038,1.7691512534389613e-16,7.744802143825779e-16,LuminalA-up,ENSG00000142515.15,ENSG00000142515,KLK3,15.11098967266814
4.437305487286119,6.007405059623779,-1.5700995723376598,3.4001719977373356e-39,5.832843672679401e-38,LuminalA-up,ENSG00000130997.16,ENSG00000130997,POLN,37.23411966303552
2.0707214976312276,3.639902625572516,-1.5691811279412886,4.84439948412816e-20,2.6455567075264894e-19,LuminalA-up,ENSG00000189108.13,ENSG00000189108,IL1RAPL2,18.5774829249269
0.6563234000136552,2.2251599671631883,-1.5688365671495332,2.015102986368916e-24,1.437154300065661e-23,LuminalA-up,ENSG00000259925.1,ENSG00000259925,AC130456.2,22.842496601337178
3.163608038398467,4.732307792486257,-1.5686997540877896,3.6230913542464366e-35,4.89504321621687e-34,LuminalA-up,ENSG00000233860.2,ENSG00000233860,SHROOM3-AS1,33.310243469646
8.53778040866307,10.10517437497511,-1.567393966312041,8.308706258516465e-19,4.232641850843039e-18,LuminalA-up,ENSG00000101213.7,ENSG00000101213,PTK6,17.373388478226452
6.546354077807253,8.112843496224276,-1.5664894184170226,5.5965920156153605e-27,4.6864292871203314e-26,LuminalA-up,ENSG00000280202.1,ENSG00000280202,AC005831.1,25.329157931597308
8.480703888138962,10.047166642753151,-1.5664627546141894,9.679392139411949e-26,7.496608699470621e-25,LuminalA-up,ENSG00000111058.8,ENSG00000111058,ACSS3,24.12513515743397
2.973942516244897,4.5397796524226095,-1.5658371361777124,2.9526353865029246e-26,2.364365459999475e-25,LuminalA-up,ENSG00000286153.1,ENSG00000286153,AP000331.1,24.626285393698552
5.330824162008223,6.896635564444041,-1.565811402435818,8.212240786831605e-19,4.1854084107434306e-18,LuminalA-up,ENSG00000184160.8,ENSG00000184160,ADRA2C,17.378262157293644
4.599765069394431,6.165124574341221,-1.56535950494679,7.08993598583538e-20,3.8368526678269606e-19,LuminalA-up,ENSG00000108511.10,ENSG00000108511,HOXB6,18.416024877053506
3.8465024620462502,5.410676941125187,-1.564174479078937,1.2127696656218123e-24,8.787730045750788e-24,LuminalA-up,ENSG00000231439.4,ENSG00000231439,WASIR2,23.056123292835
6.078161325911244,7.642050513490976,-1.5638891875797318,1.0464827562586497e-16,4.636893851922001e-16,LuminalA-up,ENSG00000145934.16,ENSG00000145934,TENM2,15.333772845888149
4.867232534342803,6.43083515815958,-1.5636026238167764,2.902050482777772e-15,1.1723765434583552e-14,LuminalA-up,ENSG00000255085.8,ENSG00000255085,AF186192.2,13.930932879374263
1.2120736080910566,2.775541694110365,-1.5634680860193086,1.8491163086149053e-17,8.621835952812856e-17,LuminalA-up,ENSG00000258551.6,ENSG00000258551,CRAT37,16.06440024470017
3.257993836368699,4.8214028665940525,-1.5634090302253534,1.0173388933539123e-13,3.710281765338172e-13,LuminalA-up,ENSG00000165061.15,ENSG00000165061,ZMAT4,12.43059310804399
4.940788517158285,6.503725724072921,-1.5629372069146363,1.3742306701311768e-29,1.3465130681905013e-28,LuminalA-up,ENSG00000102466.16,ENSG00000102466,FGF14,27.870789427313383
4.267441837397265,5.8301571390585885,-1.5627153016613233,3.659736492588449e-05,6.85676414015789e-05,LuminalA-up,ENSG00000134184.13,ENSG00000134184,GSTM1,4.163880789194339
7.790135164952616,9.352832082689151,-1.5626969177365346,4.0887804592514286e-22,2.5338495284545736e-21,LuminalA-up,ENSG00000184985.16,ENSG00000184985,SORCS2,20.59621917907459
1.4241994862133205,2.984565543444413,-1.5603660572310925,2.1203446444965121e-16,9.239983422194889e-16,LuminalA-up,ENSG00000215910.7,ENSG00000215910,C1orf167,15.034328807963416
3.686321916831941,5.2461731925873165,-1.5598512757553755,4.4675746347415366e-34,5.672465975626375e-33,LuminalA-up,ENSG00000258818.4,ENSG00000258818,RNASE4,32.24622810040416
0.9205170091757334,2.479670157237806,-1.5591531480620726,8.01172995418822e-27,6.645711162197207e-26,LuminalA-up,ENSG00000287818.1,ENSG00000287818,AL512283.3,25.17745853807835
3.287874657702701,4.846805840713635,-1.5589311830109343,1.5588243778801952e-26,1.2722618248488957e-25,LuminalA-up,ENSG00000224746.2,ENSG00000224746,AC015987.1,24.89542350395024
7.041169071983262,8.599907619914624,-1.5587385479313625,1.0278084046230796e-11,3.2659150367774796e-11,LuminalA-up,ENSG00000145536.15,ENSG00000145536,ADAMTS16,10.485995117682226
9.42431987833163,10.982319125486034,-1.5579992471544042,4.265166455951832e-57,2.435577165306736e-55,LuminalA-up,ENSG00000006757.12,ENSG00000006757,PNPLA4,54.613398106315564
2.036512109129764,3.5927362128638847,-1.5562241037341207,2.900487058557623e-32,3.330740877110364e-31,LuminalA-up,ENSG00000237879.1,ENSG00000237879,LINC00398,30.477459152964325
4.310110914866613,5.866278606408302,-1.556167691541689,1.6044557499305926e-23,1.081467056860516e-22,LuminalA-up,ENSG00000006283.18,ENSG00000006283,CACNA1G,21.965986705297105
3.054181909547043,4.609696199081297,-1.555514289534254,2.64990893094605e-37,4.070804187227846e-36,LuminalA-up,ENSG00000226578.1,ENSG00000226578,AL132657.1,35.390319787439246
6.173744393383383,7.728544901529169,-1.554800508145786,9.866467155686364e-36,1.3694574702219747e-34,LuminalA-up,ENSG00000203797.12,ENSG00000203797,DDO,33.863451450620474
0.08474767892590453,1.6384800548501335,-1.553732375924229,1.2043622381371519e-25,9.2719848925947e-25,LuminalA-up,ENSG00000224604.1,ENSG00000224604,AC008069.1,24.032827284666126
1.4478279359490178,3.000896275615727,-1.5530683396667093,2.077325809578961e-34,2.6926512427334406e-33,LuminalA-up,ENSG00000243083.7,ENSG00000243083,LINC00870,32.569819893586214
1.9221855567852433,3.4741046712218213,-1.551919114436578,7.668840386360474e-12,2.4591938175720184e-11,LuminalA-up,ENSG00000248663.6,ENSG00000248663,LINC00992,10.609207241661885
0.2567373826146532,1.808654784387377,-1.551917401772724,7.29237162226583e-44,1.6742486080708944e-42,LuminalA-up,ENSG00000232638.1,ENSG00000232638,AL390294.1,41.77618005345338
10.376177765260675,11.928043717087348,-1.5518659518266738,4.760675845143781e-57,2.691217398271759e-55,LuminalA-up,ENSG00000006282.21,ENSG00000006282,SPATA20,54.57005121823169
6.907030770391435,8.458726704710331,-1.5516959343188965,1.970458040669205e-35,2.6919560382793212e-34,LuminalA-up,ENSG00000129465.16,ENSG00000129465,RIPK3,33.56993203675437
7.7471746589383335,9.29837368023128,-1.5511990212929474,4.685773183215142e-22,2.8899193578909214e-21,LuminalA-up,ENSG00000132329.11,ENSG00000132329,RAMP1,20.539114275897994
0.9343790657689731,2.484775174597574,-1.550396108828601,1.5436076725588472e-13,5.561832654431104e-13,LuminalA-up,ENSG00000185002.10,ENSG00000185002,RFX6,12.254782082417291
5.228611006249727,6.7783836101494765,-1.5497726038997497,3.574248050113749e-41,6.877657556820486e-40,LuminalA-up,ENSG00000165923.16,ENSG00000165923,AGBL2,39.16255945178903
5.023773604806599,6.573463303521462,-1.5496896987148627,3.243206402792783e-24,2.2800394006211007e-23,LuminalA-up,ENSG00000186564.6,ENSG00000186564,FOXD2,22.64205764803267
9.0237772016282,10.573394446796307,-1.5496172451681076,1.7030600939998917e-37,2.6404520976353545e-36,LuminalA-up,ENSG00000151090.20,ENSG00000151090,THRB,35.57832170695653
0.8826843903943923,2.42969347761061,-1.5470090872162179,1.0936995927621397e-31,1.2143362156140087e-30,LuminalA-up,ENSG00000231606.2,ENSG00000231606,AL357873.1,29.915661052659377
10.56997526425929,12.11650384339234,-1.5465285791330512,1.0335339094645701e-34,1.3634024653778981e-33,LuminalA-up,ENSG00000172292.15,ENSG00000172292,CERS6,32.865375925022136
0.12667706489925137,1.673164699257289,-1.5464876343580376,2.3850899699570565e-23,1.5906927137477225e-22,LuminalA-up,ENSG00000234979.1,ENSG00000234979,Z82185.1,21.798413708230814
1.9400029588562855,3.4851923342458693,-1.5451893753895838,1.2454313343709776e-21,7.48554031345081e-21,LuminalA-up,ENSG00000269067.2,ENSG00000269067,ZNF728,20.125776846398928
10.073508629717697,11.618384596269399,-1.544875966551702,4.988821238820537e-22,3.07173563418928e-21,LuminalA-up,ENSG00000156011.17,ENSG00000156011,PSD3,20.51261616414615
11.302198930173216,12.846941004631741,-1.5447420744585258,1.0339977564824496e-45,2.6538747930544953e-44,LuminalA-up,ENSG00000109814.12,ENSG00000109814,UGDH,43.57611957053271
2.09337198909115,3.6377564870739865,-1.5443844979828363,1.7856866314007644e-23,1.2000043280784609e-22,LuminalA-up,ENSG00000230387.4,ENSG00000230387,AL118508.1,21.920817187571373
3.6783334701973485,5.222649316742948,-1.5443158465455995,4.526199376883872e-30,4.56295347708714e-29,LuminalA-up,ENSG00000153060.8,ENSG00000153060,TEKT5,28.340753959179857
6.8503220659657185,8.393713984620302,-1.5433919186545833,3.7366338617453884e-28,3.359763064530725e-27,LuminalA-up,ENSG00000248727.6,ENSG00000248727,LINC01948,26.473691348620605
1.9213642882356547,3.4640575338863315,-1.5426932456506768,4.158393868436589e-24,2.899716298522872e-23,LuminalA-up,ENSG00000158022.7,ENSG00000158022,TRIM63,22.537644490381428
8.26686494306339,9.809313173429207,-1.5424482303658174,2.978468850101146e-57,1.715434293047945e-55,LuminalA-up,ENSG00000139625.13,ENSG00000139625,MAP3K12,54.76562591224098
7.439338710825155,8.98167990705837,-1.542341196233214,2.187345752553498e-27,1.8819258117452067e-26,LuminalA-up,ENSG00000173947.14,ENSG00000173947,PIFO,25.72539750109194
7.342933711580833,8.885040557433369,-1.542106845852536,6.762513727759172e-49,2.1527014259685416e-47,LuminalA-up,ENSG00000186496.12,ENSG00000186496,ZNF396,46.66701620150316
5.174802159332951,6.7149276918458005,-1.5401255325128496,4.241276400132668e-18,2.058609686250319e-17,LuminalA-up,ENSG00000186462.9,ENSG00000186462,NAP1L2,16.686425988096097
1.3179789333851595,2.8575946796851417,-1.5396157462999822,2.4276024848505648e-26,1.9546777634444134e-25,LuminalA-up,ENSG00000177551.5,ENSG00000177551,NHLH2,24.708924827573803
8.977979325467699,10.517356311042928,-1.5393769855752293,1.9759278221422486e-69,3.8065000343797804e-67,LuminalA-up,ENSG00000174132.9,ENSG00000174132,FAM174A,66.41947416194819
7.633139684662373,9.172046458862496,-1.5389067742001235,3.1803026196847095e-51,1.1884475341341299e-49,LuminalA-up,ENSG00000186409.18,ENSG00000186409,CCDC30,48.92501998611837
6.698364187001471,8.236222055253446,-1.537857868251975,2.6386212289155165e-25,1.9875636762527665e-24,LuminalA-up,ENSG00000162004.18,ENSG00000162004,CCDC78,23.70167894880874
5.581995656336511,7.119202960319244,-1.5372073039827328,8.988624931050153e-19,4.572059297250397e-18,LuminalA-up,ENSG00000174945.13,ENSG00000174945,AMZ1,17.339888145664847
2.290937675470191,3.828091892515994,-1.5371542170458032,1.4416915243028782e-29,1.411375581034827e-28,LuminalA-up,ENSG00000271727.2,ENSG00000271727,AL357054.2,27.85035740079842
2.472887260688854,4.009756009576679,-1.5368687488878252,1.3573043706814165e-26,1.1129364605000265e-25,LuminalA-up,ENSG00000275393.1,ENSG00000275393,AC018695.6,24.953529629593348
0.8382258249736463,2.3739417816071295,-1.5357159566334833,2.3713189810120542e-24,1.6811889222403566e-23,LuminalA-up,ENSG00000280362.1,ENSG00000280362,AC084759.3,22.77438348032835
2.662461937444553,4.197452406350898,-1.534990468906345,1.5718342895352557e-16,6.896320076599708e-16,LuminalA-up,ENSG00000163395.17,ENSG00000163395,IGFN1,15.16138258995087
5.888267597907068,7.421825189867096,-1.5335575919600286,1.0443793496331502e-50,3.772370237036982e-49,LuminalA-up,ENSG00000272323.1,ENSG00000272323,AC026801.2,48.42338569026889
10.257144117261943,11.790115702149505,-1.5329715848875622,1.2644107255662017e-39,2.2283410894310768e-38,LuminalA-up,ENSG00000099337.5,ENSG00000099337,KCNK6,37.65201833148759
1.420151858914573,2.9530684017745528,-1.5329165428599798,2.774015644032537e-28,2.5165089144241036e-27,LuminalA-up,ENSG00000255191.1,ENSG00000255191,AP003555.2,26.599201526829194
1.0157257374263444,2.548628394387973,-1.5329026569616284,8.335094466343444e-45,2.0245823660277697e-43,LuminalA-up,ENSG00000274492.1,ENSG00000274492,AL121768.1,42.6936645501459
4.930563012232479,6.463245559861496,-1.5326825476290171,3.3184186699543237e-34,4.250416271183375e-33,LuminalA-up,ENSG00000189419.8,ENSG00000189419,SPATA41,32.371568534555585
1.7829517543818731,3.315218161413669,-1.5322664070317957,6.924652384855419e-34,8.686914219324611e-33,LuminalA-up,ENSG00000279555.1,ENSG00000279555,AC091181.1,32.061134466993735
6.5402052401700015,8.072400148399216,-1.532194908229215,3.3499742095384834e-19,1.743921967754775e-18,LuminalA-up,ENSG00000250305.9,ENSG00000250305,TRMT9B,17.758472951589052
5.2851455391206725,6.815399036217192,-1.5302534970965196,8.656057478133618e-14,3.1700103426968084e-13,LuminalA-up,ENSG00000019102.12,ENSG00000019102,VSIG2,12.498939320820474
4.474800060012892,6.0047542675990515,-1.5299542075861599,5.83355114707235e-38,9.307026865771784e-37,LuminalA-up,ENSG00000259343.7,ENSG00000259343,TMC3-AS1,36.03118903244584
2.043807255210621,3.5730694660487705,-1.5292622108381497,3.527018476048802e-28,3.178963681558372e-27,LuminalA-up,ENSG00000277301.1,ENSG00000277301,AL034550.2,26.497714433704886
3.4212552421822826,4.9500487115414495,-1.528793469359167,1.7251251427620402e-20,9.705638601105e-20,LuminalA-up,ENSG00000183715.13,ENSG00000183715,OPCML,19.01297588409718
3.581203848674373,5.109944596436931,-1.5287407477625585,1.4449289285038476e-40,2.6937718400138473e-39,LuminalA-up,ENSG00000245468.4,ENSG00000245468,LINC02447,38.5696391913967
6.242727416871564,7.770407876017371,-1.5276804591458069,2.8492106089851513e-43,6.220179386782942e-42,LuminalA-up,ENSG00000254860.6,ENSG00000254860,TMEM9B-AS1,41.20619709029848
13.090941839064422,14.618499586582054,-1.5275577475176316,1.1811097683745393e-50,4.243386863442074e-49,LuminalA-up,ENSG00000065361.16,ENSG00000065361,ERBB3,48.37228737242872
12.518309427670188,14.045569801163953,-1.5272603734937658,2.8090889039059177e-40,5.1623168891955244e-39,LuminalA-up,ENSG00000152583.12,ENSG00000152583,SPARCL1,38.2871553397757
1.4754711969485952,3.0025299445775517,-1.5270587476289565,2.5871450390484807e-35,3.513820976860011e-34,LuminalA-up,ENSG00000228634.1,ENSG00000228634,AL136115.1,33.45422036883457
5.417622060755553,6.944164185278493,-1.5265421245229396,8.177266552985954e-19,4.168217379198437e-18,LuminalA-up,ENSG00000244300.3,ENSG00000244300,GATA2-AS1,17.380049639966547
9.175065827864954,10.69908453484864,-1.5240187069836857,4.737664479249778e-16,2.0209533385651886e-15,LuminalA-up,ENSG00000125740.14,ENSG00000125740,FOSB,14.69444371371755
11.575793819372908,13.099540068892994,-1.5237462495200855,2.8543823616872894e-52,1.1639768462744274e-50,LuminalA-up,ENSG00000050405.13,ENSG00000050405,LIMA1,49.93405565854804
0.6092886514641124,2.1329989409978536,-1.5237102895337413,2.775999431209328e-29,2.6715906096507803e-28,LuminalA-up,ENSG00000198758.11,ENSG00000198758,EPS8L3,27.573230091702293
1.4816286607378697,3.00492903715247,-1.5233003764146005,1.571308688114795e-35,2.1568495997382445e-34,LuminalA-up,ENSG00000271980.1,ENSG00000271980,AC012640.4,33.66618013782794
4.2211136435208445,5.744139242200821,-1.5230255986799763,1.3048690562834311e-27,1.1399325193281369e-26,LuminalA-up,ENSG00000232022.7,ENSG00000232022,FAAHP1,25.943120856866017
1.618552758486419,3.141472725545327,-1.5229199670589082,1.0972634545649933e-13,3.9935147662343733e-13,LuminalA-up,ENSG00000184601.11,ENSG00000184601,C14orf180,12.398644705401473
7.414457759416842,8.93702946342965,-1.5225717040128073,4.529825372561967e-31,4.849560731021307e-30,LuminalA-up,ENSG00000177098.9,ENSG00000177098,SCN4B,29.314297597631395
0.7635667329242154,2.286018370959231,-1.5224516380350157,8.370395273652784e-21,4.799446622867624e-20,LuminalA-up,ENSG00000233309.1,ENSG00000233309,RPS6P12,19.31880883397638
0.48598961420449865,2.006820912701791,-1.5208312984972923,8.57111117625925e-27,7.104442300400841e-26,LuminalA-up,ENSG00000279717.1,ENSG00000279717,AC005336.3,25.148470008569
2.275080392385234,3.795866077948184,-1.52078568556295,4.5483991298963395e-12,1.4802168818847115e-11,LuminalA-up,ENSG00000225768.1,ENSG00000225768,LINC02620,10.82967464696653
2.2116069868393926,3.731912180986749,-1.5203051941473564,1.22303885145354e-26,1.0065372526570748e-25,LuminalA-up,ENSG00000204930.10,ENSG00000204930,FAM221B,24.997170146931303
2.107949479461489,3.6274699171548974,-1.5195204376934086,2.356016822929647e-14,8.956979006986704e-14,LuminalA-up,ENSG00000286481.1,ENSG00000286481,AC011246.1,13.047838443666581
7.450230698818062,8.9695185576276,-1.5192878588095375,3.214899549816697e-36,4.60330768517111e-35,LuminalA-up,ENSG00000213062.5,ENSG00000213062,Z99572.1,34.336929995884624
11.21866519556986,12.737244114932846,-1.5185789193629855,1.1860999659789215e-43,2.686356139163071e-42,LuminalA-up,ENSG00000143653.10,ENSG00000143653,SCCPDH,41.57083641198735
4.365845990788292,5.8831564014753965,-1.517310410687105,1.6138724191731226e-30,1.6696606015642923e-29,LuminalA-up,ENSG00000244274.8,ENSG00000244274,DBNDD2,28.777371800617658
1.7702676891011873,3.2875654981138065,-1.5172978090126192,1.1756288860754344e-40,2.1990558181500313e-39,LuminalA-up,ENSG00000260871.1,ENSG00000260871,AC093510.2,38.65776374689801
7.1204040857497946,8.637602351824107,-1.5171982660743124,2.912156629867309e-40,5.342938710079485e-39,LuminalA-up,ENSG00000269858.6,ENSG00000269858,EGLN2,38.27221980766754
8.59565670141763,10.11279650843454,-1.5171398070169104,3.325600857225979e-28,3.0030749120208733e-27,LuminalA-up,ENSG00000170624.13,ENSG00000170624,SGCD,26.522433834144174
9.699248549877982,11.21605740545617,-1.5168088555781871,3.333510077208662e-26,2.654139139858298e-25,LuminalA-up,ENSG00000126803.9,ENSG00000126803,HSPA2,24.57607631354064
4.5127831519034745,6.0293407026704795,-1.516557550767005,1.291466351448742e-24,9.337780867248024e-24,LuminalA-up,ENSG00000108381.11,ENSG00000108381,ASPA,23.029756322016013
9.317125584771134,10.833344219165491,-1.5162186343943578,2.8444737833433566e-39,4.904668786917146e-38,LuminalA-up,ENSG00000124496.12,ENSG00000124496,TRERF1,37.30939031527099
6.706546738569274,8.222436320676401,-1.5158895821071274,2.9817967020321026e-30,3.0370654953544846e-29,LuminalA-up,ENSG00000130518.17,ENSG00000130518,IQCN,28.517545842271943
3.2604505409238302,4.776075438909795,-1.515624897985965,1.4208830109192752e-35,1.956778904109043e-34,LuminalA-up,ENSG00000287401.1,ENSG00000287401,AC034139.1,33.708458242379756
7.283700962558193,8.798974299933052,-1.5152733373748593,8.040432548099443e-38,1.271898532384584e-36,LuminalA-up,ENSG00000083814.13,ENSG00000083814,ZNF671,35.89554753380016
5.632901660527275,7.147429456057433,-1.5145277955301584,2.61016283870975e-41,5.0690995569844045e-40,LuminalA-up,ENSG00000235169.11,ENSG00000235169,SMIM1,39.29506917916043
11.027980535697141,12.542407221048677,-1.5144266853515358,1.7732148243365623e-30,1.8294293909437232e-29,LuminalA-up,ENSG00000143850.16,ENSG00000143850,PLEKHA6,28.73768434797857
6.006406264148758,7.520722365611662,-1.5143161014629039,1.400996297169973e-22,8.92462863571598e-22,LuminalA-up,ENSG00000176402.6,ENSG00000176402,GJC3,21.049409846343483
6.765342986011742,8.279171307771188,-1.513828321759446,1.209877000842231e-21,7.275758354544597e-21,LuminalA-up,ENSG00000184408.10,ENSG00000184408,KCND2,20.138121733334582
3.5116662967407635,5.02472343730874,-1.5130571405679767,5.6540307417858504e-09,1.459441787037284e-08,LuminalA-up,ENSG00000166415.15,ENSG00000166415,WDR72,7.83581322309644
1.9743122936814264,3.4870332504452892,-1.5127209567638629,2.4783948743589456e-31,2.6946414592446272e-30,LuminalA-up,ENSG00000253177.2,ENSG00000253177,AC104211.1,29.569499012529352
3.8513564964135623,5.363513902456561,-1.512157406042999,3.0787992147203486e-45,7.695850087802094e-44,LuminalA-up,ENSG00000279026.1,ENSG00000279026,AC005225.4,43.11374340077721
2.213923233297088,3.7246459025323966,-1.5107226692353084,7.659204187704027e-22,4.6569295188071645e-21,LuminalA-up,ENSG00000261379.1,ENSG00000261379,AC010735.1,20.331900334930648
6.2136111046954206,7.722987019809355,-1.5093759151139343,4.2243875314857547e-50,1.464337849590512e-48,LuminalA-up,ENSG00000198342.10,ENSG00000198342,ZNF442,47.834358712017135
4.342572398426244,5.851712708365559,-1.5091403099393155,1.0435176018463704e-15,4.339790324304012e-15,LuminalA-up,ENSG00000152932.8,ENSG00000152932,RAB3C,14.362531252791063
6.973458649016162,8.482295345451009,-1.5088366964348472,3.1740981511238258e-19,1.6564809283149718e-18,LuminalA-up,ENSG00000198848.13,ENSG00000198848,CES1,17.780813559948186
2.494910056654932,4.0022644048668505,-1.5073543482119187,2.8172815535039434e-18,1.3854940973217749e-17,LuminalA-up,ENSG00000203740.4,ENSG00000203740,METTL11B,16.85839532012068
8.726545647750267,10.233721522631015,-1.5071758748807476,1.0776053576851532e-38,1.790844402062783e-37,LuminalA-up,ENSG00000117643.14,ENSG00000117643,MAN1C1,36.746942146290046
9.684077820652723,11.19081275788401,-1.506734937231288,2.379783236452769e-29,2.296209962173196e-28,LuminalA-up,ENSG00000153714.6,ENSG00000153714,LURAP1L,27.638988403188627
1.8328315258292753,3.339226425270445,-1.5063948994411698,9.768338154233144e-26,7.563749016629591e-25,LuminalA-up,ENSG00000227482.1,ENSG00000227482,AL157702.2,24.121262890522562
5.63850074498086,7.144776662181802,-1.5062759172009423,5.1384243256073735e-46,1.345624870268431e-44,LuminalA-up,ENSG00000150773.11,ENSG00000150773,PIH1D2,43.87107599470273
1.096742110005685,2.602267449538569,-1.505525339532884,8.198429974282695e-32,9.14818151591065e-31,LuminalA-up,ENSG00000226915.1,ENSG00000226915,RPL19P4,30.03866522681821
2.1256913190615503,3.630813669852611,-1.5051223507910607,1.979647064329292e-22,1.2492049999306828e-21,LuminalA-up,ENSG00000185610.6,ENSG00000185610,DBX2,20.903366286178983
4.279226607546227,5.7841813644081315,-1.5049547568619044,8.90872154275953e-18,4.232147762376693e-17,LuminalA-up,ENSG00000186973.11,ENSG00000186973,FAM183A,16.373439177630587
5.1927313331717775,6.697505017836304,-1.504773684664526,7.889555586972274e-35,1.045701475979876e-33,LuminalA-up,ENSG00000267414.1,ENSG00000267414,SETBP1-DT,32.980592278985554
4.332120426159201,5.835489996992173,-1.5033695708329722,5.3653531201627736e-11,1.612540451787467e-10,LuminalA-up,ENSG00000079841.18,ENSG00000079841,RIMS1,9.79248938195302
11.205766359499588,12.708890925464969,-1.503124565965381,1.1303187171706874e-57,6.705890867179016e-56,LuminalA-up,ENSG00000001617.12,ENSG00000001617,SEMA3F,55.17354351863276
8.242648726755569,9.745239596695967,-1.5025908699403985,1.831696956925993e-20,1.0291398256144702e-19,LuminalA-up,ENSG00000139970.17,ENSG00000139970,RTN1,18.98752561516242
8.71190107056059,10.213968544221535,-1.5020674736609454,9.704293804382104e-51,3.512828599599224e-49,LuminalA-up,ENSG00000155957.18,ENSG00000155957,TMBIM4,48.454343040092475
5.730952131662467,7.232221084425489,-1.5012689527630219,5.173438587288334e-20,2.822028664701464e-19,LuminalA-up,ENSG00000149599.15,ENSG00000149599,DUSP15,18.549438579221484
1.9111481312887706,3.4115398230900653,-1.5003916918012947,1.2436613654443678e-33,1.54055908978918e-32,LuminalA-up,ENSG00000172789.3,ENSG00000172789,HOXC5,31.812321639198895
6.818991281134415,8.318231159156342,-1.4992398780219274,1.3968889904235552e-37,2.1738031085885597e-36,LuminalA-up,ENSG00000111490.15,ENSG00000111490,TBC1D30,35.66277979453025
9.388400796462742,10.887413730067157,-1.4990129336044156,8.575646957431877e-27,7.106444648037492e-26,LuminalA-up,ENSG00000224078.15,ENSG00000224078,SNHG14,25.1483476223255
9.837855876227646,11.33658061825861,-1.498724742030964,3.3081133571119414e-56,1.7657318428406413e-54,LuminalA-up,ENSG00000176058.13,ENSG00000176058,TPRN,53.75307525093813
5.973321949196705,7.469944371587899,-1.4966224223911944,1.1523184107400912e-40,2.15665623271959e-39,LuminalA-up,ENSG00000165046.13,ENSG00000165046,LETM2,38.66621907517149
4.8428221463733845,6.339326241494535,-1.4965040951211508,1.990527797895626e-18,9.887743299564521e-18,LuminalA-up,ENSG00000165323.15,ENSG00000165323,FAT3,17.004902817035777
10.729665694762481,12.22534493978774,-1.4956792450252596,1.170437593923291e-47,3.388002430769319e-46,LuminalA-up,ENSG00000156650.14,ENSG00000156650,KAT6B,45.47005628675062
9.591805564645817,11.086969572780076,-1.4951640081342585,1.5174702889123386e-40,2.825866893574533e-39,LuminalA-up,ENSG00000165424.7,ENSG00000165424,ZCCHC24,38.54884829851984
2.061659993580654,3.5567262048300647,-1.4950662112494109,1.5430616750679045e-25,1.178747204837652e-24,LuminalA-up,ENSG00000269356.1,ENSG00000269356,AL356740.2,23.92857932409557
0.47885886580314985,1.9724595893708832,-1.4936007235677333,3.1189143374165766e-21,1.8357508093099848e-20,LuminalA-up,ENSG00000167916.5,ENSG00000167916,KRT24,19.73618627165683
7.140306514074526,8.633296716788111,-1.4929902027135853,5.580497201671986e-21,3.2368621941520155e-20,LuminalA-up,ENSG00000168772.11,ENSG00000168772,CXXC4,19.489875789813777
2.13908570697426,3.631827916300725,-1.4927422093264648,9.323658163755033e-39,1.5548707544729787e-37,LuminalA-up,ENSG00000214207.2,ENSG00000214207,KRT18P10,36.80830570499856
5.8030130853346495,7.295689795152684,-1.492676709818034,1.1400758857266204e-47,3.305825578681342e-46,LuminalA-up,ENSG00000245275.8,ENSG00000245275,SAP30L-AS1,45.48072006432009
8.192820746751357,9.685109524582934,-1.4922887778315772,2.1425121175650685e-23,1.4343320587333952e-22,LuminalA-up,ENSG00000112964.14,ENSG00000112964,GHR,21.8433502945669
10.566393351824876,12.05830428766489,-1.4919109358400142,7.016699126850978e-53,2.958487480906224e-51,LuminalA-up,ENSG00000143409.15,ENSG00000143409,MINDY1,50.528930264137465
7.078680570975214,8.57031868075913,-1.4916381097839153,2.5846269116431586e-53,1.1369644892162556e-51,LuminalA-up,ENSG00000182165.18,ENSG00000182165,TP53TG1,50.944253099409245
6.053697598010167,7.544545159598321,-1.4908475615881533,2.609482029659845e-28,2.3743169824700867e-27,LuminalA-up,ENSG00000240875.6,ENSG00000240875,LINC00886,26.624461301157403
2.862508010387685,4.353003344332473,-1.490495333944788,7.306256972646424e-25,5.355471981699281e-24,LuminalA-up,ENSG00000179902.13,ENSG00000179902,C1orf194,23.27120224845214
7.722431513952179,9.211016422455636,-1.4885849085034568,2.4089668054685602e-30,2.465605108986447e-29,LuminalA-up,ENSG00000260711.2,ENSG00000260711,AL121839.2,28.608076478722055
3.2563479896903176,4.744577473468769,-1.488229483778451,1.446563174529739e-31,1.59555108951092e-30,LuminalA-up,ENSG00000269086.3,ENSG00000269086,AC008555.2,29.797089285148036
1.7274948355837958,3.215717778847521,-1.488222943263725,8.362231839979762e-18,3.978736852748355e-17,LuminalA-up,ENSG00000253130.2,ENSG00000253130,AC114550.1,16.400254783441824
10.179843712946846,11.667522970406699,-1.4876792574598525,1.530049608676508e-41,3.0080506089640206e-40,LuminalA-up,ENSG00000160179.19,ENSG00000160179,ABCG1,39.52171486122903
6.075715842636451,7.56320966335392,-1.4874938207174688,3.705014330468614e-24,2.593819556334752e-23,LuminalA-up,ENSG00000241644.2,ENSG00000241644,INMT,22.586060239668235
1.7200945675443904,3.2068925903056438,-1.4867980227612534,7.422699905517309e-15,2.922693537330438e-14,LuminalA-up,ENSG00000253364.2,ENSG00000253364,COPDA1,13.534216720743823
8.776861092576562,10.26355243910344,-1.4866913465268787,2.9504311404713656e-32,3.385773770236226e-31,LuminalA-up,ENSG00000237440.9,ENSG00000237440,ZNF737,30.470342063835
2.3204021669717623,3.8070009592795535,-1.4865987923077912,6.777303238618936e-14,2.5011032099362186e-13,LuminalA-up,ENSG00000260220.7,ENSG00000260220,CCDC187,12.601868386405872
1.6355691004335673,3.1221578680188258,-1.4865887675852585,5.308440615438521e-30,5.329108398607344e-29,LuminalA-up,ENSG00000111305.19,ENSG00000111305,GSG1,28.27334544574929
8.146800416370972,9.633298712170651,-1.486498295799679,5.025766211067574e-25,3.7188451080570665e-24,LuminalA-up,ENSG00000141293.16,ENSG00000141293,SKAP1,23.429591909868233
1.6530105704994544,3.1384446129139554,-1.485434042414501,2.0960968973311247e-08,5.166642252999434e-08,LuminalA-up,ENSG00000225438.1,ENSG00000225438,KRT41P,7.28679160869376
8.244115277876272,9.729134744920131,-1.485019467043859,2.4865194943554537e-34,3.205740685863604e-33,LuminalA-up,ENSG00000114529.13,ENSG00000114529,C3orf52,32.49407161088184
1.2172902397941414,2.7017250207876153,-1.484434780993474,3.4407351969317364e-29,3.29524125146148e-28,LuminalA-up,ENSG00000274214.1,ENSG00000274214,AP005212.2,27.482112784304263
11.029502355600584,12.513727437301528,-1.4842250817009432,5.970824086960787e-34,7.521308658208402e-33,LuminalA-up,ENSG00000109472.14,ENSG00000109472,CPE,32.12370658845201
7.997043819051545,9.480373216733305,-1.4833293976817599,7.807047382312679e-31,8.252671972725354e-30,LuminalA-up,ENSG00000130038.10,ENSG00000130038,CRACR2A,29.083405416888294
4.726961595440449,6.2101918878276665,-1.4832302923872174,1.777252756112689e-31,1.9492956149542048e-30,LuminalA-up,ENSG00000156427.8,ENSG00000156427,FGF18,29.710122294177385
1.1560015971363047,2.63909648714717,-1.4830948900108654,5.242351513975404e-34,6.623581709327386e-33,LuminalA-up,ENSG00000254648.1,ENSG00000254648,AP000911.1,32.178907101806956
3.499047071464267,4.982066232371239,-1.4830191609069723,3.556012172202432e-33,4.284598418843477e-32,LuminalA-up,ENSG00000279908.1,ENSG00000279908,AC026748.3,31.368089876810384
0.6897352502743509,2.1727097672274334,-1.4829745169530826,5.926002692732339e-35,7.92023964355614e-34,LuminalA-up,ENSG00000285790.1,ENSG00000285790,AC021517.3,33.101261677716124
10.18392919494019,11.666783947213421,-1.4828547522732318,9.977197858411243e-50,3.384976439412397e-48,LuminalA-up,ENSG00000162104.10,ENSG00000162104,ADCY9,47.47044434980566
0.32209616197489727,1.8048931472834386,-1.4827969853085414,3.0279882323633653e-25,2.2752334801349473e-24,LuminalA-up,ENSG00000280172.1,ENSG00000280172,FP475955.4,23.642974030245828
2.8830966791127457,4.36548903796447,-1.4823923588517243,1.635510047478341e-17,7.651402203974039e-17,LuminalA-up,ENSG00000233028.1,ENSG00000233028,AC006970.1,16.116258968291504
0.146752850906714,1.6289315152490325,-1.4821786643423185,2.8950795225768726e-32,3.325670513940259e-31,LuminalA-up,ENSG00000285557.1,ENSG00000285557,AC069410.1,30.47812078009118
0.24583509773807063,1.7276298925740574,-1.4817947948359869,1.5941136486875787e-36,2.3333925547601587e-35,LuminalA-up,ENSG00000259309.2,ENSG00000259309,AC021818.1,34.63201219218576
8.455816118012907,9.93642354115129,-1.480607423138384,1.395131764020721e-43,3.1322717166761266e-42,LuminalA-up,ENSG00000196502.12,ENSG00000196502,SULT1A1,41.50414057102833
5.958363477955606,7.436990004938957,-1.4786265269833505,8.340653159148984e-33,9.875616174308511e-32,LuminalA-up,ENSG00000163815.6,ENSG00000163815,CLEC3B,31.005435797701136
2.0538905503623197,3.5322686226333984,-1.4783780722710786,2.1351806082340678e-11,6.626967961852404e-11,LuminalA-up,ENSG00000106631.8,ENSG00000106631,MYL7,10.178685129005151
5.720118843565712,7.198473943626443,-1.478355100060731,4.60042088040203e-17,2.0813349697810235e-16,LuminalA-up,ENSG00000147234.10,ENSG00000147234,FRMPD3,15.681658018865514
0.11740827834532651,1.5946516819724967,-1.4772434036271702,4.1060651917171716e-30,4.148140603567197e-29,LuminalA-up,ENSG00000287902.1,ENSG00000287902,AL023754.2,28.382146531376904
12.853010462259725,14.330143820985759,-1.477133358726034,6.479752318332741e-46,1.6785262574228245e-44,LuminalA-up,ENSG00000104763.20,ENSG00000104763,ASAH1,43.77507186063304
12.55604871192813,14.032261335017239,-1.4762126230891095,6.23873816150176e-43,1.3345405435452393e-41,LuminalA-up,ENSG00000109062.12,ENSG00000109062,SLC9A3R1,40.87466822774346
11.78226430517317,13.25839537593155,-1.4761310707583792,3.243492723881595e-37,4.9576778889425933e-36,LuminalA-up,ENSG00000143416.21,ENSG00000143416,SELENBP1,35.30472169370358
9.875672993001876,11.351745200060494,-1.4760722070586176,4.246574849788424e-18,2.0605846694398954e-17,LuminalA-up,ENSG00000124491.16,ENSG00000124491,F13A1,16.686009535609156
4.2350415446033445,5.710533259741384,-1.4754917151380393,2.5249602890247728e-36,3.6418532223799645e-35,LuminalA-up,ENSG00000255471.1,ENSG00000255471,AP001528.1,34.43867756156004
6.019009596954349,7.494444122692269,-1.4754345257379207,3.119537196590245e-19,1.628767707627804e-18,LuminalA-up,ENSG00000204442.4,ENSG00000204442,FAM155A,17.788140849693335
7.031867368189831,8.507136364192268,-1.4752689960024377,4.9605646360210926e-34,6.284131768685828e-33,LuminalA-up,ENSG00000155367.15,ENSG00000155367,PPM1J,32.20175471704181
1.806747827193767,3.2810274213457875,-1.4742795941520206,4.625937119697432e-46,1.213313084915946e-44,LuminalA-up,ENSG00000176855.11,ENSG00000176855,KRT18P28,43.916027118748616
4.454278042346374,5.9282947182364625,-1.4740166758900886,9.641159201382694e-36,1.3387392561323441e-34,LuminalA-up,ENSG00000158571.11,ENSG00000158571,PFKFB1,33.87330400151669
5.972215865626653,7.445237605836661,-1.473021740210008,1.1090946039951178e-19,5.932160703034362e-19,LuminalA-up,ENSG00000148357.16,ENSG00000148357,HMCN2,18.226787092388143
10.330073511446061,11.802845359972792,-1.4727718485267314,1.0847516492562485e-43,2.463473935167307e-42,LuminalA-up,ENSG00000117479.15,ENSG00000117479,SLC19A2,41.608452028425766
14.857957792781844,16.33072858998556,-1.472770797203717,3.100162266884237e-50,1.0836020770173058e-48,LuminalA-up,ENSG00000135821.19,ENSG00000135821,GLUL,47.96513017119489
0.726029937756318,2.1979488596198533,-1.4719189218635353,1.0635203016703458e-30,1.1143857615501717e-29,LuminalA-up,ENSG00000262920.5,ENSG00000262920,AC129507.4,28.952964445507007
1.6769220878403992,3.1487927890535996,-1.4718707012132004,1.9746711803343967e-34,2.56157035467527e-33,LuminalA-up,ENSG00000278668.1,ENSG00000278668,AC005899.7,32.591493711531676
1.746578913826086,3.218151632777043,-1.4715727189509569,2.4862726425940953e-13,8.824635639533468e-13,LuminalA-up,ENSG00000170298.15,ENSG00000170298,LGALS9B,12.054303217159038
1.050105818251725,2.5199218293287684,-1.4698160110770433,2.7517129892004484e-27,2.3541965134762388e-26,LuminalA-up,ENSG00000260907.1,ENSG00000260907,AC015818.2,25.62815728781534
2.460839183121156,3.9302929202223487,-1.4694537371011926,1.2584724644780122e-28,1.1653037847873748e-27,LuminalA-up,ENSG00000219395.2,ENSG00000219395,HSPA8P15,26.933560842999707
9.765288781442438,11.234392590343433,-1.4691038089009947,1.7349239697467758e-24,1.2450150174676071e-23,LuminalA-up,ENSG00000172403.11,ENSG00000172403,SYNPO2,22.90482541004296
7.9475979107385575,9.416642683300667,-1.4690447725621096,1.014493268862483e-49,3.434930744673781e-48,LuminalA-up,ENSG00000076351.13,ENSG00000076351,SLC46A1,47.46408201479343
1.7058237947476749,3.1741405405653995,-1.4683167458177246,3.2373307212979497e-28,2.9273084914461093e-27,LuminalA-up,ENSG00000279954.1,ENSG00000279954,BX324167.2,26.533531507469508
3.2695829784971613,4.73771648715396,-1.4681335086567984,1.706360527374876e-27,1.481409087739079e-26,LuminalA-up,ENSG00000287125.1,ENSG00000287125,AC018695.9,25.829324995486484
4.601150657419431,6.068818944858254,-1.4676682874388227,5.164407043598364e-11,1.5547954383098362e-10,LuminalA-up,ENSG00000163631.17,ENSG00000163631,ALB,9.808326742236662
9.49077212991066,10.957854805496817,-1.4670826755861572,1.2328935843513758e-66,1.6799428027421998e-64,LuminalA-up,ENSG00000165533.19,ENSG00000165533,TTC8,63.77470550451004
5.622005365434558,7.088407742221103,-1.4664023767865455,9.885925778103084e-47,2.7051120986286966e-45,LuminalA-up,ENSG00000272933.1,ENSG00000272933,AL391121.1,44.56781473321651
7.088053345746105,8.554424568558655,-1.4663712228125503,2.2871596995005252e-40,4.221673630355595e-39,LuminalA-up,ENSG00000164241.13,ENSG00000164241,C5orf63,38.37451534421982
9.247876643504418,10.713611972370902,-1.4657353288664847,1.0566058543717694e-41,2.0972353049706717e-40,LuminalA-up,ENSG00000198721.13,ENSG00000198721,ECI2,39.67835283996037
8.326419960631771,9.792019948461071,-1.4655999878293002,4.729178872798459e-24,3.287475649444305e-23,LuminalA-up,ENSG00000188171.16,ENSG00000188171,ZNF626,22.483137455339033
4.640183735592624,6.105481823939712,-1.4652980883470885,3.6811987685747937e-44,8.622905850637812e-43,LuminalA-up,ENSG00000270179.1,ENSG00000270179,AP002840.2,42.06434635572607
6.8449971268836105,8.31001429724424,-1.46501717036063,3.189415156239787e-31,3.452024411919847e-30,LuminalA-up,ENSG00000280099.1,ENSG00000280099,AL603750.1,29.461926141715637
5.145735386072646,6.610571195007503,-1.4648358089348568,5.618568818544973e-21,3.25781745022708e-20,LuminalA-up,ENSG00000184925.12,ENSG00000184925,LCN12,19.48707325476668
2.7174327134433636,4.1810293604561455,-1.463596647012782,1.4441745624827655e-26,1.1812769969356344e-25,LuminalA-up,ENSG00000231482.3,ENSG00000231482,AC105450.1,24.92764825299172
7.760140099246136,9.223454981948395,-1.4633148827022593,2.3125215109357327e-24,1.642637103476219e-23,LuminalA-up,ENSG00000142235.12,ENSG00000142235,LMTK3,22.784458371662733
9.112707801137459,10.575281867875615,-1.4625740667381564,6.160563555583855e-37,9.251885769855323e-36,LuminalA-up,ENSG00000149809.16,ENSG00000149809,TM7SF2,35.03376973796667
4.531319897949205,5.993038421737174,-1.4617185237879697,5.601153262479318e-23,3.6498961383807687e-22,LuminalA-up,ENSG00000092850.12,ENSG00000092850,TEKT2,21.43771949367226
0.5551087738770476,2.016122433815494,-1.4610136599384465,2.7344335080810665e-13,9.677775439856123e-13,LuminalA-up,ENSG00000256678.1,ENSG00000256678,AC025423.3,12.014224459346924
5.068146344811296,6.528715108928549,-1.4605687641172533,4.4752535150717345e-39,7.591624383866626e-38,LuminalA-up,ENSG00000153237.18,ENSG00000153237,CCDC148,37.119665287942404
4.642158571269503,6.10053887401563,-1.4583803027461268,3.38738539702745e-38,5.464155847370555e-37,LuminalA-up,ENSG00000250608.2,ENSG00000250608,AC010210.1,36.26247692230459
6.439238541552985,7.8973522409844685,-1.4581136994314834,5.881170605682525e-22,3.6072614584168025e-21,LuminalA-up,ENSG00000038295.8,ENSG00000038295,TLL1,20.44282237838237
2.226037628119324,3.683378194851573,-1.457340566732249,4.380383835408606e-39,7.445764004203675e-38,LuminalA-up,ENSG00000215089.3,ENSG00000215089,KRT18P11,37.128090732997606
2.8966899027460618,4.353958435010095,-1.4572685322640333,7.711180331811898e-44,1.7643601687531387e-42,LuminalA-up,ENSG00000277310.1,ENSG00000277310,AC090246.1,41.75341275518176
5.3470487380135285,6.804309180456997,-1.4572604424434683,2.4099128539977545e-37,3.714199723252134e-36,LuminalA-up,ENSG00000182791.5,ENSG00000182791,CCDC87,35.430134746699046
1.3318019083839328,2.788213328361328,-1.4564114199773954,4.544881398888537e-28,4.0679419089651205e-27,LuminalA-up,ENSG00000236467.8,ENSG00000236467,KCNMA1-AS1,26.390625257518227
1.5524677684137191,3.0088186666947196,-1.4563508982810005,2.6612936780375184e-18,1.3114755084948195e-17,LuminalA-up,ENSG00000229836.1,ENSG00000229836,AL671883.1,16.882239815348022
11.559440536027436,13.01494439299332,-1.4555038569658834,1.3465449951883127e-49,4.5136188238712245e-48,LuminalA-up,ENSG00000138764.15,ENSG00000138764,CCNG2,47.34547511997674
2.01302280243144,3.467985559840348,-1.4549627574089081,3.030037203029816e-12,9.97905748138725e-12,LuminalA-up,ENSG00000167434.10,ENSG00000167434,CA4,11.000910475742947
0.5620885505364798,2.017000649464098,-1.4549120989276183,8.94587070828916e-28,7.889123550167131e-27,LuminalA-up,ENSG00000248757.2,ENSG00000248757,LINC02115,26.10297124247739
9.559035424520237,11.01378140488372,-1.454745980363482,4.0599101074748786e-39,6.918565673744683e-38,LuminalA-up,ENSG00000145911.6,ENSG00000145911,N4BP3,37.159983932211446
4.990582415601547,6.444496078176332,-1.4539136625747853,2.1160170572286054e-25,1.6014651559788405e-24,LuminalA-up,ENSG00000112214.10,ENSG00000112214,FHL5,23.79548250609834
7.144122501282786,8.597699277982791,-1.4535767767000047,3.206077182158422e-33,3.8699210351440507e-32,LuminalA-up,ENSG00000287151.1,ENSG00000287151,C2orf27A,31.412297896570514
1.8537128550883006,3.307166467526599,-1.4534536124382982,1.7865278904647494e-24,1.2812241097214035e-23,LuminalA-up,ENSG00000265752.3,ENSG00000265752,AC010754.1,22.89237489749772
0.5840917147160524,2.0371381174047367,-1.4530464026886842,7.386405560023393e-35,9.821194540737172e-34,LuminalA-up,ENSG00000271901.2,ENSG00000271901,AL161716.1,33.00783568625584
9.455703650848188,10.908425312763606,-1.4527216619154188,3.4946862489937946e-25,2.611859154208963e-24,LuminalA-up,ENSG00000139211.7,ENSG00000139211,AMIGO2,23.583050246309327
0.3334696031784501,1.7853829901364315,-1.4519133869579814,3.8870207072832247e-28,3.488431970766631e-27,LuminalA-up,ENSG00000185294.7,ENSG00000185294,SPPL2C,26.45736974194347
4.076702556337686,5.527806510420371,-1.4511039540826847,5.1591587748975564e-30,5.183902941683635e-29,LuminalA-up,ENSG00000173535.15,ENSG00000173535,TNFRSF10C,28.285343138365437
6.096728797973511,7.5477080728702,-1.4509792748966888,2.049212743886254e-25,1.5523075971766606e-24,LuminalA-up,ENSG00000176928.7,ENSG00000176928,GCNT4,23.809022217021084
9.421642705188583,10.871955821772884,-1.4503131165843008,1.1613156429054763e-32,1.3620468981872486e-31,LuminalA-up,ENSG00000101493.11,ENSG00000101493,ZNF516,30.865807938478095
0.22862213591565178,1.6783175954361238,-1.449695459520472,1.6434926979888097e-31,1.8068178168771694e-30,LuminalA-up,ENSG00000229042.2,ENSG00000229042,AL031656.1,29.743085635548496
5.644967368920515,7.09456761624186,-1.449600247321345,4.765654200888848e-37,7.215209070180405e-36,LuminalA-up,ENSG00000213316.10,ENSG00000213316,LTC4S,35.14175108013387
12.067263263463023,13.515860440910627,-1.4485971774476045,1.884622469554652e-22,1.1908114077186038e-21,LuminalA-up,ENSG00000152661.9,ENSG00000152661,GJA1,20.92415701355713
5.535387149876444,6.983754941203029,-1.4483677913265849,3.959929966233489e-46,1.042708974612306e-44,LuminalA-up,ENSG00000270804.1,ENSG00000270804,AC010326.4,43.98183688846367
1.5923138635421425,3.0406181541418267,-1.4483042905996841,5.434820188838204e-33,6.492344003202302e-32,LuminalA-up,ENSG00000286864.1,ENSG00000286864,AC012076.1,31.18759847671789
5.689247166276394,7.137010290603984,-1.4477631243275892,3.977400176550771e-29,3.795116820893306e-28,LuminalA-up,ENSG00000204052.4,ENSG00000204052,LRRC73,27.42077485115494
4.776216171458647,6.223743988731783,-1.4475278172731363,7.29333170772863e-25,5.347167078807167e-24,LuminalA-up,ENSG00000197599.12,ENSG00000197599,CCDC154,23.271876245622803
5.508558519914995,6.9557353515412945,-1.4471768316262992,2.193146921126089e-31,2.3914861677341085e-30,LuminalA-up,ENSG00000269887.1,ENSG00000269887,AL391001.1,29.621332126727673
7.537088220654689,8.98350622906668,-1.4464180084119915,2.416798621791416e-34,3.119410466016491e-33,LuminalA-up,ENSG00000168646.13,ENSG00000168646,AXIN2,32.50592747506744
3.8964454026300848,5.342631487643678,-1.4461860850135935,9.547457351528732e-20,5.124592000372187e-19,LuminalA-up,ENSG00000139209.16,ENSG00000139209,SLC38A4,18.290340705694735
3.526941626504739,4.97292135803848,-1.445979731533741,2.548880626272159e-30,2.60483166440984e-29,LuminalA-up,ENSG00000280039.1,ENSG00000280039,RN7SKP23,28.58422033746239
10.877560900484614,12.32332740115909,-1.4457665006744769,6.826556441125795e-61,5.272492440242781e-59,LuminalA-up,ENSG00000111077.18,ENSG00000111077,TNS2,58.2779840342842
4.365348018942728,5.810261292175771,-1.444913273233043,1.2241944692318552e-15,5.059178721323115e-15,LuminalA-up,ENSG00000253123.4,ENSG00000253123,AC091182.1,14.295919978366992
8.802604516683136,10.246914283349293,-1.4443097666661568,7.647829212877565e-29,7.166766430406933e-28,LuminalA-up,ENSG00000164855.16,ENSG00000164855,TMEM184A,27.14467674924029
1.629487762499063,3.0737920719584335,-1.4443043094593706,2.687957886978978e-28,2.441743858307191e-27,LuminalA-up,ENSG00000225385.3,ENSG00000225385,AL353572.1,26.612299895984183
8.499368579941862,9.943227344345827,-1.4438587644039647,1.3411648664117388e-18,6.730924737553748e-18,LuminalA-up,ENSG00000233237.8,ENSG00000233237,LINC00472,17.171925265519295
1.327835562885426,2.7716677946696207,-1.4438322317841947,7.742408784546613e-17,3.4543530208705237e-16,LuminalA-up,ENSG00000228561.2,ENSG00000228561,AC026355.2,15.461633281365632
5.70275898652687,7.146454034165389,-1.4436950476385189,9.288848929138233e-45,2.2513536956233807e-43,LuminalA-up,ENSG00000263327.6,ENSG00000263327,TAPT1-AS1,42.6475562704412
8.708514946580928,10.152018969658485,-1.4435040230775567,3.1548948098263978e-58,1.9766742808482406e-56,LuminalA-up,ENSG00000137494.14,ENSG00000137494,ANKRD42,55.70406488844275
0.7822542797439183,2.2251269679801817,-1.4428726882362635,1.5863059345704044e-24,1.1400723612092615e-23,LuminalA-up,ENSG00000267453.7,ENSG00000267453,CLEC4O,22.943067582806908
7.592569441540125,9.03479276138039,-1.4422233198402648,7.698319075917557e-30,7.664023030138298e-29,LuminalA-up,ENSG00000046889.19,ENSG00000046889,PREX2,28.11554319888685
1.093895924425601,2.535477085140729,-1.4415811607151279,8.414832584986785e-34,1.0532680666495781e-32,LuminalA-up,ENSG00000207342.1,ENSG00000207342,Y_RNA,31.977461082707713
12.000829586809264,13.441862958852193,-1.441033372042929,5.575740069734525e-42,1.1238653465875003e-40,LuminalA-up,ENSG00000198589.14,ENSG00000198589,LRBA,39.9492857196719
4.537158605658998,5.977623762771526,-1.440465157112528,1.1639929931635096e-47,3.372259734731274e-46,LuminalA-up,ENSG00000270177.1,ENSG00000270177,AC104109.2,45.472078982974814
2.057692779593792,3.497771340753015,-1.4400785611592228,6.37750029589076e-20,3.4619240472592433e-19,LuminalA-up,ENSG00000265246.1,ENSG00000265246,AC129926.1,18.460682464542092
13.932632564515027,15.372670710589848,-1.440038146074821,3.145010865803829e-30,3.196505889076541e-29,LuminalA-up,ENSG00000100234.12,ENSG00000100234,TIMP3,28.495324491107766
5.840433857749054,7.280161722685221,-1.4397278649361667,1.0157538097288443e-58,6.611275281963274e-57,LuminalA-up,ENSG00000249042.6,ENSG00000249042,AC008771.1,56.17971475919835
5.364710688957787,6.803469033940271,-1.4387583449824835,3.754532692355439e-21,2.1982870890437434e-20,LuminalA-up,ENSG00000150873.12,ENSG00000150873,C2orf50,19.657915590781645
2.3526820368651964,3.7914374514000686,-1.4387554145348722,6.3573371352769215e-15,2.5105789440914518e-14,LuminalA-up,ENSG00000127588.5,ENSG00000127588,GNG13,13.6002261178689
6.022130729954128,7.4602459167530455,-1.4381151867989175,2.290504052097794e-44,5.42982290143692e-43,LuminalA-up,ENSG00000172361.6,ENSG00000172361,CFAP53,42.26521433508574
8.67630374149129,10.114347690588191,-1.438043949096901,3.108077312154983e-43,6.756339267408238e-42,LuminalA-up,ENSG00000196782.12,ENSG00000196782,MAML3,41.17028855059542
3.78302768628784,5.220716813549002,-1.4376891272611618,2.351050389595056e-15,9.544290790750428e-15,LuminalA-up,ENSG00000255408.4,ENSG00000255408,PCDHA3,14.020256337265792
5.098617362968946,6.536280761561773,-1.4376633985928269,4.754957057959431e-15,1.8933970133380863e-14,LuminalA-up,ENSG00000104435.14,ENSG00000104435,STMN2,13.722758312278224
5.062299191018731,6.499366422596077,-1.4370672315773465,6.811972934426831e-14,2.513621012351248e-13,LuminalA-up,ENSG00000166510.14,ENSG00000166510,CCDC68,12.599700201849751
12.718083769562366,14.153681076258156,-1.43559730669579,1.014449354049733e-65,1.232041389411125e-63,LuminalA-up,ENSG00000099622.14,ENSG00000099622,CIRBP,62.90937470216272
4.11223042270346,5.546262759883305,-1.4340323371798451,4.266457395080261e-18,2.0693336982070664e-17,LuminalA-up,ENSG00000231246.2,ENSG00000231246,LINC02884,16.684169469892872
3.3546885502047488,4.788556298040438,-1.4338677478356896,2.2123782041121182e-26,1.7882545792582157e-25,LuminalA-up,ENSG00000234350.5,ENSG00000234350,AC007405.1,24.747570654166083
0.03508771929824561,1.4687465940212894,-1.4336588747230437,3.5133548139963137e-31,3.792839077782816e-30,LuminalA-up,ENSG00000179381.8,ENSG00000179381,OR4K11P,29.421035583111475
9.842854164034957,11.275780711914146,-1.4329265478791893,1.8915788861270043e-39,3.3023814720300614e-38,LuminalA-up,ENSG00000167232.14,ENSG00000167232,ZNF91,37.48117276098582
5.218878254428049,6.65173436068027,-1.4328561062522205,1.0641518386478738e-23,7.263361765725255e-23,LuminalA-up,ENSG00000115423.19,ENSG00000115423,DNAH6,22.138862324426587
1.034815517456177,2.467139159538847,-1.43232364208267,8.842357433846381e-26,6.86578228358885e-25,LuminalA-up,ENSG00000122548.5,ENSG00000122548,KIAA0087,24.16330997232523
1.864238064742073,3.296304459679835,-1.432066394937762,3.5189998528260748e-40,6.424666397970045e-39,LuminalA-up,ENSG00000260954.1,ENSG00000260954,AL133297.1,38.19214941823514
3.032452362063329,4.4639770582723,-1.431524696208971,3.262210677899451e-29,3.127840444027162e-28,LuminalA-up,ENSG00000272320.1,ENSG00000272320,AL445309.1,27.50475540907956
9.769246668610922,11.200538563242509,-1.4312918946315865,3.585226833547727e-43,7.76837772854039e-42,LuminalA-up,ENSG00000198466.12,ENSG00000198466,ZNF587,41.109669665510914
6.14630972647367,7.575726865471679,-1.4294171389980086,3.469649649089849e-18,1.694139202294126e-17,LuminalA-up,ENSG00000132932.17,ENSG00000132932,ATP8A2,16.77105090787518
11.202837137003236,12.631724039411605,-1.4288869024083688,4.404157432300543e-39,7.482379986351456e-38,LuminalA-up,ENSG00000095015.6,ENSG00000095015,MAP3K1,37.12596024029911
5.438907372028443,6.866948307904087,-1.4280409358756438,2.174332030862608e-18,1.0768854857345542e-17,LuminalA-up,ENSG00000017427.17,ENSG00000017427,IGF1,16.967830476421376
0.6221108635894343,2.049990960082126,-1.4278800964926917,5.008917260553143e-17,2.2606558041435486e-16,LuminalA-up,ENSG00000258616.5,ENSG00000258616,LINC02303,15.645765556071394
11.261141660593237,12.688785972147828,-1.427644311554591,7.385099459029246e-34,9.257611588132398e-33,LuminalA-up,ENSG00000167972.14,ENSG00000167972,ABCA3,32.033501044407544
3.646618694839237,5.07407801437042,-1.4274593195311827,5.4841414467933176e-42,1.1067334214118724e-40,LuminalA-up,ENSG00000262185.3,ENSG00000262185,LINC02861,39.95595697492243
0.7112781313590625,2.13872941618508,-1.4274512848260175,4.19960957654344e-25,3.121306275071754e-24,LuminalA-up,ENSG00000163394.6,ENSG00000163394,CCKAR,23.505663614529965
1.5260255959352875,2.953247310956096,-1.4272217150208086,2.65726918887047e-11,8.182973193471581e-11,LuminalA-up,ENSG00000287148.1,ENSG00000287148,LINCADL,10.087088871522967
1.1779855591224422,2.6051525919688974,-1.4271670328464552,5.709606518345816e-23,3.717676971541409e-22,LuminalA-up,ENSG00000248740.6,ENSG00000248740,LINC02428,21.429728348714672
1.1113957003531827,2.538388864625469,-1.4269931642722862,3.5834542734894694e-20,1.972694814376203e-19,LuminalA-up,ENSG00000281560.1,ENSG00000281560,LSINCT5,18.704940097050986
1.6416557989159493,3.068566990391677,-1.4269111914757275,4.370169101077702e-34,5.550893075715217e-33,LuminalA-up,ENSG00000259935.1,ENSG00000259935,AC009754.1,32.255637138201216
4.701665081188692,6.128317495191147,-1.4266524140024543,2.1063520710317597e-24,1.5009549621807947e-23,LuminalA-up,ENSG00000136449.15,ENSG00000136449,MYCBPAP,22.823632339049073
8.339557276298624,9.765838974689917,-1.4262816983912927,1.0861988789650954e-39,1.9243861745724098e-38,LuminalA-up,ENSG00000204228.4,ENSG00000204228,HSD17B8,37.71570777187365
4.686148658668168,6.111652425302466,-1.4255037666342982,9.739634131329865e-37,1.4445687437264472e-35,LuminalA-up,ENSG00000278921.2,ENSG00000278921,EPB41L4A-DT,34.840261786245755
2.5692576582262623,3.994542324946717,-1.4252846667204548,3.709294550635161e-17,1.6909499977871699e-16,LuminalA-up,ENSG00000258676.5,ENSG00000258676,AC091544.2,15.771869234511179
5.592248813509784,7.017373233083047,-1.4251244195732635,6.957965110212525e-21,4.006716895624873e-20,LuminalA-up,ENSG00000186417.14,ENSG00000186417,GLDN,19.397211342621333
4.5228634656283315,5.947640150085735,-1.4247766844574032,2.906816657349156e-26,2.329901825785359e-25,LuminalA-up,ENSG00000287750.1,ENSG00000287750,AL353572.4,24.63266237829499
7.143710466082474,8.567385355051796,-1.4236748889693214,4.1596580011427173e-23,2.735028171798821e-22,LuminalA-up,ENSG00000171368.12,ENSG00000171368,TPPP,21.563038195914185
5.305071601417357,6.728408072982368,-1.423336471565011,2.8592324453230086e-39,4.927582085718625e-38,LuminalA-up,ENSG00000099840.14,ENSG00000099840,IZUMO4,37.307366132329555
1.6462706709578996,3.06869665744575,-1.4224259864878503,4.518678932017872e-14,1.6863295235052226e-13,LuminalA-up,ENSG00000266200.6,ENSG00000266200,PNLIPRP2,12.773057556486739
11.386294773041223,12.808445072192622,-1.422150299151399,2.2748152313866106e-45,5.724610101807746e-44,LuminalA-up,ENSG00000186260.17,ENSG00000186260,MRTFB,43.242254087398514
8.182434229070086,9.604085257602108,-1.4216510285320219,2.6246575592234024e-37,4.0338615949183146e-36,LuminalA-up,ENSG00000140398.14,ENSG00000140398,NEIL1,35.394279006865546
10.95938046792502,12.380771604073505,-1.4213911361484843,1.6020424816179472e-22,1.0176324423694066e-21,LuminalA-up,ENSG00000156675.16,ENSG00000156675,RAB11FIP1,20.9924090560614
2.527288366680418,3.9483668202153077,-1.4210784535348897,1.0078442262203281e-33,1.2558713183236207e-32,LuminalA-up,ENSG00000261469.1,ENSG00000261469,AC020978.4,31.90105485789581
1.047187088242996,2.4665660834356737,-1.4193789951926779,1.8504433924982945e-31,2.0256976654651477e-30,LuminalA-up,ENSG00000237637.1,ENSG00000237637,FRY-AS1,29.693425372410136
6.669021375230204,8.087600107529305,-1.4185787322991006,1.7360929487969223e-25,1.3213859137982025e-24,LuminalA-up,ENSG00000154102.11,ENSG00000154102,C16orf74,23.878970327157123
3.694824516122553,5.113165135226469,-1.4183406191039158,4.492639344435887e-31,4.8143628780527795e-30,LuminalA-up,ENSG00000267666.2,ENSG00000267666,AC004156.1,29.317461178291058
3.037420368689403,4.455585447231885,-1.4181650785424824,1.731683391499662e-25,1.3183290320933151e-24,LuminalA-up,ENSG00000233198.4,ENSG00000233198,RNF224,23.879976183832504
0.5866206602033855,2.004614151796603,-1.4179934915932173,1.905988956325855e-24,1.3633962828861003e-23,LuminalA-up,ENSG00000186115.13,ENSG00000186115,CYP4F2,22.865377894380583
9.794932620962761,11.212883408610267,-1.4179507876475057,5.785317253890973e-26,4.539415598090482e-25,LuminalA-up,ENSG00000184347.15,ENSG00000184347,SLIT3,24.343000054381005
4.172632583862948,5.590519129345256,-1.4178865454823075,1.879306215600761e-24,1.3457454464203698e-23,LuminalA-up,ENSG00000126895.15,ENSG00000126895,AVPR2,22.87103708102582
7.057165831659287,8.474659925368707,-1.4174940937094203,6.894309704166412e-30,6.888144896681315e-29,LuminalA-up,ENSG00000175879.9,ENSG00000175879,HOXD8,28.161897725786794
4.320339992024247,5.737550338612424,-1.4172103465881767,5.609450421328971e-37,8.443142259674321e-36,LuminalA-up,ENSG00000205959.4,ENSG00000205959,AC105345.1,35.0734958931772
3.6280234385234578,5.044443702177386,-1.416420263653928,1.329256530335157e-26,1.0907387734843196e-25,LuminalA-up,ENSG00000158955.11,ENSG00000158955,WNT9B,24.962279248328677
0.9000165898974866,2.316377977235181,-1.4163613873376943,2.936489876912746e-26,2.35256072356872e-25,LuminalA-up,ENSG00000262294.1,ENSG00000262294,AC129507.2,24.62845915788138
7.987006463754489,9.403287258210957,-1.4162807944564682,1.2556606335820273e-43,2.8324188719831462e-42,LuminalA-up,ENSG00000250742.4,ENSG00000250742,LINC02381,41.54784252063654
4.50795985882182,5.924159520843305,-1.4161996620214845,1.477759074561363e-16,6.497177882908826e-16,LuminalA-up,ENSG00000267530.3,ENSG00000267530,LINC01836,15.187275242745455
1.010080528907898,2.4259553282822357,-1.4158747993743377,3.077105370567171e-29,2.953739175870893e-28,LuminalA-up,ENSG00000271911.1,ENSG00000271911,AL357054.3,27.52962785685112
10.344055523966166,11.759557776715111,-1.4155022527489454,1.0235124539490984e-61,8.42951780254884e-60,LuminalA-up,ENSG00000198863.7,ENSG00000198863,RUNDC1,59.074197267804884
6.281421755819347,7.696255418008816,-1.4148336621894693,3.9638379728615224e-38,6.381741059093094e-37,LuminalA-up,ENSG00000085465.13,ENSG00000085465,OVGP1,36.19506082140363
4.476778768398645,5.891594133138703,-1.4148153647400585,2.3751528942232916e-13,8.449917747226145e-13,LuminalA-up,ENSG00000114757.19,ENSG00000114757,PEX5L,12.073147518517723
5.260670106565844,6.675355588163575,-1.414685481597731,6.666100109164009e-32,7.470667858882567e-31,LuminalA-up,ENSG00000155530.3,ENSG00000155530,LRGUK,30.126640571616697
7.929154321855529,9.343710302423945,-1.4145559805684158,5.942815689471545e-20,3.2317193690961414e-19,LuminalA-up,ENSG00000175591.12,ENSG00000175591,P2RY2,18.49056635883325
2.2127103627669857,3.626603972072014,-1.413893609305028,3.452630093960829e-35,4.670385825244834e-34,LuminalA-up,ENSG00000250893.1,ENSG00000250893,AC098869.2,33.33064724045029
1.1215037493252513,2.535343452158103,-1.4138397028328518,7.49185518528915e-19,3.826405390993331e-18,LuminalA-up,ENSG00000249993.1,ENSG00000249993,BFSP2-AS1,17.41720902026148
0.7667711901261651,2.1805215822899084,-1.4137503921637433,2.1393017249074025e-36,3.098936638673126e-35,LuminalA-up,ENSG00000224153.3,ENSG00000224153,LINC02054,34.50878730332055
0.3333428543898047,1.7467594830186297,-1.413416628628825,7.874916262887503e-23,5.092942178892323e-22,LuminalA-up,ENSG00000238358.2,ENSG00000238358,AC004969.1,21.29303125442083
6.3769070594630834,7.78967674453271,-1.4127696850696267,1.0346348436860756e-44,2.500429701539816e-43,LuminalA-up,ENSG00000103599.20,ENSG00000103599,IQCH,42.60198535093935
0.5081157968156413,1.9203059435063152,-1.4121901466906739,7.528298983493526e-15,2.960795282490942e-14,LuminalA-up,ENSG00000169906.5,ENSG00000169906,S100G,13.528591619884637
8.59750438239937,10.009572791474305,-1.4120684090749354,1.1403402236218891e-36,1.6809236717592666e-35,LuminalA-up,ENSG00000165591.6,ENSG00000165591,FAAH2,34.77445200677848
0.8350638768992643,2.247037146633607,-1.411973269734343,2.4917547276178512e-26,2.005368990870357e-25,LuminalA-up,ENSG00000233996.1,ENSG00000233996,KDM3AP1,24.697805704861864
10.841547515943702,12.253308903883802,-1.4117613879400999,2.6357161429210418e-43,5.78959404395238e-42,LuminalA-up,ENSG00000182022.18,ENSG00000182022,CHST15,41.237351887162426
2.7503666199769703,4.162112366867288,-1.4117457468903178,4.103779237661199e-27,3.469323582507021e-26,LuminalA-up,ENSG00000166143.10,ENSG00000166143,PPP1R14D,25.45975519178566
4.157958361878624,5.569572941465128,-1.4116145795865043,4.3449128534664574e-23,2.8529182928148025e-22,LuminalA-up,ENSG00000253414.3,ENSG00000253414,AC124067.2,21.54471066629869
6.498030619986955,7.909504990894393,-1.4114743709074382,6.96236226122644e-24,4.7951177932260174e-23,LuminalA-up,ENSG00000197558.13,ENSG00000197558,SSPOP,22.3192007198135
4.624828102813113,6.036299787742027,-1.4114716849289142,1.360206807039754e-10,3.974730378517353e-10,LuminalA-up,ENSG00000165188.13,ENSG00000165188,RNF183,9.400692325898966
2.045294967652589,3.456668221391835,-1.4113732537392463,1.1196801425386763e-10,3.2864867231082687e-10,LuminalA-up,ENSG00000094796.5,ENSG00000094796,KRT31,9.48326811786177
7.695752959801778,9.106743294636845,-1.4109903348350663,1.7303841625808788e-21,1.033543783494495e-20,LuminalA-up,ENSG00000131386.19,ENSG00000131386,GALNT15,19.9856711208487
4.628417314905847,6.037917413890547,-1.4095000989847,8.356029998936972e-26,6.497196139280152e-25,LuminalA-up,ENSG00000259275.4,ENSG00000259275,AC087477.2,24.18727402242637
0.8174267918473985,2.22615173925853,-1.4087249474111316,1.6071923874178058e-37,2.4964359975090295e-36,LuminalA-up,ENSG00000271763.1,ENSG00000271763,AC091544.5,35.6026795637106
4.2177965935070425,5.626260471969859,-1.4084638784628165,8.16002044320085e-16,3.4190485657011562e-15,LuminalA-up,ENSG00000226259.10,ENSG00000226259,GTF2H2B,14.46609473024575
2.901219364459767,4.309286041441814,-1.4080666769820467,4.284118610287928e-17,1.9429529944101117e-16,LuminalA-up,ENSG00000260337.4,ENSG00000260337,AC091544.4,15.711537706098747
6.568774639566805,7.975147601011387,-1.406372961444582,1.7490425100136494e-47,5.002380967206273e-46,LuminalA-up,ENSG00000144362.12,ENSG00000144362,PHOSPHO2,45.30082323670485
12.473797310130575,13.880030423473057,-1.4062331133424824,1.8602231850560903e-32,2.155364022228833e-31,LuminalA-up,ENSG00000166033.13,ENSG00000166033,HTRA1,30.666479370749528
2.201649753929108,3.6073516791937217,-1.4057019252646135,6.797320656221916e-27,5.666406078004442e-26,LuminalA-up,ENSG00000240499.7,ENSG00000240499,AC004594.1,25.2466923053685
3.891415935761148,5.296029407195111,-1.4046134714339633,1.0610498522910077e-25,8.195020978984926e-25,LuminalA-up,ENSG00000197815.4,ENSG00000197815,AC122129.1,24.08644993031243
1.8904037889467746,3.2939637843370746,-1.4035599953903,2.6934223457089623e-28,2.4453823680434566e-27,LuminalA-up,ENSG00000272689.1,ENSG00000272689,AC004832.4,26.611653223514683
1.4091709165785673,2.8122609967912133,-1.403090080212646,3.75799436499564e-25,2.7999104493143773e-24,LuminalA-up,ENSG00000279693.1,ENSG00000279693,AC099521.2,23.552855858654407
0.7713193427131674,2.1738959737225665,-1.4025766310093992,5.408135009965766e-13,1.8717675326179917e-12,LuminalA-up,ENSG00000183654.9,ENSG00000183654,MARCHF11,11.727748090197473
15.089899309955436,16.492141455121466,-1.4022421451660296,2.6967240140556953e-38,4.385938328536968e-37,LuminalA-up,ENSG00000124942.14,ENSG00000124942,AHNAK,36.35793747930792
9.057152617846596,10.459384607969401,-1.4022319901228055,1.830319383623167e-30,1.8860223098385663e-29,LuminalA-up,ENSG00000187240.16,ENSG00000187240,DYNC2H1,28.724453174280306
4.179143744540161,5.581139984621874,-1.4019962400817132,3.0438476032277686e-17,1.3957561102625828e-16,LuminalA-up,ENSG00000262714.1,ENSG00000262714,AC007342.5,15.855190462243419
0.8280030599000774,2.2295630309230456,-1.4015599710229683,1.4419502288408227e-28,1.3313459072393556e-27,LuminalA-up,ENSG00000267097.1,ENSG00000267097,SLC14A2-AS1,26.87570909246824
6.634577611410922,8.0357645839298,-1.4011869725188788,3.3145774355630287e-23,2.1914129317568585e-22,LuminalA-up,ENSG00000175857.8,ENSG00000175857,GAPT,21.65927577986228
3.6265630421420156,5.027381592721709,-1.4008185505796935,1.2791955599814531e-06,2.7367012490795446e-06,LuminalA-up,ENSG00000173404.5,ENSG00000173404,INSM1,5.562772609589434
9.586163745657993,10.986548857963614,-1.4003851123056208,9.888151967752152e-40,1.7546366011596195e-38,LuminalA-up,ENSG00000156398.13,ENSG00000156398,SFXN2,37.755812815638656
0.5291158800602471,1.9294877719422627,-1.4003718918820156,3.990283419888356e-30,4.0360380275998097e-29,LuminalA-up,ENSG00000260592.1,ENSG00000260592,AC130456.3,28.394044750487915
7.667662829744519,9.068029869403098,-1.4003670396585788,6.710290603845021e-60,4.765443666120447e-58,LuminalA-up,ENSG00000184154.15,ENSG00000184154,LRTOMT,57.321896660024976
4.231247853846397,5.630786720351221,-1.399538866504824,3.4185470498040952e-40,6.248075087755358e-39,LuminalA-up,ENSG00000284308.1,ENSG00000284308,C2orf81,38.20425375986029
0.43858940251093187,1.837649121764165,-1.3990597192532332,3.448124443131341e-28,3.110364137076495e-27,LuminalA-up,ENSG00000263427.1,ENSG00000263427,AC129492.2,26.50718876419967
4.004850591168923,5.403550939853898,-1.398700348684975,7.765128485554954e-16,3.2580686798823642e-15,LuminalA-up,ENSG00000204624.8,ENSG00000204624,DISP3,14.487039765030717
10.614877517145562,12.013410259740724,-1.3985327425951617,4.918845344172352e-41,9.394854469325198e-40,LuminalA-up,ENSG00000151552.12,ENSG00000151552,QDPR,39.027109942935304
2.511942206594812,3.9104343211443036,-1.3984921145494917,6.834410260885813e-14,2.5210678105523545e-13,LuminalA-up,ENSG00000004846.16,ENSG00000004846,ABCB5,12.59841547270807
3.402393991131278,4.8006729487898765,-1.3982789576585986,4.189824718946316e-26,3.320163701633109e-25,LuminalA-up,ENSG00000259030.7,ENSG00000259030,FPGT-TNNI3K,24.47884050275282
7.171975491742512,8.569977365932498,-1.398001874189986,3.3978758558656354e-26,2.7034606857017823e-25,LuminalA-up,ENSG00000261324.2,ENSG00000261324,AC010168.2,24.56807994164483
6.416475804325795,7.813969413085176,-1.3974936087593814,1.6360471094107768e-40,3.043301837261334e-39,LuminalA-up,ENSG00000197208.6,ENSG00000197208,SLC22A4,38.51665497181003
4.839625778658901,6.236859540262826,-1.3972337616039257,4.622810289428141e-12,1.503994961677485e-11,LuminalA-up,ENSG00000248994.2,ENSG00000248994,AC124852.1,10.822753618610953
7.416358255444336,8.813490931391948,-1.3971326759476126,4.5857139046572126e-17,2.0755216052404776e-16,LuminalA-up,ENSG00000183317.17,ENSG00000183317,EPHA10,15.682872741452949
11.233930693057571,12.63096662213188,-1.397035929074308,1.371698718789626e-18,6.880045047707356e-18,LuminalA-up,ENSG00000172061.9,ENSG00000172061,LRRC15,17.162408718173403
10.988113182747302,12.383656591851137,-1.3955434091038352,4.079585690754493e-33,4.9048677314953594e-32,LuminalA-up,ENSG00000168675.19,ENSG00000168675,LDLRAD4,31.309372699651256
1.3627408943731896,2.7580155737101166,-1.395274679336927,8.100815599980903e-31,8.547036163404465e-30,LuminalA-up,ENSG00000205018.2,ENSG00000205018,AC092384.1,29.068184458491572
5.418661591146767,6.812919771383501,-1.3942581802367338,7.202620396316111e-38,1.1458558883935264e-36,LuminalA-up,ENSG00000161664.7,ENSG00000161664,ASB16,35.94086999913216
3.8925523437521443,5.2867081883096345,-1.3941558445574902,1.0311198059595434e-28,9.595540226475263e-28,LuminalA-up,ENSG00000179978.11,ENSG00000179978,NAIPP2,27.01793056957128
2.048257518672736,3.4415314976626794,-1.3932739789899435,4.374505448274591e-06,8.915511803135178e-06,LuminalA-up,ENSG00000147256.12,ENSG00000147256,ARHGAP36,5.049853720699798
0.8114324629749584,2.2044246818838595,-1.3929922189089012,5.015827211017147e-27,4.216968349969771e-26,LuminalA-up,ENSG00000272485.1,ENSG00000272485,AL392183.1,25.374999658526296
6.214862639484837,7.607332183141678,-1.3924695436568415,7.063265599038552e-45,1.7244039539677514e-43,LuminalA-up,ENSG00000166578.10,ENSG00000166578,IQCD,42.76336099000256
6.55234884731004,7.944719753092359,-1.392370905782319,3.3289955727431173e-25,2.4925250898279e-24,LuminalA-up,ENSG00000167371.21,ENSG00000167371,PRRT2,23.603360461373793
4.672025393884048,6.064211938489496,-1.3921865446054484,3.1827593784937176e-16,1.3742895062103493e-15,LuminalA-up,ENSG00000169313.10,ENSG00000169313,P2RY12,14.861921769674186
5.359520538493194,6.751438960043391,-1.391918421550197,2.0679386133467482e-26,1.67433097389814e-25,LuminalA-up,ENSG00000234869.1,ENSG00000234869,AL021392.1,24.77615868855916
1.2385472846265562,2.630383241904212,-1.3918359572776557,1.4851867771818586e-32,1.7322011402622095e-31,LuminalA-up,ENSG00000277386.1,ENSG00000277386,AL138999.1,30.761401679850966
0.6175139982775248,2.0080672446861203,-1.3905532464085955,7.7634150295958925e-31,8.211699740488847e-30,LuminalA-up,ENSG00000257683.1,ENSG00000257683,LINC02463,29.085566938920643
4.350901996796923,5.7411452438497514,-1.3902432470528288,2.6892385638688765e-24,1.9005540092954826e-23,LuminalA-up,ENSG00000135914.6,ENSG00000135914,HTR2B,22.721119784253084
5.835958431730865,7.226039374969321,-1.3900809432384555,1.0066263285983086e-19,5.397011281928232e-19,LuminalA-up,ENSG00000116194.13,ENSG00000116194,ANGPTL1,18.267846674083376
1.819758151717208,3.2096755331495763,-1.3899173814323684,3.2529566547233573e-24,2.285935158623206e-23,LuminalA-up,ENSG00000222012.1,ENSG00000222012,AC005481.1,22.640936092685937
1.0639687897015537,2.453626895113298,-1.3896581054117443,4.0790968773300466e-36,5.803536813586722e-35,LuminalA-up,ENSG00000280140.1,ENSG00000280140,AC098679.3,34.23630725635328
0.40848686027993075,1.7976016639299994,-1.3891148036500687,1.8432265615268242e-20,1.0352706826806157e-19,LuminalA-up,ENSG00000151838.12,ENSG00000151838,CCDC175,18.98494608438575
3.2440701987354474,4.633109947403285,-1.3890397486678374,4.101691572453164e-11,1.244579537509098e-10,LuminalA-up,ENSG00000152578.13,ENSG00000152578,GRIA4,9.904977343653604
6.606638467995422,7.995390264686445,-1.3887517966910226,1.5178382836838052e-32,1.767822768209908e-31,LuminalA-up,ENSG00000254343.2,ENSG00000254343,AC091563.1,30.752561277019016
11.698382102728944,13.085583337833837,-1.387201235104893,1.5621574209632132e-48,4.835043097939695e-47,LuminalA-up,ENSG00000163694.15,ENSG00000163694,RBM47,46.315599650409524
2.8006765300442753,4.187875223785626,-1.3871986937413503,5.1019342348466265e-25,3.773540060725043e-24,LuminalA-up,ENSG00000233521.7,ENSG00000233521,LINC01638,23.423251035083084
9.379500642260867,10.766077912490314,-1.3865772702294468,3.4203898764596824e-29,3.2766924452394553e-28,LuminalA-up,ENSG00000152217.20,ENSG00000152217,SETBP1,27.48456432016895
3.9876451559604353,5.37406950670692,-1.386424350746485,1.259088914551746e-28,1.1655526212586173e-27,LuminalA-up,ENSG00000142405.22,ENSG00000142405,NLRP12,26.933468114587537
5.401874220238413,6.788260593856778,-1.3863863736183655,1.3529576807882548e-27,1.1810193088547473e-26,LuminalA-up,ENSG00000244161.1,ENSG00000244161,FLNB-AS1,25.92774300191187
5.0398719044017914,6.426174462818031,-1.3863025584162392,2.4661005272246862e-21,1.4576563158626604e-20,LuminalA-up,ENSG00000279662.1,ENSG00000279662,AC131649.2,19.836344861284953
5.894113867839864,7.28029434384593,-1.386180476006066,2.67695422680708e-29,2.577750809611414e-28,LuminalA-up,ENSG00000159784.18,ENSG00000159784,FAM131B,27.588759068069283
3.532829849304614,4.918943177338592,-1.3861133280339781,4.925645068795474e-23,3.2285417032855743e-22,LuminalA-up,ENSG00000232140.2,ENSG00000232140,AC073257.1,21.490993599411517
0.31063586794580783,1.6960967415862964,-1.3854608736404885,2.763286359836883e-27,2.363494737987556e-26,LuminalA-up,ENSG00000287457.1,ENSG00000287457,AC005821.2,25.62644536025995
10.34383023387931,11.729118902898879,-1.3852886690195696,1.7712697901132435e-51,6.808826073921551e-50,LuminalA-up,ENSG00000187535.14,ENSG00000187535,IFT140,49.16692775938912
2.9159678031973324,4.301189240608784,-1.385221437411452,1.098723242755619e-13,3.9979595198836676e-13,LuminalA-up,ENSG00000102683.8,ENSG00000102683,SGCG,12.398161607511586
4.047550354080144,5.431994521563025,-1.3844441674828811,1.0623324511716329e-22,6.817802750004429e-22,LuminalA-up,ENSG00000227953.7,ENSG00000227953,LINC01341,21.166355567763013
12.947934011824168,14.33126900879965,-1.3833349969754813,4.3197661174393804e-36,6.138133118124969e-35,LuminalA-up,ENSG00000185630.19,ENSG00000185630,PBX1,34.21196369722707
1.5922370535104913,2.9755417405354603,-1.383304687024969,7.188311828118174e-16,3.021723256565352e-15,LuminalA-up,ENSG00000239405.1,ENSG00000239405,TMED10P2,14.519745312879223
0.48260150082477754,1.8656567153369086,-1.383055214512131,3.854406702358555e-24,2.695029467314534e-23,LuminalA-up,ENSG00000286889.1,ENSG00000286889,AC096589.1,22.5694364818976
8.602305389230297,9.984910256693167,-1.3826048674628701,7.344601007702985e-58,4.451917283511827e-56,LuminalA-up,ENSG00000183401.12,ENSG00000183401,CCDC159,55.351452913440674
2.9314184365748126,4.313912251555171,-1.382493814980358,2.630662352374528e-14,9.963819440858098e-14,LuminalA-up,ENSG00000258072.1,ENSG00000258072,AC126177.6,13.001574151122433
11.939672553699639,13.32204363334143,-1.382371079641791,1.252240030603208e-50,4.48931399206626e-49,LuminalA-up,ENSG00000133142.18,ENSG00000133142,TCEAL4,48.3478200180662
9.195324082274091,10.577583180818959,-1.3822590985448677,1.1453902789414071e-55,5.834875706704553e-54,LuminalA-up,ENSG00000167740.10,ENSG00000167740,CYB5D2,53.23396839076982
0.3739455690574187,1.754847384068051,-1.3809018150106322,4.889022583868619e-33,5.85494951808775e-32,LuminalA-up,ENSG00000231147.2,ENSG00000231147,ARHGAP42P2,31.23247684510237
3.132707096332234,4.512808233246573,-1.3801011369143388,6.926183910722832e-16,2.915555502793286e-15,LuminalA-up,ENSG00000102924.12,ENSG00000102924,CBLN1,14.53527868659505
1.1794979415360858,2.5595745658380915,-1.3800766243020057,1.780379594555896e-24,1.2770880378667587e-23,LuminalA-up,ENSG00000260409.1,ENSG00000260409,AC012414.4,22.893779163001398
10.23523248052158,11.614772458134292,-1.379539977612712,1.1865479501762613e-16,5.244341678521661e-16,LuminalA-up,ENSG00000172379.21,ENSG00000172379,ARNT2,15.280309020974606
1.1662130953132552,2.5448186382152524,-1.3786055429019972,1.1334000853275675e-29,1.1151033419483434e-28,LuminalA-up,ENSG00000253384.1,ENSG00000253384,AC124242.2,27.952684882608477
7.935868351362336,9.314010990406715,-1.3781426390443787,2.6767880844792434e-22,1.6758673252100157e-21,LuminalA-up,ENSG00000115896.16,ENSG00000115896,PLCL1,20.775760366499263
8.182250030442804,9.560255440002585,-1.3780054095597816,8.515364622150672e-19,4.335282839223733e-18,LuminalA-up,ENSG00000256229.8,ENSG00000256229,ZNF486,17.36298256335338
1.0928367908064447,2.470317687152207,-1.377480896345762,9.653483677533078e-26,7.478270692648688e-25,LuminalA-up,ENSG00000078579.9,ENSG00000078579,FGF20,24.126198818642095
0.951499137195276,2.326800051753271,-1.3753009145579949,2.8892561969004404e-26,2.3163804764435004e-25,LuminalA-up,ENSG00000229274.2,ENSG00000229274,LINC02829,24.635190104163716
9.837150570367625,11.212421180627649,-1.3752706102600243,5.061177662485622e-21,2.942769735412282e-20,LuminalA-up,ENSG00000152377.14,ENSG00000152377,SPOCK1,19.53124371905982
8.247269552064504,9.62236168823429,-1.375092136169787,4.024068107692163e-24,2.8095555711277093e-23,LuminalA-up,ENSG00000163536.13,ENSG00000163536,SERPINI1,22.551362373430113
9.526908673402653,10.901273973784864,-1.3743653003822107,6.071905321568314e-24,4.194770535428069e-23,LuminalA-up,ENSG00000131016.17,ENSG00000131016,AKAP12,22.37729179119357
13.62645192126882,15.00077700522828,-1.3743250839594587,9.920718305495689e-24,6.783812272546216e-23,LuminalA-up,ENSG00000011465.18,ENSG00000011465,DCN,22.168526178753307
1.9008492565962471,3.274994370092641,-1.3741451134963938,5.318722769895631e-24,3.6850679464014376e-23,LuminalA-up,ENSG00000250072.6,ENSG00000250072,SH3TC2-DT,22.433554500077612
7.033392195867934,8.407532501066967,-1.3741403051990329,7.567542564371054e-12,2.4281040179737505e-11,LuminalA-up,ENSG00000196482.18,ENSG00000196482,ESRRG,10.614732712380805
13.007904367108164,14.381845751965058,-1.3739413848568933,7.531804034689811e-63,6.860491066380502e-61,LuminalA-up,ENSG00000113719.16,ENSG00000113719,ERGIC1,60.16364479686083
14.512485265970772,15.884694769700477,-1.3722095037297048,1.0586725219998293e-23,7.227434406809425e-23,LuminalA-up,ENSG00000133110.15,ENSG00000133110,POSTN,22.14101584111562
7.99763389427467,9.368809203864112,-1.3711753095894421,4.719598529255596e-28,4.216443035731545e-27,LuminalA-up,ENSG00000130222.11,ENSG00000130222,GADD45G,26.37505376262837
0.7235728377487298,2.0944978219375368,-1.370924984188807,8.402219305079207e-22,5.09759983902724e-21,LuminalA-up,ENSG00000234693.1,ENSG00000234693,RIPOR3-AS1,20.29263425959318
0.630683681141994,2.001481169263406,-1.370797488121412,2.24983285584952e-24,1.5997962946134049e-23,LuminalA-up,ENSG00000230965.1,ENSG00000230965,SNX18P13,22.795935313442516
2.2822245709895266,3.652891651419377,-1.3706670804298504,2.2327084946928922e-18,1.1048182571908141e-17,LuminalA-up,ENSG00000260947.1,ENSG00000260947,AL356489.2,16.956709157626644
9.687081817626822,11.057609237737989,-1.3705274201111664,3.0079548559816493e-52,1.2221411730000593e-50,LuminalA-up,ENSG00000138190.17,ENSG00000138190,EXOC6,49.91287862460599
1.5522116550158118,2.922659432610941,-1.3704477775951294,1.4518163482427926e-28,1.3391547604044691e-27,LuminalA-up,ENSG00000109047.8,ENSG00000109047,RCVRN,26.873169230526564
7.864238183791529,9.234437116903244,-1.3701989331117153,4.266068933210585e-22,2.639198236578781e-21,LuminalA-up,ENSG00000079156.17,ENSG00000079156,OSBPL6,20.578527987643206
7.106834082365638,8.476690824111808,-1.3698567417461698,4.2695399743852877e-19,2.2099286587615016e-18,LuminalA-up,ENSG00000151789.12,ENSG00000151789,ZNF385D,17.65562174604625
4.884644418334799,6.2540962719415445,-1.369451853606746,3.6428644898214835e-22,2.2646294083608335e-21,LuminalA-up,ENSG00000165807.8,ENSG00000165807,PPP1R36,20.64500285725913
0.5722742634896086,1.9414482516850677,-1.3691739881954592,1.1327384514289153e-14,4.404291020983325e-14,LuminalA-up,ENSG00000228723.6,ENSG00000228723,SRGAP3-AS2,13.35612399200923
9.858098660305767,11.227227746013451,-1.3691290857076837,7.452919799274838e-52,2.9494908107637847e-50,LuminalA-up,ENSG00000130517.14,ENSG00000130517,PGPEP1,49.53025295255156
3.4201056620954833,4.788860031038612,-1.368754368943129,3.806523915112852e-13,1.3329991813057123e-12,LuminalA-up,ENSG00000257951.2,ENSG00000257951,AC126177.5,11.875170117318714
5.45230182768403,6.820666306628873,-1.3683644789448426,4.672196371865772e-33,5.597284574157994e-32,LuminalA-up,ENSG00000167178.16,ENSG00000167178,ISLR2,31.25202261236346
0.8280922651553961,2.1958538319274385,-1.3677615667720424,8.069504811328638e-35,1.0691296493112093e-33,LuminalA-up,ENSG00000260679.1,ENSG00000260679,AP007216.2,32.97096962634754
0.28502101575919775,1.6527258494299182,-1.3677048336707205,1.414779425120526e-21,8.480580531123039e-21,LuminalA-up,ENSG00000173572.11,ENSG00000173572,NLRP13,20.07157441745629
0.6125159169326285,1.9799503377789442,-1.3674344208463158,7.965152334921605e-36,1.112929996942777e-34,LuminalA-up,ENSG00000267112.1,ENSG00000267112,AC098848.1,33.95353215183563
6.124436023165811,7.491835751680186,-1.3673997285143749,6.641079283876129e-45,1.622514413961573e-43,LuminalA-up,ENSG00000205913.7,ENSG00000205913,SRRM2-AS1,42.789811436360466
3.5412840133990318,4.907953004688202,-1.36666899128917,1.3443561335100648e-07,3.1148095708496874e-07,LuminalA-up,ENSG00000138650.9,ENSG00000138650,PCDH10,6.506568499520766
11.018144482162256,12.38477831867497,-1.3666338365127135,2.2198524686296444e-26,1.793863422094158e-25,LuminalA-up,ENSG00000162599.17,ENSG00000162599,NFIA,24.746210625555477
7.900709686190946,9.266915892759933,-1.3662062065689868,3.051839960104669e-29,2.930325851123131e-28,LuminalA-up,ENSG00000108375.13,ENSG00000108375,RNF43,27.533084083578935
8.692632233893164,10.05820079265556,-1.365568558762396,9.036129956489029e-53,3.786138451768903e-51,LuminalA-up,ENSG00000159214.13,ENSG00000159214,CCDC24,50.42180350877163
6.394454997757783,7.759530444850918,-1.365075447093135,6.738797321980228e-26,5.264145565900192e-25,LuminalA-up,ENSG00000188818.12,ENSG00000188818,ZDHHC11,24.278672109972913
8.419515694134368,9.784136404978533,-1.3646207108441644,8.28949938028047e-40,1.477408133471433e-38,LuminalA-up,ENSG00000206530.11,ENSG00000206530,CFAP44,37.83049951441748
2.836386222774135,4.200970409427485,-1.3645841866533495,1.007867344698675e-25,7.796841309554485e-25,LuminalA-up,ENSG00000107018.8,ENSG00000107018,RLN1,24.10808130495929
0.9909886429650719,2.3553003161465003,-1.3643116731814282,9.7493134491156e-33,1.1482676978719426e-31,LuminalA-up,ENSG00000254192.1,ENSG00000254192,AC011365.1,30.939956852220604
2.7412850013433965,4.1054580877043625,-1.364173086360966,1.2605225834690403e-27,1.1020531298352173e-26,LuminalA-up,ENSG00000272360.1,ENSG00000272360,AC116036.2,25.957797467700157
8.182636983800693,9.54625262073237,-1.3636156369316765,1.9636104701879618e-50,6.93574530671238e-49,LuminalA-up,ENSG00000181513.15,ENSG00000181513,ACBD4,48.15890686332889
10.690732177121244,12.053377126205152,-1.3626449490839079,3.1864328518047042e-47,8.968029319268992e-46,LuminalA-up,ENSG00000144228.9,ENSG00000144228,SPOPL,45.047302980567416
9.24112618587031,10.60350117814341,-1.3623749922731,2.077598506034604e-56,1.1196318637022497e-54,LuminalA-up,ENSG00000140463.14,ENSG00000140463,BBS4,53.95092475040492
8.54237217913237,9.904594884909441,-1.3622227057770715,1.877758543778437e-41,3.680845987570364e-40,LuminalA-up,ENSG00000151338.18,ENSG00000151338,MIPOL1,39.43405235374259
2.3830055611475585,3.7449840623679207,-1.3619785012203622,1.2613260245023415e-24,9.125760488089464e-24,LuminalA-up,ENSG00000183171.5,ENSG00000183171,BX322650.1,23.039730933773537
11.743703190218737,13.105448759737001,-1.3617455695182645,7.082426754546406e-39,1.186421513305325e-37,LuminalA-up,ENSG00000141232.5,ENSG00000141232,TOB1,36.925760986874245
8.62570017170927,9.987148861221128,-1.3614486895118585,1.2544051891670245e-26,1.0310853835428803e-25,LuminalA-up,ENSG00000163431.13,ENSG00000163431,LMOD1,24.986705369569904
2.4229537902325515,3.7839141901599365,-1.360960399927385,5.0771825914292405e-24,3.51989990619872e-23,LuminalA-up,ENSG00000287117.1,ENSG00000287117,AC105916.1,22.453469686181993
6.397659402776791,7.758610817728691,-1.3609514149519004,1.6193605420691994e-28,1.4883730564891572e-27,LuminalA-up,ENSG00000061455.11,ENSG00000061455,PRDM6,26.82728820046453
1.2956222526308443,2.656398182497367,-1.3607759298665225,3.762379391559174e-28,3.38019183074413e-27,LuminalA-up,ENSG00000135409.11,ENSG00000135409,AMHR2,26.471058652186965
1.7589737750070928,3.1196135418859603,-1.3606397668788675,4.8003399543197567e-29,4.566044133620835e-28,LuminalA-up,ENSG00000259091.1,ENSG00000259091,LINC00517,27.3404598951026
0.3524228669182384,1.7128964968891116,-1.3604736299708733,4.9130849707572956e-21,2.859638968914474e-20,LuminalA-up,ENSG00000286530.1,ENSG00000286530,AC108057.1,19.543688793341403
1.8371083368614498,3.1973427692932987,-1.360234432431849,1.7743840062701388e-30,1.83007236585154e-29,LuminalA-up,ENSG00000204403.9,ENSG00000204403,CASP12,28.73753173678945
7.373576686536994,8.733658815890353,-1.3600821293533585,1.6960832558805316e-45,4.2972570474010137e-44,LuminalA-up,ENSG00000226200.7,ENSG00000226200,SGMS1-AS1,43.36680866751019
5.111632540376063,6.471630982484658,-1.359998442108595,9.704788923309768e-21,5.537098292924993e-20,LuminalA-up,ENSG00000007314.12,ENSG00000007314,SCN4A,19.25671776695293
0.8024097129621547,2.162089113610478,-1.3596794006483233,1.4245631547168342e-26,1.1658046129420968e-25,LuminalA-up,ENSG00000176040.13,ENSG00000176040,TMPRSS7,24.93337423056458
5.363777427121679,6.723437191395451,-1.359659764273772,4.031236187798676e-08,9.718572857811538e-08,LuminalA-up,ENSG00000150051.14,ENSG00000150051,MKX,7.012397505185142
9.832916496847439,11.192138156275258,-1.3592216594278188,1.7327033340625437e-33,2.123591069754167e-32,LuminalA-up,ENSG00000101417.12,ENSG00000101417,PXMP4,31.672929109646873
1.23120691093203,2.589955854512302,-1.358748943580272,8.254511425204076e-28,7.290941316807395e-27,LuminalA-up,ENSG00000258249.1,ENSG00000258249,AC125603.3,26.137216397291922
10.57489718000078,11.933621829420094,-1.3587246494193135,3.08824705988335e-40,5.6567235763546386e-39,LuminalA-up,ENSG00000043143.20,ENSG00000043143,JADE2,38.24743504314345
2.1782948060407876,3.5369382028240506,-1.358643396783263,2.35496844791793e-28,2.1491571569346317e-27,LuminalA-up,ENSG00000215630.6,ENSG00000215630,GUSBP9,26.667731825600242
11.304899298050806,12.66278244881217,-1.3578831507613636,8.010031961072622e-39,1.3398017531694326e-37,LuminalA-up,ENSG00000185201.16,ENSG00000185201,IFITM2,36.872959458257625
1.497394687012463,2.8551523151030422,-1.3577576280905792,9.374558578009968e-36,1.3022594427471783e-34,LuminalA-up,ENSG00000259883.2,ENSG00000259883,EHD4-AS1,33.88530248479323
3.810258726724707,5.166931622529951,-1.3566728958052443,2.921901088304644e-30,2.979681304532147e-29,LuminalA-up,ENSG00000271420.1,ENSG00000271420,AL109936.2,28.525830183938716
1.2235641704550786,2.5802154062052574,-1.3566512357501788,5.846515825639786e-29,5.5238933135898e-28,LuminalA-up,ENSG00000257534.1,ENSG00000257534,AC023794.4,27.257754717813658
10.750175380565429,12.106284837163999,-1.3561094565985705,4.916670189759454e-53,2.096778432070444e-51,LuminalA-up,ENSG00000172830.13,ENSG00000172830,SSH3,50.678447459288165
0.7061121164908042,2.0620958054222247,-1.3559836889314205,5.7511749243181955e-25,4.237840920271398e-24,LuminalA-up,ENSG00000264660.2,ENSG00000264660,AC107926.1,23.372855349830274
8.052887577169658,9.40870058262112,-1.3558130054514628,7.522140435253853e-24,5.171085877557612e-23,LuminalA-up,ENSG00000152402.11,ENSG00000152402,GUCY1A2,22.286418249727507
9.272810086925006,10.62860188220185,-1.3557917952768452,8.984600958288769e-30,8.897011052343857e-29,LuminalA-up,ENSG00000248905.10,ENSG00000248905,FMN1,28.050755869927524
6.55973752259957,7.914954836831261,-1.355217314231691,2.4456578672966085e-31,2.6616380425903346e-30,LuminalA-up,ENSG00000179277.9,ENSG00000179277,MEIS3P1,29.574851004756837
8.338935574872574,9.693980394804163,-1.3550448199315888,3.912230134600641e-29,3.7393200488113344e-28,LuminalA-up,ENSG00000159713.11,ENSG00000159713,TPPP3,27.42720736194281
1.321288311115407,2.675803886017155,-1.354515574901748,2.0118253026922072e-25,1.5246752011359438e-24,LuminalA-up,ENSG00000236182.1,ENSG00000236182,AC009319.1,23.816822663450328
9.623541010727457,10.977389223928224,-1.3538482132007665,7.772389745483233e-24,5.339834069862635e-23,LuminalA-up,ENSG00000112902.12,ENSG00000112902,SEMA5A,22.27247223803936
6.699713824963711,8.051820222600286,-1.3521063976365753,1.675946622510857e-38,2.76329221773556e-37,LuminalA-up,ENSG00000099338.23,ENSG00000099338,CATSPERG,36.558573186078945
7.0569110294042625,8.408711413310593,-1.3518003839063306,3.9464460741037305e-32,4.488797842007365e-31,LuminalA-up,ENSG00000272841.1,ENSG00000272841,MAP3K4-AS1,30.34786995309192
1.2917094589946732,2.6432178073362635,-1.3515083483415904,8.967548613794608e-31,9.434784354500793e-30,LuminalA-up,ENSG00000168158.4,ENSG00000168158,OR2C1,29.025268021807545
1.5716371460772867,2.923054841672786,-1.3514176955954995,3.483599714053743e-29,3.334387847375256e-28,LuminalA-up,ENSG00000251257.2,ENSG00000251257,AC010457.1,27.476983885558326
3.318391801554693,4.669702550512996,-1.3513107489583032,1.1389108607041061e-21,6.862536769872666e-21,LuminalA-up,ENSG00000172139.15,ENSG00000172139,SLC9C1,20.163515315560428
8.860817073075513,10.211731551430269,-1.3509144783547562,1.5494866536155567e-50,5.507825305322743e-49,LuminalA-up,ENSG00000114670.14,ENSG00000114670,NEK11,48.25901984294989
2.0018006556062016,3.352643442419662,-1.3508427868134603,6.709596009053814e-22,4.097388563007539e-21,LuminalA-up,ENSG00000261083.3,ENSG00000261083,LINC02516,20.387492849137335
2.3591311285834955,3.709447870970599,-1.3503167423871036,4.5454531664123836e-07,1.0112403938285198e-06,LuminalA-up,ENSG00000171199.11,ENSG00000171199,OPRPN,5.995145590894708
6.199166624774115,7.549287299434185,-1.3501206746600696,1.8321772012005828e-22,1.1587656563064816e-21,LuminalA-up,ENSG00000250510.8,ENSG00000250510,GPR162,20.93600438497122
6.609067971066633,7.958721766759784,-1.3496537956931514,9.158724098113622e-39,1.5281255936723178e-37,LuminalA-up,ENSG00000145217.14,ENSG00000145217,SLC26A1,36.81584095047412
0.4926619803000208,1.8418888560373896,-1.3492268757373689,9.736476293909568e-28,8.570553712496027e-27,LuminalA-up,ENSG00000243550.3,ENSG00000243550,LINC01214,26.06699111897373
3.006741095754332,4.355958038541803,-1.349216942787471,4.647613702998826e-22,2.8679678078888194e-21,LuminalA-up,ENSG00000243978.8,ENSG00000243978,RTL9,20.542425727807135
4.3222874577021875,5.670819017144241,-1.348531559442054,2.572916299439112e-21,1.5202565548598456e-20,LuminalA-up,ENSG00000230490.3,ENSG00000230490,AL139383.1,19.818083115372403
5.678728450951269,7.027092901171009,-1.3483644502197398,2.6021118741798164e-37,4.001045413876488e-36,LuminalA-up,ENSG00000204815.10,ENSG00000204815,TTC25,35.397826519132366
6.497442515911298,7.84576733762991,-1.3483248217186121,3.5681833588283786e-21,2.092102609549191e-20,LuminalA-up,ENSG00000155011.9,ENSG00000155011,DKK2,19.679417018816153
2.4868439268525075,3.834990192371956,-1.3481462655194485,2.749515481022699e-17,1.2642490936060476e-16,LuminalA-up,ENSG00000279741.1,ENSG00000279741,AC007342.8,15.898167349059493
3.985593772162675,5.332776856327441,-1.347183084164766,2.793005110555509e-44,6.593065584916948e-43,LuminalA-up,ENSG00000246763.7,ENSG00000246763,RGMB-AS1,42.1809126040643
3.9444481288501048,5.291497451317053,-1.347049322466948,1.8780275434979293e-23,1.2610473409064623e-22,LuminalA-up,ENSG00000172460.17,ENSG00000172460,PRSS30P,21.89926860929645
4.055512860051592,5.4021346618245,-1.3466218017729084,3.286068233693374e-23,2.1738505465443436e-22,LuminalA-up,ENSG00000139549.4,ENSG00000139549,DHH,21.66277031721487
3.496899317194316,4.842011150255655,-1.3451118330613392,3.757624527732218e-28,3.3777306025632596e-27,LuminalA-up,ENSG00000251634.2,ENSG00000251634,NAIPP4,26.471374991380102
1.6228109525948733,2.967531927120421,-1.3447209745255477,1.6759701681274615e-27,1.4569118266502205e-26,LuminalA-up,ENSG00000258100.3,ENSG00000258100,LINC02823,25.836566731248542
4.470622658564532,5.813630995897823,-1.3430083373332904,9.478468774237594e-27,7.829430096413113e-26,LuminalA-up,ENSG00000256616.3,ENSG00000256616,AP002414.2,25.106269849051987
0.4713185942846352,1.8143034452683087,-1.3429848509836735,3.2795715863674186e-28,2.9639050842554835e-27,LuminalA-up,ENSG00000267311.1,ENSG00000267311,AC007673.1,26.528135708264948
1.7318758971468282,3.0746050767331643,-1.342729179586336,1.1621144912410619e-15,4.81271037143568e-15,LuminalA-up,ENSG00000264714.1,ENSG00000264714,KIAA0895LP1,14.317610273346961
12.170575439258979,13.512755837456732,-1.342180398197753,3.566806008415005e-39,6.103080010315006e-38,LuminalA-up,ENSG00000134759.14,ENSG00000134759,ELP2,37.214450936481136
5.2490170116458446,6.590031296969659,-1.3410142853238147,5.152641730143665e-41,9.824604709579957e-40,LuminalA-up,ENSG00000270175.1,ENSG00000270175,AC023509.3,39.00768491432676
9.355045380559494,10.695854183828484,-1.34080880326899,2.5590384678303594e-29,2.4670396733296994e-28,LuminalA-up,ENSG00000076555.15,ENSG00000076555,ACACB,27.60782386641232
7.74919612072199,9.089746105941387,-1.340549985219397,5.07532074784428e-13,1.7596685091822535e-12,LuminalA-up,ENSG00000018236.15,ENSG00000018236,CNTN1,11.754569137976935
5.047810556982481,6.38819429459317,-1.340383737610689,3.0720878181922264e-18,1.505062608386487e-17,LuminalA-up,ENSG00000159374.17,ENSG00000159374,M1AP,16.822445433683942
1.6388380079593803,2.97848930846982,-1.3396513005104398,2.0058350915049555e-29,1.9466008183916072e-28,LuminalA-up,ENSG00000102145.15,ENSG00000102145,GATA1,27.71072309837414
7.12472465627636,8.464162049673199,-1.3394373933968389,1.0913494367668293e-27,9.573942193254152e-27,LuminalA-up,ENSG00000019991.18,ENSG00000019991,HGF,26.018909199083705
12.761081730783825,14.100228532444124,-1.3391468016602985,7.684548163773736e-40,1.3730599917361173e-38,LuminalA-up,ENSG00000101439.9,ENSG00000101439,CST3,37.862310487154524
8.823026753663449,10.162131039614943,-1.3391042859514943,7.364468886823563e-36,1.0333068107422597e-34,LuminalA-up,ENSG00000117791.16,ENSG00000117791,MTARC2,33.98577070807517
0.5991126290899889,1.9378919925232398,-1.338779363433251,1.040466154394233e-25,8.041601451532093e-25,LuminalA-up,ENSG00000203616.2,ENSG00000203616,RHOT1P2,24.09465745469611
4.090666289170093,5.428968922985296,-1.3383026338152035,9.554996560417723e-18,4.529535917199859e-17,LuminalA-up,ENSG00000070526.15,ENSG00000070526,ST6GALNAC1,16.34394629223086
3.565969505292929,4.903773755537258,-1.3378042502443286,9.515500853963808e-19,4.834185944602407e-18,LuminalA-up,ENSG00000174885.13,ENSG00000174885,NLRP6,17.315676648681855
3.3960754129852426,4.733019186801306,-1.336943773816063,2.877570726313278e-17,1.3213174074797407e-16,LuminalA-up,ENSG00000129159.9,ENSG00000129159,KCNC1,15.87899284343116
10.365428165759994,11.702257019190728,-1.3368288534307347,1.949704367178551e-39,3.4003168776183674e-38,LuminalA-up,ENSG00000127995.17,ENSG00000127995,CASD1,37.4684806089023
7.633874435771561,8.970458228508598,-1.336583792737037,1.1014013264368692e-17,5.200587753509488e-17,LuminalA-up,ENSG00000180616.9,ENSG00000180616,SSTR2,16.283947571041907
0.15632846447756366,1.4925573019596912,-1.3362288374821274,3.415974760911849e-20,1.8848308475023076e-19,LuminalA-up,ENSG00000250475.1,ENSG00000250475,AC017037.2,18.724727619088238
1.2221205278757779,2.557981800262996,-1.3358612723872183,1.534423457880157e-06,3.259434366802463e-06,LuminalA-up,ENSG00000185149.6,ENSG00000185149,NPY2R,5.486857759652941
2.9968862448242883,4.332500706806317,-1.3356144619820287,9.40534047877136e-25,6.858103390220057e-24,LuminalA-up,ENSG00000101280.8,ENSG00000101280,ANGPT4,23.16379597190938
12.723384914659151,14.058833460849101,-1.3354485461899497,3.53820999427132e-24,2.4785955905532845e-23,LuminalA-up,ENSG00000164919.11,ENSG00000164919,COX6C,22.605794327253374
2.1530069982927085,3.4884001419192048,-1.3353931436264963,1.0295440759568612e-24,7.490843808568262e-24,LuminalA-up,ENSG00000259847.2,ENSG00000259847,LINC02126,23.125469258299983
7.965231849561182,9.300609060482243,-1.3353772109210613,2.519129299545424e-22,1.579225998144055e-21,LuminalA-up,ENSG00000182168.15,ENSG00000182168,UNC5C,20.80155571500526
9.29975050055684,10.635111732080421,-1.3353612315235814,2.3533290495858713e-61,1.8781807081456762e-59,LuminalA-up,ENSG00000178149.17,ENSG00000178149,DALRD3,58.726262624649834
9.156458202124343,10.49100185110432,-1.3345436489799773,8.418690388871036e-58,5.048202179516228e-56,LuminalA-up,ENSG00000119661.15,ENSG00000119661,DNAL1,55.29686326000601
10.147393568141728,11.481821538900341,-1.3344279707586129,8.106841714779653e-48,2.387885186989578e-46,LuminalA-up,ENSG00000118242.16,ENSG00000118242,MREG,45.62198655855423
1.4688959994449207,2.802976974712478,-1.3340809752675573,1.1423992317220577e-21,6.88231887982088e-21,LuminalA-up,ENSG00000251532.1,ENSG00000251532,AC091849.2,20.162265208998107
8.983831784425398,10.317276417993378,-1.3334446335679804,8.746150109886936e-28,7.715025044300266e-27,LuminalA-up,ENSG00000106823.12,ENSG00000106823,ECM2,26.112662659803846
0.6964793639733841,2.0296479358636743,-1.3331685718902904,2.901917599666052e-34,3.7254798138952915e-33,LuminalA-up,ENSG00000284709.1,ENSG00000284709,KF456110.1,32.42881778543715
4.84965307692889,6.182471802105283,-1.3328187251763932,9.52683606672356e-16,3.9738619332575134e-15,LuminalA-up,ENSG00000188738.15,ENSG00000188738,FSIP2,14.400787225969543
2.932709712094731,4.265469570621885,-1.332759858527154,6.099409683366098e-32,6.86311556181375e-31,LuminalA-up,ENSG00000225339.4,ENSG00000225339,AL354740.1,30.16347868835463
8.05018056469947,9.382815233224013,-1.332634668524543,5.374095670162601e-23,3.5086271227380073e-22,LuminalA-up,ENSG00000100290.3,ENSG00000100290,BIK,21.454862783720177
6.596386017934454,7.928976541768682,-1.3325905238342282,2.0011917782270793e-26,1.6218556191047316e-25,LuminalA-up,ENSG00000189129.14,ENSG00000189129,PLAC9,24.789987810184687
6.790763472551389,8.123307647249305,-1.332544174697916,8.406738321697491e-31,8.853090434913601e-30,LuminalA-up,ENSG00000271447.6,ENSG00000271447,MMP28,29.052905099410406
7.076767132139372,8.408655516640373,-1.331888384501001,3.750160719558927e-27,3.181352180230037e-26,LuminalA-up,ENSG00000079102.16,ENSG00000079102,RUNX1T1,25.497388251211927
1.1493888058008925,2.481158014990424,-1.3317692091895317,7.939219707014155e-31,8.387098789130616e-30,LuminalA-up,ENSG00000287319.1,ENSG00000287319,AC079822.1,29.076388241527475
9.037445375787335,10.368660931289956,-1.3312155555026202,3.01626263854642e-24,2.125396755183435e-23,LuminalA-up,ENSG00000153234.15,ENSG00000153234,NR4A2,22.672559986788677
0.5925533700021901,1.923328289724008,-1.330774919721818,2.09006013174964e-20,1.170182321968397e-19,LuminalA-up,ENSG00000223783.1,ENSG00000223783,LINC01983,18.931746467094868
10.570637376682168,11.900860745672308,-1.33022336899014,6.222860168147909e-44,1.4365721269718865e-42,LuminalA-up,ENSG00000182107.7,ENSG00000182107,TMEM30B,41.84267256420074
0.1256833514405244,1.4558312189361493,-1.3301478674956249,1.0582811930298954e-34,1.3949502788188003e-33,LuminalA-up,ENSG00000274883.1,ENSG00000274883,Metazoa_SRP,32.85544127197423
7.548843573745929,8.878399788199646,-1.3295562144537172,5.04467620343699e-34,6.385859000725373e-33,LuminalA-up,ENSG00000183935.5,ENSG00000183935,HTR7P1,32.194780674879404
3.290627581151877,4.619743961652321,-1.329116380500444,9.583871429739706e-18,4.5406554109522956e-17,LuminalA-up,ENSG00000283930.1,ENSG00000283930,AL117339.4,16.342881455333202
8.035466259332242,9.364429212535313,-1.328962953203071,5.549391605395734e-16,2.3546279318084176e-15,LuminalA-up,ENSG00000218336.9,ENSG00000218336,TENM3,14.628077708462252
3.0565566291980835,4.385489769275717,-1.3289331400776332,2.522355762813111e-33,3.0644931195902675e-32,LuminalA-up,ENSG00000287766.1,ENSG00000287766,AC006130.3,31.513641349390134
8.17273722361847,9.501188271347372,-1.3284510477289029,3.769290470912887e-35,5.086417736916263e-34,LuminalA-up,ENSG00000125744.12,ENSG00000125744,RTN2,33.293587974992484
7.0479312141193615,8.37616249868057,-1.328231284561208,1.6294821721954827e-43,3.634081331469899e-42,LuminalA-up,ENSG00000104883.8,ENSG00000104883,PEX11G,41.43960535732151
5.226581366590934,6.554408966871013,-1.327827600280079,1.0565114939723748e-18,5.3512035778111215e-18,LuminalA-up,ENSG00000196668.4,ENSG00000196668,LINC00173,17.271548526686328
3.0564382768179805,4.382929565317289,-1.3264912884993083,5.9970728270523606e-27,5.016767685620043e-26,LuminalA-up,ENSG00000188396.4,ENSG00000188396,TCTEX1D4,25.29957600963386
0.56228988671832,1.8887782378012694,-1.3264883510829493,5.6267741317222196e-24,3.892868295053226e-23,LuminalA-up,ENSG00000257542.5,ENSG00000257542,OR7E47P,22.40973028924336
6.80565082832916,8.131816488610436,-1.3261656602812764,3.521831182987362e-45,8.78361467661729e-44,LuminalA-up,ENSG00000157578.13,ENSG00000157578,LCA5L,43.056326724293044
4.570186023549792,5.895138164446768,-1.3249521408969764,1.9577756684461277e-16,8.549327827815815e-16,LuminalA-up,ENSG00000198963.11,ENSG00000198963,RORB,15.06806802938247
1.5233924020211054,2.847980539624088,-1.3245881376029824,3.224003797679948e-32,3.6870899794688453e-31,LuminalA-up,ENSG00000274251.1,ENSG00000274251,AP003419.2,30.433316263774415
5.111370327025946,6.435833678880463,-1.3244633518545168,1.1253862758541893e-18,5.691452620191978e-18,LuminalA-up,ENSG00000204334.7,ENSG00000204334,ERICH2,17.244776875183224
3.911933931805839,5.236350384497288,-1.324416452691449,1.4799226554519076e-15,6.094975723153697e-15,LuminalA-up,ENSG00000280027.1,ENSG00000280027,AC007342.9,14.215028019876835
3.707810339298795,5.031859813474678,-1.3240494741758826,2.6395980452315697e-35,3.5821589666462434e-34,LuminalA-up,ENSG00000243431.1,ENSG00000243431,RPL5P30,33.44585514523032
2.4039325347320832,3.727906373215072,-1.3239738384829889,1.2452031012521466e-30,1.2994772090277695e-29,LuminalA-up,ENSG00000275409.1,ENSG00000275409,AC026367.2,28.886231333000424
0.4968688427721138,1.8208163801636164,-1.3239475373915026,1.2409238206818592e-33,1.5377362835214758e-32,LuminalA-up,ENSG00000287224.1,ENSG00000287224,AC099791.4,31.813118138157247
2.4837531595444498,3.8062371704626914,-1.3224840109182416,3.82197873874583e-22,2.373336927061138e-21,LuminalA-up,ENSG00000258636.2,ENSG00000258636,AL121821.2,20.624640603469757
2.4412473759143287,3.7634913023412784,-1.3222439264269497,1.1725709426865119e-18,5.925611035557346e-18,LuminalA-up,ENSG00000156486.8,ENSG00000156486,KCNS2,17.2272668595477
5.4977251515909735,6.819776108607254,-1.3220509570162804,1.5924574437809551e-40,2.9638630491692185e-39,LuminalA-up,ENSG00000259426.6,ENSG00000259426,AC027237.3,38.5281418676172
2.6671403472841773,3.988336620340216,-1.3211962730560387,7.2733194756972e-33,8.645449249126601e-32,LuminalA-up,ENSG00000279549.1,ENSG00000279549,AP000437.1,31.063212434275844
8.140998041730253,9.461863638992277,-1.3208655972620242,2.526691935976872e-09,6.696822463346624e-09,LuminalA-up,ENSG00000230937.12,ENSG00000230937,MIR205HG,8.174131214310187
6.419827820233175,7.740645748337418,-1.3208179281042423,1.838022063124821e-11,5.732809114724481e-11,LuminalA-up,ENSG00000164120.14,ENSG00000164120,HPGD,10.241632518682675
7.695164995520836,9.015818434959844,-1.320653439439008,2.3760317129305593e-23,1.5849668262175592e-22,LuminalA-up,ENSG00000167981.7,ENSG00000167981,ZNF597,21.799979823251547
3.6780018403360937,4.998024678121351,-1.3200228377852574,4.1105813749376325e-32,4.670735175861337e-31,LuminalA-up,ENSG00000277050.1,ENSG00000277050,AL122125.1,30.330614755902655
9.155031333106258,10.474107711435085,-1.3190763783288268,1.8602432198035938e-31,2.0357607811889147e-30,LuminalA-up,ENSG00000127329.16,ENSG00000127329,PTPRB,29.691273256548165
12.798246745698483,14.117180391128255,-1.3189336454297713,4.2824707873665024e-36,6.087719287214807e-35,LuminalA-up,ENSG00000072310.17,ENSG00000072310,SREBF1,34.21554538166855
3.4910234127115314,4.809715995174934,-1.3186925824634028,1.7811183675379528e-23,1.1971744070557886e-22,LuminalA-up,ENSG00000262061.6,ENSG00000262061,AC129507.1,21.921842575989256
9.043489276681246,10.361112127785736,-1.31762285110449,7.645325622142266e-36,1.0709206638287034e-34,LuminalA-up,ENSG00000110628.16,ENSG00000110628,SLC22A18,33.970242701472195
1.996439252507236,3.313882685293492,-1.317443432786256,1.6287737011719327e-14,6.263939245443228e-14,LuminalA-up,ENSG00000232079.7,ENSG00000232079,LINC01697,13.20315246319416
4.368753121131155,5.686171643719264,-1.3174185225881097,7.189649235534593e-29,6.750617433476739e-28,LuminalA-up,ENSG00000213057.5,ENSG00000213057,C1orf220,27.170656503363247
1.4151600708713026,2.7324399119821856,-1.317279841110883,8.5766559562304e-30,8.510642618497424e-29,LuminalA-up,ENSG00000273920.1,ENSG00000273920,AC103858.2,28.070037646128036
6.635055041454921,7.952147127965986,-1.3170920865110656,5.2042075982903875e-48,1.5575449883454802e-46,LuminalA-up,ENSG00000280187.1,ENSG00000280187,AC022107.1,45.807559400265575
0.15570322936694075,1.4726263170801832,-1.3169230877132425,1.4936796024951268e-16,6.562870661375888e-16,LuminalA-up,ENSG00000233533.1,ENSG00000233533,MKNK2P1,15.182906154573526
2.3818556083776388,3.6978105257499965,-1.3159549173723577,7.793465508534597e-40,1.3917792426535946e-38,LuminalA-up,ENSG00000213830.3,ENSG00000213830,CFL1P5,37.85642964497006
7.644637603835257,8.959993732162417,-1.31535612832716,1.3814912967426056e-23,9.347514789425139e-23,LuminalA-up,ENSG00000184113.9,ENSG00000184113,CLDN5,22.029303839042356
4.848701903637343,6.164031866004379,-1.315329962367036,9.621732878989123e-22,5.8143228069896404e-21,LuminalA-up,ENSG00000203799.13,ENSG00000203799,CCDC162P,20.235500860181254
2.8409493359631828,4.156167985618012,-1.3152186496548293,8.773317431103948e-22,5.317931289161019e-21,LuminalA-up,ENSG00000256139.2,ENSG00000256139,AC007637.1,20.27425727831152
2.0509683444961997,3.3656309074414694,-1.3146625629452697,1.3457316066967758e-25,1.0317686060493122e-24,LuminalA-up,ENSG00000276842.1,ENSG00000276842,AC023510.2,23.986417690677648
2.5227764907672223,3.8373935087856483,-1.314617018018426,1.0055782335144564e-10,2.9616889893159277e-10,LuminalA-up,ENSG00000165349.12,ENSG00000165349,SLC7A3,9.528460549229937
5.516894003313148,6.831224133220494,-1.3143301299073462,2.8502969982394387e-43,6.220179386782942e-42,LuminalA-up,ENSG00000257261.6,ENSG00000257261,AC008014.1,41.20619709029848
8.714295939444153,10.02855906670015,-1.3142631272559981,2.037893909383906e-17,9.474369464985926e-17,LuminalA-up,ENSG00000187017.17,ENSG00000187017,ESPN,16.023449683416803
0.9860698661678882,2.3002789967754302,-1.314209130607542,4.2716455798522466e-35,5.745808982208961e-34,LuminalA-up,ENSG00000258524.1,ENSG00000258524,NT5CP1,33.240648816101036
8.054353189778796,9.368477611092537,-1.3141244213137409,3.716908398630081e-20,2.0440019310661398e-19,LuminalA-up,ENSG00000214548.18,ENSG00000214548,MEG3,18.689518698238416
2.169446392140938,3.483253147440318,-1.31380675529938,2.26573235752607e-06,4.733691637015324e-06,LuminalA-up,ENSG00000198788.9,ENSG00000198788,MUC2,5.324800036374089
4.518608572462426,5.83217417339163,-1.3135656009292038,1.6750620322698252e-19,8.879974588278434e-19,LuminalA-up,ENSG00000183032.12,ENSG00000183032,SLC25A21,18.051588277035165
0.7493684976335411,2.0623748759516736,-1.3130063783181325,2.361623221361648e-25,1.7829191527036584e-24,LuminalA-up,ENSG00000273551.1,ENSG00000273551,AC120498.8,23.748868349662974
8.413055813268812,9.72601898194805,-1.3129631686792376,2.3602629788034038e-22,1.4824061279649633e-21,LuminalA-up,ENSG00000120833.14,ENSG00000120833,SOCS2,20.829032798400526
9.836765973504955,11.149007813756668,-1.3122418402517138,3.313203040136084e-31,3.5836904132094714e-30,LuminalA-up,ENSG00000131037.15,ENSG00000131037,EPS8L1,29.445669515093094
10.69872631131107,12.009678514583163,-1.3109522032720928,1.69640278228929e-39,2.9693692565189034e-38,LuminalA-up,ENSG00000166225.9,ENSG00000166225,FRS2,37.52733579226688
2.9682163520481892,4.27884585509158,-1.310629503043391,2.527682973676139e-28,2.3017640118887306e-27,LuminalA-up,ENSG00000241362.2,ENSG00000241362,RPL36AP43,26.63793920441958
5.520806277835176,6.830606615363863,-1.3098003375286877,7.195464073984476e-20,3.8920760974658645e-19,LuminalA-up,ENSG00000272419.6,ENSG00000272419,LINC01145,18.409818677040267
3.128755642301893,4.438271846851591,-1.309516204549698,7.535956821745061e-10,2.0792268718815906e-09,LuminalA-up,ENSG00000181378.14,ENSG00000181378,CFAP65,8.682098120658603
0.6493629117808383,1.9574939359528083,-1.3081310241719701,1.7009072685619047e-25,1.29578208277716e-24,LuminalA-up,ENSG00000250415.1,ENSG00000250415,AC022113.1,23.88746802948778
10.911999139154887,12.219436294770462,-1.3074371556155757,1.2695347425440853e-44,3.0461563758108618e-43,LuminalA-up,ENSG00000146242.9,ENSG00000146242,TPBG,42.51624780572468
9.497359529247175,10.804786074759555,-1.3074265455123797,9.603982810622925e-18,4.548897891932746e-17,LuminalA-up,ENSG00000164176.13,ENSG00000164176,EDIL3,16.342093811569224
6.911134385864119,8.2179779815522,-1.3068435956880817,1.4973700669995343e-32,1.7458032920286744e-31,LuminalA-up,ENSG00000064199.7,ENSG00000064199,SPA17,30.75800469190145
10.263121824153053,11.56933632165164,-1.306214497498587,3.3254325903721956e-26,2.64833690732421e-25,LuminalA-up,ENSG00000081803.16,ENSG00000081803,CADPS2,24.57702676708559
8.377316622157561,9.6832958261897,-1.3059792040321394,2.9281927508302875e-13,1.0341694342833342e-12,LuminalA-up,ENSG00000196684.12,ENSG00000196684,HSH2D,11.985408302300026
10.49908128474686,11.80445457703268,-1.3053732922858199,1.5745643179612657e-47,4.5187838988066465e-46,LuminalA-up,ENSG00000103876.13,ENSG00000103876,FAH,45.34497842737866
0.4700907599966553,1.7749933667460782,-1.304902606749423,6.347115582856763e-24,4.378582307827921e-23,LuminalA-up,ENSG00000146809.13,ENSG00000146809,ASB15,22.35866648208751
8.455592581253425,9.760238395974191,-1.3046458147207662,3.675171886914363e-39,6.278886934218626e-38,LuminalA-up,ENSG00000223547.10,ENSG00000223547,ZNF844,37.20211733734093
4.282205418891005,5.586827855460722,-1.3046224365697174,1.0284673151221497e-11,3.267389290389011e-11,LuminalA-up,ENSG00000204421.3,ENSG00000204421,LY6G6C,10.485799118785735
6.67406389721182,7.9785157953570245,-1.3044518981452047,3.713450962285858e-17,1.6926145805795752e-16,LuminalA-up,ENSG00000182742.6,ENSG00000182742,HOXB4,15.771441922330197
3.2557089440865514,4.559987622509047,-1.304278678422496,7.927105550356003e-18,3.777602758713864e-17,LuminalA-up,ENSG00000260372.7,ENSG00000260372,AQP4-AS1,16.422783713107954
11.64115227555447,12.945378195516536,-1.3042259199620663,2.3628148022143674e-41,4.5993932735322645e-40,LuminalA-up,ENSG00000153944.12,ENSG00000153944,MSI2,39.33729945426099
7.719747663221316,9.023540297069433,-1.3037926338481167,6.085151925811353e-24,4.20305568829995e-23,LuminalA-up,ENSG00000133256.13,ENSG00000133256,PDE6B,22.37643485578063
6.9936068463948695,8.297358354991262,-1.3037515085963927,3.4493791422932704e-20,1.9016971850274741e-19,LuminalA-up,ENSG00000198929.13,ENSG00000198929,NOS1AP,18.720858636368927
2.8363978942397337,4.139991393730136,-1.3035934994904022,3.835381291846096e-20,2.1079190179157427e-19,LuminalA-up,ENSG00000286472.1,ENSG00000286472,AL035252.5,18.676146077875003
1.7200781910648053,3.023465659568436,-1.3033874685036309,7.863359104790378e-19,4.011869059247693e-18,LuminalA-up,ENSG00000233073.2,ENSG00000233073,GRM3-AS1,17.396653250071907
2.913670844437759,4.21630646084753,-1.3026356164097712,5.650501112508684e-25,4.167322272635667e-24,LuminalA-up,ENSG00000259116.2,ENSG00000259116,AL049869.2,23.38014291283397
6.574853267863559,7.876762967870724,-1.3019097000071653,9.370926897895694e-12,2.9870052264878626e-11,LuminalA-up,ENSG00000196136.18,ENSG00000196136,SERPINA3,10.524764017492004
2.8884457506998023,4.190233088856012,-1.3017873381562102,1.1311221081695652e-20,6.428486447243782e-20,LuminalA-up,ENSG00000262179.3,ENSG00000262179,MYMX,19.19189126735356
1.7486086297953338,3.0503760364047166,-1.3017674066093827,5.466929592319566e-27,4.581286998363797e-26,LuminalA-up,ENSG00000254226.6,ENSG00000254226,LINC01933,25.339012500648828
5.191951980349624,6.493236835552114,-1.30128485520249,4.11330562566705e-24,2.86946939796794e-23,LuminalA-up,ENSG00000164404.8,ENSG00000164404,GDF9,22.542198402512955
9.839356907814505,11.140583052191579,-1.3012261443770736,3.8030031590486467e-17,1.732019917001503e-16,LuminalA-up,ENSG00000053747.17,ENSG00000053747,LAMA3,15.761447118211215
9.382109922246327,10.683228865138892,-1.3011189428925647,2.071209355772147e-59,1.4139905825963822e-57,LuminalA-up,ENSG00000166275.16,ENSG00000166275,BORCS7,56.84955348300026
2.9526886382459856,4.253277467726183,-1.3005888294801973,2.4779702810153123e-24,1.753833695515905e-23,LuminalA-up,ENSG00000259033.2,ENSG00000259033,AL356804.1,22.75601159029949
9.698516671677398,10.999083448762706,-1.300566777085308,7.272619113669338e-38,1.1553468847876597e-36,LuminalA-up,ENSG00000102547.19,ENSG00000102547,CAB39L,35.93728760232504
6.961594543247712,8.262044927238446,-1.300450383990733,6.066693174344083e-36,8.562339166484785e-35,LuminalA-up,ENSG00000184227.8,ENSG00000184227,ACOT1,34.06740757313621
4.5870437421341785,5.887452300623882,-1.3004085584897034,1.3911352676618316e-07,3.219029005386207e-07,LuminalA-up,ENSG00000286381.1,ENSG00000286381,AL078622.1,6.492275110042431
6.570399721694941,7.870600775899021,-1.3002010542040798,8.007343629890444e-18,3.814212853118199e-17,LuminalA-up,ENSG00000168032.10,ENSG00000168032,ENTPD3,16.41859507469974
2.3515161682707664,3.651537149403476,-1.3000209811327097,2.0964668264467866e-12,6.972275823245984e-12,LuminalA-up,ENSG00000171916.17,ENSG00000171916,LGALS9C,11.156625440531599
3.1910160243090817,4.490819619462268,-1.2998035951531866,5.335836800615853e-35,7.154289982265737e-34,LuminalA-up,ENSG00000279894.1,ENSG00000279894,Z73965.1,33.14543346072807
4.400944520308109,5.699637423384169,-1.2986929030760601,4.3003970556687834e-17,1.949418238125368e-16,LuminalA-up,ENSG00000287338.1,ENSG00000287338,AL929091.1,15.710094975133918
3.738210784782875,5.036296834025569,-1.2980860492426936,8.256786427917045e-31,8.70064385613893e-30,LuminalA-up,ENSG00000270589.1,ENSG00000270589,AL158163.1,29.060448607976575
2.361935353703897,3.659920950829768,-1.2979855971258707,5.390665551752212e-14,2.0019400542292727e-13,LuminalA-up,ENSG00000267909.3,ENSG00000267909,CCDC177,12.698548931106059
1.6633547198670193,2.961190832210384,-1.2978361123433646,1.3775293010226706e-33,1.7026099620309703e-32,LuminalA-up,ENSG00000237772.2,ENSG00000237772,LINC02631,31.768884829863875
7.661387423459851,8.958530002164036,-1.297142578704185,3.569252319005553e-21,2.0923633741354693e-20,LuminalA-up,ENSG00000179841.8,ENSG00000179841,AKAP5,19.679362890704475
0.8756805987913231,2.172781770502483,-1.2971011717111596,2.4713068582370897e-24,1.749856482638514e-23,LuminalA-up,ENSG00000126952.17,ENSG00000126952,NXF5,22.75699756923032
11.196670196525455,12.492920094220938,-1.2962498976954837,3.859177871377175e-36,5.497647354380064e-35,LuminalA-up,ENSG00000005884.18,ENSG00000005884,ITGA3,34.259823121342066
1.082659883543545,2.3787681565730163,-1.2961082730294713,3.9244502758654906e-26,3.112815268504762e-25,LuminalA-up,ENSG00000279390.1,ENSG00000279390,AF127577.6,24.506846651964302
0.6255102131041154,1.9207913739375762,-1.295281160833461,1.4488500291677545e-28,1.3367864843848922e-27,LuminalA-up,ENSG00000224374.1,ENSG00000224374,AL023693.1,26.873937954038315
1.354604555102191,2.6495818815227454,-1.2949773264205544,2.702725667953057e-27,2.3134669149587965e-26,LuminalA-up,ENSG00000280042.1,ENSG00000280042,AC022336.3,25.635736706993377
3.377000534128226,4.671968887242487,-1.2949683531142613,2.0756802357060615e-29,2.0120532533506994e-28,LuminalA-up,ENSG00000204173.11,ENSG00000204173,LRRC37A5P,27.696360528919147
5.353811683720019,6.647903873148513,-1.2940921894284942,7.664336701204086e-24,5.2666782743821436e-23,LuminalA-up,ENSG00000133116.8,ENSG00000133116,KL,22.27846321058273
8.506016013354053,9.8000910625914,-1.2940750492373478,4.4774080745103794e-37,6.789005093417779e-36,LuminalA-up,ENSG00000238105.7,ENSG00000238105,GOLGA2P5,35.16819386549818
8.986039362353628,10.279429631570734,-1.293390269217106,1.7762104663160648e-24,1.2743701804562177e-23,LuminalA-up,ENSG00000122679.8,ENSG00000122679,RAMP3,22.89470439933407
1.7441489172057811,3.0367441246106774,-1.2925952074048963,6.259951314366522e-18,3.0053504448233434e-17,LuminalA-up,ENSG00000229051.2,ENSG00000229051,LINC01788,16.52210487894275
2.978839980144336,4.270576587437731,-1.2917366072933945,3.742617847233887e-27,3.176013930108352e-26,LuminalA-up,ENSG00000287467.1,ENSG00000287467,AC037459.4,25.49811760140995
10.023472047236138,11.315174964060736,-1.2917029168245975,1.077689583918423e-16,4.771384870287352e-16,LuminalA-up,ENSG00000183508.5,ENSG00000183508,TENT5C,15.321355550890111
0.06963093915560538,1.360983397126809,-1.2913524579712037,4.172365561685251e-35,5.614520017169394e-34,LuminalA-up,ENSG00000255155.1,ENSG00000255155,AP004371.1,33.25068736545859
5.0180751906494825,6.308885663910388,-1.2908104732609056,1.9594622299107626e-36,2.8470383158478004e-35,LuminalA-up,ENSG00000231028.9,ENSG00000231028,LINC00271,34.54560668801662
6.451392848458337,7.742022621821005,-1.2906297733626682,7.684434880335606e-28,6.794572861747546e-27,LuminalA-up,ENSG00000221818.9,ENSG00000221818,EBF2,26.16783783983167
0.5182373698216796,1.808540082304474,-1.2903027124827944,4.576043799842484e-19,2.362738573178066e-18,LuminalA-up,ENSG00000214216.11,ENSG00000214216,IQCJ,17.626584328518753
2.8203989957619373,4.109969307855519,-1.289570312093582,1.97787028570858e-21,1.177379008647693e-20,LuminalA-up,ENSG00000226330.1,ENSG00000226330,AL606489.1,19.929083711440228
12.810175800365835,14.099639826149918,-1.289464025784083,4.9720227371888915e-40,9.003900710457679e-39,LuminalA-up,ENSG00000082781.12,ENSG00000082781,ITGB5,38.04556930278059
8.091241259436437,9.380529168038619,-1.2892879086021818,2.20846458441848e-11,6.844280036030643e-11,LuminalA-up,ENSG00000175352.11,ENSG00000175352,NRIP3,10.164672229461916
4.9150890552765105,6.204282529563469,-1.2891934742869582,7.351943581529079e-28,6.51260964198876e-27,LuminalA-up,ENSG00000277182.1,ENSG00000277182,AC006449.5,26.1862449521362
0.6112361805500229,1.899098464393079,-1.2878622838430562,4.8379079384735e-26,3.817482911902818e-25,LuminalA-up,ENSG00000248738.6,ENSG00000248738,AC037441.1,24.418222898288025
2.2766092333741326,3.5640322795158728,-1.2874230461417402,4.039032879870088e-20,2.217663917006476e-19,LuminalA-up,ENSG00000203364.2,ENSG00000203364,AL390760.1,18.654104269750835
3.963852764582538,5.251045902790487,-1.2871931382079493,3.651232751864084e-33,4.397747820427025e-32,LuminalA-up,ENSG00000260339.1,ENSG00000260339,HEXA-AS1,31.356769677962276
6.168634187650281,7.455654105110099,-1.2870199174598183,6.084604285581156e-09,1.5646792148268536e-08,LuminalA-up,ENSG00000237361.3,ENSG00000237361,TUSC8,7.805574686558788
8.52109410243377,9.808091898240383,-1.286997795806613,2.3272036339320952e-49,7.655335211914016e-48,LuminalA-up,ENSG00000116885.18,ENSG00000116885,OSCP1,47.11603578765715
3.614567405644948,4.9013697317879235,-1.2868023261429755,1.8073559984020876e-24,1.2956067807193752e-23,LuminalA-up,ENSG00000254810.1,ENSG00000254810,AP001189.3,22.887526787721676
8.195334671566473,9.482069475010215,-1.2867348034437427,4.084831803531967e-23,2.686355935930774e-22,LuminalA-up,ENSG00000156127.8,ENSG00000156127,BATF,21.57083644484326
12.255345233315058,13.541266147123991,-1.2859209138089334,5.0357767215840457e-26,3.966147455533299e-25,LuminalA-up,ENSG00000140526.18,ENSG00000140526,ABHD2,24.40163114340001
12.279029052845335,13.564700098357191,-1.2856710455118563,8.079996805015727e-45,1.9654680181721854e-43,LuminalA-up,ENSG00000136636.13,ENSG00000136636,KCTD3,42.70653401856704
1.837263361289408,3.1229022651362355,-1.2856389038468274,1.645583354468932e-28,1.5116457671087586e-27,LuminalA-up,ENSG00000275710.1,ENSG00000275710,AC007485.1,26.820549967706405
7.201967900958532,8.487596856168958,-1.2856289552104263,4.11336104048124e-31,4.420643221446975e-30,LuminalA-up,ENSG00000161281.11,ENSG00000161281,COX7A1,29.354514534451592
0.35526162029350294,1.6407393190418025,-1.2854776987482994,1.1118823437691401e-35,1.5388231281231039e-34,LuminalA-up,ENSG00000286631.1,ENSG00000286631,AL133405.1,33.81281129497975
8.227521125298702,9.512928762244687,-1.285407636945985,7.912593267555913e-15,3.1079227364480224e-14,LuminalA-up,ENSG00000147257.15,ENSG00000147257,GPC3,13.507529786380571
7.001826810613556,8.287212077996204,-1.2853852673826474,1.4240789465880112e-20,8.04976834563746e-20,LuminalA-up,ENSG00000154262.13,ENSG00000154262,ABCA6,19.094216617477965
6.892150398735556,8.177371761007977,-1.2852213622724218,3.3574196454345824e-16,1.4467245984698188e-15,LuminalA-up,ENSG00000244734.4,ENSG00000244734,HBB,14.839614134221879
3.7193141959811404,5.004113576595521,-1.2847993806143805,2.08225727375096e-11,6.471098073069922e-11,LuminalA-up,ENSG00000205362.11,ENSG00000205362,MT1A,10.18902201815487
1.315522489318189,2.5997123715452135,-1.2841898822270246,2.0485409244880338e-17,9.519686840229742e-17,LuminalA-up,ENSG00000130643.9,ENSG00000130643,CALY,16.021377337938755
4.180207817185524,5.464373081736286,-1.2841652645507624,3.868108936079345e-19,2.005553156030621e-18,LuminalA-up,ENSG00000285847.2,ENSG00000285847,AL713852.1,17.697765822804826
1.0290563687556442,2.313124561566693,-1.2840681928110487,1.3581029247010963e-25,1.0410155507884919e-24,LuminalA-up,ENSG00000249767.1,ENSG00000249767,ENPP7P10,23.98254278290907
8.028971509352816,9.312901782998274,-1.283930273645458,1.1280056795808371e-26,9.299249970376208e-26,LuminalA-up,ENSG00000185532.20,ENSG00000185532,PRKG1,25.031552077990423
6.5585072416162165,7.842370047903708,-1.283862806287492,1.3116874198220117e-14,5.0759365403410104e-14,LuminalA-up,ENSG00000165072.10,ENSG00000165072,MAMDC2,13.294483816118705
2.2628029978935564,3.54633299633273,-1.2835299984391737,1.184090703660527e-13,4.2992548079182043e-13,LuminalA-up,ENSG00000176601.13,ENSG00000176601,MAP3K19,12.366606814386735
8.560772956880776,9.844078429919042,-1.2833054730382667,4.1316036217774394e-25,3.0721240772400123e-24,LuminalA-up,ENSG00000182667.14,ENSG00000182667,NTM,23.512561247959383
1.108754495897284,2.3912767684275877,-1.2825222725303038,2.66597745663537e-28,2.422433297544527e-27,LuminalA-up,ENSG00000239774.1,ENSG00000239774,AC125618.1,26.615748172546407
2.1049343123674613,3.3864411190283215,-1.2815068066608601,4.834870570902122e-30,4.868274603083183e-29,LuminalA-up,ENSG00000269967.1,ENSG00000269967,AL136115.2,28.312624932652287
2.468235799956984,3.749041970261689,-1.2808061703047047,5.563528563547715e-29,5.265089707795579e-28,LuminalA-up,ENSG00000274341.1,ENSG00000274341,AC005899.6,27.278594224807325
1.0109090781900971,2.291470181725462,-1.280561103535365,1.3211795800698392e-30,1.377907265835128e-29,LuminalA-up,ENSG00000200356.1,ENSG00000200356,RNU6-833P,28.860780009780562
7.0769850227197075,8.357376199523298,-1.2803911768035903,9.526801766347713e-22,5.76007206363592e-21,LuminalA-up,ENSG00000173198.6,ENSG00000173198,CYSLTR1,20.23957208313171
2.0919893777808176,3.372311583364268,-1.2803222055834502,5.79879448985077e-12,1.8731385882220084e-11,LuminalA-up,ENSG00000230847.4,ENSG00000230847,OCLNP1,10.727430089216622
0.16732671635842716,1.4473530293734391,-1.280026313015012,4.904978686573583e-30,4.9344203353525367e-29,LuminalA-up,ENSG00000212505.1,ENSG00000212505,RNA5SP299,28.306763858180542
3.6781146337315103,4.957561875638415,-1.279447241906905,3.4861253995599555e-23,2.299841042968898e-22,LuminalA-up,ENSG00000132518.7,ENSG00000132518,GUCY2D,21.638302179872458
0.11980733875922137,1.399140381168658,-1.2793330424094367,5.070690915171412e-22,3.1204251785670225e-21,LuminalA-up,ENSG00000253937.1,ENSG00000253937,NATP,20.505786226454365
1.8749830882693794,3.153628388682772,-1.2786453004133926,9.277090691375496e-18,4.401529794407737e-17,LuminalA-up,ENSG00000164588.8,ENSG00000164588,HCN1,16.35639635401375
0.6663810658189392,1.9449476723689776,-1.2785666065500383,1.7555924982415835e-21,1.048226942305983e-20,LuminalA-up,ENSG00000204687.4,ENSG00000204687,MAS1L,19.979544681931227
7.146310802336709,8.424858301285406,-1.2785474989486971,1.9312782699816762e-22,1.2198313097755e-21,LuminalA-up,ENSG00000123453.18,ENSG00000123453,SARDH,20.91370022366874
3.950592613816434,5.228936518514342,-1.2783439046979077,1.091099356650266e-21,6.579177987932527e-21,LuminalA-up,ENSG00000203721.7,ENSG00000203721,LINC00862,20.181828364380845
2.1553616758898406,3.4333429565940703,-1.2779812807042297,8.768125471650193e-10,2.4067111514061125e-09,LuminalA-up,ENSG00000149124.11,ENSG00000149124,GLYAT,8.618576029740748
11.509283223968788,12.78709760917402,-1.2778143852052324,5.228201692475694e-22,3.2138147942744407e-21,LuminalA-up,ENSG00000064651.14,ENSG00000064651,SLC12A2,20.492979154374854
3.962786970045431,5.240297866959949,-1.2775108969145181,2.2544396253068685e-25,1.7035350820623585e-24,LuminalA-up,ENSG00000226891.9,ENSG00000226891,LINC01359,23.768648918280892
7.586978365466639,8.86387192057867,-1.2768935551120313,4.39418539651232e-06,8.952076331641923e-06,LuminalA-up,ENSG00000162896.6,ENSG00000162896,PIGR,5.048076223366486
6.119292634633358,7.396021378622455,-1.2767287439890973,8.816330699989153e-34,1.102287971143739e-32,LuminalA-up,ENSG00000171817.17,ENSG00000171817,ZNF540,31.957704931853726
9.301617668466184,10.578337120719409,-1.276719452253225,4.921225855532506e-24,3.416140716338274e-23,LuminalA-up,ENSG00000065621.15,ENSG00000065621,GSTO2,22.466464248325376
10.782834078019937,12.059502707172639,-1.2766686291527023,3.1751968928835144e-50,1.1086729150984937e-48,LuminalA-up,ENSG00000114861.23,ENSG00000114861,FOXP1,47.95519656216465
7.964830437447846,9.241207653569923,-1.2763772161220768,1.8839288124208587e-24,1.348479474532291e-23,LuminalA-up,ENSG00000166086.13,ENSG00000166086,JAM3,22.87015565964135
13.057923712541811,14.334186515331547,-1.276262802789736,8.59409567832032e-28,7.584889076811404e-27,LuminalA-up,ENSG00000245532.9,ENSG00000245532,NEAT1,26.120050766054703
9.634900586933234,10.91086322469248,-1.2759626377592461,1.4316859864462484e-21,8.577321584571625e-21,LuminalA-up,ENSG00000158270.12,ENSG00000158270,COLEC12,20.06664830686455
14.164982891631704,15.440881548829966,-1.2758986571982618,1.2279049750147563e-14,4.7583092210976447e-14,LuminalA-up,ENSG00000115461.5,ENSG00000115461,IGFBP5,13.322547338538191
2.5552071000876704,3.830812877372956,-1.2756057772852856,9.563679474623932e-13,3.2545638171512103e-12,LuminalA-up,ENSG00000204065.3,ENSG00000204065,TCEAL5,11.487507208170372
4.0193217907835015,5.294401381996167,-1.2750795912126653,2.6065103261763768e-18,1.2856125093206614e-17,LuminalA-up,ENSG00000267751.5,ENSG00000267751,AC009005.1,16.890889910433803
0.7481567882830096,2.0231001401948125,-1.274943351911803,3.708313077270472e-09,9.706594904740452e-09,LuminalA-up,ENSG00000175766.13,ENSG00000175766,EIF4E1B,8.012933094853777
10.01839026355293,11.293257743593147,-1.274867480040216,4.721769456169082e-45,1.17066355155908e-43,LuminalA-up,ENSG00000125967.17,ENSG00000125967,NECAB3,42.931567903131246
8.790451120655176,10.064401605052094,-1.2739504843969183,2.791248686672574e-59,1.8863438705093685e-57,LuminalA-up,ENSG00000164331.10,ENSG00000164331,ANKRA2,56.72437913479496
9.141270755422159,10.414467486878992,-1.2731967314568333,5.536675276493431e-38,8.846013120498561e-37,LuminalA-up,ENSG00000131477.11,ENSG00000131477,RAMP2,36.05325242081585
6.712640273768465,7.985833309217992,-1.2731930354495269,7.69429543697057e-30,7.662293019823337e-29,LuminalA-up,ENSG00000215068.8,ENSG00000215068,AC025171.2,28.115641243835704
0.12212965215852883,1.395146335012012,-1.273016682853483,4.502895461450175e-31,4.82381130929402e-30,LuminalA-up,ENSG00000259447.1,ENSG00000259447,AC013652.2,29.31660968862394
6.691038610267253,7.963501319237789,-1.2724627089705356,8.100932395263626e-24,5.563270925819233e-23,LuminalA-up,ENSG00000267270.6,ENSG00000267270,PARD6G-AS1,22.254669789830295
4.3058828367342405,5.578274779022381,-1.2723919422881407,4.444169133819801e-18,2.1536583687384668e-17,LuminalA-up,ENSG00000125531.7,ENSG00000125531,FNDC11,16.666823186989216
2.832629760035188,4.1048382219768715,-1.2722084619416836,1.1550573797455109e-25,8.89853444474133e-25,LuminalA-up,ENSG00000269388.1,ENSG00000269388,AC018755.3,24.05068151413846
12.062300342159853,13.334386099798218,-1.272085757638365,9.308352648632124e-17,4.1348526475238376e-16,LuminalA-up,ENSG00000170345.10,ENSG00000170345,FOS,15.383539962654979
11.037179043687964,12.309232661337552,-1.272053617649588,3.447513434813377e-41,6.645235786943323e-40,LuminalA-up,ENSG00000175895.4,ENSG00000175895,PLEKHF2,39.177489604766144
3.108464311378151,4.380373853737796,-1.2719095423596447,2.0990353581371655e-28,1.9192489144778446e-27,LuminalA-up,ENSG00000267274.1,ENSG00000267274,AC008770.3,26.716868696356865
0.8827755761026564,2.154225431920767,-1.2714498558181107,1.028058628285601e-26,8.485724013822543e-26,LuminalA-up,ENSG00000241829.1,ENSG00000241829,RPL21P54,25.071311097153785
2.319890095386134,3.5911199031180234,-1.2712298077318893,1.146600173458869e-31,1.2722289908752495e-30,LuminalA-up,ENSG00000276945.1,ENSG00000276945,AC008498.1,29.89543471217586
3.5659735188928754,4.837201240507633,-1.2712277216147574,7.08259102707205e-27,5.89395360544824e-26,LuminalA-up,ENSG00000286529.1,ENSG00000286529,AC090398.2,25.22959328704346
3.749733917297264,5.020920806458199,-1.2711868891609353,9.065465184794646e-28,7.992487979861034e-27,LuminalA-up,ENSG00000257489.6,ENSG00000257489,AC010203.1,26.097318008204095
5.961614880030876,7.232478904971449,-1.2708640249405736,9.887669326887117e-33,1.1641541125298776e-31,LuminalA-up,ENSG00000177191.2,ENSG00000177191,B3GNT8,30.933989523302145
5.549180530411997,6.819855987081081,-1.2706754566690845,4.53669216553927e-19,2.3427811028944127e-18,LuminalA-up,ENSG00000141469.18,ENSG00000141469,SLC14A1,17.630268287692473
0.6448235299497874,1.9152163408114957,-1.2703928108617082,2.8447795241830772e-24,2.007515992644563e-23,LuminalA-up,ENSG00000177462.7,ENSG00000177462,OR2T8,22.69734098627861
5.89118517040271,7.161515830337979,-1.2703306599352695,4.6071469354728444e-39,7.803515173170781e-38,LuminalA-up,ENSG00000197054.12,ENSG00000197054,ZNF763,37.10770972084561
3.224961215169362,4.495236923226779,-1.270275708057417,2.0722528558126465e-27,1.7861125154754414e-26,LuminalA-up,ENSG00000279700.1,ENSG00000279700,AC131212.2,25.748091186370782
3.656934963345098,4.926879822459871,-1.2699448591147733,1.9108755669501874e-29,1.8587506965806813e-28,LuminalA-up,ENSG00000224023.10,ENSG00000224023,EDRF1-DT,27.730778855714863
2.2685510471282484,3.5383980849370866,-1.2698470378088382,8.918139485674873e-26,6.919815637958836e-25,LuminalA-up,ENSG00000281903.2,ENSG00000281903,LINC02246,24.15990547613338
5.259612461641449,6.529226814011155,-1.2696143523697057,7.188644729473441e-07,1.5737925108219563e-06,LuminalA-up,ENSG00000124479.11,ENSG00000124479,NDP,5.803052525690406
0.835429758905417,2.104668128712369,-1.2692383698069518,1.200617382743719e-20,6.815358961823787e-20,LuminalA-up,ENSG00000213045.3,ENSG00000213045,AC097065.1,19.16651126513617
6.090594969436054,7.3589656340126135,-1.2683706645765591,4.7941691583397615e-17,2.1672360106210225e-16,LuminalA-up,ENSG00000285933.1,ENSG00000285933,AP003498.2,15.664093791712398
2.6090294187118017,3.877032130602675,-1.2680027118908734,8.306998571637439e-23,5.363069956111073e-22,LuminalA-up,ENSG00000254732.2,ENSG00000254732,AP001931.1,21.270586538044416
2.156418565030736,3.4242442621427807,-1.2678256971120447,1.4151244709649972e-13,5.112629043624349e-13,LuminalA-up,ENSG00000184845.4,ENSG00000184845,DRD1,12.291355717179867
4.713099220884506,5.980468531705982,-1.2673693108214756,3.472656274695012e-20,1.9139006630676885e-19,LuminalA-up,ENSG00000167968.13,ENSG00000167968,DNASE1L2,18.718080607103122
8.005533077492263,9.272538724037783,-1.2670056465455204,1.3962668033166533e-40,2.6074018522102627e-39,LuminalA-up,ENSG00000243701.7,ENSG00000243701,DUBR,38.58379203030152
10.708818867860122,11.975407837361855,-1.2665889695017327,1.9035597083162107e-42,3.9484728603192687e-41,LuminalA-up,ENSG00000130529.16,ENSG00000130529,TRPM4,40.40357084274756
1.1801634711448272,2.446438552105417,-1.2662750809605898,3.4623264940496715e-17,1.5818070612041023e-16,LuminalA-up,ENSG00000257178.5,ENSG00000257178,AC103702.1,15.800846490095244
1.502916088782941,2.7688751292682015,-1.2659590404852605,6.9470785984278675e-31,7.364518488908986e-30,LuminalA-up,ENSG00000227617.9,ENSG00000227617,CERS6-AS1,29.132855643179255
5.200868449350451,6.466775021823555,-1.2659065724731038,9.977015955847857e-16,4.1559534589290434e-15,LuminalA-up,ENSG00000004776.13,ENSG00000004776,HSPB6,14.381329324599816
7.901072347665853,9.166476884269239,-1.265404536603386,6.671080814081989e-16,2.8138244480688094e-15,LuminalA-up,ENSG00000144057.15,ENSG00000144057,ST6GAL2,14.550703001291204
1.118960955051478,2.384252967620092,-1.265292012568614,4.271753806058915e-25,3.1742227350719312e-24,LuminalA-up,ENSG00000286921.1,ENSG00000286921,AC004522.4,23.498362602086928
2.8645335443043507,4.129757056079909,-1.2652235117755586,3.0612249464845626e-18,1.4999599503897464e-17,LuminalA-up,ENSG00000166960.16,ENSG00000166960,CCDC178,16.823920336648943
2.100885036268575,3.3657121383348194,-1.2648271020662443,3.304893651202252e-33,3.9863272827743603e-32,LuminalA-up,ENSG00000263586.1,ENSG00000263586,HID1-AS1,31.39942704801688
3.5747969771014425,4.83958436366602,-1.2647873865645778,1.0984906351911454e-20,6.250450872790221e-20,LuminalA-up,ENSG00000179097.6,ENSG00000179097,HTR1F,19.20408865393556
11.148943656166512,12.413643468004464,-1.2646998118379518,2.597459619420457e-20,1.4450928870203107e-19,LuminalA-up,ENSG00000170801.10,ENSG00000170801,HTRA3,18.840104236627955
10.98601424333789,12.25006111320192,-1.2640468698640301,2.817666974731316e-46,7.484009270443242e-45,LuminalA-up,ENSG00000170871.12,ENSG00000170871,KIAA0232,44.12586568321107
0.0979817982582659,1.3617648197166954,-1.2637830214584296,1.0656907459661304e-20,6.068969385794205e-20,LuminalA-up,ENSG00000214081.8,ENSG00000214081,CYP4F30P,19.216885053251694
6.24193318284821,7.505312541452934,-1.2633793586047242,8.466550507795253e-18,4.026656824933271e-17,LuminalA-up,ENSG00000262772.2,ENSG00000262772,LINC01977,16.395055381911966
9.157133270986105,10.420323296349498,-1.263190025363393,1.955369216077976e-30,2.01117365187475e-29,LuminalA-up,ENSG00000204131.9,ENSG00000204131,NHSL2,28.696550429256547
0.49522023215199995,1.757966258313832,-1.2627460261618322,1.164737502741966e-33,1.4465357944390774e-32,LuminalA-up,ENSG00000253116.1,ENSG00000253116,AC027698.1,31.83967081529285
9.563179918179955,10.825736885148565,-1.26255696696861,7.097875205077793e-24,4.886485233700861e-23,LuminalA-up,ENSG00000131471.7,ENSG00000131471,AOC3,22.311003409271038
8.046915148093854,9.309470112528562,-1.2625549644347078,1.549505529213464e-58,9.87441546373295e-57,LuminalA-up,ENSG00000140025.16,ENSG00000140025,EFCAB11,56.00548860389279
4.2079105544164745,5.470333151746491,-1.2624225973300165,5.9949365000344205e-43,1.2832073530086448e-41,LuminalA-up,ENSG00000267348.3,ENSG00000267348,GEMIN7-AS1,40.89170316046739
6.663022497056508,7.924694115290783,-1.261671618234275,8.164434423374096e-28,7.213279964984178e-27,LuminalA-up,ENSG00000172794.20,ENSG00000172794,RAB37,26.141867211454993
9.658442737257745,10.920019851698349,-1.2615771144406036,2.715774346656383e-23,1.802985860564903e-22,LuminalA-up,ENSG00000239887.6,ENSG00000239887,C1orf226,21.744007679102733
0.993303259236854,2.254588981323382,-1.2612857220865281,3.4196107098328644e-18,1.6701930787352122e-17,LuminalA-up,ENSG00000277112.3,ENSG00000277112,ANKRD20A21P,16.777233320360036
1.0663216591706368,2.3275162310775226,-1.2611945719068858,6.990287065521657e-22,4.262587273718136e-21,LuminalA-up,ENSG00000181778.5,ENSG00000181778,TMEM252,20.370326716009725
6.587597865203781,7.8485871782543155,-1.2609893130505343,7.409772881802826e-29,6.953403891322249e-28,LuminalA-up,ENSG00000114656.12,ENSG00000114656,CFAP92,27.157802543708282
0.6111590602168618,1.87180675771545,-1.2606476974985883,3.102448120864043e-24,2.1842902963949324e-23,LuminalA-up,ENSG00000125931.11,ENSG00000125931,CITED1,22.6606896435569
4.496354583793646,5.756777093661278,-1.2604225098676327,6.160905700728858e-25,4.531787559544247e-24,LuminalA-up,ENSG00000163794.6,ENSG00000163794,UCN,23.343730457122884
4.404761296494618,5.665174878790999,-1.2604135822963807,1.816935427495486e-17,8.47768311938317e-17,LuminalA-up,ENSG00000176153.12,ENSG00000176153,GPX2,16.07172282061461
3.5714167414850713,4.831107917401385,-1.259691175916314,6.296336904820857e-16,2.660446401734465e-15,LuminalA-up,ENSG00000232124.3,ENSG00000232124,AP001057.1,14.575045486096688
2.866144157203592,4.125667916256171,-1.2595237590525792,8.711838450869615e-32,9.714598299173304e-31,LuminalA-up,ENSG00000275897.1,ENSG00000275897,AC021491.4,30.01257515286752
9.86981627450484,11.129118255268082,-1.259301980763242,2.6884381533274312e-42,5.535408286212254e-41,LuminalA-up,ENSG00000175155.11,ENSG00000175155,YPEL2,40.25685034047459
4.147059532080798,5.405919192813015,-1.2588596607322176,2.071106265582737e-18,1.027430546430862e-17,LuminalA-up,ENSG00000273388.1,ENSG00000273388,AC005291.2,16.988247526455602
5.52106062743926,6.7791132893997235,-1.2580526619604635,1.6915341781400294e-38,2.786251874754486e-37,LuminalA-up,ENSG00000245213.7,ENSG00000245213,AC105285.1,36.554979626292685
11.27718645892482,12.535217482922768,-1.2580310239979475,3.713288662588731e-21,2.1745184481127582e-20,LuminalA-up,ENSG00000131620.17,ENSG00000131620,ANO1,19.662636903528842
0.25950891003180176,1.5174918717049346,-1.2579829616731328,1.0025512487739587e-27,8.811095400866045e-27,LuminalA-up,ENSG00000152254.11,ENSG00000152254,G6PC2,26.054970096471145
8.569698475452261,9.827067245291616,-1.2573687698393545,1.4760550727919445e-18,7.394614562843518e-18,LuminalA-up,ENSG00000134363.12,ENSG00000134363,FST,17.131084458258396
0.5981849139433127,1.8550143609611094,-1.2568294470177968,3.600278297847386e-18,1.7561310905681662e-17,LuminalA-up,ENSG00000254404.1,ENSG00000254404,AP003306.1,16.755443068278765
4.91106707255791,6.167836723623206,-1.2567696510652961,4.956352534687689e-23,3.247399080585053e-22,LuminalA-up,ENSG00000161681.16,ENSG00000161681,SHANK1,21.488464336613998
9.693495197065852,10.950223675502922,-1.2567284784370703,4.006704153294338e-31,4.3115480968997174e-30,LuminalA-up,ENSG00000132749.11,ENSG00000132749,TESMIN,29.36536676482216
8.904925953469915,10.161417013812676,-1.2564910603427606,1.6201271290260954e-22,1.028924997441355e-21,LuminalA-up,ENSG00000170271.11,ENSG00000170271,FAXDC2,20.987616281587922
12.833930110207255,14.089889341935871,-1.2559592317286157,1.6799507861398316e-62,1.478003946231159e-60,LuminalA-up,ENSG00000129625.13,ENSG00000129625,REEP5,59.830324406384946
1.2571286781397386,2.5124811259520823,-1.2553524478123437,1.9813361078693228e-24,1.414576918759951e-23,LuminalA-up,ENSG00000144035.4,ENSG00000144035,NAT8,22.849373432452474
9.526862231814494,10.781726521412871,-1.2548642895983768,1.7755608961817639e-32,2.0601177307031057e-31,LuminalA-up,ENSG00000127528.6,ENSG00000127528,KLF2,30.686107960051377
6.209566391192911,7.4640012655474175,-1.2544348743545068,1.1341320958041174e-31,1.2588115182567556e-30,LuminalA-up,ENSG00000269896.2,ENSG00000269896,AL513477.1,29.900039291900807
1.1018375753307903,2.3559841482645547,-1.2541465729337644,7.468329806434078e-20,4.0362498915991948e-19,LuminalA-up,ENSG00000260788.6,ENSG00000260788,AC009063.2,18.394021953638546
5.40813874662144,6.6621038882404475,-1.2539651416190072,6.509675310948785e-30,6.515506611615506e-29,LuminalA-up,ENSG00000182916.8,ENSG00000182916,TCEAL7,28.18605181017778
10.16955563538742,11.423284702284848,-1.253729066897428,1.8215371951079758e-42,3.7900637355691716e-41,LuminalA-up,ENSG00000119711.13,ENSG00000119711,ALDH6A1,40.42135348666168
1.3023440658832701,2.555961877413537,-1.2536178115302667,5.271436736970037e-26,4.14688006156385e-25,LuminalA-up,ENSG00000213519.2,ENSG00000213519,AC132008.1,24.382278525367656
2.4898015126884707,3.742410681971499,-1.2526091692830281,8.821600814121767e-13,3.011202233089222e-12,LuminalA-up,ENSG00000226087.2,ENSG00000226087,AC073283.2,11.521260076182577
3.8239569318261912,5.076382755833353,-1.2524258240071617,9.477380440989723e-18,4.49401318972946e-17,LuminalA-up,ENSG00000260742.1,ENSG00000260742,AC009962.1,16.34736565727997
5.9346578937524646,7.186563957723793,-1.2519060639713286,5.203085985449872e-40,9.412166337413907e-39,LuminalA-up,ENSG00000224424.8,ENSG00000224424,PRKAR2A-AS1,38.026310406317236
9.170433677523077,10.422064154937809,-1.2516304774147322,1.0325572198326071e-44,2.4972090915432176e-43,LuminalA-up,ENSG00000204514.10,ENSG00000204514,ZNF814,42.60254509260994
4.0471208456386725,5.298113060875433,-1.250992215236761,1.0460680139421797e-26,8.632250080586377e-26,LuminalA-up,ENSG00000275318.1,ENSG00000275318,AL136981.2,25.06387598641534
9.724198950137428,10.97518355122839,-1.2509846010909627,1.1915124897545643e-30,1.2449968409156169e-29,LuminalA-up,ENSG00000146757.14,ENSG00000146757,ZNF92,28.90483175055592
0.0875864323011691,1.338400929185835,-1.250814496884666,1.776171984724066e-26,1.4436781020356619e-25,LuminalA-up,ENSG00000265786.1,ENSG00000265786,LINC01906,24.840529630931183
8.850920001820759,10.10171720767436,-1.2507972058536012,1.334250608477574e-41,2.6339269962407705e-40,LuminalA-up,ENSG00000149292.17,ENSG00000149292,TTC12,39.57939626641644
5.414664303210673,6.664932362419283,-1.2502680592086106,3.519093962005676e-15,1.4140497435438774e-14,LuminalA-up,ENSG00000206077.13,ENSG00000206077,ZDHHC11B,13.849535312627783
6.035637946730626,7.285787339099842,-1.2501493923692166,1.1784625699291174e-09,3.2024374012179986e-09,LuminalA-up,ENSG00000268416.1,ENSG00000268416,AC010329.1,8.494519350754643
3.8836348146732367,5.132974182747649,-1.2493393680744123,1.984772602655075e-43,4.4001043413358545e-42,LuminalA-up,ENSG00000251023.1,ENSG00000251023,AC114980.1,41.35653702480265
9.420006444871463,10.669293378353176,-1.249286933481713,2.2771242779359474e-43,5.011766631412538e-42,LuminalA-up,ENSG00000165868.16,ENSG00000165868,HSPA12A,41.30000915975479
12.864816303874994,14.113835232202547,-1.249018928327553,4.1466556534447704e-14,1.5507742664673513e-13,LuminalA-up,ENSG00000099953.10,ENSG00000099953,MMP11,12.809451414283318
4.757775679888468,6.006442077001116,-1.2486663971126486,4.150738213327523e-26,3.289967957217748e-25,LuminalA-up,ENSG00000213760.11,ENSG00000213760,ATP6V1G2,24.482808331858926
0.5689542169205745,1.8175258750401104,-1.2485716581195359,1.0824257167963408e-28,1.0050667597510622e-27,LuminalA-up,ENSG00000229630.1,ENSG00000229630,LINC01264,26.99780509005587
7.609375001632679,8.857579079585665,-1.2482040779529866,3.103924754990455e-49,1.0081740095666672e-47,LuminalA-up,ENSG00000205464.12,ENSG00000205464,ATP6AP1L,46.996464502739244
7.229330439503118,8.476650656249955,-1.2473202167468367,4.744175506814774e-19,2.4465348152066342e-18,LuminalA-up,ENSG00000224189.8,ENSG00000224189,HAGLR,17.6114485996692
2.3772902049948623,3.6245153286453586,-1.2472251236504963,1.099406364818142e-35,1.522814105318352e-34,LuminalA-up,ENSG00000200550.1,ENSG00000200550,RNU6-137P,33.817353109114336
5.670165780441877,6.916021232134784,-1.2458554516929068,6.7328701254576965e-28,5.9847734448512854e-27,LuminalA-up,ENSG00000279382.1,ENSG00000279382,AC018665.1,26.222952285276488
3.199196210599876,4.44460965308241,-1.2454134424825343,2.0481614911146428e-27,1.7680755390719245e-26,LuminalA-up,ENSG00000164185.6,ENSG00000164185,ZNF474,25.752499184175157
1.6217096803382876,2.8671035129835483,-1.2453938326452607,1.0922355870115766e-25,8.42229971857098e-25,LuminalA-up,ENSG00000263982.1,ENSG00000263982,AC009716.1,24.074569307702575
8.208081409796252,9.45327849430843,-1.2451970845121778,1.4909877808512061e-44,3.5724024599093945e-43,LuminalA-up,ENSG00000163617.11,ENSG00000163617,CCDC191,42.44703962025607
9.572741065684603,10.817751499448704,-1.2450104337641008,3.557988075679421e-48,1.0754171352279007e-46,LuminalA-up,ENSG00000157796.18,ENSG00000157796,WDR19,45.96842304794479
10.377178088546456,11.622131067403277,-1.244952978856821,1.5358982534026014e-32,1.7882358268167837e-31,LuminalA-up,ENSG00000106789.13,ENSG00000106789,CORO2A,30.747575208397137
5.80692719364832,7.051844446548128,-1.2449172528998078,1.1010083565175117e-20,6.263713528592498e-20,LuminalA-up,ENSG00000206052.11,ENSG00000206052,DOK6,19.20316811298659
9.804522075142716,11.048978395035496,-1.2444563198927803,3.2838022959991477e-28,2.9669286512639203e-27,LuminalA-up,ENSG00000148516.22,ENSG00000148516,ZEB1,26.527692897476534
4.758606921516448,6.002996190255065,-1.2443892687386162,1.1500430953629319e-30,1.2031661846618439e-29,LuminalA-up,ENSG00000224376.1,ENSG00000224376,AC017104.1,28.919674382554575
10.30649018802578,11.550581225800373,-1.2440910377745933,2.1248739273529474e-36,3.0793676629861994e-35,LuminalA-up,ENSG00000103024.7,ENSG00000103024,NME3,34.51153845514567
2.269818715574358,3.5138126735954476,-1.2439939580210897,1.070481104882751e-12,3.628896302151073e-12,LuminalA-up,ENSG00000275620.1,ENSG00000275620,FLJ16779,11.440225441842713
10.813478015528778,12.057341005605624,-1.2438629900768454,4.400253101514908e-58,2.7163256715060723e-56,LuminalA-up,ENSG00000186834.4,ENSG00000186834,HEXIM1,55.56601816191035
8.187062390980781,9.4306592817615,-1.2435968907807187,2.1141109525084907e-21,1.2540840109274842e-20,LuminalA-up,ENSG00000169184.6,ENSG00000169184,MN1,19.90167336919899
1.8924205681905293,3.1358397777335436,-1.2434192095430143,9.189202825680889e-16,3.836847019392419e-15,LuminalA-up,ENSG00000274979.1,ENSG00000274979,AC020656.2,14.416025516401943
3.587083451879943,4.8303587034871835,-1.2432752516072405,1.5360779489035228e-23,1.0366284044140544e-22,LuminalA-up,ENSG00000283297.2,ENSG00000283297,TEX52,21.98437689533126
0.8166079003165273,2.0592275909539657,-1.2426196906374383,1.496546986842096e-31,1.6490550624242952e-30,LuminalA-up,ENSG00000285545.1,ENSG00000285545,AC124798.2,29.78276484289533
8.872403481661197,10.11383619755417,-1.241432715892973,3.858434707191433e-19,2.0008467107836764e-18,LuminalA-up,ENSG00000064309.14,ENSG00000064309,CDON,17.698786182333734
9.578830534338111,10.819866727708511,-1.2410361933704,3.653514179549419e-35,4.934157747723471e-34,LuminalA-up,ENSG00000144040.13,ENSG00000144040,SFXN5,33.30678696999207
3.999820629560177,5.240755000761781,-1.2409343712016039,1.1871243475261925e-22,7.596870585925539e-22,LuminalA-up,ENSG00000162643.13,ENSG00000162643,DNAI3,21.11936527181832
1.2831242178869844,2.5240163212455538,-1.2408921033585694,2.3605625631579328e-31,2.5698621993197113e-30,LuminalA-up,ENSG00000276984.1,ENSG00000276984,AL023881.1,29.59009016370355
9.936664952929872,11.177200637845235,-1.240535684915363,4.609668814852654e-41,8.814380985388532e-40,LuminalA-up,ENSG00000130940.15,ENSG00000130940,CASZ1,39.054808181841075
8.112750001279233,9.353134440774392,-1.240384439495159,4.014672557103573e-40,7.301781015415723e-39,LuminalA-up,ENSG00000107864.15,ENSG00000107864,CPEB3,38.136571195930614
4.584099234160271,5.824464696722909,-1.2403654625626377,1.8586745515729205e-20,1.043772339901563e-19,LuminalA-up,ENSG00000125409.13,ENSG00000125409,TEKT3,18.981394216186523
4.949058242476699,6.189084006190559,-1.2400257637138603,1.0131278308766128e-17,4.792555022718609e-17,LuminalA-up,ENSG00000122824.11,ENSG00000122824,NUDT10,16.31943289234121
6.024909947198204,7.264799546033839,-1.2398895988356342,1.0403456406802626e-21,6.283312770378811e-21,LuminalA-up,ENSG00000239467.6,ENSG00000239467,AC007405.3,20.201811321460443
3.7892821340988267,5.029003886146745,-1.239721752047918,4.789928181375066e-11,1.4458207351615686e-10,LuminalA-up,ENSG00000248329.6,ENSG00000248329,APELA,9.839885551133055
3.7589306480228943,4.998634799754744,-1.23970415173185,1.1469836576991695e-29,1.1278055795270214e-28,LuminalA-up,ENSG00000258302.2,ENSG00000258302,AC025034.1,27.94776576118249
2.169730135823542,3.4092134765174253,-1.2394833406938832,2.794145946419189e-32,3.2108252356520814e-31,LuminalA-up,ENSG00000273901.1,ENSG00000273901,AC012313.9,30.493383332321223
7.149548697881637,8.388910797580134,-1.2393620996984973,1.3061789082246357e-34,1.7102780079566322e-33,LuminalA-up,ENSG00000214274.10,ENSG00000214274,ANG,32.766933288726
11.29478970002568,12.53401501335143,-1.2392253133257505,1.9775814067854304e-38,3.2446661162725224e-37,LuminalA-up,ENSG00000134909.18,ENSG00000134909,ARHGAP32,36.48882998648173
4.546086636493886,5.784837302486138,-1.238750665992252,3.255391072898862e-21,1.9147343176622188e-20,LuminalA-up,ENSG00000257894.2,ENSG00000257894,AC027288.3,19.717891478811833
8.60831788691851,9.847017852681043,-1.2386999657625335,5.87904246680057e-48,1.750364180079695e-46,LuminalA-up,ENSG00000169570.10,ENSG00000169570,DTWD2,45.75687158277405
3.993064905056294,5.231554543246059,-1.238489638189765,5.126582015643994e-20,2.7978350564048625e-19,LuminalA-up,ENSG00000233170.4,ENSG00000233170,AC138356.2,18.55317789249062
8.912928526319345,10.15118400152631,-1.2382554752069659,1.608574260481175e-31,1.769590062728224e-30,LuminalA-up,ENSG00000214193.11,ENSG00000214193,SH3D21,29.75212732918327
4.197111126096164,5.434914034017112,-1.2378029079209476,4.9057365144308885e-21,2.856850034116112e-20,LuminalA-up,ENSG00000259969.1,ENSG00000259969,AL049838.1,19.544112556629944
3.0303974080116634,4.268079691243093,-1.2376822832314298,2.0971502402199234e-34,2.7162471426650632e-33,LuminalA-up,ENSG00000287619.1,ENSG00000287619,AL021308.1,32.566030717523866
4.377131379018334,5.614716464682694,-1.2375850856643593,3.421871605939641e-10,9.684324234304017e-10,LuminalA-up,ENSG00000287566.1,ENSG00000287566,AL732437.3,9.013930678667332
0.3062453234789615,1.543634330117043,-1.2373890066380815,2.6900826988220597e-34,3.462809987116569e-33,LuminalA-up,ENSG00000253699.1,ENSG00000253699,AC084128.1,32.46057133860093
7.98197153965237,9.218817873333009,-1.2368463336806395,1.7448444915504783e-13,6.264694446955016e-13,LuminalA-up,ENSG00000167034.10,ENSG00000167034,NKX3-1,12.203100106351787
9.232025005884445,10.468610419565701,-1.2365854136812562,2.20143257868122e-29,2.1284113076837176e-28,LuminalA-up,ENSG00000070404.10,ENSG00000070404,FSTL3,27.671944442450005
0.3211024485161703,1.5575349967099579,-1.2364325481937875,8.37587095252647e-29,7.829313840733053e-28,LuminalA-up,ENSG00000271065.1,ENSG00000271065,AC107031.1,27.10627629774296
7.309536035262378,8.545870385768795,-1.236334350506417,1.556169043194843e-51,5.995722566424268e-50,LuminalA-up,ENSG00000139160.13,ENSG00000139160,ETFBKMT,49.22215847099697
1.2762037292960182,2.512138690121231,-1.2359349608252128,1.6981806067037783e-27,1.4746894802256644e-26,LuminalA-up,ENSG00000250107.1,ENSG00000250107,CACNA1G-AS1,25.831299417802214
8.394659409533807,9.630273019653059,-1.2356136101192519,7.997124471271285e-22,4.857104770375312e-21,LuminalA-up,ENSG00000173068.18,ENSG00000173068,BNC2,20.313622528459202
11.860575441032417,13.094993303622523,-1.2344178625901066,1.0718010183431591e-45,2.7466949644390436e-44,LuminalA-up,ENSG00000133835.17,ENSG00000133835,HSD17B4,43.561189568688896
0.5799619260979653,1.813851259729774,-1.2338893336318089,7.923496223385294e-29,7.423018261818755e-28,LuminalA-up,ENSG00000244286.1,ENSG00000244286,ITGB5-AS1,27.12941947101173
3.5544667227081015,4.788026624628777,-1.233559901920675,2.0721929080429756e-22,1.3066197569149839e-21,LuminalA-up,ENSG00000251002.8,ENSG00000251002,AC244502.1,20.883850779290025
10.122784973832848,11.355015213382265,-1.2322302395494162,3.970059561636759e-32,4.514124711874632e-31,LuminalA-up,ENSG00000140263.15,ENSG00000140263,SORD,30.345426446824316
1.8488649289657855,3.0808764117372016,-1.2320114827714161,1.2861131525774329e-26,1.056371302974652e-25,LuminalA-up,ENSG00000231651.1,ENSG00000231651,DLG3-AS1,24.9761834052018
0.0979817982582659,1.329759124834151,-1.2317773265758851,3.5217967638265237e-20,1.9397079777105667e-19,LuminalA-up,ENSG00000223349.1,ENSG00000223349,KLF2P3,18.71226364801567
9.33873805672699,10.569839008008671,-1.2311009512816806,6.281694699342952e-32,7.063482265078019e-31,LuminalA-up,ENSG00000137266.15,ENSG00000137266,SLC22A23,30.150981140922553
4.390212038823563,5.620812668440432,-1.2306006296168688,3.05457174381683e-19,1.5955936551774996e-18,LuminalA-up,ENSG00000259354.5,ENSG00000259354,AC025580.2,17.79707769931562
4.324699212088858,5.555234764638366,-1.230535552549508,1.4772941599634483e-16,6.4959858640921925e-16,LuminalA-up,ENSG00000272927.1,ENSG00000272927,AC107464.2,15.187354928833605
7.639669219673737,8.86995252689429,-1.230283307220553,1.7706717826174394e-43,3.938481629285771e-42,LuminalA-up,ENSG00000168038.11,ENSG00000168038,ULK4,41.404671175919795
9.73847646015207,10.9681876190577,-1.22971115890563,5.815022753445847e-17,2.6142645211306973e-16,LuminalA-up,ENSG00000143341.12,ENSG00000143341,HMCN1,15.582650470980719
1.6487388965706178,2.8781815784738303,-1.2294426819032125,9.342323799412278e-22,5.656696057736625e-21,LuminalA-up,ENSG00000099869.8,ENSG00000099869,IGF2-AS,20.247437155888196
2.519318186729406,3.7487412677780982,-1.2294230810486924,5.359449157397974e-18,2.5842539325808036e-17,LuminalA-up,ENSG00000183166.11,ENSG00000183166,CALN1,16.587664814167578
10.402957933127416,11.63167312272763,-1.228715189600214,1.3238651354370847e-35,1.8269229864080315e-34,LuminalA-up,ENSG00000113742.14,ENSG00000113742,CPEB4,33.738279759863104
5.168895982230578,6.397230320473252,-1.2283343382426741,4.29167134120479e-28,3.845410942453477e-27,LuminalA-up,ENSG00000139890.10,ENSG00000139890,REM2,26.415057242207563
0.7377759061059024,1.9660522991677833,-1.228276393061881,6.435631691315213e-27,5.372910941292302e-26,LuminalA-up,ENSG00000262558.1,ENSG00000262558,AC129507.3,25.26979035802164
6.60442648183895,7.832645848697653,-1.2282193668587027,4.917065701722548e-21,2.8614590680857607e-20,LuminalA-up,ENSG00000154065.17,ENSG00000154065,ANKRD29,19.543412462102832
6.585770059688035,7.813941619047829,-1.2281715593597937,1.6235798164251337e-30,1.6791852960990584e-29,LuminalA-up,ENSG00000235609.7,ENSG00000235609,AF127577.4,28.774901377338352
10.045484905203141,11.27346915119288,-1.2279842459897399,2.3351438239836994e-62,2.0330914540242492e-60,LuminalA-up,ENSG00000139531.13,ENSG00000139531,SUOX,59.6918430851668
8.249339573839285,9.476684496501845,-1.2273449226625601,1.3143885484957114e-14,5.085802163866587e-14,LuminalA-up,ENSG00000156103.16,ENSG00000156103,MMP16,13.293640537752948
0.37627740351319766,1.6033650048919033,-1.2270876013787055,2.0013562787280362e-11,6.228919448743154e-11,LuminalA-up,ENSG00000287448.1,ENSG00000287448,AC018558.7,10.205587285307036
10.47822091197448,11.704325333941398,-1.2261044219669177,6.7339808684594916e-34,8.457213889500268e-33,LuminalA-up,ENSG00000129038.16,ENSG00000129038,LOXL1,32.07277268562547
1.1215466974616632,2.3468607580946252,-1.225314060632962,1.130674113737843e-23,7.703291929368395e-23,LuminalA-up,ENSG00000140623.14,ENSG00000140623,SEPTIN12,22.11332364349782
3.7476343438486635,4.9727285862443855,-1.225094242395722,2.0085807205146784e-25,1.522904902774305e-24,LuminalA-up,ENSG00000284669.1,ENSG00000284669,AC092053.3,23.817327215173364
7.7989738671367625,9.023814369300782,-1.2248405021640192,5.647759184917546e-36,7.977787099807677e-35,LuminalA-up,ENSG00000105711.13,ENSG00000105711,SCN1B,34.09811755772441
6.0471196157319484,7.271682355654432,-1.2245627399224839,1.8335954884436717e-27,1.5877582219744736e-26,LuminalA-up,ENSG00000239998.6,ENSG00000239998,LILRA2,25.799215629652405
1.2231637932288841,2.4467317221840266,-1.2235679289551424,2.4844647733727192e-09,6.591677948666578e-09,LuminalA-up,ENSG00000268529.1,ENSG00000268529,CYP2T3P,8.1810040192317
5.7895917067760365,7.013071959015896,-1.2234802522398596,3.063755099696159e-16,1.3240983875943172e-15,LuminalA-up,ENSG00000113805.8,ENSG00000113805,CNTN3,14.878079743293783
0.8340188940212054,2.05737277739144,-1.2233538833702347,1.2760599000268256e-18,6.422451628963844e-18,LuminalA-up,ENSG00000196071.5,ENSG00000196071,OR2L13,17.192299157961298
8.13816672055798,9.36115652212172,-1.22298980156374,3.890171272680999e-19,2.0166801896113066e-18,LuminalA-up,ENSG00000175264.8,ENSG00000175264,CHST1,17.695362967875187
1.8026858840084463,3.0255982925205323,-1.222912408512086,1.8113598696846733e-08,4.4902220700954186e-08,LuminalA-up,ENSG00000167858.13,ENSG00000167858,TEKT1,7.347732179835849
2.9216194256635735,4.144030852587417,-1.222411426923844,3.827727087698132e-22,2.376466234110787e-21,LuminalA-up,ENSG00000236304.1,ENSG00000236304,AP001189.1,20.624068351974543
1.6358039656036947,2.858123061521333,-1.2223190959176382,1.4106695617699155e-26,1.1547165741276572e-25,LuminalA-up,ENSG00000274443.4,ENSG00000274443,C8orf89,24.93752460053153
1.400684833607493,2.622959822359473,-1.2222749887519797,3.369874094477906e-11,1.0293254934107837e-10,LuminalA-up,ENSG00000259757.1,ENSG00000259757,AC091891.1,9.987447270874684
2.0942078572595273,3.316220399643911,-1.2220125423843835,4.0724295276374994e-21,2.381504496971545e-20,LuminalA-up,ENSG00000250015.1,ENSG00000250015,AC018752.1,19.623148594077612
3.121578153835384,4.343499102784751,-1.221920948949367,3.120333863062676e-14,1.1760016987841344e-13,LuminalA-up,ENSG00000166897.16,ENSG00000166897,ELFN2,12.929592050902702
3.6662758799185022,4.888027563780433,-1.221751683861931,5.8604321920023115e-39,9.876404578980266e-38,LuminalA-up,ENSG00000287620.1,ENSG00000287620,AC092053.4,37.00540112785111
1.22764570838825,2.449181486590554,-1.221535778202304,9.001329626475934e-30,8.910944154739318e-29,LuminalA-up,ENSG00000275995.1,ENSG00000275995,AC109809.1,28.050076278065287
10.113364847091766,11.334771572525604,-1.2214067254338374,3.217489368915508e-48,9.751378268177924e-47,LuminalA-up,ENSG00000204852.16,ENSG00000204852,TCTN1,46.01093399640805
4.7628770697423315,5.984277095236899,-1.2214000254945674,1.2903528506863799e-17,6.062885836137854e-17,LuminalA-up,ENSG00000102010.15,ENSG00000102010,BMX,16.217320609433212
1.670890849079566,2.892255745263217,-1.221364896183651,9.133888009729616e-24,6.255985412467036e-23,LuminalA-up,ENSG00000270876.1,ENSG00000270876,ZNF30-AS1,22.203704272622833
7.421733370411328,8.642982854527379,-1.2212494841160506,7.800415893472633e-43,1.6597120938898522e-41,LuminalA-up,ENSG00000187266.14,ENSG00000187266,EPOR,40.779967241405224
3.3266783102433046,4.547821401357282,-1.2211430911139778,1.0483839625640655e-26,8.649232199150252e-26,LuminalA-up,ENSG00000237380.7,ENSG00000237380,HOXD-AS2,25.063022443572436
4.113270648061922,5.334400267374229,-1.2211296193123067,5.033849555674698e-12,1.6336009014059045e-11,LuminalA-up,ENSG00000130595.19,ENSG00000130595,TNNT3,10.786854035617411
9.8200281433952,11.040530037199549,-1.2205018938043484,5.1459535277404395e-27,4.3187872371021417e-26,LuminalA-up,ENSG00000155792.10,ENSG00000155792,DEPTOR,25.364638190726414
2.2734045876864992,3.493535324376304,-1.2201307366898049,4.384534111355859e-19,2.2669995898912296e-18,LuminalA-up,ENSG00000250490.1,ENSG00000250490,LINC02145,17.644548558438984
9.21548005854648,10.43537306278617,-1.2198930042396903,6.905243620340426e-41,1.3099251055676914e-39,LuminalA-up,ENSG00000105518.14,ENSG00000105518,TMEM205,38.882753534243854
4.6765044320592315,5.895112444063036,-1.2186080120038048,1.1695563793772269e-21,7.042128585723845e-21,LuminalA-up,ENSG00000254585.5,ENSG00000254585,MAGEL2,20.152296049194764
12.159898609569138,13.378276950484764,-1.218378340915626,9.222731375503758e-25,6.726413309549303e-24,LuminalA-up,ENSG00000168461.13,ENSG00000168461,RAB31,23.172216450648833
8.339975378182757,9.558264294219054,-1.2182889160362969,1.9289807970518615e-06,4.058027201537994e-06,LuminalA-up,ENSG00000178538.10,ENSG00000178538,CA8,5.391685046154754
8.869996014618277,10.088269804447126,-1.2182737898288494,1.8979433244970834e-13,6.800540912575333e-13,LuminalA-up,ENSG00000154175.18,ENSG00000154175,ABI3BP,12.167456542293195
5.292302233756984,6.510120795444634,-1.2178185616876505,5.961972726593158e-16,2.52393692593335e-15,LuminalA-up,ENSG00000154263.17,ENSG00000154263,ABCA10,14.597921502463311
3.5876262624591204,4.805186152357173,-1.2175598898980526,9.534118996289261e-07,2.0642272881773416e-06,LuminalA-up,ENSG00000171759.10,ENSG00000171759,PAH,5.685242485064867
7.779993523181185,8.99702590151226,-1.2170323783310746,1.2374057992347046e-09,3.3571705698379034e-09,LuminalA-up,ENSG00000073282.14,ENSG00000073282,TP63,8.47402659272354
5.416307024919174,6.633267574940113,-1.2169605500209393,6.020526555006591e-10,1.6744776810804923e-09,LuminalA-up,ENSG00000250120.8,ENSG00000250120,PCDHA10,8.776120636746498
0.36099010705603024,1.577826629516276,-1.2168365224602458,3.1018258005953104e-30,3.1535699373962633e-29,LuminalA-up,ENSG00000230098.1,ENSG00000230098,TCERG1L-AS1,28.501197533122074
10.78965580694884,12.00606607254389,-1.2164102655950497,2.5009639444420564e-34,3.223080023748471e-33,LuminalA-up,ENSG00000198369.10,ENSG00000198369,SPRED2,32.49172891153981
9.880350317725304,11.09673745845973,-1.216387140734426,2.6746415346260267e-40,4.923337959399474e-39,LuminalA-up,ENSG00000152939.17,ENSG00000152939,MARVELD2,38.3077403513358
5.745944490399795,6.962232671241331,-1.216288180841536,5.321159362928444e-47,1.476533624547694e-45,LuminalA-up,ENSG00000152380.10,ENSG00000152380,FAM151B,44.830756658560574
1.3862370597084521,2.6024797855227,-1.2162427258142479,2.58173586450957e-14,9.784034615982e-14,LuminalA-up,ENSG00000137473.18,ENSG00000137473,TTC29,13.009482019432179
3.5512279460795515,4.767140890383042,-1.2159129443034908,8.518033792912323e-22,5.1650595647326535e-21,LuminalA-up,ENSG00000142408.6,ENSG00000142408,CACNG8,20.28692466572509
0.855804011237685,2.0716902977661897,-1.2158862865285047,9.775456022167051e-07,2.114021199116384e-06,LuminalA-up,ENSG00000244125.1,ENSG00000244125,AC078882.1,5.674890661960899
1.7082967612633349,2.923109732399076,-1.214812971135741,4.106190081338858e-33,4.933315108475932e-32,LuminalA-up,ENSG00000268744.1,ENSG00000268744,AC008758.4,31.30686114371044
2.47019451897978,3.684732750149609,-1.2145382311698292,4.829411318871415e-27,4.066361904259478e-26,LuminalA-up,ENSG00000163263.7,ENSG00000163263,C1orf189,25.390793971977246
13.988247525548635,15.202639255308856,-1.2143917297602211,6.114815019576935e-24,4.2226740720275826e-23,LuminalA-up,ENSG00000116133.13,ENSG00000116133,DHCR24,22.374412438390983
14.146570273860622,15.360882910355995,-1.2143126364953734,3.948631682890115e-25,2.9386797071597837e-24,LuminalA-up,ENSG00000169710.9,ENSG00000169710,FASN,23.53184774601085
2.1131591965667913,3.3272886152163412,-1.21412941864955,5.560233487914586e-20,3.028583466280418e-19,LuminalA-up,ENSG00000279319.1,ENSG00000279319,AC105074.1,18.518760452892042
0.2519466459058677,1.465906626450309,-1.2139599805444412,4.318512852775676e-18,2.093672994287542e-17,LuminalA-up,ENSG00000227863.3,ENSG00000227863,AC002383.1,16.679091148763444
6.219618958579676,7.433032437131041,-1.2134134785513648,4.119306335879941e-33,4.947300192715715e-32,LuminalA-up,ENSG00000265519.1,ENSG00000265519,AC015922.2,31.30563173667756
0.3356371083241835,1.5490019797610333,-1.2133648714368497,1.1453557739764094e-29,1.1265353739345435e-28,LuminalA-up,ENSG00000264047.2,ENSG00000264047,RN7SL455P,27.948255166600273
9.585286413740345,10.798630655548763,-1.213344241808418,4.579085657232118e-25,3.394315595542251e-24,LuminalA-up,ENSG00000049283.18,ENSG00000049283,EPN3,23.469247780453674
7.616515247636425,8.829538937367833,-1.2130236897314077,3.1737272584532335e-27,2.70351557060616e-26,LuminalA-up,ENSG00000198353.8,ENSG00000198353,HOXC4,25.568071124808956
5.1041186806710295,6.3169875709157965,-1.212868890244767,3.207921672371803e-19,1.673090624831225e-18,LuminalA-up,ENSG00000111087.10,ENSG00000111087,GLI1,17.776480534352505
1.4726097598128134,2.6851388770963154,-1.212529117283502,2.0460224417732962e-12,6.808564702495869e-12,LuminalA-up,ENSG00000204603.7,ENSG00000204603,LINC01257,11.166944431036397
2.6296625721873745,3.8421684848844047,-1.2125059126970301,1.9500006033192786e-12,6.495480495206422e-12,LuminalA-up,ENSG00000270765.6,ENSG00000270765,GAS2L2,11.187388717000768
8.260548982097545,9.472697027621107,-1.2121480455235627,2.5651245952760738e-17,1.182059065626258e-16,LuminalA-up,ENSG00000091656.19,ENSG00000091656,ZFHX4,15.927360821902605
6.24032890411734,7.452445826327718,-1.2121169222103783,9.439131423558696e-33,1.1121254316966166e-31,LuminalA-up,ENSG00000198939.8,ENSG00000198939,ZFP2,30.95384622784243
3.5280046395091835,4.739910876635454,-1.2119062371262705,3.55994708112765e-28,3.2077802731021192e-27,LuminalA-up,ENSG00000267288.2,ENSG00000267288,AC138150.2,26.49379538772187
6.32749786149879,7.539042021676348,-1.2115441601775583,1.9937398448017465e-12,6.63919725787349e-12,LuminalA-up,ENSG00000129596.5,ENSG00000129596,CDO1,11.17788442779331
1.704811561185699,2.9162221601285356,-1.2114105989428365,2.1502678213828814e-14,8.197086019874239e-14,LuminalA-up,ENSG00000274718.1,ENSG00000274718,AL136964.1,13.086340507421529
6.3754739907569276,7.586455341422339,-1.2109813506654117,8.085126102878427e-14,2.968708806753039e-13,LuminalA-up,ENSG00000106511.6,ENSG00000106511,MEOX2,12.527432399178078
5.163829423766632,6.374651661561703,-1.210822237795071,1.5376203205770513e-16,6.751510760511234e-16,LuminalA-up,ENSG00000173114.13,ENSG00000173114,LRRN3,15.170599035829742
4.275301281982447,5.486076794339882,-1.2107755123574346,1.1190523085711055e-08,2.8195004046379626e-08,LuminalA-up,ENSG00000204967.12,ENSG00000204967,PCDHA4,7.549827838748257
3.8034961043475115,5.0131914220025715,-1.20969531765506,9.600593079711404e-18,4.547934991971824e-17,LuminalA-up,ENSG00000134207.17,ENSG00000134207,SYT6,16.342185751730497
4.079972064137906,5.289595221046639,-1.2096231569087328,2.7694446712205265e-13,9.795482260136335e-13,LuminalA-up,ENSG00000273259.3,ENSG00000273259,AL049839.2,12.008974177559983
3.6154010934753518,4.82487509818738,-1.2094740047120278,1.6049152442602057e-14,6.173600985494847e-14,LuminalA-up,ENSG00000165084.16,ENSG00000165084,C8orf34,13.209461443431463
1.674958299225704,2.8836705854294893,-1.2087122862037853,6.2700509747319154e-24,4.326309359263356e-23,LuminalA-up,ENSG00000283635.1,ENSG00000283635,AC012485.3,22.363882428905868
7.899837080626976,9.10841391295062,-1.2085768323236445,5.146602445248368e-25,3.805738229974086e-24,LuminalA-up,ENSG00000149380.12,ENSG00000149380,P4HA3,23.41956108709143
1.5490959468619285,2.7576462663511903,-1.2085503194892617,6.238325642792018e-16,2.6365991116679916e-15,LuminalA-up,ENSG00000235726.7,ENSG00000235726,AC010148.1,14.578955898581912
5.631863758312677,6.839504944833271,-1.2076411865205943,1.6335969531783492e-28,1.5010463232055445e-27,LuminalA-up,ENSG00000228544.1,ENSG00000228544,CCDC183-AS1,26.82360590495718
1.9661592966196375,3.1729222456948336,-1.206762949075196,1.859585166284206e-14,7.122177190796e-14,LuminalA-up,ENSG00000196277.16,ENSG00000196277,GRM7,13.147387225827773
1.8436531314168025,3.0499281004013974,-1.2062749689845949,5.0271942786377646e-15,1.998476662949927e-14,LuminalA-up,ENSG00000182901.17,ENSG00000182901,RGS7,13.699300918813057
0.4101268469217536,1.6155235755777508,-1.2053967286559972,9.02090297155334e-24,6.179862407653138e-23,LuminalA-up,ENSG00000259269.2,ENSG00000259269,AC109630.1,22.209021194209274
0.15260080412308824,1.3577851258795082,-1.20518432175642,1.1692057055308244e-26,9.631795342686959e-26,LuminalA-up,ENSG00000231467.2,ENSG00000231467,AL022314.1,25.0162927539191
1.534329443945819,2.7393835501764294,-1.2050541062306104,2.812727148995447e-05,5.3230924816128826e-05,LuminalA-up,ENSG00000171564.12,ENSG00000171564,FGB,4.273835988475892
1.3992597083432357,2.603602191625125,-1.2043424832818894,1.9807110958972076e-13,7.087174735419997e-13,LuminalA-up,ENSG00000286081.1,ENSG00000286081,AC016682.1,12.149526859506976
0.599584635962042,1.8037298095763412,-1.2041451736142992,8.823304833142069e-34,1.1027486130012011e-32,LuminalA-up,ENSG00000204071.10,ENSG00000204071,TCEAL6,31.957523479789685
0.3366357027857104,1.5403825270130367,-1.2037468242273262,1.5904350247912746e-28,1.4637941249589106e-27,LuminalA-up,ENSG00000287348.1,ENSG00000287348,AC099535.2,26.83452000024591
0.23823739002820357,1.4415391873232701,-1.2033017972950666,3.812254412901787e-24,2.666112412277653e-23,LuminalA-up,ENSG00000250977.1,ENSG00000250977,AC098859.2,22.574121543218236
0.3766726259461655,1.579950283407362,-1.2032776574611965,5.141004670072513e-29,4.881769873677922e-28,LuminalA-up,ENSG00000284299.1,ENSG00000284299,AL590132.1,27.311422697050627
3.2713100485538713,4.474519594378894,-1.2032095458250223,2.8868253490437265e-29,2.7758573063667734e-28,LuminalA-up,ENSG00000281731.3,ENSG00000281731,METTL14-DT,27.556602862658934
4.481440101974049,5.68462808611217,-1.203187984138121,1.0944006695543863e-37,1.7126195351756782e-36,LuminalA-up,ENSG00000165555.9,ENSG00000165555,NOXRED1,35.76633910646009
3.8881710543434687,5.0911418197382154,-1.2029707653947468,8.54925439398188e-18,4.065413637200633e-17,LuminalA-up,ENSG00000186510.12,ENSG00000186510,CLCNKA,16.390895260349215
3.420458142357632,4.622985973031207,-1.2025278306735747,2.831261555432726e-20,1.5725581994714992e-19,LuminalA-up,ENSG00000241489.8,ENSG00000241489,AC244197.3,18.8033932725971
7.042557490255904,8.244947613841028,-1.2023901235851238,1.9955966813686158e-50,7.041305343102737e-49,LuminalA-up,ENSG00000133983.16,ENSG00000133983,COX16,48.1523468222846
3.78176966626381,4.984118868004435,-1.202349201740625,5.617540868916609e-35,7.519966850083256e-34,LuminalA-up,ENSG00000101278.6,ENSG00000101278,RPS10P5,33.12378407388411
4.043342961497891,5.245280480284665,-1.2019375187867736,1.2981248754214207e-28,1.200718794884589e-27,LuminalA-up,ENSG00000272144.1,ENSG00000272144,AC025171.4,26.920558691289482
10.888182365787179,12.090092319883315,-1.201909954096136,9.609055061608227e-31,1.0093874198217104e-29,LuminalA-up,ENSG00000204219.11,ENSG00000204219,TCEA3,28.995942112259414
9.887127049488539,11.088560348558692,-1.2014332990701533,1.9307372556372118e-36,2.8077359136207954e-35,LuminalA-up,ENSG00000145687.16,ENSG00000145687,SSBP2,34.551643742927844
8.154196865550269,9.355615818404658,-1.2014189528543895,1.2382825847981203e-31,1.3714427363853652e-30,LuminalA-up,ENSG00000257337.7,ENSG00000257337,AC068888.1,29.862822321337646
6.211931354395745,7.413277792518585,-1.2013464381228403,1.9626806053429945e-30,2.018069137763717e-29,LuminalA-up,ENSG00000162426.16,ENSG00000162426,SLC45A1,28.69506395919181
3.6285886146356985,4.8297480505563986,-1.2011594359207,9.755957080167727e-08,2.2860515996310536e-07,LuminalA-up,ENSG00000177238.14,ENSG00000177238,TRIM72,6.6409139711489065
9.102118134892097,10.303261663808525,-1.201143528916429,1.5797965959014058e-36,2.3134461290788606e-35,LuminalA-up,ENSG00000197557.7,ENSG00000197557,TTC30A,34.635740609030385
11.094455525134359,12.295443628179367,-1.2009881030450078,1.6168517693477178e-28,1.486486589480106e-27,LuminalA-up,ENSG00000139926.16,ENSG00000139926,FRMD6,26.827839004481955
0.2842388438943508,1.485049835548174,-1.2008109916538232,9.923462200481156e-32,1.1047308301565205e-30,LuminalA-up,ENSG00000276531.1,ENSG00000276531,SNX19P4,29.956743525795968
9.199105181402347,10.399630623962244,-1.200525442559897,1.1713660454552655e-27,1.025208960506874e-26,LuminalA-up,ENSG00000100065.15,ENSG00000100065,CARD10,25.989187606660945
2.6593523316603385,3.8598147830693628,-1.2004624514090243,4.9510545397027474e-29,4.705396886045821e-28,LuminalA-up,ENSG00000271871.1,ENSG00000271871,AC005740.4,27.327403739261126
11.109424237374064,12.309582191873075,-1.2001579544990104,5.8120222947483654e-27,4.863179913129436e-26,LuminalA-up,ENSG00000129422.14,ENSG00000129422,MTUS1,25.313079663429146
1.08572625365476,2.285416312508181,-1.1996900588534207,1.0499638494194804e-13,3.8263522757709265e-13,LuminalA-up,ENSG00000169836.5,ENSG00000169836,TACR3,12.417215048845948
1.9872529921308169,3.186891399996161,-1.199638407865344,9.208750225056062e-19,4.681894547912623e-18,LuminalA-up,ENSG00000258590.5,ENSG00000258590,NBEAP1,17.32957837230864
14.83740452674304,16.036940140419684,-1.1995356136766446,1.9587850020191878e-29,1.9036959486136031e-28,LuminalA-up,ENSG00000170421.12,ENSG00000170421,KRT8,27.72040241434643
3.1102505864544994,4.309432345343008,-1.1991817588885083,1.264786025776908e-26,1.0393632651150272e-25,LuminalA-up,ENSG00000186105.8,ENSG00000186105,LRRC70,24.983232636791364
3.8323308939440985,5.031124696089747,-1.1987938021456483,1.0797108220333135e-36,1.5950597952647273e-35,LuminalA-up,ENSG00000250569.1,ENSG00000250569,NTAN1P2,34.79722303156181
6.160265355933565,7.3588067383264875,-1.1985413823929223,1.5241672681900457e-34,1.9879411217793904e-33,LuminalA-up,ENSG00000180769.10,ENSG00000180769,WDFY3-AS2,32.70159648254685
1.0896556966773139,2.2877221499635927,-1.1980664532862788,6.729958588593201e-20,3.6473437653944077e-19,LuminalA-up,ENSG00000285653.1,ENSG00000285653,AC006238.2,18.43802330211588
9.61541908411856,10.813371480798978,-1.1979523966804173,1.4403855289712471e-43,3.2273878964649865e-42,LuminalA-up,ENSG00000186665.10,ENSG00000186665,C17orf58,41.49114883404751
7.730193340624995,8.927868909895615,-1.1976755692706202,8.656194757978932e-34,1.0830744616926234e-32,LuminalA-up,ENSG00000176809.10,ENSG00000176809,LRRC37A3,31.96534168447296
2.630829443867679,3.8283680474850197,-1.1975386036173408,8.164083055551505e-28,7.213279964984178e-27,LuminalA-up,ENSG00000275601.1,ENSG00000275601,AC011330.2,26.141867211454993
10.780022412790519,11.977349725569896,-1.197327312779377,4.456419624692844e-23,2.924416323800003e-22,LuminalA-up,ENSG00000170921.15,ENSG00000170921,TANC2,21.533960800572437
10.145526987168783,11.342157317080877,-1.1966303299120948,6.5092729612357016e-18,3.121471096718465e-17,LuminalA-up,ENSG00000116729.14,ENSG00000116729,WLS,16.5056406820666
4.638300796977838,5.834573470334873,-1.1962726733570355,2.1235904683449426e-09,5.66606324117826e-09,LuminalA-up,ENSG00000133317.16,ENSG00000133317,LGALS12,8.246718582455632
9.807492443801738,11.003403656626011,-1.1959112128242726,1.2713350179649826e-23,8.619569134746403e-23,LuminalA-up,ENSG00000255690.3,ENSG00000255690,TRIL,22.06451444265311
2.147209719484698,3.3430838811542785,-1.1958741616695803,6.291000243577119e-14,2.325990824671355e-13,LuminalA-up,ENSG00000253632.1,ENSG00000253632,AC084026.2,12.63339200276426
0.511996075160223,1.7074388173948123,-1.1954427422345892,9.620931921151711e-18,4.5562819722662524e-17,LuminalA-up,ENSG00000215262.8,ENSG00000215262,KCNU1,16.341389406803227
3.1337516312372777,4.328766551143914,-1.1950149199066367,3.2327195020313546e-20,1.786362639434405e-19,LuminalA-up,ENSG00000285996.1,ENSG00000285996,AC006116.9,18.748030372816796
5.09647670176105,6.2911686762301455,-1.1946919744690954,1.3286813693023556e-32,1.5545340139272236e-31,LuminalA-up,ENSG00000268049.1,ENSG00000268049,AC012313.2,30.808399770951578
3.713584225079536,4.9078066592061695,-1.1942224341266336,1.2003965842502954e-17,5.651305267425548e-17,LuminalA-up,ENSG00000055813.6,ENSG00000055813,CCDC85A,16.24785123271667
0.4634557679406609,1.657142876971814,-1.1936871090311532,1.5352719034619555e-13,5.534177245300005e-13,LuminalA-up,ENSG00000173627.8,ENSG00000173627,APOBEC4,12.256946935649884
9.368351157926858,10.561793160680125,-1.193442002753267,1.3251819488699596e-21,7.951041133465813e-21,LuminalA-up,ENSG00000171766.17,ENSG00000171766,GATM,20.09957599978198
0.6119653003359431,1.8048480721267937,-1.1928827717908506,2.0639472146005846e-32,2.38728470094588e-31,LuminalA-up,ENSG00000199082.1,ENSG00000199082,MIR342,30.622095785150442
1.626806930396204,2.819006772412957,-1.192199842016753,2.534048064432907e-20,1.4105162922582371e-19,LuminalA-up,ENSG00000185988.15,ENSG00000185988,PLK5,18.85062189313358
1.4150813534811921,2.6064607750289617,-1.1913794215477695,1.8009418793083542e-17,8.405398467615711e-17,LuminalA-up,ENSG00000254731.1,ENSG00000254731,AP003059.1,16.075441693505322
5.946217795107054,7.137477275969881,-1.1912594808628274,4.910566330484993e-32,5.551630348174874e-31,LuminalA-up,ENSG00000263069.6,ENSG00000263069,RNF213-AS1,30.255579458816243
0.9679857814477658,2.158792639589816,-1.1908068581420501,6.87133277797809e-24,4.734369470047802e-23,LuminalA-up,ENSG00000272727.2,ENSG00000272727,LINC02266,22.324737852756382
10.068913741788629,11.259615030545373,-1.1907012887567436,1.0578135899196665e-50,3.816782727029841e-49,LuminalA-up,ENSG00000167925.16,ENSG00000167925,GHDC,48.418302561858006
4.130637538010148,5.321327357372168,-1.1906898193620208,3.37273735984624e-17,1.5419279364708943e-16,LuminalA-up,ENSG00000217442.4,ENSG00000217442,SYCE3,15.811935922993472
0.08132684558835392,1.2718604977534667,-1.1905336521651126,7.000719069703006e-34,8.77905361827328e-33,LuminalA-up,ENSG00000207251.1,ENSG00000207251,RNU6-342P,32.05655229850326
6.918965307899917,8.109451738386353,-1.1904864304864358,4.24882817364578e-14,1.5879219576386057e-13,LuminalA-up,ENSG00000145244.12,ENSG00000145244,CORIN,12.799170845863445
5.946745215458625,7.137087535735669,-1.1903423202770442,3.592165303359029e-28,3.235072030322264e-27,LuminalA-up,ENSG00000245498.7,ENSG00000245498,AP000866.1,26.490116045127206
4.2278011218653715,5.418096851931679,-1.1902957300663077,5.029397569188048e-24,3.487492894480417e-23,LuminalA-up,ENSG00000287855.1,ENSG00000287855,AL023882.1,22.457486668561668
11.848876045561832,13.039043923376502,-1.1901678778146696,2.160785705534268e-20,1.208165752285382e-19,LuminalA-up,ENSG00000078114.19,ENSG00000078114,NEBL,18.917873479320246
6.073836596904405,7.263509747903923,-1.1896731509995178,2.375940399912283e-24,1.684109160606042e-23,LuminalA-up,ENSG00000164061.5,ENSG00000164061,BSN,22.77362976181952
2.5399294839351425,3.7294899623184192,-1.1895604783832767,1.5907813674642887e-12,5.336034367797754e-12,LuminalA-up,ENSG00000261235.1,ENSG00000261235,AC092142.1,11.272781381921932
8.110896939454255,9.30012225359792,-1.1892253141436644,2.8958581768692992e-12,9.544657432513166e-12,LuminalA-up,ENSG00000162409.11,ENSG00000162409,PRKAA2,11.020239654262355
0.49724096711230664,1.6863993101358137,-1.189158343023507,6.1838094440868164e-27,5.1678208069257064e-26,LuminalA-up,ENSG00000167194.7,ENSG00000167194,C16orf92,25.286692553819588
3.296270296557051,4.485420975571918,-1.1891506790148667,6.174953270985943e-15,2.440854170323689e-14,LuminalA-up,ENSG00000225978.3,ENSG00000225978,HAR1A,13.612458166881709
6.043200571911631,7.231827637027929,-1.1886270651162985,2.1467836661369292e-26,1.7373295144594366e-25,LuminalA-up,ENSG00000130270.16,ENSG00000130270,ATP8B3,24.76011780231324
11.803765455643655,12.992104870984585,-1.1883394153409306,3.699083183926118e-32,4.2160240845019886e-31,LuminalA-up,ENSG00000130147.16,ENSG00000130147,SH3BP4,30.375096916833357
6.046507135795715,7.233814693602871,-1.1873075578071557,8.516310602485623e-14,3.1213180611958086e-13,LuminalA-up,ENSG00000237330.3,ENSG00000237330,RNF223,12.50566197462714
3.7929952642674527,4.980295681822644,-1.187300417555191,2.043577515639952e-31,2.232748315653559e-30,LuminalA-up,ENSG00000239474.7,ENSG00000239474,KLHL41,29.651160229585646
2.6103243554082147,3.797369147108951,-1.1870447917007363,1.5415993497819793e-30,1.5978481819632637e-29,LuminalA-up,ENSG00000274653.1,ENSG00000274653,AC106782.5,28.796464487142067
10.237519374820673,11.424384682376639,-1.1868653075559656,5.937254447794693e-34,7.481911022878898e-33,LuminalA-up,ENSG00000167107.13,ENSG00000167107,ACSF2,32.12598746086683
8.706746679080966,9.893333688445505,-1.1865870093645388,1.112362910597158e-14,4.325568998052986e-14,LuminalA-up,ENSG00000186472.20,ENSG00000186472,PCLO,13.363956756069468
8.544670635127108,9.731163156423117,-1.1864925212960085,2.9693037630563566e-37,4.553113547010479e-36,LuminalA-up,ENSG00000230551.4,ENSG00000230551,AC021078.1,35.34169151898125
4.533859360503514,5.720058101174349,-1.186198740670835,4.326611703147959e-06,8.82433978031759e-06,LuminalA-up,ENSG00000198797.7,ENSG00000198797,BRINP2,5.054317777780471
8.869876496864544,10.055969033442256,-1.1860925365777124,2.7717049895794637e-24,1.957596950078037e-23,LuminalA-up,ENSG00000165633.13,ENSG00000165633,VSTM4,22.70827672028342
6.398055098866131,7.583825664187171,-1.1857705653210404,1.3831340910957379e-25,1.0592336014057375e-24,LuminalA-up,ENSG00000235314.1,ENSG00000235314,LINC00957,23.975008250833348
4.887793588074676,6.073339758974924,-1.1855461709002473,1.2067690331189627e-13,4.378276652251069e-13,LuminalA-up,ENSG00000236008.3,ENSG00000236008,LINC01814,12.358696799928886
6.062863030674225,7.248378277961227,-1.185515247287002,8.891800025576484e-21,5.092313973301277e-20,LuminalA-up,ENSG00000233117.4,ENSG00000233117,LINC00702,19.293084827196605
0.6300692976382227,1.8154153238070534,-1.1853460261688307,2.7788587376205595e-28,2.5202203702662647e-27,LuminalA-up,ENSG00000223979.2,ENSG00000223979,SMCR2,26.598561482469965
0.19764612505190865,1.382740721915833,-1.1850945968639244,1.4020617754240749e-18,7.024979179703288e-18,LuminalA-up,ENSG00000285934.1,ENSG00000285934,AC091074.2,17.153354958562154
1.647762866812751,2.8327788169727377,-1.1850159501599866,1.0417305692576832e-18,5.279529585956689e-18,LuminalA-up,ENSG00000242267.6,ENSG00000242267,SKINT1L,17.27740477203524
3.3238568303718234,4.508598801596821,-1.1847419712249976,1.1756464047636453e-17,5.539452837739302e-17,LuminalA-up,ENSG00000230953.2,ENSG00000230953,AC099677.1,16.25653313081058
11.424438554168862,12.609126874731945,-1.1846883205630832,4.6544231543649916e-30,4.68798870595897e-29,LuminalA-up,ENSG00000115902.11,ENSG00000115902,SLC1A4,28.32901344326676
0.660404550921031,1.84453593253043,-1.184131381609399,1.8173047083596278e-27,1.5740582383518017e-26,LuminalA-up,ENSG00000271715.1,ENSG00000271715,AC012640.3,25.802979203281325
1.547963222170575,2.7318672888539792,-1.1839040666834042,6.555487506639417e-11,1.9582919634841213e-10,LuminalA-up,ENSG00000237061.1,ENSG00000237061,AC100823.1,9.708122558356488
10.93397286200964,12.11636246712706,-1.1823896051174199,3.1945510037572537e-42,6.53333432861154e-41,LuminalA-up,ENSG00000163820.15,ENSG00000163820,FYCO1,40.18486511720342
10.29459631339809,11.476009765928433,-1.181413452530343,6.551552646820933e-51,2.4027138372148542e-49,LuminalA-up,ENSG00000169814.16,ENSG00000169814,BTD,48.61929795051071
17.204649168243275,18.38604342050171,-1.1813942522584355,4.7205432424465614e-21,2.7513929662112456e-20,LuminalA-up,ENSG00000108821.14,ENSG00000108821,COL1A1,19.560447377306023
10.233113718884958,11.413553334150988,-1.18043961526603,3.9134213878028967e-41,7.508751283294396e-40,LuminalA-up,ENSG00000185187.13,ENSG00000185187,SIGIRR,39.124432280820834
0.020964692986673427,1.2011808482574944,-1.180216155270821,2.8385688734713834e-33,3.436216274422563e-32,LuminalA-up,ENSG00000226431.1,ENSG00000226431,AL121929.1,31.46391950961601
0.8911467475875896,2.0711433461262176,-1.179996598538628,7.225307132664719e-22,4.401095676665844e-21,LuminalA-up,ENSG00000287632.1,ENSG00000287632,AC112253.1,20.35643919008364
5.9763355692619085,7.155296116162384,-1.1789605469004751,9.505157164260114e-19,4.829663000545688e-18,LuminalA-up,ENSG00000137727.12,ENSG00000137727,ARHGAP20,17.316083171962664
9.052121142354727,10.2310076181933,-1.1788864758385724,4.165026108265359e-35,5.60689458429939e-34,LuminalA-up,ENSG00000165338.17,ENSG00000165338,HECTD2,33.25127760903214
10.162547351106985,11.341312738860138,-1.1787653877531525,2.194526020963338e-46,5.880136868320629e-45,LuminalA-up,ENSG00000169762.17,ENSG00000169762,TAPT1,44.23061256500131
11.328327040404435,12.506383208263644,-1.178056167859209,9.054421321459656e-38,1.425571642533244e-36,LuminalA-up,ENSG00000065054.14,ENSG00000065054,SLC9A3R2,35.84601095220579
4.223150217922234,5.400730747692775,-1.1775805297705402,2.7627291688079083e-18,1.3600628835136008e-17,LuminalA-up,ENSG00000265778.3,ENSG00000265778,AC018413.1,16.866441011238898
2.8230492857481506,4.00053780292398,-1.1774885171758296,1.4626961615087103e-17,6.857283263464611e-17,LuminalA-up,ENSG00000178772.7,ENSG00000178772,CPN2,16.16384791014981
3.938474694258029,5.115955017525975,-1.1774803232679458,4.8096858704599945e-15,1.914734802586924e-14,LuminalA-up,ENSG00000254153.1,ENSG00000254153,AC103957.2,13.717891368822633
12.211967407068197,13.389340157699685,-1.1773727506314877,2.045064358593625e-28,1.8709213236915477e-27,LuminalA-up,ENSG00000182809.11,ENSG00000182809,CRIP2,26.727944475142984
1.231119837179508,2.4079998618466676,-1.1768800246671596,1.3371430280292396e-21,8.020943861764515e-21,LuminalA-up,ENSG00000260310.1,ENSG00000260310,AC027277.2,20.09577452325738
8.68056729035755,9.856830283090556,-1.1762629927330064,2.5693684413847335e-33,3.1182197739035575e-32,LuminalA-up,ENSG00000125434.11,ENSG00000125434,SLC25A35,31.5060932787463
8.915060410582695,10.091251674818828,-1.1761912642361327,2.4944723949291985e-19,1.3083197414806248e-18,LuminalA-up,ENSG00000169851.15,ENSG00000169851,PCDH7,17.883286105407024
4.099702878394468,5.2756131080246425,-1.1759102296301744,6.52884592939221e-34,8.20881153613004e-33,LuminalA-up,ENSG00000229321.2,ENSG00000229321,AC008269.1,32.08571971506841
1.4288532739410984,2.6042037091541235,-1.175350435213025,1.9572868667518021e-22,1.2355603723826818e-21,LuminalA-up,ENSG00000260470.1,ENSG00000260470,AC023794.5,20.9081360290947
1.5186186810991122,2.693943990347429,-1.1753253092483167,5.980435242143599e-23,3.891752850255357e-22,LuminalA-up,ENSG00000286721.1,ENSG00000286721,AC010623.1,21.409854747843166
7.073744567749006,8.248511653599468,-1.1747670858504629,5.089910767671837e-20,2.7787265298429963e-19,LuminalA-up,ENSG00000205795.4,ENSG00000205795,CYS1,18.556154192490066
8.831414180861302,10.005803781887908,-1.174389601026606,4.298742119559586e-33,5.159106188601408e-32,LuminalA-up,ENSG00000132122.12,ENSG00000132122,SPATA6,31.28742553305923
4.535236719091558,5.709600264430502,-1.1743635453389443,1.160615053962883e-22,7.432903440740512e-22,LuminalA-up,ENSG00000253161.5,ENSG00000253161,LINC01605,21.12884150898717
16.801083782635946,17.975156344348935,-1.1740725617129897,1.406285628272527e-20,7.951871501298096e-20,LuminalA-up,ENSG00000164692.18,ENSG00000164692,COL1A2,19.099530646559444
4.618960615679987,5.792988327850495,-1.1740277121705072,7.839026026266933e-38,1.2417965614388829e-36,LuminalA-up,ENSG00000260136.6,ENSG00000260136,AC008915.2,35.90594954705904
1.1208096450419787,2.294274162761098,-1.1734645177191194,1.2164604287919068e-16,5.373715547325345e-16,LuminalA-up,ENSG00000227579.6,ENSG00000227579,AL136114.1,15.269725326272138
8.788189994720105,9.961366504684255,-1.1731765099641507,3.760977255031484e-27,3.1891717072768873e-26,LuminalA-up,ENSG00000164035.10,ENSG00000164035,EMCN,25.496322097403223
0.22312065025790442,1.396172269507557,-1.1730516192496525,3.236395553413843e-20,1.7880992080176695e-19,LuminalA-up,ENSG00000266952.2,ENSG00000266952,LINC01538,18.747608389175802
3.047669009279593,4.220265183472621,-1.1725961741930275,5.82029375210111e-17,2.6162833119274406e-16,LuminalA-up,ENSG00000243004.6,ENSG00000243004,AC005062.1,15.582315228946934
2.431777289429738,3.604062648695143,-1.172285359265405,1.0135916643624545e-15,4.2195221795118576e-15,LuminalA-up,ENSG00000163792.6,ENSG00000163792,TCF23,14.374736725946011
8.266513540337597,9.438432346148971,-1.1719188058113748,2.564608453312763e-16,1.1136892778215287e-15,LuminalA-up,ENSG00000107821.15,ENSG00000107821,KAZALD1,14.953235961541784
4.753510913625131,5.924369609646617,-1.1708586960214866,3.3348324600295668e-16,1.4373612454698609e-15,LuminalA-up,ENSG00000053438.11,ENSG00000053438,NNAT,14.84243406888896
6.098114774080684,7.2689018724539665,-1.1707870983732827,4.89466983824738e-12,1.5896650806903614e-11,LuminalA-up,ENSG00000173641.18,ENSG00000173641,HSPB7,10.798694365572292
11.73639227758776,12.906712619745939,-1.1703203421581794,3.7395602414564886e-32,4.259261273993255e-31,LuminalA-up,ENSG00000138771.16,ENSG00000138771,SHROOM3,30.37066571837349
5.262063248464698,6.432086107274477,-1.1700228588097792,9.217324961514003e-22,5.582773147979697e-21,LuminalA-up,ENSG00000197479.7,ENSG00000197479,PCDHB11,20.253150019038745
6.678544254034593,7.848276156790273,-1.1697319027556796,1.173992726650513e-18,5.931901748164786e-18,LuminalA-up,ENSG00000198523.6,ENSG00000198523,PLN,17.226806050931458
4.714523550009755,5.8842258364236555,-1.1697022864139006,4.853587782157347e-10,1.358258995307349e-09,LuminalA-up,ENSG00000258484.4,ENSG00000258484,SPESP1,8.867017410093682
1.9357738531836746,3.1053148258538026,-1.169540972670128,9.099272735075716e-14,3.329050666663807e-13,LuminalA-up,ENSG00000254842.6,ENSG00000254842,LINC02551,12.477679595025052
10.034723000352757,11.204246316650082,-1.1695233162973242,1.306364032327573e-09,3.535388532506075e-09,LuminalA-up,ENSG00000135218.19,ENSG00000135218,CD36,8.451562851102974
2.9333225048730793,4.101709344679943,-1.1683868398068635,3.916683836854683e-23,2.5783040497126667e-22,LuminalA-up,ENSG00000228487.2,ENSG00000228487,AL450263.1,21.588665869245524
8.055763373000545,9.22411089802692,-1.168347525026375,2.415290676817215e-30,2.4713230612610823e-29,LuminalA-up,ENSG00000105497.8,ENSG00000105497,ZNF175,28.607070478170534
10.484692113294633,11.652860494497668,-1.168168381203035,1.8216152700335126e-33,2.2293006152436414e-32,LuminalA-up,ENSG00000176842.15,ENSG00000176842,IRX5,31.651831364117985
6.862128535709879,8.030093884003518,-1.167965348293639,7.649888566238048e-18,3.649128571798767e-17,LuminalA-up,ENSG00000184986.11,ENSG00000184986,TMEM121,16.437810834624106
2.2728209503749115,3.440677970319193,-1.1678570199442815,0.0006651093114252202,0.0010937237107031684,LuminalA-up,ENSG00000197888.2,ENSG00000197888,UGT2B17,2.961092372766213
2.8385879798074334,4.006383594575782,-1.1677956147683486,1.0158445971092146e-17,4.804728502201337e-17,LuminalA-up,ENSG00000109061.10,ENSG00000109061,MYH1,16.31833114770971
5.359084415426662,6.526390824630348,-1.167306409203686,6.802168437240144e-08,1.6131929108270103e-07,LuminalA-up,ENSG00000257335.8,ENSG00000257335,MGAM,6.79231369516645
8.100937926553598,9.268069971093203,-1.1671320445396045,5.205323905176048e-15,2.06781769733943e-14,LuminalA-up,ENSG00000272636.4,ENSG00000272636,DOC2B,13.684487752101035
3.238354615934769,4.405389153418954,-1.1670345374841853,1.7213336009103907e-27,1.4932479891955565e-26,LuminalA-up,ENSG00000287134.1,ENSG00000287134,AC106845.1,25.825868061400488
0.4800402489845841,1.6466994626739515,-1.1666592136893674,1.5690623830257048e-27,1.3664580690834406e-26,LuminalA-up,ENSG00000255660.1,ENSG00000255660,RERG-AS1,25.864403690458754
7.691773953914376,8.858226697752633,-1.1664527438382564,5.216698812544205e-46,1.3650565511044631e-44,LuminalA-up,ENSG00000165879.9,ENSG00000165879,FRAT1,43.86484935644456
6.302758771595157,7.4691677608509,-1.1664089892557428,1.908464507104447e-22,1.205648893293273e-21,LuminalA-up,ENSG00000214870.9,ENSG00000214870,AC004540.1,20.918779148171108
0.07931135920597118,1.245180660741247,-1.165869301535276,1.895097725399786e-24,1.3561843671093258e-23,LuminalA-up,ENSG00000224087.1,ENSG00000224087,POTEF-AS1,22.867681266091797
4.527704135894904,5.693160554669016,-1.165456418774112,9.306997588935357e-13,3.1707547431762696e-12,LuminalA-up,ENSG00000188536.13,ENSG00000188536,HBA2,11.498837349207376
6.945123459811288,8.11016787220828,-1.1650444123969912,1.6777305604967994e-15,6.886790152810766e-15,LuminalA-up,ENSG00000250786.2,ENSG00000250786,SNHG18,14.161983150188021
2.837351345969216,4.002294106314346,-1.16494276034513,1.3707352068836976e-22,8.74182727068903e-22,LuminalA-up,ENSG00000248540.3,ENSG00000248540,AC010931.1,21.0583977789637
0.19154904972025422,1.3563333268278357,-1.1647842771075814,1.124264490258501e-29,1.1067649255055786e-28,LuminalA-up,ENSG00000215165.3,ENSG00000215165,TCEA1P3,27.955944612542243
5.868588089120305,7.032484776909082,-1.1638966877887773,2.238407333975655e-16,9.746871113908024e-16,LuminalA-up,ENSG00000169252.6,ENSG00000169252,ADRB2,15.011134776716583
3.8573925412489265,5.021099428214351,-1.1637068869654241,6.206229638690528e-16,2.623695516318659e-15,LuminalA-up,ENSG00000139220.17,ENSG00000139220,PPFIA2,14.581086566878467
6.942187563507093,8.105291247499709,-1.1631036839926159,1.8795725577489445e-12,6.269606143471452e-12,LuminalA-up,ENSG00000105219.10,ENSG00000105219,CCNP,11.20275974068277
2.0443765829006955,3.206687103865715,-1.1623105209650197,1.2121467893869988e-23,8.22992918376589e-23,LuminalA-up,ENSG00000184344.4,ENSG00000184344,GDF3,22.084603901753955
1.7288794016504185,2.8900371914239007,-1.1611577897734822,1.254001829971386e-22,8.017192702773386e-22,LuminalA-up,ENSG00000231967.1,ENSG00000231967,AL135786.1,21.09597767749213
4.511874777017851,5.673024305711839,-1.1611495286939881,2.965203934584886e-16,1.2826640326143421e-15,LuminalA-up,ENSG00000139344.8,ENSG00000139344,AMDHD1,14.891887083211136
2.924275113618665,4.085213334772709,-1.1609382211540438,3.6008274383328313e-16,1.5486237584413203e-15,LuminalA-up,ENSG00000004948.16,ENSG00000004948,CALCR,14.810054082228103
10.324738940075354,11.485484251451803,-1.1607453113764485,3.4769545196324223e-31,3.755962471739568e-30,LuminalA-up,ENSG00000137507.11,ENSG00000137507,LRRC32,29.42527875570248
4.4177589980216565,5.578351561161948,-1.1605925631402911,5.836340212467162e-25,4.298706304590184e-24,LuminalA-up,ENSG00000185739.13,ENSG00000185739,SRL,23.366662225655958
3.0382047524177844,4.198590732318748,-1.1603859799009637,1.3800294037460857e-26,1.1307402985472694e-25,LuminalA-up,ENSG00000284633.1,ENSG00000284633,AL031590.1,24.946637129697862
16.631169266505403,17.79143760367433,-1.160268337168926,6.406114167376257e-18,3.073321123378448e-17,LuminalA-up,ENSG00000168542.16,ENSG00000168542,COL3A1,16.51239205906513
4.2831908546964295,5.442420563714353,-1.1592297090179233,1.3953960476812254e-35,1.92246919516131e-34,LuminalA-up,ENSG00000256061.7,ENSG00000256061,DNAAF4,33.716140610423096
1.5132330832228837,2.6723158829778977,-1.159082799755014,1.277994728810722e-16,5.6366293828599215e-16,LuminalA-up,ENSG00000111218.12,ENSG00000111218,PRMT8,15.248980519778057
8.995142283253111,10.154127849483192,-1.158985566230081,1.0267894612980293e-36,1.518887146633272e-35,LuminalA-up,ENSG00000136828.19,ENSG00000136828,RALGPS1,34.81847449303331
13.443068229537426,14.601754145378674,-1.1586859158412484,8.473321574021796e-22,5.1388771333672985e-21,LuminalA-up,ENSG00000106211.10,ENSG00000106211,HSPB1,20.289131765840512
0.26188881762679106,1.4203906339594674,-1.1585018163326763,2.080187201334531e-18,1.0314774406617379e-17,LuminalA-up,ENSG00000268101.2,ENSG00000268101,CYP2G2P,16.986540265997434
7.168258915702759,8.326582054413109,-1.15832313871035,2.0440056565671065e-42,4.2293252844524327e-41,LuminalA-up,ENSG00000232859.10,ENSG00000232859,LYRM9,40.373728911256514
3.4663015817308134,4.624357209128303,-1.1580556273974896,9.237785760182453e-21,5.2805351071165733e-20,LuminalA-up,ENSG00000223704.2,ENSG00000223704,LINC01422,19.27732206566834
8.82917547913923,9.987200506935666,-1.1580250277964357,1.3601014760707685e-24,9.825560663338829e-24,LuminalA-up,ENSG00000086619.14,ENSG00000086619,ERO1B,23.00764265865767
3.5676304243385926,4.7254873386292475,-1.157856914290655,6.548672646860054e-20,3.551966134672314e-19,LuminalA-up,ENSG00000235529.1,ENSG00000235529,AGAP1-IT1,18.449531183545197
6.673449415297694,7.831007033287663,-1.1575576179899691,3.00405713358475e-30,3.058809086201726e-29,LuminalA-up,ENSG00000047648.23,ENSG00000047648,ARHGAP6,28.514447628408107
1.9855527487198448,3.1426319458451215,-1.1570791971252767,1.834186002802807e-09,4.915800336927328e-09,LuminalA-up,ENSG00000096088.16,ENSG00000096088,PGC,8.30840576499056
6.798433929830397,7.955487960315097,-1.1570540304847006,7.610250399839705e-17,3.3985557341144005e-16,LuminalA-up,ENSG00000085563.15,ENSG00000085563,ABCB1,15.468705603534904
14.906415674495431,16.062761611485925,-1.156345936990494,2.0835056250296186e-20,1.166707459923034e-19,LuminalA-up,ENSG00000163359.16,ENSG00000163359,COL6A3,18.933038025246745
5.470736201466942,6.626549830907187,-1.155813629440245,3.7794897938771255e-13,1.3240854712663174e-12,LuminalA-up,ENSG00000009950.16,ENSG00000009950,MLXIPL,11.878083979774539
9.554515819714618,10.710173648972694,-1.1556578292580753,4.1462714117295596e-39,7.06214520940929e-38,LuminalA-up,ENSG00000198718.13,ENSG00000198718,TOGARAM1,37.15106335686683
4.479625558083129,5.635184133086467,-1.1555585750033384,1.469495429195602e-06,3.129048836655862e-06,LuminalA-up,ENSG00000278530.4,ENSG00000278530,CHMP1B2P,5.504587658546155
4.9752172593134345,6.130618361153069,-1.1554011018396348,5.294340816416075e-10,1.4776544893111311e-09,LuminalA-up,ENSG00000140873.16,ENSG00000140873,ADAMTS18,8.830427102427842
8.417543823612794,9.572847847153884,-1.15530402354109,1.1174192751373007e-24,8.11260431072175e-24,LuminalA-up,ENSG00000120156.22,ENSG00000120156,TEK,23.090839706058492
0.43402090831645596,1.589164914426172,-1.155144006109716,2.3204942273364906e-17,1.0728685034526782e-16,LuminalA-up,ENSG00000238122.1,ENSG00000238122,AL359258.1,15.969453504245134
1.5289844845467422,2.684124985985804,-1.1551405014390617,4.240336664533521e-17,1.9241381480325383e-16,LuminalA-up,ENSG00000275155.1,ENSG00000275155,AC027348.1,15.715763749983052
11.318563531473625,12.473606391824926,-1.1550428603513012,2.958443414997917e-39,5.093324256329233e-38,LuminalA-up,ENSG00000116977.19,ENSG00000116977,LGALS8,37.29299867445178
6.8302121890463106,7.9848803895837035,-1.154668200537393,4.197961250087104e-28,3.76245083162887e-27,LuminalA-up,ENSG00000115252.18,ENSG00000115252,PDE1A,26.42452916679791
13.275004546120725,14.429499516037291,-1.1544949699165663,8.621243425977876e-37,1.2838031081242932e-35,LuminalA-up,ENSG00000141736.14,ENSG00000141736,ERBB2,34.891501577211024
4.357106496234057,5.5115812708564,-1.1544747746223427,2.512496559846045e-22,1.5756573374375946e-21,LuminalA-up,ENSG00000229056.2,ENSG00000229056,HECW2-AS1,20.802538223801157
0.4573602995396053,1.6107847469102259,-1.1534244473706206,5.272072661314337e-31,5.620861183436914e-30,LuminalA-up,ENSG00000175728.4,ENSG00000175728,LINC02873,29.250197140202843
1.1205167655913628,2.273840957833378,-1.153324192242015,1.3543409747219873e-11,4.259477338401296e-11,LuminalA-up,ENSG00000108231.14,ENSG00000108231,LGI1,10.370643687980394
8.986158877689212,10.13919141826778,-1.1530325405785682,1.5235346436229733e-24,1.0968402331237556e-23,LuminalA-up,ENSG00000167555.14,ENSG00000167555,ZNF528,22.959856627599315
3.3650530219681727,4.517860409712289,-1.152807387744116,9.608157321082564e-29,8.95372347519287e-28,LuminalA-up,ENSG00000272416.1,ENSG00000272416,AC025175.1,27.04799632239978
9.315171664887925,10.467913229337778,-1.1527415644498529,3.7993756811951465e-39,6.487777525912446e-38,LuminalA-up,ENSG00000096093.16,ENSG00000096093,EFHC1,37.18790405104801
2.693394529183028,3.8460207163997855,-1.1526261872167574,4.2536127448032865e-16,1.819100525718374e-15,LuminalA-up,ENSG00000186766.8,ENSG00000186766,FOXI2,14.740143300629498
2.643940318296481,3.796474167515715,-1.152533849219234,1.7747363668627659e-19,9.397972040638217e-19,LuminalA-up,ENSG00000255621.1,ENSG00000255621,AC023790.2,18.02696585135548
7.011954415124739,8.164466615074032,-1.1525121999492924,7.178138945964049e-11,2.1387663774996881e-10,LuminalA-up,ENSG00000134121.10,ENSG00000134121,CHL1,9.669836651849202
0.19344813223776539,1.34504725193382,-1.1515991196960544,6.716480753370603e-26,5.249159124574087e-25,LuminalA-up,ENSG00000279903.1,ENSG00000279903,SLC7A2-IT1,24.27991026169995
8.928869513356357,10.08044521392987,-1.1515757005735132,8.450947834359122e-35,1.1192246993588217e-33,LuminalA-up,ENSG00000151117.9,ENSG00000151117,TMEM86A,32.951082714280275
6.6660933665172335,7.817309720521879,-1.1512163540046458,2.2131986716049833e-32,2.557270578152328e-31,LuminalA-up,ENSG00000177640.16,ENSG00000177640,CASC2,30.59222331797229
7.652739734018926,8.80385746120196,-1.1511177271830348,8.304241163978568e-17,3.6986203005123784e-16,LuminalA-up,ENSG00000101298.15,ENSG00000101298,SNPH,15.431960250965313
0.4862860060309161,1.6369780302222234,-1.1506920241913074,1.862594311056649e-14,7.132887159444633e-14,LuminalA-up,ENSG00000243967.4,ENSG00000243967,NBPF5P,13.146734646358983
4.574861755554504,5.725527397399666,-1.150665641845162,3.513481436441399e-18,1.7145421131098512e-17,LuminalA-up,ENSG00000269235.2,ENSG00000269235,ZNF350-AS1,16.765851843143608
0.08659271884244213,1.2370203380746523,-1.15042761923221,2.6622118495542145e-22,1.6673643721423257e-21,LuminalA-up,ENSG00000261294.1,ENSG00000261294,AC120498.6,20.77796948264425
0.706574891788882,1.8566221576313402,-1.150047265842458,6.981981263600828e-19,3.571433113931021e-18,LuminalA-up,ENSG00000260386.6,ENSG00000260386,LDC1P,17.44715747896312
10.273112690922334,11.422654864523349,-1.1495421736010147,9.564574138686167e-42,1.9060911125372195e-40,LuminalA-up,ENSG00000150540.14,ENSG00000150540,HNMT,39.71985634361039
0.41816920896514437,1.5671414794812868,-1.1489722705161425,1.0285931117333887e-25,7.951669996610514e-25,LuminalA-up,ENSG00000253406.1,ENSG00000253406,AC012613.2,24.099541651953924
10.977856850654776,12.126678503063914,-1.1488216524091381,5.4034601760293044e-18,2.6046014538467395e-17,LuminalA-up,ENSG00000074370.18,ENSG00000074370,ATP2A3,16.584258721361376
2.0622039226579902,3.210845396168573,-1.1486414735105828,3.326355120701118e-24,2.3355555853770737e-23,LuminalA-up,ENSG00000288534.1,ENSG00000288534,AP001931.2,22.631609792201818
1.7443924031700342,2.8924631706421144,-1.1480707674720803,5.0045754547667715e-23,3.277713349819894e-22,LuminalA-up,ENSG00000231690.3,ENSG00000231690,LINC00574,21.484429030031816
2.5594992250033908,3.7075143574572813,-1.1480151324538905,2.8845840785202857e-18,1.4169293422039856e-17,LuminalA-up,ENSG00000213013.4,ENSG00000213013,RPS15AP36,16.84865180610823
4.049945547817882,5.197797858867175,-1.1478523110492933,5.25637610509295e-38,8.414218101371332e-37,LuminalA-up,ENSG00000228043.5,ENSG00000228043,AC114763.1,36.074986235010435
7.0491108571837975,8.196962663643157,-1.14785180645936,1.284556979521612e-32,1.5039591321538398e-31,LuminalA-up,ENSG00000188185.13,ENSG00000188185,LINC00265,30.822763964888804
4.39889515956523,5.546188576082553,-1.1472934165173232,6.913931643190449e-21,3.982728796696062e-20,LuminalA-up,ENSG00000268941.2,ENSG00000268941,LINC01711,19.399819265799675
3.160917857279528,4.308131051459413,-1.1472131941798853,8.598108935661163e-09,2.1848882686935195e-08,LuminalA-up,ENSG00000211891.6,ENSG00000211891,IGHE,7.660570767174366
3.606980990892118,4.754046865557863,-1.1470658746657452,2.5478775115246604e-20,1.4179786516072823e-19,LuminalA-up,ENSG00000223652.2,ENSG00000223652,AC106786.1,18.848330307628938
8.096611222354024,9.243630704209206,-1.1470194818551818,1.422340051072138e-34,1.859471080808817e-33,LuminalA-up,ENSG00000132622.11,ENSG00000132622,HSPA12B,32.73061057156304
10.54415023405339,11.691096157854247,-1.1469459238008568,2.199239113751592e-25,1.6625731865799135e-24,LuminalA-up,ENSG00000050165.18,ENSG00000050165,DKK3,23.779219227932696
15.180268853186451,16.326971416819404,-1.146702563632953,1.6244579227311258e-18,8.108984299322016e-18,LuminalA-up,ENSG00000171345.13,ENSG00000171345,KRT19,17.091033540465126
6.814701653913042,7.961036535964219,-1.1463348820511765,7.46784397040122e-18,3.567366821830539e-17,LuminalA-up,ENSG00000042062.13,ENSG00000042062,RIPOR3,16.44765223114218
3.6836746341338684,4.829899341688596,-1.1462247075547274,2.0268281084150043e-15,8.267130468979185e-15,LuminalA-up,ENSG00000238273.3,ENSG00000238273,AC108058.1,14.082645208433604
0.5974196079368017,1.7435554881708974,-1.1461358802340957,3.2194522667129077e-27,2.7396811368422614e-26,LuminalA-up,ENSG00000251187.5,ENSG00000251187,AC010261.2,25.562299980452693
5.64742973150899,6.793368101014642,-1.145938369505652,2.9524435878602485e-14,1.1144809579400398e-13,LuminalA-up,ENSG00000167971.16,ENSG00000167971,CASKIN1,12.9529273474908
3.6753967143556014,4.821287564645746,-1.1458908502901446,1.7168475044640948e-15,7.0404610165936456e-15,LuminalA-up,ENSG00000120471.15,ENSG00000120471,TP53AIP1,14.152398901879574
2.051852959345825,3.197634854399193,-1.1457818950533682,1.3983759318736207e-12,4.706180847028491e-12,LuminalA-up,ENSG00000167751.13,ENSG00000167751,KLK2,11.327331387963769
1.9710846397711306,3.1166109772644086,-1.145526337493278,3.31756091988763e-10,9.399594027774237e-10,LuminalA-up,ENSG00000228559.2,ENSG00000228559,AL033519.4,9.02689090334763
4.664537431714549,5.809773899329754,-1.145236467615205,1.3448625746993798e-30,1.4004285027624484e-29,LuminalA-up,ENSG00000269054.2,ENSG00000269054,AC012313.6,28.85373905867073
5.198845687520748,6.3440689809493165,-1.1452232934285682,4.7993258056081715e-45,1.189012572091544e-43,LuminalA-up,ENSG00000280047.1,ENSG00000280047,AC091825.3,42.924813553319815
3.655330051047262,4.800359017121031,-1.145028966073769,2.8675604131028323e-20,1.590874297371846e-19,LuminalA-up,ENSG00000287595.1,ENSG00000287595,AC097369.4,18.79836413469314
0.4196882690458516,1.5646854324798474,-1.1449971634339957,3.634004539616536e-16,1.561289825274882e-15,LuminalA-up,ENSG00000286377.1,ENSG00000286377,AC114964.2,14.806516470522354
1.7484551397437913,2.8933615105906214,-1.1449063708468301,8.992727494072659e-19,4.5734520649569955e-18,LuminalA-up,ENSG00000235830.2,ENSG00000235830,SRGAP3-AS4,17.339755868461253
4.614005210457007,5.758750673360037,-1.14474546290303,3.6940012540044756e-22,2.294716864978318e-21,LuminalA-up,ENSG00000111834.13,ENSG00000111834,RSPH4A,20.639270892507213
5.738051927489813,6.882586611629263,-1.1445346841394493,3.516065012564129e-14,1.3219240567126157e-13,LuminalA-up,ENSG00000162595.7,ENSG00000162595,DIRAS3,12.878793493941162
0.8231857529844686,1.9674572823817573,-1.1442715293972887,5.375365430026298e-14,1.9967004567207615e-13,LuminalA-up,ENSG00000183273.7,ENSG00000183273,CCDC60,12.699687082726077
3.4206292585705906,4.564859036463904,-1.1442297778933135,2.9403506756449723e-28,2.6630790231726417e-27,LuminalA-up,ENSG00000176268.5,ENSG00000176268,CYCSP34,26.57461594628407
11.377715333798767,12.521566333141362,-1.143850999342595,1.3916708933423858e-16,6.125910485205091e-16,LuminalA-up,ENSG00000181019.13,ENSG00000181019,NQO1,15.21282935360609
6.276023127911723,7.419857796007782,-1.1438346680960585,5.620695072784981e-20,3.060055376917698e-19,LuminalA-up,ENSG00000138311.18,ENSG00000138311,ZNF365,18.51427071414843
8.152913737948882,9.296679301507174,-1.1437655635582917,8.822725950771479e-33,1.0424313495589003e-31,LuminalA-up,ENSG00000197044.11,ENSG00000197044,ZNF441,30.981952536344096
3.6198934140100674,4.763529064524932,-1.1436356505148648,1.9189224010213764e-17,8.934890801810882e-17,LuminalA-up,ENSG00000267128.2,ENSG00000267128,RNF157-AS1,16.048910750876384
3.4990881087499766,4.641924432435395,-1.1428363236854189,1.20862093892852e-18,6.097678186767608e-18,LuminalA-up,ENSG00000254419.1,ENSG00000254419,AL139349.1,17.214835499845847
6.325454149203481,7.4682202554574655,-1.1427661062539842,2.143708569436656e-17,9.940117754532675e-17,LuminalA-up,ENSG00000133962.8,ENSG00000133962,CATSPERB,16.002608470749482
4.633314065609301,5.775978633274023,-1.1426645676647222,1.9252218979458887e-16,8.409361222197836e-16,LuminalA-up,ENSG00000101049.17,ENSG00000101049,SGK2,15.075236992098729
8.796291409108463,9.93834601897698,-1.1420546098685165,5.986912274953398e-34,7.538741527289178e-33,LuminalA-up,ENSG00000166436.16,ENSG00000166436,TRIM66,32.12270114661963
1.9246996260910834,3.066636481522321,-1.1419368554312377,1.752612182974793e-20,9.855319639878387e-20,LuminalA-up,ENSG00000263325.1,ENSG00000263325,AC003965.2,19.00632928558198
5.598934715336857,6.7408654447629175,-1.1419307294260603,5.784197021949632e-26,4.539415598090482e-25,LuminalA-up,ENSG00000248712.7,ENSG00000248712,CCDC153,24.343000054381005
5.904275126065397,7.046147876170918,-1.141872750105521,9.923045126430793e-09,2.512428979816906e-08,LuminalA-up,ENSG00000116690.13,ENSG00000116690,PRG4,7.599906205833964
7.089873342342954,8.231368127731736,-1.1414947853887822,3.4595114007043576e-25,2.586146791962758e-24,LuminalA-up,ENSG00000282608.2,ENSG00000282608,ADORA3,23.587346827819854
4.305947642764637,5.447111993486592,-1.1411643507219553,7.118380457921384e-12,2.288367823434591e-11,LuminalA-up,ENSG00000255815.3,ENSG00000255815,KRT8P11,10.64047416744502
3.3940843173520183,4.535229788600938,-1.1411454712489193,6.680260902333584e-20,3.6209952368405843e-19,LuminalA-up,ENSG00000213513.3,ENSG00000213513,IMPDH1P5,18.44117204646584
0.2008178362741791,1.3419121847703452,-1.1410943484961662,1.974139967543214e-34,2.56157035467527e-33,LuminalA-up,ENSG00000252027.1,ENSG00000252027,RNU6ATAC14P,32.591493711531676
9.109245413839869,10.250319463766695,-1.1410740499268268,1.1898833661778865e-47,3.4413192781952336e-46,LuminalA-up,ENSG00000099330.9,ENSG00000099330,OCEL1,45.463275032602596
2.645763765302996,3.7866688315836377,-1.1409050662806415,3.239690967812532e-34,4.152751099085127e-33,LuminalA-up,ENSG00000160396.9,ENSG00000160396,HIPK4,32.38166409815409
6.577917511289029,7.718791946673286,-1.1408744353842568,7.418780518240952e-28,6.568344505320568e-27,LuminalA-up,ENSG00000214050.8,ENSG00000214050,FBXO16,26.182544076833196
1.3229731061529584,2.4631941620223734,-1.140221055869415,9.723011276878626e-10,2.660533371436502e-09,LuminalA-up,ENSG00000173826.15,ENSG00000173826,KCNH6,8.575031289289594
7.644177009162566,8.78428646173208,-1.1401094525695141,9.24860261878556e-32,1.030286340251552e-30,LuminalA-up,ENSG00000152763.17,ENSG00000152763,DNAI4,29.98704205810172
1.6734741394067727,2.813441586975042,-1.1399674475682693,1.05879169427774e-18,5.361942527902983e-18,LuminalA-up,ENSG00000215841.3,ENSG00000215841,AP002761.1,17.270677845322993
5.7376607050543065,6.876690501776902,-1.1390297967225953,3.943359118087337e-19,2.043936873949088e-18,LuminalA-up,ENSG00000278962.1,ENSG00000278962,AC092645.1,17.689532521315662
0.11309853802856505,1.2516842856711894,-1.1385857476426244,9.352708863438217e-34,1.166739118356714e-32,LuminalA-up,ENSG00000263742.1,ENSG00000263742,MIR3165,31.93302624089035
8.130836890361211,9.269290932693666,-1.1384540423324552,1.343625291398821e-11,4.228156192986151e-11,LuminalA-up,ENSG00000173267.14,ENSG00000173267,SNCG,10.373848977727182
10.695367907824345,11.833481577841383,-1.138113670017038,8.97575985183577e-18,4.262786486731865e-17,LuminalA-up,ENSG00000171812.13,ENSG00000171812,COL8A2,16.37030641962976
0.24677207785649186,1.384112513408204,-1.137340435551712,2.076586802339798e-16,9.055182725956814e-16,LuminalA-up,ENSG00000250488.2,ENSG00000250488,LINC02233,15.043102781564825
4.401336844194841,5.537916547868386,-1.1365797036735454,1.4693299321711883e-07,3.3945784910316515e-07,LuminalA-up,ENSG00000104059.4,ENSG00000104059,FAM189A1,6.469214144913344
2.596371354707135,3.7324733808656103,-1.136102026158475,2.9457438030058053e-06,6.096649313210336e-06,LuminalA-up,ENSG00000139304.16,ENSG00000139304,PTPRQ,5.2149087854140035
10.1908264457656,11.326922668105619,-1.1360962223400186,4.4879127326661493e-13,1.5629801284028736e-12,LuminalA-up,ENSG00000262655.4,ENSG00000262655,SPON1,11.806046543529016
13.111134680786552,14.247141823683574,-1.1360071428970215,3.895378301278633e-40,7.088658016224744e-39,LuminalA-up,ENSG00000172037.14,ENSG00000172037,LAMB2,38.14943597515722
10.472021574723259,11.60800439907956,-1.1359828243563008,2.4509874836118328e-47,6.950685317315451e-46,LuminalA-up,ENSG00000160325.15,ENSG00000160325,CACFD1,45.15797237312855
4.654139284891898,5.790052639905603,-1.135913355013705,6.5602695105391685e-22,4.008389245229182e-21,LuminalA-up,ENSG00000279833.1,ENSG00000279833,AL031846.2,20.397030111779785
0.9954824943090624,2.1313119688887805,-1.135829474579718,8.239532752531331e-23,5.320538198128495e-22,LuminalA-up,ENSG00000286607.1,ENSG00000286607,AL135818.3,21.27404443449909
11.814321298165602,12.949913506274022,-1.1355922081084202,2.404962426679538e-20,1.340890561249137e-19,LuminalA-up,ENSG00000120129.6,ENSG00000120129,DUSP1,18.87260666628346
2.5774166894579724,3.712942815021895,-1.1355261255639224,2.913510176160631e-18,1.4305091710107564e-17,LuminalA-up,ENSG00000279900.1,ENSG00000279900,AP001767.3,16.844509353582872
5.818611476157147,6.953368178751398,-1.1347567025942507,2.0782477507119374e-30,2.1349330249422047e-29,LuminalA-up,ENSG00000224383.8,ENSG00000224383,PRR29,28.670615744692476
9.251768992218064,10.385701080304589,-1.1339320880865245,6.24554461968357e-48,1.8559455288279545e-46,LuminalA-up,ENSG00000140104.14,ENSG00000140104,CLBA1,45.731434774279116
6.912911178317084,8.046815446173857,-1.1339042678567735,3.864568978783055e-23,2.5444971944373993e-22,LuminalA-up,ENSG00000161653.11,ENSG00000161653,NAGS,21.594398023643517
4.615179933988522,5.748750498658751,-1.1335705646702285,4.581184607576201e-07,1.018919169570395e-06,LuminalA-up,ENSG00000129167.9,ENSG00000129167,TPH1,5.991860267025872
0.3717561216025561,1.5048549282421113,-1.133098806639555,4.673868916804569e-24,3.250375230109734e-23,LuminalA-up,ENSG00000246016.2,ENSG00000246016,LINC01513,22.488066500264356
4.778307630978634,5.911383485549955,-1.133075854571321,3.3988800201492944e-31,3.67517607340014e-30,LuminalA-up,ENSG00000187984.13,ENSG00000187984,ANKRD19P,29.434721849539155
8.776611361280262,9.909283307535901,-1.1326719462556394,1.1366581907047975e-37,1.7762602588543034e-36,LuminalA-up,ENSG00000067836.13,ENSG00000067836,ROGDI,35.750493400774005
11.004293532513438,12.13691049237208,-1.132616959858641,3.102966012423456e-47,8.740455524070105e-46,LuminalA-up,ENSG00000175662.18,ENSG00000175662,TOM1L2,45.058465932762076
0.8031928419005109,1.9356597913238813,-1.1324669494233706,1.418555709070012e-25,1.0858640641248413e-24,LuminalA-up,ENSG00000277186.1,ENSG00000277186,AC131212.1,23.96422453929192
4.423283879870108,5.555278013115103,-1.1319941332449952,4.3692033710296797e-10,1.2263917015316937e-09,LuminalA-up,ENSG00000258498.8,ENSG00000258498,DIO3OS,8.911370796828818
1.7574723300106336,2.8894399980106247,-1.131967667999991,1.868883631527522e-20,1.0489782205090847e-19,LuminalA-up,ENSG00000203756.8,ENSG00000203756,TMEM244,18.97923352878539
7.946980218885167,9.078700172104758,-1.1317199532195916,5.599361780971777e-23,3.6494382052921247e-22,LuminalA-up,ENSG00000242732.4,ENSG00000242732,RTL5,21.43777398571342
0.6463562431825624,1.777493993981029,-1.1311377507984668,1.7027004065349313e-05,3.292633992560915e-05,LuminalA-up,ENSG00000135413.9,ENSG00000135413,LACRT,4.482456542548183
5.867830426984146,6.99877791215918,-1.1309474851750334,2.796010583643167e-22,1.7475717837724962e-21,LuminalA-up,ENSG00000128739.23,ENSG00000128739,SNRPN,20.757564976008037
2.815203308904472,3.9458469907256037,-1.1306436818211316,3.761163617985684e-28,3.380005481900271e-27,LuminalA-up,ENSG00000278231.1,ENSG00000278231,AL133342.1,26.471082595356336
7.906824199185076,9.036965772820611,-1.1301415736355356,5.984674774134961e-33,7.136474508324578e-32,LuminalA-up,ENSG00000214106.9,ENSG00000214106,PAXIP1-AS2,31.146516281180173
4.874809778543904,6.004919388896338,-1.1301096103524344,1.1376677156521067e-23,7.749364322019633e-23,LuminalA-up,ENSG00000177025.3,ENSG00000177025,C19orf18,22.110733921075866
9.877287277123575,11.007335023246165,-1.1300477461225906,1.943223051304965e-41,3.804721768676544e-40,LuminalA-up,ENSG00000145743.17,ENSG00000145743,FBXL17,39.419677096776866
0.25147150936056495,1.381490492249205,-1.13001898288864,1.6088425736244107e-30,1.6654849619484327e-29,LuminalA-up,ENSG00000225936.1,ENSG00000225936,AL731557.1,28.778459284301114
2.583530858015859,3.713348354652497,-1.129817496636638,1.3149635607785216e-15,5.42626844236071e-15,LuminalA-up,ENSG00000143171.13,ENSG00000143171,RXRG,14.265498725105903
3.3989432777667505,4.52870564590682,-1.1297623681400695,4.2482268513482075e-18,2.0610879151424508e-17,LuminalA-up,ENSG00000279314.1,ENSG00000279314,AC002525.1,16.68590348311311
10.144153583242865,11.273657247059813,-1.1295036638169478,2.3066439271075092e-31,2.5119787016453447e-30,LuminalA-up,ENSG00000174804.4,ENSG00000174804,FZD4,29.599984047178914
9.267094073701694,10.39625004006946,-1.129155966367767,9.669169959815563e-23,6.220932381056002e-22,LuminalA-up,ENSG00000138795.10,ENSG00000138795,LEF1,21.206144519231813
9.9910417141253,11.119853533259807,-1.1288118191345067,3.275864850457627e-25,2.4548846364261047e-24,LuminalA-up,ENSG00000197457.10,ENSG00000197457,STMN3,23.609968912070855
9.2654005678558,10.394038115369945,-1.1286375475141455,2.2806096540290917e-33,2.780867064498187e-32,LuminalA-up,ENSG00000156853.13,ENSG00000156853,ZNF689,31.55581977148636
0.527435280159718,1.6560358529422063,-1.1286005727824884,1.6168645898700676e-28,1.486486589480106e-27,LuminalA-up,ENSG00000260059.1,ENSG00000260059,AC092620.2,26.827839004481955
7.205976305711952,8.33409747512776,-1.1281211694158069,5.83764151224572e-16,2.472864191715867e-15,LuminalA-up,ENSG00000198208.12,ENSG00000198208,RPS6KL1,14.606799734187819
11.391341505668112,12.519454298893756,-1.1281127932256432,2.5361509451653988e-36,3.654848653565957e-35,LuminalA-up,ENSG00000181788.4,ENSG00000181788,SIAH2,34.43713060236742
0.929187208878912,2.0572629117881944,-1.1280757029092823,2.3495519449776705e-23,1.5685517067447025e-22,LuminalA-up,ENSG00000264083.1,ENSG00000264083,AC005899.1,21.804501160368357
7.13882446482706,8.266876483909776,-1.1280520190827161,4.6569019450883375e-38,7.46529666185371e-37,LuminalA-up,ENSG00000259431.6,ENSG00000259431,THTPA,36.12695292925897
9.512926518019352,10.640629465266288,-1.1277029472469362,2.2346890020107144e-38,3.6539890413365436e-37,LuminalA-up,ENSG00000165118.15,ENSG00000165118,C9orf64,36.437232759472316
9.434961359698624,10.562384544198284,-1.1274231844996603,2.8502460430943385e-26,2.2856518508258906e-25,LuminalA-up,ENSG00000166963.13,ENSG00000166963,MAP1A,24.640989920388638
4.265745524528208,5.393017247482664,-1.1272717229544558,3.2696488590961283e-26,2.605149269239416e-25,LuminalA-up,ENSG00000261889.1,ENSG00000261889,AC108134.2,24.584167387546895
1.0166542245762513,2.1437651456086924,-1.127110921032441,1.6470691631608768e-17,7.702254233977761e-17,LuminalA-up,ENSG00000269345.1,ENSG00000269345,VN1R85P,16.113382150398902
1.28675426275159,2.4137520150324816,-1.1269977522808916,1.3066623030954236e-11,4.114930514821364e-11,LuminalA-up,ENSG00000172995.16,ENSG00000172995,ARPP21,10.385637493935173
2.0213598568629876,3.1483215387155443,-1.1269616818525567,2.7671398670738597e-24,1.9547845804913758e-23,LuminalA-up,ENSG00000278601.1,ENSG00000278601,AL158163.2,22.70890109538252
2.99170799786705,4.118634030441293,-1.126926032574243,2.2513125640821585e-12,7.473162720145964e-12,LuminalA-up,ENSG00000257315.3,ENSG00000257315,ZBED6,11.126495561341835
6.237820346896106,7.3645913521619635,-1.1267710052658577,6.491416299750348e-27,5.418134321903178e-26,LuminalA-up,ENSG00000015479.20,ENSG00000015479,MATR3,25.266150232499925
11.630179009846518,12.756651627462544,-1.1264726176160256,1.9245632942531965e-49,6.380945758987848e-48,LuminalA-up,ENSG00000159348.13,ENSG00000159348,CYB5R1,47.195114947067374
0.10858870580924271,1.2348641839878336,-1.1262754781785909,5.2088961180668165e-31,5.555271965561556e-30,LuminalA-up,ENSG00000234752.1,ENSG00000234752,LINC02676,29.255294674751664
0.44838553280203275,1.574574997720489,-1.1261894649184563,5.830404631576671e-28,5.189462646055497e-27,LuminalA-up,ENSG00000230470.1,ENSG00000230470,AL078645.1,26.284877609769055
2.6562948096485575,3.782165319814774,-1.1258705101662168,2.8436887881460773e-11,8.73297738695891e-11,LuminalA-up,ENSG00000163464.8,ENSG00000163464,CXCR1,10.05883766439571
6.330877448428812,7.456699974054683,-1.1258225256258703,1.922303485649204e-33,2.3490927028421916e-32,LuminalA-up,ENSG00000185664.14,ENSG00000185664,PMEL,31.629099844210725
7.72776176882542,8.853293367446005,-1.1255315986205847,1.7833818578355972e-26,1.4491869060521024e-25,LuminalA-up,ENSG00000212864.3,ENSG00000212864,RNF208,24.838875598633503
6.572965005421384,7.698351848765698,-1.1253868433443142,4.4477948275533114e-29,4.237921620795537e-28,LuminalA-up,ENSG00000246922.9,ENSG00000246922,UBAP1L,27.372847079708936
3.5574590859386754,4.6826606356607305,-1.125201549722055,2.8430829738474415e-27,2.4286478410643793e-26,LuminalA-up,ENSG00000276075.1,ENSG00000276075,AC027682.6,25.614635454223407
8.164469062333986,9.289654476873102,-1.125185414539116,2.2987852830199702e-20,1.283185390288583e-19,LuminalA-up,ENSG00000187391.22,ENSG00000187391,MAGI2,18.891710593692995
6.079966463461049,7.204649510095721,-1.1246830466346722,1.1472363667770731e-35,1.5870971116123604e-34,LuminalA-up,ENSG00000225265.2,ENSG00000225265,TAF1A-AS1,33.799396498735355
12.016402943452688,13.140896293111204,-1.1244933496585165,1.299162867408806e-21,7.800096599595768e-21,LuminalA-up,ENSG00000143126.8,ENSG00000143126,CELSR2,20.10790001879521
2.092642505632827,3.217073579804134,-1.1244310741713073,1.1636350140496893e-16,5.144427020699761e-16,LuminalA-up,ENSG00000264424.1,ENSG00000264424,MYH4,15.288662989338022
6.715985737896855,7.840263952699782,-1.1242782148029278,1.7711547480901665e-27,1.535275592345032e-26,LuminalA-up,ENSG00000173531.15,ENSG00000173531,MST1,25.8138136543942
4.668532957640411,5.7926281195644,-1.1240951619239885,1.438677703708332e-22,9.157705398462454e-22,LuminalA-up,ENSG00000204420.10,ENSG00000204420,MPIG6B,21.03821333174958
4.89747262367407,6.020867782475338,-1.1233951588012676,2.3278638496167713e-24,1.6521278051906453e-23,LuminalA-up,ENSG00000137225.13,ENSG00000137225,CAPN11,22.781956359593046
6.693066394715994,7.816353499883659,-1.1232871051676652,4.4250434540459216e-16,1.8909670650129947e-15,LuminalA-up,ENSG00000255571.9,ENSG00000255571,MIR9-3HG,14.723316035199211
1.4682362772490483,2.591146920237607,-1.122910642988559,6.132982078635851e-23,3.987925495167288e-22,LuminalA-up,ENSG00000278875.1,ENSG00000278875,AC025809.2,21.399252964036403
14.02076516366787,15.143663647957368,-1.1228984842894985,2.622445031360366e-19,1.374794454976532e-18,LuminalA-up,ENSG00000139329.5,ENSG00000139329,LUM,17.861762228191743
2.604117543126845,3.7261711714521764,-1.1220536283253315,5.511829796909982e-29,5.217637243502473e-28,LuminalA-up,ENSG00000249947.2,ENSG00000249947,XBP1P1,27.28252611853239
0.510435919951481,1.6324274315537075,-1.1219915116022265,1.5220279044946253e-24,1.0959908777370535e-23,LuminalA-up,ENSG00000184659.5,ENSG00000184659,FOXD4L4,22.96019306060069
11.50603561355444,12.627973266014584,-1.1219376524601437,2.0701331450613783e-20,1.1596066681560393e-19,LuminalA-up,ENSG00000137642.13,ENSG00000137642,SORL1,18.935689295960152
10.561636739400775,11.683243850420885,-1.1216071110201096,6.149298400115412e-23,3.9977595494931844e-22,LuminalA-up,ENSG00000033867.16,ENSG00000033867,SLC4A7,21.398183330645278
9.034457074722809,10.15601705991713,-1.1215599851943203,2.416142283644906e-39,4.187646812191171e-38,LuminalA-up,ENSG00000173581.8,ENSG00000173581,CCDC106,37.37802995401914
0.6976394667624587,1.8191849034180914,-1.1215454366556328,9.105728534307615e-26,7.062101352845701e-25,LuminalA-up,ENSG00000276831.1,ENSG00000276831,AC020922.4,24.151066053883408
12.106006984495831,13.227551563279045,-1.1215445787832135,6.855677964051324e-56,3.5463321814043263e-54,LuminalA-up,ENSG00000140332.17,ENSG00000140332,TLE3,53.45022058689807
2.061787655949408,3.1825753953711056,-1.1207877394216976,1.4613816961850646e-19,7.770544805857132e-19,LuminalA-up,ENSG00000244476.3,ENSG00000244476,ERVFRD-1,18.109548531021115
8.276973013884191,9.397630127021609,-1.1206571131374172,5.766216168418848e-21,3.3393050408655903e-20,LuminalA-up,ENSG00000188747.8,ENSG00000188747,NOXA1,19.47634390693734
2.5822742480316436,3.7027490490072856,-1.120474800975642,3.147430640192178e-28,2.8475539827055818e-27,LuminalA-up,ENSG00000234817.2,ENSG00000234817,ECI2-DT,26.54552803400253
1.8994402325047324,3.0197221462634682,-1.1202819137587359,1.4482691264186808e-21,8.672022350402676e-21,LuminalA-up,ENSG00000229487.1,ENSG00000229487,ALG13-AS1,20.061879611497105
1.0599082822060353,2.1801406574793356,-1.1202323752733003,7.73004311530125e-23,5.002143730210385e-22,LuminalA-up,ENSG00000266644.1,ENSG00000266644,AC103810.5,21.300843833529058
5.766397248335821,6.886427052314515,-1.120029803978694,2.995814470946261e-28,2.7118471797493564e-27,LuminalA-up,ENSG00000259319.1,ENSG00000259319,AF111167.2,26.56673478783653
5.419932257773793,6.539760652429296,-1.119828394655503,1.0414917446372354e-15,4.331902628147429e-15,LuminalA-up,ENSG00000105479.16,ENSG00000105479,CCDC114,14.36332131394273
1.2109435588901367,2.330657993616529,-1.1197144347263923,1.4942962245432832e-14,5.760645134754555e-14,LuminalA-up,ENSG00000232756.1,ENSG00000232756,AC004990.1,13.239528877206162
10.784140652044346,11.903540767293999,-1.1194001152496522,1.5896167417065834e-46,4.307514404365778e-45,LuminalA-up,ENSG00000007541.17,ENSG00000007541,PIGQ,44.36577326159296
7.662007019749691,8.781311292657389,-1.1193042729076979,1.244595081854806e-25,9.566344220080966e-25,LuminalA-up,ENSG00000186642.16,ENSG00000186642,PDE2A,24.01925399622256
4.6432571964644,5.762457918240418,-1.1192007217760187,0.00019096291103992726,0.0003330424962569387,LuminalA-up,ENSG00000174697.5,ENSG00000174697,LEP,3.477500346937064
0.6763480973899141,1.7954606001046671,-1.119112502714753,8.437787080794658e-24,5.787489726790198e-23,LuminalA-up,ENSG00000288536.1,ENSG00000288536,AF222684.1,22.237509766877192
7.47995713348479,8.598817183715532,-1.118860050230742,2.9874425441641274e-22,1.8647872268227475e-21,LuminalA-up,ENSG00000264112.1,ENSG00000264112,AC015813.1,20.729370714251207
8.429892121554358,9.548394344000105,-1.1185022224457466,1.5296448165058026e-23,1.0327028046178148e-22,LuminalA-up,ENSG00000170190.16,ENSG00000170190,SLC16A5,21.98602464351904
0.5734348053910175,1.6917886760869194,-1.118353870695902,2.861101307054217e-25,2.151281198126006e-24,LuminalA-up,ENSG00000257808.1,ENSG00000257808,AC073573.1,23.66730281843046
1.7192991924948962,2.837592316846538,-1.1182931243516416,3.4338724979868206e-19,1.787319971001836e-18,LuminalA-up,ENSG00000285571.1,ENSG00000285571,AL513548.4,17.747797691925765
9.94727736133579,11.065086048234184,-1.1178086868983943,9.934409259566301e-45,2.40607946806837e-43,LuminalA-up,ENSG00000118096.10,ENSG00000118096,IFT46,42.618690032867484
2.9448846057865077,4.06244680791022,-1.1175622021237124,8.316827840812589e-20,4.480553989457377e-19,LuminalA-up,ENSG00000257219.6,ENSG00000257219,LNCOG,18.34866828517823
2.9217192491878987,4.038614307218303,-1.1168950580304045,2.854890057189401e-20,1.5846318052159086e-19,LuminalA-up,ENSG00000284862.3,ENSG00000284862,CCDC39,18.800071631577964
3.577169384284898,4.693877347714407,-1.116707963429509,8.488016920896831e-16,3.553369891200971e-15,LuminalA-up,ENSG00000253661.2,ENSG00000253661,ZFHX4-AS1,14.449359581886938
0.8797160473778952,1.9958218889532815,-1.1161058415753864,1.3158184978860324e-12,4.433233093691808e-12,LuminalA-up,ENSG00000174156.15,ENSG00000174156,GSTA3,11.353279433455286
4.300049132137588,5.415707110726386,-1.1156579785887972,1.2670097724904058e-16,5.591122640057715e-16,LuminalA-up,ENSG00000102271.14,ENSG00000102271,KLHL4,15.25250098148195
8.585347893405244,9.700703640290067,-1.1153557468848234,6.739794495982666e-32,7.550732336408387e-31,LuminalA-up,ENSG00000204116.11,ENSG00000204116,CHIC1,30.12201092463082
2.1225558040614985,3.2374814510884593,-1.1149256470269608,4.369687103508582e-19,2.260020239308867e-18,LuminalA-up,ENSG00000265218.1,ENSG00000265218,AC103810.2,17.64588767156906
11.021633682367847,12.136554149776645,-1.1149204674087976,1.4980341561498562e-26,1.2244356233636473e-25,LuminalA-up,ENSG00000181104.7,ENSG00000181104,F2R,24.912064043657193
8.03056337378947,9.145251953230964,-1.114688579441495,6.493027701881124e-30,6.500785202122321e-29,LuminalA-up,ENSG00000261801.6,ENSG00000261801,LOXL1-AS1,28.187034183610443
12.839635385594175,13.954083473896613,-1.1144480883024386,1.9864643395189975e-17,9.240394762791674e-17,LuminalA-up,ENSG00000166147.14,ENSG00000166147,FBN1,16.034309474706312
10.551337534069866,11.665724931064906,-1.1143873969950402,2.1922554139117575e-40,4.0509592874488486e-39,LuminalA-up,ENSG00000166167.18,ENSG00000166167,BTRC,38.392442121498014
11.245391676555029,12.359666260364211,-1.1142745838091823,1.0383998991157985e-24,7.551999266296715e-24,LuminalA-up,ENSG00000071073.13,ENSG00000071073,MGAT4A,23.121938060903222
2.9308525010324185,4.045091029779429,-1.1142385287470105,3.2377287266879433e-07,7.286248198629061e-07,LuminalA-up,ENSG00000236333.4,ENSG00000236333,TRHDE-AS1,6.137496039042621
3.5163954152947055,4.630606467793361,-1.1142110524986553,7.067032465281848e-28,6.27348856557859e-27,LuminalA-up,ENSG00000228906.1,ENSG00000228906,AL353804.1,26.202490889240522
8.217551093591325,9.331457870692548,-1.1139067771012225,2.1988648332138743e-25,1.6625731865799135e-24,LuminalA-up,ENSG00000091428.18,ENSG00000091428,RAPGEF4,23.779219227932696
5.414572784534281,6.528473808880272,-1.1139010243459913,1.2266336982277578e-22,7.843716437351096e-22,LuminalA-up,ENSG00000126218.12,ENSG00000126218,F10,21.105478115146997
7.470966208447043,8.584618405468404,-1.113652197021361,6.930023624334596e-36,9.747981195455126e-35,LuminalA-up,ENSG00000276855.1,ENSG00000276855,AC015922.3,34.01108531727127
5.900131162168356,7.013427479134991,-1.1132963169666352,1.026555068380682e-22,6.595768811983987e-22,LuminalA-up,ENSG00000279759.1,ENSG00000279759,AC118344.2,21.180734575198414
3.2030920786564647,4.316317838201544,-1.1132257595450796,5.08784789243199e-14,1.8926274703620052e-13,LuminalA-up,ENSG00000181656.7,ENSG00000181656,GPR88,12.722934860673059
9.177442400693645,10.290574336574029,-1.113131935880384,2.721853380260119e-12,8.989705912535146e-12,LuminalA-up,ENSG00000198125.13,ENSG00000198125,MB,11.046254515458347
9.90868203754857,11.02170636462595,-1.1130243270773814,2.0937037856080165e-40,3.870984605271964e-39,LuminalA-up,ENSG00000163482.12,ENSG00000163482,STK36,38.41217855584682
5.971703603975281,7.084485991821658,-1.1127823878463765,1.5176052033124933e-21,9.083951145541924e-21,LuminalA-up,ENSG00000138400.13,ENSG00000138400,MDH1B,20.041725210128064
0.7293926881188949,1.8417896196817019,-1.1123969315628068,4.3433989195918073e-17,1.9685063789172172e-16,LuminalA-up,ENSG00000186723.4,ENSG00000186723,OR10H1,15.705863173546314
5.986161113534348,7.098029796353003,-1.1118686828186544,4.892422785408409e-18,2.3643888663046405e-17,LuminalA-up,ENSG00000197837.3,ENSG00000197837,H4-16,16.626281094372146
10.44828774277447,11.559591595248042,-1.111303852473572,8.585464208406931e-33,1.015862357733099e-31,LuminalA-up,ENSG00000198648.11,ENSG00000198648,STK39,30.993165131940398
5.5327311539854405,6.643789810821659,-1.1110586568362182,2.253331365056647e-30,2.3112505311107347e-29,LuminalA-up,ENSG00000102904.15,ENSG00000102904,TSNAXIP1,28.636152976034637
0.10471865845385099,1.2150816160480518,-1.1103629575942007,9.156006694707379e-39,1.5281255936723178e-37,LuminalA-up,ENSG00000241054.1,ENSG00000241054,AL035454.1,36.81584095047412
1.1326870512707357,2.2429105070887543,-1.1102234558180186,3.3794576450943276e-15,1.3597337686179553e-14,LuminalA-up,ENSG00000215023.2,ENSG00000215023,AC131097.1,13.866546116731751
0.14996407128523231,1.2601792405608008,-1.1102151692755684,1.939995833327837e-23,1.3016144982615912e-22,LuminalA-up,ENSG00000286635.1,ENSG00000286635,AC006112.1,21.885517622578927
2.359491977266957,3.469529106761771,-1.1100371294948141,1.9032987666768236e-11,5.933647196708252e-11,LuminalA-up,ENSG00000255277.3,ENSG00000255277,ABCC6P2,10.226678279569196
2.4157619216441155,3.525765746266161,-1.1100038246220456,8.159780851102927e-18,3.884616590384464e-17,LuminalA-up,ENSG00000245711.2,ENSG00000245711,NADK2-AS1,16.410651839384926
11.320231747878575,12.429716316541448,-1.1094845686628734,1.580086089219779e-49,5.2648594145772356e-48,LuminalA-up,ENSG00000013288.9,ENSG00000013288,MAN2B2,47.27861322111449
9.939821508924183,11.048941355197394,-1.1091198462732113,4.7368175147131896e-20,2.588492388216272e-19,LuminalA-up,ENSG00000137331.12,ENSG00000137331,IER3,18.586953107777173
4.4288655679606475,5.537069610348462,-1.1082040423878148,9.906254638637187e-09,2.5085567385896996e-08,LuminalA-up,ENSG00000144045.14,ENSG00000144045,DQX1,7.600576071643307
5.46933999943206,6.577220991646263,-1.107880992214203,3.616476401464313e-20,1.989566534992348e-19,LuminalA-up,ENSG00000160801.14,ENSG00000160801,PTH1R,18.701241532618695
0.4347454859856212,1.5425503094763655,-1.1078048234907443,2.1703192085492607e-26,1.7555284717801936e-25,LuminalA-up,ENSG00000258828.2,ENSG00000258828,KRT8P2,24.755592122600365
6.772049568372279,7.879619582330238,-1.1075700139579592,1.2658778506446747e-16,5.586863140699078e-16,LuminalA-up,ENSG00000183569.18,ENSG00000183569,SERHL2,15.252831967259343
10.937920180506786,12.045376839791906,-1.1074566592851198,1.5482466007458259e-46,4.2022045390283466e-45,LuminalA-up,ENSG00000090565.17,ENSG00000090565,RAB11FIP3,44.37652281247042
6.2139690762695405,7.321370772417261,-1.1074016961477202,2.9320105405883353e-22,1.8308679828711064e-21,LuminalA-up,ENSG00000269934.3,ENSG00000269934,AL353593.1,20.737342969940592
3.0218746800328367,4.128672759037619,-1.1067980790047827,1.1443925156233337e-14,4.44650946142276e-14,LuminalA-up,ENSG00000259420.5,ENSG00000259420,AC046168.2,13.351980779241869
2.9648144101536063,4.071502115926826,-1.1066877057732198,7.306813550656833e-26,5.69989272092197e-25,LuminalA-up,ENSG00000221716.1,ENSG00000221716,SNORA11,24.244133318213482
4.270831704925199,5.377248054862887,-1.106416349937688,1.2291049064463404e-14,4.7624085613317915e-14,LuminalA-up,ENSG00000285799.1,ENSG00000285799,AL645929.2,13.322173349728978
4.775504924136025,5.8815846440477175,-1.1060797199116923,1.5986866237466294e-18,7.986285488522655e-18,LuminalA-up,ENSG00000254363.6,ENSG00000254363,AC011379.2,17.09765516898842
0.1986503311284458,1.3045976226176845,-1.1059472914892388,7.729601977175087e-36,1.0822734263780657e-34,LuminalA-up,ENSG00000225417.1,ENSG00000225417,AL049648.1,33.965663004880376
4.998672077668456,6.1046171477310205,-1.1059450700625648,3.663992364718694e-12,1.2000881773047744e-11,LuminalA-up,ENSG00000134917.10,ENSG00000134917,ADAMTS8,10.920786842694055
10.308819119696008,11.414300864828313,-1.1054817451323053,3.209344450681758e-39,5.516780819838591e-38,LuminalA-up,ENSG00000115109.14,ENSG00000115109,EPB41L5,37.258314270098005
1.342473759632439,2.447412479241666,-1.1049387196092268,2.126596711434599e-18,1.0537105952296787e-17,LuminalA-up,ENSG00000211798.3,ENSG00000211798,TRAV18,16.97727865302608
5.526827953503973,6.63156970613618,-1.104741752632207,3.609409982509481e-20,1.9860049673952364e-19,LuminalA-up,ENSG00000105784.15,ENSG00000105784,RUNDC3B,18.702019669582008
6.585662837750958,7.690402782354696,-1.1047399446037387,5.0032645312113444e-21,2.910106317650603e-20,LuminalA-up,ENSG00000186310.10,ENSG00000186310,NAP1L3,19.53609114423556
9.795586252287038,10.899947688580152,-1.1043614362931145,4.938293092678084e-26,3.8921134367874293e-25,LuminalA-up,ENSG00000120915.14,ENSG00000120915,EPHX2,24.4098145105792
12.2032159915321,13.307552025473486,-1.1043360339413866,1.925697929535718e-27,1.6649315088480079e-26,LuminalA-up,ENSG00000123066.9,ENSG00000123066,MED13L,25.778603627587803
7.5598136565709675,8.663951425158235,-1.1041377685872673,7.008537090611138e-53,2.958487480906224e-51,LuminalA-up,ENSG00000083838.16,ENSG00000083838,ZNF446,50.528930264137465
6.003464143276677,7.107517531827515,-1.1040533885508381,4.926110556067142e-24,3.4187003279372795e-23,LuminalA-up,ENSG00000018869.17,ENSG00000018869,ZNF582,22.46613896636548
2.606783969192073,3.7101570542012863,-1.1033730850092134,8.016367182166874e-15,3.1468395356158054e-14,LuminalA-up,ENSG00000283982.1,ENSG00000283982,AL445623.2,13.502125402168877
9.565569792125398,10.668853513937403,-1.103283721812005,1.4707678868540155e-23,9.937540731172465e-23,LuminalA-up,ENSG00000092096.18,ENSG00000092096,SLC22A17,22.002721078281418
3.275974261887979,4.378922157305266,-1.1029478954172869,1.0003362468291106e-24,7.287822428539837e-24,LuminalA-up,ENSG00000275759.1,ENSG00000275759,AC026367.3,23.137402217709703
0.7204729631849931,1.8232514216764069,-1.1027784584914138,4.687429316485983e-24,3.2591294480109966e-23,LuminalA-up,ENSG00000259048.1,ENSG00000259048,AL392023.2,22.486898389629857
0.16087587721828617,1.263391229127936,-1.10251535190965,4.584173844246482e-35,6.161247283846915e-34,LuminalA-up,ENSG00000287360.1,ENSG00000287360,AC006296.3,33.21033136029359
0.5901292672171774,1.6924459690999631,-1.1023167018827857,6.498131622999944e-29,6.12534791909331e-28,LuminalA-up,ENSG00000267092.2,ENSG00000267092,AC027307.1,27.21286923838366
4.314117275275542,5.416433861796609,-1.1023165865210665,3.076885097051466e-21,1.8116491911674886e-20,LuminalA-up,ENSG00000215244.3,ENSG00000215244,LINC02649,19.741925895561085
0.29406718219128913,1.396219725841527,-1.102152543650238,6.849939417261817e-26,5.348473544528677e-25,LuminalA-up,ENSG00000263527.1,ENSG00000263527,MIR4526,24.271770148031
9.624814677568807,10.726828429057655,-1.1020137514888475,2.2271013188279173e-43,4.908481489509498e-42,LuminalA-up,ENSG00000137842.7,ENSG00000137842,TMEM62,41.30905284244449
8.94292409959177,10.044815025716682,-1.1018909261249128,4.299321040984261e-15,1.7180882366928046e-14,LuminalA-up,ENSG00000162998.5,ENSG00000162998,FRZB,13.764954535659175
2.178088321540801,3.279667171384067,-1.101578849843266,9.493369454857529e-30,9.392495399256917e-29,LuminalA-up,ENSG00000228084.1,ENSG00000228084,AC118553.1,28.02721900899578
0.9508382023972441,2.052353461768686,-1.101515259371442,6.110199423747879e-22,3.7436279415834204e-21,LuminalA-up,ENSG00000231875.1,ENSG00000231875,AL359885.1,20.426707319908935
6.678892173086382,7.779932221657542,-1.1010400485711598,2.2360700110276785e-13,7.969491416230493e-13,LuminalA-up,ENSG00000132321.17,ENSG00000132321,IQCA1,12.098569392803668
2.8124275218212946,3.913363681986239,-1.1009361601649443,2.1172208103413057e-20,1.1851910748603967e-19,LuminalA-up,ENSG00000268670.1,ENSG00000268670,AC016586.1,18.9262116276556
3.5921484314000667,4.692874832461459,-1.100726401061392,1.397279600819701e-23,9.450527082218801e-23,LuminalA-up,ENSG00000286320.1,ENSG00000286320,AC108053.1,22.024543969002316
3.502113371712098,4.602738826975746,-1.100625455263648,4.057462777542729e-13,1.417912346780987e-12,LuminalA-up,ENSG00000287059.1,ENSG00000287059,AC090004.2,11.848350615757992
5.18265084287785,6.282949937775075,-1.1002990948972249,1.186744896787781e-28,1.1007108173858997e-27,LuminalA-up,ENSG00000143994.14,ENSG00000143994,ABHD1,26.958326765415077
1.1200526956886825,2.2198799165485634,-1.099827220859881,7.034328901162655e-16,2.9584781024714202e-15,LuminalA-up,ENSG00000287223.1,ENSG00000287223,Z94277.1,14.528931640857486
2.76881973128771,3.868417705012617,-1.099597973724907,5.927006350824683e-15,2.3464421032200707e-14,LuminalA-up,ENSG00000104722.14,ENSG00000104722,NEFM,13.629590157224872
2.5646405305773485,3.6642299428390093,-1.0995894122616607,1.6927093883966476e-16,7.416943620791585e-16,LuminalA-up,ENSG00000197768.10,ENSG00000197768,STPG3,15.129775022224846
0.6839489277974935,1.7834565596767715,-1.099507631879278,1.2625498013367664e-18,6.358273638943571e-18,LuminalA-up,ENSG00000274002.1,ENSG00000274002,AL135999.3,17.196660785429433
1.6661413150419289,2.765561948828589,-1.09942063378666,4.7923191920842114e-15,1.908047741046e-14,LuminalA-up,ENSG00000168065.16,ENSG00000168065,SLC22A11,13.71941076306303
2.6353150515178094,3.734117396335575,-1.0988023448177655,1.5218266273192362e-21,9.107593027627353e-21,LuminalA-up,ENSG00000232344.2,ENSG00000232344,AC087163.1,20.04059638405213
0.6317068358178503,1.7305085122716073,-1.098801676453757,9.440126756143425e-18,4.4769814497160104e-17,LuminalA-up,ENSG00000215834.10,ENSG00000215834,FMO9P,16.349014705103414
7.647534988716887,8.746258290332355,-1.0987233016154674,5.558103092366682e-44,1.2875439920948942e-42,LuminalA-up,ENSG00000175482.9,ENSG00000175482,POLD4,41.890237923298294
4.312023732545296,5.410612019364963,-1.098588286819667,2.27506950329207e-10,6.53305317830465e-10,LuminalA-up,ENSG00000103316.12,ENSG00000103316,CRYM,9.184883806688456
1.2008788198827038,2.299410725616846,-1.0985319057341423,1.2805930127986228e-27,1.1193084169233335e-26,LuminalA-up,ENSG00000286623.1,ENSG00000286623,AC005041.4,25.9510502304398
8.988781539923485,10.08730402302382,-1.0985224831003357,3.377139648369025e-20,1.8640164830121805e-19,LuminalA-up,ENSG00000145147.20,ENSG00000145147,SLIT2,18.72955025161209
11.758785735568637,12.856301434963319,-1.0975156993946822,1.1238552811112966e-20,6.388270141232943e-20,LuminalA-up,ENSG00000162576.17,ENSG00000162576,MXRA8,19.194616727103657
9.172763599464306,10.26969165497244,-1.096928055508135,1.5896614774704635e-43,3.549996850420382e-42,LuminalA-up,ENSG00000032742.18,ENSG00000032742,IFT88,41.44977203225354
6.153626707826665,7.250429763837989,-1.096803056011324,8.559418309399202e-28,7.556273419306328e-27,LuminalA-up,ENSG00000260793.2,ENSG00000260793,AC003102.1,26.121692335775666
8.65246776709734,9.74919463621264,-1.0967268691152992,1.684346527399121e-41,3.3075158522799376e-40,LuminalA-up,ENSG00000182700.5,ENSG00000182700,IGIP,39.48049806564652
10.497147947497439,11.59367855797333,-1.0965306104758916,1.298406019199693e-37,2.024305570398777e-36,LuminalA-up,ENSG00000077044.11,ENSG00000077044,DGKD,35.693723929815754
5.059596455718954,6.156093899183863,-1.0964974434649086,2.6911010348741185e-28,2.4439367837708064e-27,LuminalA-up,ENSG00000137098.14,ENSG00000137098,SPAG8,26.611910031987005
5.170794028184981,6.2668269969552615,-1.0960329687702801,5.964477528045858e-20,3.24297302092615e-19,LuminalA-up,ENSG00000168490.14,ENSG00000168490,PHYHIP,18.48905666431242
3.8262017463119307,4.922160542863305,-1.0959587965513746,3.5840562238035436e-11,1.0928551316464549e-10,LuminalA-up,ENSG00000197705.10,ENSG00000197705,KLHL14,9.961437404103718
5.335915428567523,6.431794290297581,-1.0958788617300579,1.6197752376120334e-11,5.072864240377031e-11,LuminalA-up,ENSG00000127903.14,ENSG00000127903,ZNF835,10.29474676008434
2.9977696126662585,4.09330102322296,-1.0955314105567013,6.618866113591686e-05,0.00012103234527717709,LuminalA-up,ENSG00000100078.4,ENSG00000100078,PLA2G3,3.9170985511861804
6.672338417976083,7.766001165666245,-1.0936627476901624,2.753118029160213e-32,3.1680232179008015e-31,LuminalA-up,ENSG00000258744.2,ENSG00000258744,AL132800.1,30.499211644200837
7.803396630125617,8.896778066515692,-1.0933814363900751,1.4297595324349926e-35,1.9681946417749876e-34,LuminalA-up,ENSG00000144061.14,ENSG00000144061,NPHP1,33.705931954853426
4.833437841769524,5.9262922278440255,-1.0928543860745012,2.597793433205471e-18,1.2815016318034936e-17,LuminalA-up,ENSG00000286989.1,ENSG00000286989,AL691432.4,16.892280836469357
2.7028686601743988,3.7956873507357294,-1.0928186905613306,1.0708656454055614e-25,8.268927996773651e-25,LuminalA-up,ENSG00000260425.1,ENSG00000260425,AL031709.1,24.082550789753736
13.743937954366661,14.836709824578708,-1.0927718702120472,3.4027657397562395e-15,1.3686190016394185e-14,LuminalA-up,ENSG00000111799.21,ENSG00000111799,COL12A1,13.863717434637925
2.175475870772208,3.267965373095214,-1.092489502323006,3.93022148587033e-12,1.2839004405649884e-11,LuminalA-up,ENSG00000127325.19,ENSG00000127325,BEST3,10.891468652115798
10.615558160007163,11.70787056203457,-1.0923124020274066,2.313692639641928e-52,9.469472195457561e-51,LuminalA-up,ENSG00000121671.12,ENSG00000121671,CRY2,50.02367422680331
1.4742580412099513,2.5662641102775243,-1.092006069067573,1.063754507296223e-15,4.4206609328749564e-15,LuminalA-up,ENSG00000286179.1,ENSG00000286179,AL139351.2,14.354512794442357
2.9672777465178584,4.0591935776643595,-1.0919158311465011,1.9664679011232288e-17,9.152458212392478e-17,LuminalA-up,ENSG00000260578.1,ENSG00000260578,AC110597.1,16.03846224531109
3.8947176157483665,4.9864431712184984,-1.091725555470132,1.315095541397267e-18,6.608187785183999e-18,LuminalA-up,ENSG00000242808.10,ENSG00000242808,SOX2-OT,17.179917624145542
1.0521496490867943,2.14382652848639,-1.0916768793995957,3.585855070908868e-25,2.677012516188536e-24,LuminalA-up,ENSG00000284605.1,ENSG00000284605,AC127526.3,23.572349598294238
12.51303815509764,13.604502049536531,-1.091463894438892,6.612844221605096e-44,1.5255508486455804e-42,LuminalA-up,ENSG00000167106.12,ENSG00000167106,FAM102A,41.81657331216569
1.7508727404326399,2.8421840000757452,-1.0913112596431054,3.660690653134885e-18,1.7845600740704093e-17,LuminalA-up,ENSG00000286826.1,ENSG00000286826,AL136129.1,16.748468827703757
4.336065575566465,5.427191194707472,-1.0911256191410068,4.016681818286553e-20,2.2057531872373075e-19,LuminalA-up,ENSG00000227388.3,ENSG00000227388,AL133410.1,18.656443084560223
8.610198601435902,9.701316845458056,-1.0911182440221534,1.6634656458656504e-40,3.09258837767147e-39,LuminalA-up,ENSG00000073584.20,ENSG00000073584,SMARCE1,38.50967788057948
4.400799103617013,5.4917663778400145,-1.0909672742230017,1.3613144879710918e-05,2.6577704954738772e-05,LuminalA-up,ENSG00000274512.5,ENSG00000274512,TBC1D3L,4.575482524090284
7.938650140635648,9.0295058960404,-1.0908557554047515,3.072675839567735e-38,4.9732541835978015e-37,LuminalA-up,ENSG00000215375.6,ENSG00000215375,MYL5,36.303359343359205
7.798564855409188,8.889293992147302,-1.0907291367381138,6.573854188689371e-13,2.262145492299227e-12,LuminalA-up,ENSG00000143196.5,ENSG00000143196,DPT,11.645479466399637
2.920654190054403,4.0112387375905545,-1.0905845475361513,7.955446500447137e-18,3.7905695336885294e-17,LuminalA-up,ENSG00000243650.3,ENSG00000243650,RN7SL834P,16.421295532312822
8.774258446974397,9.864018613507879,-1.0897601665334822,2.509081757459061e-26,2.0188291048974488e-25,LuminalA-up,ENSG00000154721.15,ENSG00000154721,JAM2,24.69490044279052
9.7540436793431,10.843458757527062,-1.0894150781839613,2.1369866959213587e-43,4.728171224243165e-42,LuminalA-up,ENSG00000135931.18,ENSG00000135931,ARMC9,41.32530680446236
1.4667803576238192,2.555937464725864,-1.089157107102045,3.1591581219295277e-19,1.6489408322497317e-18,LuminalA-up,ENSG00000263834.1,ENSG00000263834,MIR4635,17.782794927550427
8.823723350456087,9.91244188488157,-1.0887185344254835,7.410112960710033e-16,3.1122288741135234e-15,LuminalA-up,ENSG00000130176.8,ENSG00000130176,CNN1,14.50692847237979
4.4174287847047315,5.505998961761824,-1.0885701770570924,2.250602733161492e-07,5.127452159014015e-07,LuminalA-up,ENSG00000198535.5,ENSG00000198535,C2CD4A,6.290098383065525
6.375478270075456,7.463402162456509,-1.0879238923810526,1.4891473658458864e-13,5.372534679060823e-13,LuminalA-up,ENSG00000167037.19,ENSG00000167037,SGSM1,12.269820772509178
9.196692590038921,10.284540465227357,-1.0878478751884355,8.447444905684661e-16,3.536826795385334e-15,LuminalA-up,ENSG00000154310.17,ENSG00000154310,TNIK,14.451386207827383
8.283020471997029,9.370509946508351,-1.0874894745113224,4.1814433519608355e-34,5.321259725046591e-33,LuminalA-up,ENSG00000197757.8,ENSG00000197757,HOXC6,32.273985543104644
10.411117189942145,11.498520000072618,-1.0874028101304738,5.985669489354701e-39,1.0082394034330132e-37,LuminalA-up,ENSG00000217128.12,ENSG00000217128,FNIP1,36.99643633371881
8.962222830897144,10.049599721047692,-1.0873768901505478,3.1351314772844374e-27,2.671316906928682e-26,LuminalA-up,ENSG00000100784.12,ENSG00000100784,RPS6KA5,25.573274587169088
8.432704806997185,9.520054885379727,-1.087350078382542,1.9575469543305773e-42,4.0554372008134084e-41,LuminalA-up,ENSG00000175938.7,ENSG00000175938,ORAI3,40.39196231934047
10.019891113557085,11.107166091249178,-1.0872749776920934,1.3898472851652819e-42,2.9153742802716053e-41,LuminalA-up,ENSG00000163818.17,ENSG00000163818,LZTFL1,40.53530568192654
9.850761107751483,10.937806225984291,-1.0870451182328082,2.04605720134511e-42,4.230958506421227e-41,LuminalA-up,ENSG00000101751.10,ENSG00000101751,POLI,40.37356123383218
8.858110503412853,9.94500066049634,-1.086890157083488,5.023782175523845e-49,1.6114562538139646e-47,LuminalA-up,ENSG00000144504.15,ENSG00000144504,ANKMY1,46.79278147977937
6.018106738140456,7.104966575986793,-1.0868598378463368,1.928903182764053e-18,9.5944256842634e-18,LuminalA-up,ENSG00000255399.4,ENSG00000255399,TBX5-AS1,17.017981016720093
0.970209216789273,2.0569555271133804,-1.0867463103241075,1.717598180884907e-24,1.2328456321897663e-23,LuminalA-up,ENSG00000244153.1,ENSG00000244153,WWP1P1,22.909091299142457
4.947769181560024,6.034229847184269,-1.0864606656242453,4.5206965680776834e-18,2.189161354550187e-17,LuminalA-up,ENSG00000130649.10,ENSG00000130649,CYP2E1,16.65972222709894
9.184187923712125,10.270300139311162,-1.0861122155990373,1.994577987813559e-46,5.365830991292977e-45,LuminalA-up,ENSG00000125611.15,ENSG00000125611,CHCHD5,44.27036301051327
6.472714783761837,7.558263257762348,-1.085548474000511,1.442613075076665e-16,6.3484823784389935e-16,LuminalA-up,ENSG00000254285.3,ENSG00000254285,KRT8P3,15.197330081549355
3.8835469151563973,4.9690907733938054,-1.0855438582374082,1.0681279453159424e-33,1.3300018100665077e-32,LuminalA-up,ENSG00000119725.20,ENSG00000119725,ZNF410,31.87614776797926
3.5506995776374612,4.636209473286774,-1.085509895649313,4.0477092500011655e-12,1.3208646228586358e-11,LuminalA-up,ENSG00000279289.1,ENSG00000279289,AL136164.3,10.879141691513619
3.599359957198693,4.684759807093252,-1.0853998498945594,3.770752141106927e-11,1.1477988718661842e-10,LuminalA-up,ENSG00000279878.1,ENSG00000279878,AP003108.5,9.940134206442634
7.229646553217741,8.3148318715328,-1.0851853183150588,3.8746359976135464e-09,1.0121399519950597e-08,LuminalA-up,ENSG00000144619.15,ENSG00000144619,CNTN4,7.99475943198551
0.8895644351874954,1.9747373326159914,-1.085172897428496,1.0073812109923265e-24,7.335958764384703e-24,LuminalA-up,ENSG00000275812.1,ENSG00000275812,AL121829.2,23.13454311851177
0.9795210158402556,2.06440370364509,-1.0848826878048345,1.0192694256331394e-10,2.9999043943474257e-10,LuminalA-up,ENSG00000241475.1,ENSG00000241475,AL160408.4,9.522892585836662
0.06774831871766758,1.1525810773441283,-1.0848327586264608,1.4205954034460477e-23,9.606285641216768e-23,LuminalA-up,ENSG00000232767.2,ENSG00000232767,AC016825.1,22.0174445038349
2.108917728617488,3.1932286845721425,-1.0843109559546544,6.826701542069412e-11,2.0365880712901982e-10,LuminalA-up,ENSG00000169668.11,ENSG00000169668,BCRP2,9.691096804311934
0.6763119385349656,1.7599867407207244,-1.0836748021857587,2.2981036460310948e-23,1.5351222442200536e-22,LuminalA-up,ENSG00000266315.1,ENSG00000266315,MIR4668,21.81385703525107
8.555481997682003,9.639095336395496,-1.0836133387134925,1.1207581410522134e-30,1.1728945640983514e-29,LuminalA-up,ENSG00000126460.11,ENSG00000126460,PRRG2,28.93074102649346
7.478334719354365,8.561790631459536,-1.0834559121051708,7.356597255790642e-25,5.391192392087938e-24,LuminalA-up,ENSG00000151575.14,ENSG00000151575,TEX9,23.268315169501125
10.140375801043414,11.22358513892939,-1.083209337885977,9.547394635604298e-37,1.4173103108301863e-35,LuminalA-up,ENSG00000123739.11,ENSG00000123739,PLA2G12A,34.848535053403175
2.324978362997464,3.408067811905187,-1.0830894489077232,2.7829206262992938e-11,8.554195267634326e-11,LuminalA-up,ENSG00000262619.2,ENSG00000262619,LINC00621,10.067820840274186
6.790294917578997,7.873373043817297,-1.0830781262383002,4.664012957146029e-13,1.622097056687434e-12,LuminalA-up,ENSG00000240694.9,ENSG00000240694,PNMA2,11.78992316373601
9.011273731427503,10.094268677224461,-1.0829949457969583,2.520431186587767e-39,4.3593835590517e-38,LuminalA-up,ENSG00000099326.9,ENSG00000099326,MZF1,37.3605749180318
9.769404176085267,10.85237998096378,-1.0829758048785134,1.6608899208335544e-22,1.0540142019375378e-21,LuminalA-up,ENSG00000151617.17,ENSG00000151617,EDNRA,20.977153537338317
1.2282210221194376,2.3109559001935294,-1.0827348780740917,4.779324673574965e-22,2.9459904938990954e-21,LuminalA-up,ENSG00000239367.2,ENSG00000239367,RN7SL477P,20.530768658869434
0.700440639616323,1.7828189026672874,-1.0823782630509644,2.0349293499512412e-16,8.87699529026101e-16,LuminalA-up,ENSG00000265984.1,ENSG00000265984,AC022809.1,15.051734010536984
3.2786158032056743,4.360440594166702,-1.081824790961028,1.375955070529986e-06,2.938831015940177e-06,LuminalA-up,ENSG00000251664.5,ENSG00000251664,PCDHA12,5.531825385330795
0.9978191782753668,2.0793291758540215,-1.0815099975786548,4.2838049336599185e-21,2.5033671788054474e-20,LuminalA-up,ENSG00000259561.1,ENSG00000259561,AC079075.1,19.601475446023453
2.820904900352947,3.9022959694396344,-1.0813910690866875,1.0117745970619216e-16,4.487850270413605e-16,LuminalA-up,ENSG00000255495.1,ENSG00000255495,AC145124.1,15.34796164101613
10.523259383335175,11.60449986576743,-1.0812404824322552,2.3718434203627277e-26,1.9125376822361952e-25,LuminalA-up,ENSG00000081026.19,ENSG00000081026,MAGI3,24.71838999929799
4.340343195454694,5.421333289198555,-1.0809900937438606,4.974525021338787e-13,1.725792576229312e-12,LuminalA-up,ENSG00000215374.6,ENSG00000215374,FAM66B,11.76301140352948
5.194810950490286,6.275380614561767,-1.080569664071481,6.490309006692615e-29,6.119695018406089e-28,LuminalA-up,ENSG00000109927.11,ENSG00000109927,TECTA,27.213270220848507
10.88966097540084,11.970052723288878,-1.0803917478880383,2.4607629831965454e-39,4.2605772312369943e-38,LuminalA-up,ENSG00000106605.11,ENSG00000106605,BLVRA,37.37053155785541
4.970450497609539,6.050541831874032,-1.0800913342644929,1.722951853699922e-22,1.0917456736487975e-21,LuminalA-up,ENSG00000186765.12,ENSG00000186765,FSCN2,20.961878520418004
3.658847972861478,4.738896830679255,-1.080048857817777,1.8277417209108313e-23,1.2280196930232725e-22,LuminalA-up,ENSG00000225125.2,ENSG00000225125,RANP4,21.910794668616056
5.320030135457032,6.3998446850015345,-1.0798145495445022,1.9805471888170616e-33,2.4185042538851697e-32,LuminalA-up,ENSG00000179057.14,ENSG00000179057,IGSF22,31.616453144398236
5.7465678152127895,6.826324375558884,-1.0797565603460946,1.3920461706902911e-06,2.9722522225325538e-06,LuminalA-up,ENSG00000137975.8,ENSG00000137975,CLCA2,5.526914339525767
3.4930623642508873,4.5726577673987086,-1.0795954031478212,5.305297843014599e-16,2.254196776497013e-15,LuminalA-up,ENSG00000145708.11,ENSG00000145708,CRHBP,14.647008175593944
0.773327972093471,1.852417918232696,-1.079089946139225,1.9858027766872508e-23,1.331015978295474e-22,LuminalA-up,ENSG00000237705.1,ENSG00000237705,AC008937.2,21.875816730968673
0.8538194955636547,1.9325849415084757,-1.078765445944821,1.639782079383879e-21,9.804761915973532e-21,LuminalA-up,ENSG00000241111.1,ENSG00000241111,PRICKLE2-AS1,20.00856294761928
5.4859325920265025,6.5636943941767925,-1.07776180215029,4.63950050939631e-19,2.3936594901487504e-18,LuminalA-up,ENSG00000287356.1,ENSG00000287356,AL590822.3,17.620937630064684
7.719362093286755,8.797001399588973,-1.0776393063022187,1.2376544187055375e-41,2.447562012684933e-40,LuminalA-up,ENSG00000171174.15,ENSG00000171174,RBKS,39.61126629587796
11.638722091512467,12.71602029327588,-1.0772982017634138,1.1099694175369008e-19,5.93589260941878e-19,LuminalA-up,ENSG00000107562.16,ENSG00000107562,CXCL12,18.226513964797547
0.5877610365239488,1.664877092098666,-1.077116055574717,2.991012573313463e-26,2.3933812713647e-25,LuminalA-up,ENSG00000268833.1,ENSG00000268833,AC243967.2,24.620988111724998
0.6746730102378405,1.7514880102129937,-1.076814999975153,9.130944891976114e-07,1.9807744808376867e-06,LuminalA-up,ENSG00000250538.6,ENSG00000250538,AC104407.1,5.703164967824944
9.984339700385402,11.061127694266297,-1.0767879938808953,1.0328867254921645e-28,9.609315303496352e-28,LuminalA-up,ENSG00000150764.14,ENSG00000150764,DIXDC1,27.017307556192748
9.74921514650269,10.82579937173389,-1.0765842252311995,2.460736361575353e-27,2.1101018889743116e-26,LuminalA-up,ENSG00000178726.7,ENSG00000178726,THBD,25.67569657373029
10.797617267343826,11.874199031652436,-1.0765817643086102,6.852218401048593e-39,1.1495813854011454e-37,LuminalA-up,ENSG00000179163.12,ENSG00000179163,FUCA1,36.939460277131154
5.499741545836557,6.576252708310085,-1.076511162473528,2.423346834156724e-16,1.0533011654685344e-15,LuminalA-up,ENSG00000234380.2,ENSG00000234380,LINC01426,14.97744743527167
8.966311138753944,10.042714179363537,-1.076403040609593,6.359427182130169e-31,6.756513443581719e-30,LuminalA-up,ENSG00000115325.13,ENSG00000115325,DOK1,29.170277354772804
2.3611641855802032,3.4366246019855926,-1.0754604164053894,5.133189636407721e-20,2.8009851312451054e-19,LuminalA-up,ENSG00000287617.1,ENSG00000287617,AC092902.6,18.55268919657998
10.34174494445179,11.416981599829324,-1.0752366553775339,1.0851064783647503e-31,1.2051944716629036e-30,LuminalA-up,ENSG00000163517.15,ENSG00000163517,HDAC11,29.91894286914256
8.05728047133008,9.132462222488618,-1.0751817511585386,4.047828564973727e-17,1.8400218809047916e-16,LuminalA-up,ENSG00000106034.18,ENSG00000106034,CPED1,15.735177012479753
7.862216955600326,8.937387410604769,-1.075170455004443,2.2149636090628365e-12,7.355417096868068e-12,LuminalA-up,ENSG00000162552.15,ENSG00000162552,WNT4,11.13339269510067
10.532408674789048,11.607239665469926,-1.0748309906808782,2.848360530310043e-15,1.1514356605884304e-14,LuminalA-up,ENSG00000076716.9,ENSG00000076716,GPC4,13.938760324336373
7.863532151308196,8.93829272831392,-1.0747605770057236,1.7283952209837312e-15,7.086948967262956e-15,LuminalA-up,ENSG00000008277.14,ENSG00000008277,ADAM22,14.14954069455835
9.204587222933096,10.279341999434347,-1.0747547765012513,5.732228948388514e-29,5.420149911141975e-28,LuminalA-up,ENSG00000138780.15,ENSG00000138780,GSTCD,27.265988701527778
5.822630733211073,6.896564252118953,-1.0739335189078796,2.9284490434431124e-30,2.9846738956518933e-29,LuminalA-up,ENSG00000174586.11,ENSG00000174586,ZNF497,28.52510311279444
4.289865752044868,5.363768998502709,-1.0739032464578413,1.3765694513575927e-25,1.0544471665792163e-24,LuminalA-up,ENSG00000271327.1,ENSG00000271327,AC010201.2,23.976975175846672
12.113368192553246,13.187098795439068,-1.0737306028858224,6.337998283910847e-43,1.354908816815635e-41,LuminalA-up,ENSG00000100596.7,ENSG00000100596,SPTLC2,40.86808993112633
8.606392812297845,9.67999762833057,-1.0736048160327254,5.006194531104959e-17,2.259731223843768e-16,LuminalA-up,ENSG00000160161.9,ENSG00000160161,CILP2,15.645943213482314
5.482040692143335,6.5555925317765436,-1.0735518396332084,2.9250751498966996e-16,1.2657954947655225e-15,LuminalA-up,ENSG00000236060.2,ENSG00000236060,HSPB1P1,14.89763645440484
9.213140029476198,10.286670175702813,-1.0735301462266147,5.646268296150551e-46,1.4728631384199726e-44,LuminalA-up,ENSG00000114395.11,ENSG00000114395,CYB561D2,43.83183760685083
1.068839602244737,2.142353680527301,-1.073514078282564,1.7446780892175208e-19,9.246104276770165e-19,LuminalA-up,ENSG00000276754.1,ENSG00000276754,AC006111.3,18.03404121293444
6.809524313593887,7.882709960438916,-1.0731856468450287,8.984360295222108e-29,8.38173551616602e-28,LuminalA-up,ENSG00000225361.4,ENSG00000225361,PPP1R26-AS1,27.07666604735351
7.9891481041618055,9.062071579781021,-1.0729234756192154,1.5241649074621554e-33,1.878999915341355e-32,LuminalA-up,ENSG00000161955.16,ENSG00000161955,TNFSF13,31.726073239466682
10.33364385734662,11.405882369329898,-1.0722385119832776,1.3036696634288737e-31,1.4426875905624247e-30,LuminalA-up,ENSG00000137486.17,ENSG00000137486,ARRB1,29.840827703822693
3.9468327427721115,5.01907018482861,-1.0722374420564988,1.3632529773871399e-30,1.4191378820502153e-29,LuminalA-up,ENSG00000245975.2,ENSG00000245975,AC090515.2,28.847975406864965
4.001786309395382,5.073717679114848,-1.071931369719466,9.60243898004698e-26,7.440447402015135e-25,LuminalA-up,ENSG00000262766.1,ENSG00000262766,AC135050.5,24.128400949079875
6.148497014582801,7.220394488875814,-1.0718974742930136,5.641716925995768e-18,2.716712417172506e-17,LuminalA-up,ENSG00000141576.16,ENSG00000141576,RNF157,16.56595633222818
9.918908836878803,10.990656999388515,-1.0717481625097118,2.7694106296942826e-17,1.2732223879763044e-16,LuminalA-up,ENSG00000078098.14,ENSG00000078098,FAP,15.895095733474623
4.166980277133343,5.238045138990249,-1.0710648618569065,1.622986506516449e-23,1.0937375894336826e-22,LuminalA-up,ENSG00000285632.1,ENSG00000285632,AC084024.4,21.961086861851733
3.1266788712605833,4.197732772619486,-1.0710539013589027,2.0280114892251068e-15,8.27095086005908e-15,LuminalA-up,ENSG00000275549.1,ENSG00000275549,STPG3-AS1,14.082444559427083
1.6925818244411202,2.7634247886693006,-1.0708429642281805,2.1917994468562873e-22,1.3794426860424852e-21,LuminalA-up,ENSG00000275024.1,ENSG00000275024,AC005383.1,20.860296339151866
1.5268157689282083,2.597403255112545,-1.070587486184337,9.551983548840515e-23,6.1502590963721485e-22,LuminalA-up,ENSG00000249593.6,ENSG00000249593,AC011405.1,21.21110658800434
11.436778764786757,12.507205452896162,-1.0704266881094053,2.9346388687081536e-32,3.368804619147168e-31,LuminalA-up,ENSG00000172493.22,ENSG00000172493,AFF1,30.47252417610312
5.957001174850687,7.02742634892789,-1.0704251740772035,4.360870363740655e-34,5.541181751045745e-33,LuminalA-up,ENSG00000270344.3,ENSG00000270344,POC1B-AS1,32.25639760472519
5.243277370637436,6.313600940022752,-1.070323569385316,6.33805740650721e-13,2.1827975368963493e-12,LuminalA-up,ENSG00000180139.11,ENSG00000180139,ACTA2-AS1,11.660986544953454
0.9301919191448743,2.0004403770543093,-1.0702484579094351,1.4081868797133026e-07,3.2580359061285133e-07,LuminalA-up,ENSG00000120903.13,ENSG00000120903,CHRNA2,6.487044133732988
5.904106054786544,6.973786994781953,-1.0696809399954095,3.506631730544867e-15,1.4092110731071087e-14,LuminalA-up,ENSG00000182389.20,ENSG00000182389,CACNB4,13.851023952937275
3.565277918774539,4.634958260363639,-1.0696803415891,1.1464607254958536e-19,6.125177481450592e-19,LuminalA-up,ENSG00000229848.1,ENSG00000229848,AC139149.1,18.21288132278418
8.205745531979634,9.274917155721388,-1.0691716237417541,1.474110717781647e-17,6.906931962544144e-17,LuminalA-up,ENSG00000097096.9,ENSG00000097096,SYDE2,16.16071482203601
11.310438684638651,12.379411731119523,-1.0689730464808722,3.3830755595271524e-35,4.578146659481233e-34,LuminalA-up,ENSG00000104133.15,ENSG00000104133,SPG11,33.33931029895217
3.043980282832553,4.112758172830049,-1.0687778899974965,2.9994760981561245e-22,1.871601615975303e-21,LuminalA-up,ENSG00000285416.1,ENSG00000285416,AC137630.5,20.727786588501843
4.580786909731798,5.649521932452075,-1.0687350227202765,4.6176411816330804e-26,3.646250468983294e-25,LuminalA-up,ENSG00000273888.1,ENSG00000273888,FRMD6-AS1,24.438153502010945
1.7737579108425032,2.842327608719503,-1.0685696978769996,1.7271855583012955e-20,9.715599918486227e-20,LuminalA-up,ENSG00000248576.1,ENSG00000248576,AC023794.1,19.012530377437432
1.5959819326541274,2.664394035273974,-1.0684121026198468,1.582137608525066e-13,5.697093080389468e-13,LuminalA-up,ENSG00000239265.5,ENSG00000239265,CLRN1-AS1,12.244346684884327
7.544358854029643,8.612448466949365,-1.0680896129197217,8.797286142013412e-49,2.7740830807176815e-47,LuminalA-up,ENSG00000163093.12,ENSG00000163093,BBS5,46.55688053642894
10.436312165880468,11.504394851972904,-1.0680826860924366,1.0143115000133289e-42,2.1423895072745295e-41,LuminalA-up,ENSG00000213463.5,ENSG00000213463,SYNJ2BP,40.66910156735967
1.4616758629524298,2.529595146472184,-1.0679192835197544,1.2607149822178822e-18,6.349987408556486e-18,LuminalA-up,ENSG00000277587.1,ENSG00000277587,AC008759.3,17.197227135873355
2.665281998804113,3.732871085178915,-1.0675890863748019,1.1768133652136018e-23,7.999753397274372e-23,LuminalA-up,ENSG00000205790.1,ENSG00000205790,DPP9-AS1,22.096923400489764
7.242873927748499,8.310263214364722,-1.0673892866162236,2.0780285549337733e-29,2.0137472437519536e-28,LuminalA-up,ENSG00000228672.4,ENSG00000228672,PROB1,27.69599504099812
3.4081801506007836,4.4753164676046815,-1.0671363170038979,1.1652346775581428e-26,9.601442082534156e-26,LuminalA-up,ENSG00000255585.3,ENSG00000255585,AL590627.1,25.01766353347583
9.761842095314613,10.828830373476142,-1.0669882781615296,9.946111529222594e-28,8.745898700407695e-27,LuminalA-up,ENSG00000133121.21,ENSG00000133121,STARD13,26.05819555718882
4.696434067483196,5.762991015113397,-1.0665569476302013,1.278975323869921e-19,6.820116585446986e-19,LuminalA-up,ENSG00000279716.1,ENSG00000279716,AC006128.1,18.166208201299014
0.9725919572557663,2.038965326983192,-1.066373369727426,8.960743741203759e-13,3.0562080810454823e-12,LuminalA-up,ENSG00000284825.1,ENSG00000284825,AL121935.1,11.514817080275204
0.6847278126592932,1.7510134814501674,-1.0662856687908744,7.094005095893684e-26,5.536462184269064e-25,LuminalA-up,ENSG00000287644.1,ENSG00000287644,AC080112.4,24.256767662102742
5.101137645741551,6.167384473724648,-1.0662468279830968,6.424208451443887e-26,5.03129596477568e-25,LuminalA-up,ENSG00000251034.2,ENSG00000251034,AC087854.1,24.298320134654315
10.324266980273917,11.390251270601858,-1.0659842903279415,2.8977030226697057e-19,1.5160138180098103e-18,LuminalA-up,ENSG00000007237.19,ENSG00000007237,GAS7,17.819296840222393
6.905654754825368,7.97151961589894,-1.065864861073572,6.221875255059438e-16,2.629978039717432e-15,LuminalA-up,ENSG00000176428.6,ENSG00000176428,VPS37D,14.5800478778484
10.063302325788609,11.128928357811839,-1.0656260320232303,2.977962775810101e-20,1.6491212992756417e-19,LuminalA-up,ENSG00000171444.18,ENSG00000171444,MCC,18.782747399134966
0.901859708671694,1.9671296769618973,-1.0652699682902034,6.444846281243941e-24,4.4432588923755014e-23,LuminalA-up,ENSG00000254806.5,ENSG00000254806,SYS1-DBNDD2,22.352298381277603
6.424052717282869,7.489226375107372,-1.065173657824503,2.0939822051288195e-38,3.4306101425179876e-37,LuminalA-up,ENSG00000109771.15,ENSG00000109771,LRP2BP,36.46462863273754
5.448818369489269,6.513850854525617,-1.0650324850363484,1.82977718858692e-22,1.1574661513763645e-21,LuminalA-up,ENSG00000234432.4,ENSG00000234432,AC092171.3,20.936491700513386
0.19356247608233498,1.258235545857035,-1.0646730697747,1.8355632607130487e-19,9.713937559062425e-19,LuminalA-up,ENSG00000229231.1,ENSG00000229231,FEM1AP1,18.012604692487628
12.758872436831718,13.82327797655972,-1.0644055397280017,1.2271060503613751e-25,9.444912699911203e-25,LuminalA-up,ENSG00000150593.18,ENSG00000150593,PDCD4,24.024802051942473
3.247325772119353,4.311566322737025,-1.0642405506176718,9.590970668942473e-23,6.172990338382329e-22,LuminalA-up,ENSG00000229536.3,ENSG00000229536,LINC02572,21.20950440276568
8.128469891035229,9.192343317329664,-1.0638734262944354,2.3523390067317587e-07,5.351595188383912e-07,LuminalA-up,ENSG00000186493.13,ENSG00000186493,C5orf38,6.271516745408437
12.293096849380168,13.356743062606698,-1.06364621322653,1.2308007893567139e-23,8.353197501364051e-23,LuminalA-up,ENSG00000119681.12,ENSG00000119681,LTBP2,22.078147250099164
3.0872941149572903,4.150550464967424,-1.0632563500101333,2.909070511903731e-26,2.33115093375599e-25,LuminalA-up,ENSG00000261141.1,ENSG00000261141,AC092718.5,24.632429606541518
5.174064913992987,6.236630992187805,-1.062566078194818,4.628325251770388e-29,4.407427910208619e-28,LuminalA-up,ENSG00000140543.15,ENSG00000140543,DET1,27.35581478247836
5.316558624381486,6.3789734598221965,-1.0624148354407108,2.565656089179157e-13,9.099113511151601e-13,LuminalA-up,ENSG00000103449.12,ENSG00000103449,SALL1,12.041000917126034
2.613113075361259,3.6751998610237653,-1.0620867856625065,8.169391874057537e-17,3.639527055002773e-16,LuminalA-up,ENSG00000265205.1,ENSG00000265205,AC010761.3,15.438955047874936
1.0326332714147204,2.09468084276064,-1.0620475713459194,1.6413840844075394e-18,8.189817581027199e-18,LuminalA-up,ENSG00000267078.1,ENSG00000267078,AC015802.1,17.08672577155284
11.532045233686993,12.59320747991753,-1.061162246230536,1.9299134180701634e-34,2.506419905994261e-33,LuminalA-up,ENSG00000156453.14,ENSG00000156453,PCDH1,32.6009461689446
6.962609603728296,8.02376274085248,-1.0611531371241831,7.667021024548918e-27,6.370811718960826e-26,LuminalA-up,ENSG00000187624.9,ENSG00000187624,C17orf97,25.19580522973583
7.647957364091528,8.709066106523608,-1.0611087424320793,6.139086130132966e-25,4.516728864838828e-24,LuminalA-up,ENSG00000187800.13,ENSG00000187800,PEAR1,23.34517597896231
6.19389772003468,7.254877993000905,-1.0609802729662254,1.9346893236743054e-06,4.069451940861114e-06,LuminalA-up,ENSG00000164530.15,ENSG00000164530,PI16,5.3904640760541
9.557958377351143,10.618937536660669,-1.0609791593095252,8.865275468570729e-49,2.7928950536324323e-47,LuminalA-up,ENSG00000248008.3,ENSG00000248008,NRAV,46.55394538312629
2.8141841002366683,3.875022473947843,-1.0608383737111748,3.526507996349776e-20,1.9419837035919908e-19,LuminalA-up,ENSG00000214121.4,ENSG00000214121,PRDX1P1,18.71175441885117
2.1480042030776594,3.2088007154354448,-1.0607965123577854,5.7670754419960926e-21,3.3393050408655903e-20,LuminalA-up,ENSG00000271858.5,ENSG00000271858,Z84492.1,19.47634390693734
2.5487138059222016,3.6087688777141476,-1.060055071791946,3.01450137605794e-20,1.6685285027322019e-19,LuminalA-up,ENSG00000237451.3,ENSG00000237451,CDK2AP2P2,18.777666370085853
1.4331999707777594,2.492019848251719,-1.0588198774739597,3.3263693486524713e-19,1.7321718279762443e-18,LuminalA-up,ENSG00000279853.1,ENSG00000279853,AC004453.2,17.761409029038923
8.402305485943483,9.460816989255955,-1.058511503312472,1.67556288823654e-34,2.182855344488489e-33,LuminalA-up,ENSG00000253982.2,ENSG00000253982,AC100810.1,32.66097504357258
0.3191028150791703,1.3772852881226905,-1.05818247304352,1.9657401520178916e-13,7.035943395156403e-13,LuminalA-up,ENSG00000182348.7,ENSG00000182348,ZNF804B,12.152677663141539
12.715943345106702,13.773488596599215,-1.0575452514925132,1.3492384013534081e-37,2.1016018221824463e-36,LuminalA-up,ENSG00000074696.13,ENSG00000074696,HACD3,35.67744956366915
0.13594585145317625,1.1927885747117943,-1.0568427232586182,6.032002512375842e-26,4.728548274434944e-25,LuminalA-up,ENSG00000207611.1,ENSG00000207611,MIR149,24.325272172829724
5.145240119259871,6.202046329626245,-1.056806210366374,1.3174853221600672e-19,7.018771137763104e-19,LuminalA-up,ENSG00000279561.2,ENSG00000279561,AL845472.1,18.15373891846926
10.516885199367877,11.572990924213606,-1.0561057248457288,5.041826116574133e-16,2.1474207297022227e-15,LuminalA-up,ENSG00000177685.17,ENSG00000177685,CRACR2B,14.668082858830044
1.8443436123214718,2.899827805334018,-1.055484193012546,1.7313329280564573e-17,8.086147380305482e-17,LuminalA-up,ENSG00000256377.6,ENSG00000256377,AC009509.1,16.092258347361717
4.155692950183566,5.2103626065520565,-1.0546696563684907,8.997324522956714e-20,4.837829932780062e-19,LuminalA-up,ENSG00000241769.7,ENSG00000241769,LINC00893,18.315349402727627
1.229138006919846,2.28379491106083,-1.0546569041409841,3.049790839419452e-17,1.3980988640227031e-16,LuminalA-up,ENSG00000185031.6,ENSG00000185031,SLC2A3P2,15.854462117158715
4.211331101777664,5.265306277318284,-1.0539751755406197,3.464317517197691e-09,9.094918795149327e-09,LuminalA-up,ENSG00000163075.13,ENSG00000163075,CFAP221,8.041201174222927
2.797643474600246,3.8513537478317588,-1.0537102732315127,3.7344688764456797e-19,1.93806156894967e-18,LuminalA-up,ENSG00000225264.3,ENSG00000225264,ZNRF2P2,17.71263243026236
1.2960430897792372,2.349575923932504,-1.0535328341532668,2.170924874859028e-15,8.833382107947878e-15,LuminalA-up,ENSG00000283288.1,ENSG00000283288,SMIM33,14.053872982765405
3.0031454896148353,4.056504557489572,-1.0533590678747369,2.456375333804766e-12,8.131315543070883e-12,LuminalA-up,ENSG00000232545.1,ENSG00000232545,AC253536.3,11.089839185417409
8.695270112591155,9.748456804403876,-1.053186691812721,6.247263389358557e-11,1.868882363331538e-10,LuminalA-up,ENSG00000163898.10,ENSG00000163898,LIPH,9.728418034396366
3.5144533149421653,4.567014181722042,-1.052560866779877,3.854024686876508e-22,2.391464411405045e-21,LuminalA-up,ENSG00000266258.1,ENSG00000266258,LINC01909,20.621336077700406
7.123758133844626,8.176217830580025,-1.0524596967353999,2.6006040488197086e-25,1.9602484307721303e-24,LuminalA-up,ENSG00000262454.4,ENSG00000262454,MIR193BHG,23.707688885135173
3.6325261850492176,4.684975855667142,-1.0524496706179245,2.465751454870216e-20,1.3736411628261531e-19,LuminalA-up,ENSG00000278987.1,ENSG00000278987,AL031009.1,18.86212670349041
10.135384053613489,11.187667433652907,-1.0522833800394178,9.038450557357901e-29,8.427506611478077e-28,LuminalA-up,ENSG00000155906.19,ENSG00000155906,RMND1,27.074300898097725
2.1079750297680477,3.160232583778939,-1.0522575540108914,1.3452883251660547e-17,6.314810903174087e-17,LuminalA-up,ENSG00000118094.12,ENSG00000118094,TREH,16.199639649849367
0.25222755039533085,1.3044115124114617,-1.0521839620161308,3.184501791992583e-26,2.5397216290171636e-25,LuminalA-up,ENSG00000251526.1,ENSG00000251526,LINC02435,24.595213882437932
0.13481927205000432,1.1868992862495193,-1.052080014199515,3.9730452862418187e-29,3.7920409451829662e-28,LuminalA-up,ENSG00000196800.6,ENSG00000196800,SPINK14,27.42112698194288
3.003171060190251,4.05487960998102,-1.051708549790769,2.7121927374928163e-14,1.0261027151327223e-13,LuminalA-up,ENSG00000236283.5,ENSG00000236283,AC019197.1,12.988809163217804
10.893966280975313,11.945619223041854,-1.051652942066541,8.016449536624177e-32,8.951078896323864e-31,LuminalA-up,ENSG00000174233.11,ENSG00000174233,ADCY6,30.04812461490972
5.989914380432478,7.041259060764206,-1.0513446803317281,2.9483071677065637e-38,4.776571109788498e-37,LuminalA-up,ENSG00000266904.6,ENSG00000266904,LINC00663,36.320883752439556
9.986473382594227,11.03778515782799,-1.0513117752337635,1.0489065262712393e-28,9.752939462028278e-28,LuminalA-up,ENSG00000173269.14,ENSG00000173269,MMRN2,27.01086447150744
4.849997888008924,5.901039408542572,-1.0510415205336479,1.0186568607561926e-37,1.597818342187533e-36,LuminalA-up,ENSG00000206559.8,ENSG00000206559,ZCWPW2,35.79647259765663
2.2236492282865634,3.2744510495816743,-1.050801821295111,9.086368216222508e-20,4.884141478636601e-19,LuminalA-up,ENSG00000228022.6,ENSG00000228022,HCG20,18.31121176436244
5.9607385982052765,7.011407596062573,-1.0506689978572963,5.180308606976492e-31,5.5265418365961815e-30,LuminalA-up,ENSG00000176723.10,ENSG00000176723,ZNF843,29.257546537966757
2.0935263995109277,3.144084963454536,-1.0505585639436084,2.559585188780923e-30,2.614973956962406e-29,LuminalA-up,ENSG00000279469.1,ENSG00000279469,AC109454.4,28.58253263199894
5.260637966792867,6.311190712301621,-1.050552745508754,8.658302964596698e-26,6.72754555802692e-25,LuminalA-up,ENSG00000188603.22,ENSG00000188603,CLN3,24.172143352570867
6.734048991571596,7.784375760834221,-1.0503267692626252,1.9817485945094096e-19,1.0456195952771196e-18,LuminalA-up,ENSG00000164850.15,ENSG00000164850,GPER1,17.980626286520682
3.878911170090444,4.928719354490418,-1.0498081843999745,3.601491204681166e-22,2.239739984803575e-21,LuminalA-up,ENSG00000279794.1,ENSG00000279794,AC024580.1,20.649802396719178
5.774033871983387,6.823755316201165,-1.049721444217778,1.2545766755176602e-10,3.6734285607400396e-10,LuminalA-up,ENSG00000203867.8,ENSG00000203867,RBM20,9.434928401709922
1.0378445952326034,2.0869843275793873,-1.049139732346784,2.4461243041303085e-21,1.4466140909394485e-20,LuminalA-up,ENSG00000254370.1,ENSG00000254370,AC025871.2,19.839647308914387
11.60354755457083,12.65251723359977,-1.0489696790289393,1.8368794682127508e-33,2.247160575711365e-32,LuminalA-up,ENSG00000006756.16,ENSG00000006756,ARSD,31.648365893022035
3.5724013300547344,4.621345423002937,-1.048944092948203,2.789700457605604e-13,9.86504476621372e-13,LuminalA-up,ENSG00000151655.19,ENSG00000151655,ITIH2,12.005900939638806
2.591117795213106,3.6396735458972453,-1.0485557506841392,1.9610835559088533e-05,3.769238577641328e-05,LuminalA-up,ENSG00000258837.1,ENSG00000258837,AL133370.1,4.423746372586499
1.3071813460485204,2.355503474393138,-1.0483221283446174,1.1833641899751981e-21,7.122709220321178e-21,LuminalA-up,ENSG00000250286.2,ENSG00000250286,AC021491.2,20.147354785065463
8.975626609991313,10.023309776602803,-1.04768316661149,1.5102756998540234e-35,2.0764742189953594e-34,LuminalA-up,ENSG00000109618.12,ENSG00000109618,SEPSECS,33.6826734566165
10.326699380822316,11.374296945657912,-1.0475975648355966,1.3559837666959635e-48,4.2281465915952276e-47,LuminalA-up,ENSG00000165943.5,ENSG00000165943,MOAP1,46.37384996393385
4.847742244778398,5.895152437289054,-1.0474101925106565,1.492109093753181e-25,1.1406720184051014e-24,LuminalA-up,ENSG00000276564.1,ENSG00000276564,AC130650.2,23.942839211912286
10.038706243863604,11.086085305610991,-1.047379061747387,4.781548266563975e-22,2.946819229549999e-21,LuminalA-up,ENSG00000133424.22,ENSG00000133424,LARGE1,20.53064650480731
0.2586364651321643,1.3058527528172998,-1.0472162876851354,2.808427434686993e-24,1.9826977171589724e-23,LuminalA-up,ENSG00000274238.1,ENSG00000274238,AC097478.1,22.702743493448153
7.219871913680687,8.267041617487601,-1.0471697038069143,1.4564715158692854e-17,6.829056541046083e-17,LuminalA-up,ENSG00000149090.12,ENSG00000149090,PAMR1,16.165639291533658
10.233687196605317,11.28033334279618,-1.046646146190863,5.821239746860086e-19,2.9881769726607974e-18,LuminalA-up,ENSG00000183160.9,ENSG00000183160,TMEM119,17.524593685312446
1.836921180715437,2.883375920014096,-1.046454739298659,5.091848861744142e-16,2.1676247630894545e-15,LuminalA-up,ENSG00000130173.13,ENSG00000130173,ANGPTL8,14.664015896222262
6.694648092302612,7.741090664976969,-1.0464425726743576,9.207985924508942e-12,2.937022439713957e-11,LuminalA-up,ENSG00000177181.15,ENSG00000177181,RIMKLA,10.532092735327142
1.340736319429798,2.387173739443081,-1.046437420013283,1.138681744096534e-24,8.263392955643173e-24,LuminalA-up,ENSG00000239899.3,ENSG00000239899,RN7SL674P,23.08284159440443
8.089027274934994,9.134969746916255,-1.0459424719812613,8.263367424298083e-12,2.6440251628720096e-11,LuminalA-up,ENSG00000170837.3,ENSG00000170837,GPR27,10.577734416037963
3.1437706871146993,4.189613823090558,-1.0458431359758587,2.4247292884215236e-06,5.053592348933002e-06,LuminalA-up,ENSG00000226383.7,ENSG00000226383,LINC01876,5.296399793628864
0.7958040510185096,1.841395669294431,-1.0455916182759215,3.1933846181640717e-13,1.124984260650128e-12,LuminalA-up,ENSG00000228358.6,ENSG00000228358,LINC02263,11.948853553606499
2.2084229575169414,3.253726638072709,-1.0453036805557674,1.516020544224993e-07,3.497866784307665e-07,LuminalA-up,ENSG00000174343.6,ENSG00000174343,CHRNA9,6.456196734577687
3.9813176533034604,5.026536819081734,-1.0452191657782737,1.8253986556060601e-28,1.673157312986468e-27,LuminalA-up,ENSG00000270681.1,ENSG00000270681,AC095055.1,26.776463224040555
4.09238829148528,5.1375164603352195,-1.0451281688499394,7.336639805221049e-23,4.750321929129025e-22,LuminalA-up,ENSG00000232284.7,ENSG00000232284,GNG12-AS1,21.323276957257942
9.760993476341378,10.805793561587691,-1.0448000852463135,8.908171018753797e-32,9.926924619302768e-31,LuminalA-up,ENSG00000174373.16,ENSG00000174373,RALGAPA1,30.00318527594915
7.631359020356906,8.676125051255445,-1.044766030898539,6.77480786912401e-13,2.3293831138889813e-12,LuminalA-up,ENSG00000138356.14,ENSG00000138356,AOX1,11.63275907713103
11.265800645892817,12.310492131945406,-1.0446914860525887,1.1710666084957864e-07,2.7256042714052744e-07,LuminalA-up,ENSG00000049540.18,ENSG00000049540,ELN,6.564537198839105
5.72004722848141,6.764541364225725,-1.0444941357443147,3.195889720962612e-19,1.6673342170687433e-18,LuminalA-up,ENSG00000111837.12,ENSG00000111837,MAK,17.77797733713647
9.417303263095047,10.461728744827267,-1.0444254817322207,1.157317580668324e-34,1.5230971850805742e-33,LuminalA-up,ENSG00000197296.6,ENSG00000197296,FITM2,32.81727238451844
8.686300911094866,9.730636996768482,-1.0443360856736152,2.1326029188066065e-23,1.4279834166679474e-22,LuminalA-up,ENSG00000149150.9,ENSG00000149150,SLC43A1,21.845276836041233
3.868791091784541,4.913079014028116,-1.044287922243575,1.4088279128113027e-13,5.090429194506292e-13,LuminalA-up,ENSG00000244586.1,ENSG00000244586,WNT5A-AS1,12.29324559900949
2.1772588714673167,3.220586541988319,-1.0433276705210024,1.3043711215618783e-23,8.836402585843605e-23,LuminalA-up,ENSG00000249494.6,ENSG00000249494,AC008629.1,22.053724505925608
9.288755454736236,10.331968752531193,-1.0432132977949564,1.2904416066330347e-45,3.29190278952354e-44,LuminalA-up,ENSG00000132570.15,ENSG00000132570,PCBD2,43.482552998063916
13.249368270171454,14.292335198471248,-1.0429669282997942,8.173870975380053e-23,5.27915520413756e-22,LuminalA-up,ENSG00000111371.16,ENSG00000111371,SLC38A1,21.277435569802474
9.603684466440603,10.646533356380592,-1.0428488899399895,5.075159103871343e-34,6.422020881908924e-33,LuminalA-up,ENSG00000185305.11,ENSG00000185305,ARL15,32.19232828661083
1.6480490896024005,2.690887075152367,-1.0428379855499665,5.738574885147597e-18,2.761766405601543e-17,LuminalA-up,ENSG00000226252.1,ENSG00000226252,AL135960.1,16.558813057491086
5.369548308641284,6.4121342348752455,-1.0425859262339614,1.8622718290507162e-35,2.547891906521633e-34,LuminalA-up,ENSG00000284693.1,ENSG00000284693,LINC02606,33.5938190007468
9.543819045147247,10.586396863061939,-1.042577817914692,1.9150173855311338e-21,1.1405718330313363e-20,LuminalA-up,ENSG00000266714.9,ENSG00000266714,MYO15B,19.94287735772909
12.485366681165537,13.527930201907111,-1.0425635207415738,3.6487847292255727e-25,2.720962494408036e-24,LuminalA-up,ENSG00000113721.14,ENSG00000113721,PDGFRB,23.565277444469373
11.826983068027214,12.869077175339095,-1.0420941073118808,1.0179081491876342e-40,1.9125718139444787e-39,LuminalA-up,ENSG00000131669.10,ENSG00000131669,NINJ1,38.71838224882048
2.593024268229448,3.6350311011450085,-1.0420068329155603,7.885392647554074e-22,4.7927173444426575e-21,LuminalA-up,ENSG00000163116.10,ENSG00000163116,STPG2,20.31941818322782
4.905995433793342,5.947971884714655,-1.0419764509213136,9.199526749971996e-36,1.2795358367595905e-34,LuminalA-up,ENSG00000131097.7,ENSG00000131097,HIGD1B,33.89294754604957
3.5224453611713695,4.564135589781747,-1.0416902286103777,9.001315883406839e-27,7.448138938824913e-26,LuminalA-up,ENSG00000244945.1,ENSG00000244945,RUFY1-AS1,25.127952230549514
12.744989878569664,13.78637944901672,-1.0413895704470573,3.0211426049903335e-43,6.571622330906942e-42,LuminalA-up,ENSG00000130202.10,ENSG00000130202,NECTIN2,41.182327403288724
4.163262018015814,5.204642156620783,-1.0413801386049686,3.01254343343482e-17,1.3817796372295455e-16,LuminalA-up,ENSG00000237614.3,ENSG00000237614,AC073257.2,15.85956121164055
11.696899934248634,12.737992969099935,-1.0410930348513006,1.284986308392796e-18,6.4644666152373595e-18,LuminalA-up,ENSG00000140937.14,ENSG00000140937,CDH11,17.189467303052027
4.780558576520218,5.821571388962524,-1.0410128124423057,2.2453999964519836e-23,1.5014124851599937e-22,LuminalA-up,ENSG00000249846.7,ENSG00000249846,LINC02021,21.82349997703128
7.560802885798721,8.60156338595966,-1.0407605001609381,2.4597929271903277e-27,2.1098326233218984e-26,LuminalA-up,ENSG00000127081.14,ENSG00000127081,ZNF484,25.67575199666959
5.710224893150879,6.7506644830344875,-1.0404395898836087,2.8124440856261356e-34,3.61615365363207e-33,LuminalA-up,ENSG00000140043.11,ENSG00000140043,PTGR2,32.44175312424015
10.063869164194402,11.104305451686047,-1.0404362874916444,9.09817346567399e-35,1.2039904246718997e-33,LuminalA-up,ENSG00000166575.17,ENSG00000166575,TMEM135,32.91937696700568
5.0637346895010795,6.104130482581269,-1.0403957930801893,3.58047555680309e-11,1.0918626334064736e-10,LuminalA-up,ENSG00000121101.16,ENSG00000121101,TEX14,9.961831996527023
2.9761117561762838,4.016327650770615,-1.040215894594331,9.33685964445317e-15,3.648112079287449e-14,LuminalA-up,ENSG00000264067.1,ENSG00000264067,AC005291.1,13.437931827506903
9.393790732800808,10.43288683068941,-1.0390960978886028,3.560382504221923e-27,3.0267314618696134e-26,LuminalA-up,ENSG00000100154.14,ENSG00000100154,TTC28,25.519026108875487
3.2293990309356917,4.268424871276212,-1.03902584034052,1.5465738535790366e-12,5.193463792022571e-12,LuminalA-up,ENSG00000255650.6,ENSG00000255650,FAM222A-AS1,11.284542891862468
0.29167308314954815,1.3306481745007235,-1.0389750913511753,4.192232740346601e-28,3.758321515282644e-27,LuminalA-up,ENSG00000238225.1,ENSG00000238225,CRIP1P2,26.42500606980752
6.342780298163494,7.381736218283516,-1.0389559201200216,4.448231036262437e-20,2.4359533464387664e-19,LuminalA-up,ENSG00000102003.11,ENSG00000102003,SYP,18.613331033600012
2.4602739112202445,3.4992081049839774,-1.0389341937637329,9.156101700890807e-10,2.510737311958932e-09,LuminalA-up,ENSG00000259424.1,ENSG00000259424,IRAIN,8.600198723342258
1.1779077341007296,2.21661436802345,-1.0387066339227202,6.06809245203538e-19,3.110604970060039e-18,LuminalA-up,ENSG00000276863.1,ENSG00000276863,AC124319.2,17.507155138430416
7.756132517100193,8.794682264039348,-1.0385497469391556,2.8211486897460757e-12,9.310318409007428e-12,LuminalA-up,ENSG00000072133.11,ENSG00000072133,RPS6KA6,11.031035466074481
0.2480506760230143,1.2864982748894596,-1.0384475988664452,1.553924812099217e-23,1.048039430615005e-22,LuminalA-up,ENSG00000286749.1,ENSG00000286749,AC008571.2,21.979622377489342
9.006763953509576,10.045191922620047,-1.0384279691104705,7.732378039075515e-33,9.18134296386154e-32,LuminalA-up,ENSG00000184898.7,ENSG00000184898,RBM43,31.037093789481034
3.176651950707202,4.214807675510027,-1.038155724802825,7.493363298493601e-28,6.629124776075627e-27,LuminalA-up,ENSG00000258824.2,ENSG00000258824,AL122035.1,26.17854380643863
0.528001721909733,1.5660023688710487,-1.0380006469613157,1.4085736273522336e-26,1.1532825595712474e-25,LuminalA-up,ENSG00000250101.1,ENSG00000250101,AC106795.3,24.938064275507887
8.115062478670644,9.15288794613526,-1.0378254674646161,2.317849213155976e-24,1.646065797139583e-23,LuminalA-up,ENSG00000173258.13,ENSG00000173258,ZNF483,22.7835528090001
9.107607167555244,10.145336552425327,-1.037729384870083,2.1450794816420134e-31,2.3405945385625095e-30,LuminalA-up,ENSG00000074621.14,ENSG00000074621,SLC24A1,29.630673812666494
2.26592208851352,3.3032556726010522,-1.0373335840875324,2.2865194287794106e-17,1.0577440139757914e-16,LuminalA-up,ENSG00000215156.5,ENSG00000215156,AC138409.1,15.975619423765174
0.8607465682987732,1.8980339691040442,-1.037287400805271,8.160474907157872e-20,4.397435241062322e-19,LuminalA-up,ENSG00000285952.1,ENSG00000285952,AC020663.4,18.356800547471725
5.920396867445346,6.957540998003621,-1.037144130558275,2.4676236423789353e-23,1.6444283199312507e-22,LuminalA-up,ENSG00000272894.5,ENSG00000272894,AC004982.2,21.78398505251686
0.03266059941942197,1.069649451589439,-1.036988852170017,1.1980465469879712e-34,1.5754617597111334e-33,LuminalA-up,ENSG00000227965.1,ENSG00000227965,AC098592.2,32.80259213374545
2.218129964890411,3.254989027379971,-1.03685906248956,7.099323040551637e-17,3.175888273312303e-16,LuminalA-up,ENSG00000224238.2,ENSG00000224238,WARS2-IT1,15.498134784310885
8.196237985741707,9.232939920022313,-1.0367019342806056,1.8007154988356368e-25,1.369328119804232e-24,LuminalA-up,ENSG00000136895.19,ENSG00000136895,GARNL3,23.86349247330798
8.723712308021009,9.760310641858753,-1.0365983338377447,6.329344960253882e-26,4.958541150850448e-25,LuminalA-up,ENSG00000167680.17,ENSG00000167680,SEMA6B,24.30464607821294
1.0285235902138035,2.064860389588867,-1.0363367993750634,6.564861007078429e-16,2.7697185771840015e-15,LuminalA-up,ENSG00000158816.15,ENSG00000158816,VWA5B1,14.55756435605652
13.504681063282002,14.540296988500328,-1.0356159252183268,1.5024224471340164e-38,2.4832939067027726e-37,LuminalA-up,ENSG00000117335.20,ENSG00000117335,CD46,36.6049718771005
4.7486877236436085,5.784255918250292,-1.0355681946066833,1.643331635072392e-18,8.198314690821042e-18,LuminalA-up,ENSG00000162267.12,ENSG00000162267,ITIH3,17.086275415384723
6.655757945441856,7.691314376193486,-1.0355564307516305,3.3112317690950846e-22,2.061141855154452e-21,LuminalA-up,ENSG00000066185.13,ENSG00000066185,ZMYND12,20.685892117492617
9.55970998166258,10.595186671849444,-1.0354766901868633,9.623377716297987e-42,1.9166703568051605e-40,LuminalA-up,ENSG00000213983.12,ENSG00000213983,AP1G2,39.71745257388817
2.800653856713871,3.835857257239359,-1.035203400525488,5.780276091122295e-16,2.450111969833325e-15,LuminalA-up,ENSG00000226942.2,ENSG00000226942,IL9RP3,14.61081406797441
2.39850966905071,3.43337042731679,-1.0348607582660798,2.177209323780962e-17,1.0089873708438802e-16,LuminalA-up,ENSG00000133020.4,ENSG00000133020,MYH8,15.996114269647272
0.3610163481071344,1.3958753238564336,-1.0348589757492992,6.837690146699134e-25,5.019697190480837e-24,LuminalA-up,ENSG00000287943.1,ENSG00000287943,AC091151.7,23.299322480558114
3.2804807610014826,4.315141363333187,-1.0346606023317046,1.2173887034483085e-20,6.908222336141408e-20,LuminalA-up,ENSG00000274372.5,ENSG00000274372,LINC02804,19.16063369342573
3.252872367584064,4.287417666686511,-1.0345452991024469,5.722702782877444e-12,1.8494504172970682e-11,LuminalA-up,ENSG00000198842.10,ENSG00000198842,STYXL2,10.732957307378015
1.4774268276450984,2.5113036598386818,-1.0338768321935834,3.783943580246673e-21,2.2143468716806645e-20,LuminalA-up,ENSG00000180745.5,ENSG00000180745,CLRN3,19.654754347026767
1.210696079651689,2.243750811100111,-1.033054731448422,2.566635612185449e-28,2.3366003726359657e-27,LuminalA-up,ENSG00000262732.1,ENSG00000262732,AC010401.1,26.631415558382166
0.5714788418391642,1.6044900447526287,-1.0330112029134644,3.304635357208e-23,2.1852708063446868e-22,LuminalA-up,ENSG00000223318.1,ENSG00000223318,RNA5SP111,21.660494736078657
0.4824844794696593,1.5153687880273097,-1.0328843085576505,2.213891451826953e-14,8.430997667034704e-14,LuminalA-up,ENSG00000168830.8,ENSG00000168830,HTR1E,13.074121030873341
2.782907412623715,3.8151442869807437,-1.0322368743570287,4.547235630529872e-17,2.0583840423411385e-16,LuminalA-up,ENSG00000185271.9,ENSG00000185271,KLHL33,15.686473593660347
14.228071586712238,15.260240426915212,-1.0321688402029743,6.019575352403837e-20,3.270808328944344e-19,LuminalA-up,ENSG00000106624.11,ENSG00000106624,AEBP1,18.485344905010074
2.7159222863176127,3.7479206171082775,-1.0319983307906648,7.054879421624568e-07,1.5454160123699877e-06,LuminalA-up,ENSG00000166159.11,ENSG00000166159,LRTM2,5.810954592254118
3.525671038216646,4.557617900736824,-1.0319468625201784,2.7108037368153997e-22,1.696529896528234e-21,LuminalA-up,ENSG00000226469.1,ENSG00000226469,ADAM1B,20.770438482742804
9.61873738930975,10.650570408660899,-1.031833019351149,9.964144118664737e-29,9.280303163591053e-28,LuminalA-up,ENSG00000100307.13,ENSG00000100307,CBX7,27.03243783626776
7.9642609433417775,8.995896273064584,-1.031635329722807,1.182904220345619e-22,7.571309808284351e-22,LuminalA-up,ENSG00000152804.11,ENSG00000152804,HHEX,21.120828982679107
5.250415320934321,6.281591056170462,-1.0311757352361406,5.064248040093356e-23,3.315499888748619e-22,LuminalA-up,ENSG00000158683.9,ENSG00000158683,PKD1L1,21.479450982324696
0.07305177249315599,1.1039019434235051,-1.030850170930349,3.4250100861724644e-25,2.5614979493195227e-24,LuminalA-up,ENSG00000259047.1,ENSG00000259047,AL163153.1,23.591505987474374
6.355901328659454,7.386648574147532,-1.0307472454880786,2.2783477049232818e-17,1.0542547635150248e-16,LuminalA-up,ENSG00000187372.11,ENSG00000187372,PCDHB13,15.977054428004713
5.894157286676476,6.924625007207418,-1.0304677205309414,7.79671740135378e-25,5.7012645570108794e-24,LuminalA-up,ENSG00000213222.3,ENSG00000213222,TOMM40P4,23.244028805867615
1.2622465063168213,2.2926053926048384,-1.030358886288017,7.878997313444032e-15,3.096178076748464e-14,LuminalA-up,ENSG00000197561.7,ENSG00000197561,ELANE,13.509174068814362
11.217871222180802,12.248020864250945,-1.0301496420701426,7.044581621845128e-30,7.029901040912435e-29,LuminalA-up,ENSG00000136770.11,ENSG00000136770,DNAJC1,28.15305078844933
3.2897158518311085,4.319853009162635,-1.0301371573315268,1.8472679174688016e-17,8.614415775397083e-17,LuminalA-up,ENSG00000139155.9,ENSG00000139155,SLCO1C1,16.064774170813145
4.93885347567175,5.968479238597084,-1.0296257629253338,2.5995283459799832e-23,1.7295790027242764e-22,LuminalA-up,ENSG00000258768.2,ENSG00000258768,AL356019.2,21.762059595740634
10.379847882386853,11.409428332948147,-1.0295804505612942,1.730189144928204e-18,8.626497120034716e-18,LuminalA-up,ENSG00000163629.13,ENSG00000163629,PTPN13,17.064165518336246
10.737002303417905,11.766479581469117,-1.0294772780512123,7.223191922828359e-14,2.659213544790847e-13,LuminalA-up,ENSG00000137809.17,ENSG00000137809,ITGA11,12.575246785797253
6.348598395875265,7.378048854936111,-1.029450459060846,3.1246029473404224e-39,5.376626837518016e-38,LuminalA-up,ENSG00000261652.3,ENSG00000261652,C15orf65,37.26949010449937
1.1593068771107882,2.188668202031517,-1.029361324920729,1.7874384319602874e-21,1.0664815991333006e-20,LuminalA-up,ENSG00000201988.2,ENSG00000201988,Y_RNA,19.972046633382682
1.8346895570364554,2.8640005130873094,-1.029310956050854,1.0521820973593301e-19,5.634948698431817e-19,LuminalA-up,ENSG00000271717.1,ENSG00000271717,AC022146.2,18.249110033493544
9.15394447397525,10.182820691171562,-1.0288762171963128,1.1682957209261718e-39,2.0654679623125149e-38,LuminalA-up,ENSG00000273015.2,ENSG00000273015,AC008124.1,37.68498153702184
3.024628196520614,4.053414968177322,-1.0287867716567085,4.4073812511774186e-21,2.5742362700726097e-20,LuminalA-up,ENSG00000256282.1,ENSG00000256282,AC112694.1,19.589351594929813
0.2845718017413566,1.313206114896252,-1.0286343131548954,4.171117933079599e-17,1.893241342137145e-16,LuminalA-up,ENSG00000237930.1,ENSG00000237930,RPL31P14,15.722794020543576
3.9095661990723007,4.937924915559695,-1.0283587164873946,1.3135222557633e-09,3.5544737235154453e-09,LuminalA-up,ENSG00000250770.3,ENSG00000250770,AC005865.1,8.449224691950423
3.52530259392348,4.553472397419197,-1.0281698034957172,6.150533644344049e-17,2.761027022343813e-16,LuminalA-up,ENSG00000212743.2,ENSG00000212743,LINC02656,15.558929342872734
6.030887839886038,7.058642237745407,-1.0277543978593693,1.438205276850923e-19,7.650950782422305e-19,LuminalA-up,ENSG00000099365.11,ENSG00000099365,STX1B,18.116284591787334
6.852019737824581,7.879662802533915,-1.0276430647093333,2.2434606405008806e-17,1.0385416471425151e-16,LuminalA-up,ENSG00000230630.5,ENSG00000230630,DNM3OS,15.98357608289247
0.3084723514552243,1.3359702868473837,-1.0274979353921594,1.5625709274552146e-18,7.809359995273414e-18,LuminalA-up,ENSG00000249942.1,ENSG00000249942,AC239584.1,17.107384556636188
1.3858142144221242,2.413236410918353,-1.027422196496229,5.069664810946905e-19,2.6099702728143183e-18,LuminalA-up,ENSG00000264644.1,ENSG00000264644,KRT18P8,17.58336443918518
1.8975240862131768,2.9249093269303374,-1.0273852407171606,3.3063113952870588e-18,1.6167404517873407e-17,LuminalA-up,ENSG00000232633.4,ENSG00000232633,AC079465.1,16.791359695247593
7.5818473416567,8.6087611024267,-1.0269137607699994,4.240727676612294e-21,2.4790581046397642e-20,LuminalA-up,ENSG00000185100.11,ENSG00000185100,ADSS1,19.60571329403545
8.762319579276994,9.789033002238583,-1.0267134229615884,2.3807367553892564e-11,7.355050326326993e-11,LuminalA-up,ENSG00000188064.10,ENSG00000188064,WNT7B,10.133414351302008
0.4819502662695278,1.5079920910571958,-1.026041824787668,7.666035623812994e-17,3.423012043562163e-16,LuminalA-up,ENSG00000287301.1,ENSG00000287301,AC068075.2,15.465591572833087
4.844041408191157,5.869933541850278,-1.025892133659121,5.9050497061326764e-09,1.5209564019484195e-08,LuminalA-up,ENSG00000145864.14,ENSG00000145864,GABRB2,7.817883234773166
3.0201332054574817,4.045988341470529,-1.025855136013047,3.439302733151387e-18,1.6795662531357007e-17,LuminalA-up,ENSG00000100191.6,ENSG00000100191,SLC5A4,16.774802860054688
3.213289071697001,4.238799166832403,-1.0255100951354024,2.9023383046428054e-15,1.1723765434583552e-14,LuminalA-up,ENSG00000146250.7,ENSG00000146250,PRSS35,13.930932879374263
11.381433338899967,12.406766370610798,-1.0253330317108311,1.21086045228337e-28,1.1227674235280376e-27,LuminalA-up,ENSG00000174080.12,ENSG00000174080,CTSF,26.949710196667503
0.5688401803664606,1.5940931795840465,-1.025252999217586,3.2143409886949772e-21,1.8912534657022227e-20,LuminalA-up,ENSG00000280234.1,ENSG00000280234,AC124303.1,19.723250263127927
5.097094488090779,6.121935507394167,-1.0248410193033886,3.625366163164581e-16,1.5579778690932919e-15,LuminalA-up,ENSG00000174740.8,ENSG00000174740,PABPC5,14.807438715725667
10.61818776581296,11.642295013270607,-1.0241072474576463,4.84467110496013e-38,7.762589648100553e-37,LuminalA-up,ENSG00000003147.19,ENSG00000003147,ICA1,36.10999337123397
1.1071714968615078,2.130451223276803,-1.0232797264152953,5.2873985569281e-21,3.0711072539980923e-20,LuminalA-up,ENSG00000286457.1,ENSG00000286457,AC009560.3,19.512705016182736
8.364484606148483,9.387720712678854,-1.023236106530371,7.015713212787509e-10,1.9407997597807813e-09,LuminalA-up,ENSG00000064270.13,ENSG00000064270,ATP2C2,8.712019270231567
1.8977423461747376,2.9208966386074207,-1.023154292432683,1.0933157725470787e-16,4.838651266936636e-16,LuminalA-up,ENSG00000106069.23,ENSG00000106069,CHN2,15.31527567739597
6.8678821224335005,7.890743015844127,-1.022860893410627,2.1929264987956133e-12,7.283679770078177e-12,LuminalA-up,ENSG00000078900.15,ENSG00000078900,TP73,11.137649156389633
1.557404744010829,2.580191379340284,-1.0227866353294552,1.2658281687678106e-25,9.722859811433779e-25,LuminalA-up,ENSG00000222448.1,ENSG00000222448,RN7SKP150,24.012205976056176
2.101001138213693,3.1235916683665623,-1.0225905301528693,7.02078304340018e-18,3.3605118894013143e-17,LuminalA-up,ENSG00000226874.1,ENSG00000226874,AC005154.1,16.473594563738207
11.119271326053509,12.141538496717349,-1.0222671706638398,9.325231188988371e-36,1.2964817480501461e-34,LuminalA-up,ENSG00000122042.10,ENSG00000122042,UBL3,33.88723359287604
8.093135904391595,9.115389699038566,-1.0222537946469714,4.029800507621873e-18,1.9590850328569278e-17,LuminalA-up,ENSG00000109944.11,ENSG00000109944,JHY,16.707946713316602
7.254856999654376,8.276955137031537,-1.022098137377161,3.3890737171514825e-11,1.0349070875368288e-10,LuminalA-up,ENSG00000013297.12,ENSG00000013297,CLDN11,9.985098638788074
11.581592816384651,12.603364267789873,-1.0217714514052219,1.7837939250194338e-46,4.818112197151606e-45,LuminalA-up,ENSG00000132254.13,ENSG00000132254,ARFIP2,44.31712309100507
11.162766268472199,12.184396891582564,-1.0216306231103651,1.6090610623412296e-19,8.539538760240344e-19,LuminalA-up,ENSG00000111885.7,ENSG00000111885,MAN1A1,18.068565585902572
7.721715170870125,8.743108696590763,-1.0213935257206384,1.017627523710907e-18,5.161276228595794e-18,LuminalA-up,ENSG00000112139.16,ENSG00000112139,MDGA1,17.287242897112062
6.540231388674454,7.561571610161336,-1.0213402214868825,1.0210293352665024e-10,3.004556519895809e-10,LuminalA-up,ENSG00000165449.11,ENSG00000165449,SLC16A9,9.522219621889388
12.082880113210344,13.104064823394701,-1.0211847101843574,5.007387122736174e-27,4.2109286591599735e-26,LuminalA-up,ENSG00000070081.17,ENSG00000070081,NUCB2,25.375622116260953
7.760298759472198,8.78125583747153,-1.0209570779993324,1.4618781530197182e-10,4.2595754250018214e-10,LuminalA-up,ENSG00000006747.15,ENSG00000006747,SCIN,9.370633687227835
0.36436995548656903,1.3852298639639813,-1.0208599084774121,1.9777356189926398e-26,1.6040091446560193e-25,LuminalA-up,ENSG00000225126.1,ENSG00000225126,CAMTA1-AS1,24.794793160077838
5.396646983463052,6.416960166157133,-1.020313182694081,1.3246797132111668e-18,6.654168138294367e-18,LuminalA-up,ENSG00000214279.13,ENSG00000214279,SCART1,17.176906229525073
0.12061551006869514,1.1406898653972062,-1.020074355328511,1.365398273249061e-25,1.0463683154848771e-24,LuminalA-up,ENSG00000259423.3,ENSG00000259423,AC113146.1,23.980315419457895
9.454369523797011,10.473540297915031,-1.0191707741180203,2.2098039993109444e-27,1.899785331031107e-26,LuminalA-up,ENSG00000106415.13,ENSG00000106415,GLCCI1,25.72129547000282
1.2025307597227857,2.2212946632812804,-1.0187639035584948,3.0081964459824597e-15,1.2137066065157927e-14,LuminalA-up,ENSG00000248954.1,ENSG00000248954,AC027801.2,13.915886284076835
9.454376652695894,10.472848119419853,-1.018471466723959,1.040539723675227e-32,1.2229625363812626e-31,LuminalA-up,ENSG00000269343.9,ENSG00000269343,ZNF587B,30.912586846718494
8.023429715785559,9.041712089923951,-1.0182823741383924,1.4821662038556183e-15,6.102743562009219e-15,LuminalA-up,ENSG00000215105.4,ENSG00000215105,TTC3P1,14.214474878764396
1.4220400665679427,2.4403068067527287,-1.018266740184786,3.5050556974132405e-10,9.913886336789455e-10,LuminalA-up,ENSG00000135100.18,ENSG00000135100,HNF1A,9.003756064610625
6.078359301851957,7.096620135307339,-1.0182608334553827,1.1020554449932624e-28,1.0227269799605247e-27,LuminalA-up,ENSG00000261659.2,ENSG00000261659,Z92544.1,26.990240287032357
6.576088754481767,7.594101536170326,-1.018012781688559,8.442185819563309e-19,4.298679457265109e-18,LuminalA-up,ENSG00000103647.13,ENSG00000103647,CORO2B,17.36666493802585
11.175513192551934,12.192997134214117,-1.0174839416621833,1.519260976418338e-23,1.0258990316185071e-22,LuminalA-up,ENSG00000151458.12,ENSG00000151458,ANKRD50,21.98889538012937
12.8998695096744,13.91722133984479,-1.0173518301703908,1.1553459735006749e-45,2.9540196057774693e-44,LuminalA-up,ENSG00000148396.18,ENSG00000148396,SEC16A,43.52958662660947
10.473348984743808,11.49064630508088,-1.0172973203370717,1.8521909319007234e-40,3.4301348086912843e-39,LuminalA-up,ENSG00000173598.14,ENSG00000173598,NUDT4,38.46468881129243
11.887983405053285,12.905016174593202,-1.0170327695399166,3.214943846271398e-19,1.6764921861701501e-18,LuminalA-up,ENSG00000165929.13,ENSG00000165929,TC2N,17.77559846639925
10.272107394404792,11.288953379030023,-1.0168459846252311,2.3784625405549056e-51,8.978160400833382e-50,LuminalA-up,ENSG00000239305.7,ENSG00000239305,RNF103,49.046812639904005
2.357176681871728,3.3739419644608244,-1.0167652825890965,2.5958450543591197e-25,1.957101354523565e-24,LuminalA-up,ENSG00000223343.1,ENSG00000223343,AC137630.1,23.708386682481763
2.5102340074344576,3.5267404537598517,-1.016506446325394,5.0751208700421796e-23,3.32196937246268e-22,LuminalA-up,ENSG00000271259.1,ENSG00000271259,AC010201.1,21.4786043759279
5.198161741828774,6.214391554237647,-1.0162298124088727,8.129885660335536e-17,3.623371457711038e-16,LuminalA-up,ENSG00000269737.2,ENSG00000269737,AL691432.1,15.440887141051098
10.147567928948737,11.163721048532125,-1.0161531195833877,1.7991889930312445e-48,5.52784739197134e-47,LuminalA-up,ENSG00000135452.10,ENSG00000135452,TSPAN31,46.25744395509471
2.6847177968200175,3.700374528692676,-1.0156567318726584,1.5970362821316325e-27,1.3900975377058508e-26,LuminalA-up,ENSG00000272369.1,ENSG00000272369,AC008035.1,25.856954725932038
10.699383787955632,11.714857332454041,-1.015473544498409,7.497863940586541e-39,1.2547598566573182e-37,LuminalA-up,ENSG00000136044.12,ENSG00000136044,APPL2,36.90143938406984
1.489950148166632,2.504962022751796,-1.015011874585164,5.645537543478191e-20,3.0730499911885186e-19,LuminalA-up,ENSG00000274292.1,ENSG00000274292,AC084018.2,18.51243037475152
6.353712519271829,7.368639667567315,-1.0149271482954862,4.477930662746372e-13,1.55996919367344e-12,LuminalA-up,ENSG00000233098.9,ENSG00000233098,CCDC144NL-AS1,11.806883978023574
1.374657313172679,2.389284899366953,-1.014627586194274,1.9165039756567003e-19,1.012469870197204e-18,LuminalA-up,ENSG00000236173.1,ENSG00000236173,AL049612.1,17.994617891966918
0.4910470203858205,1.5055674714780047,-1.0145204510921841,5.881156547830357e-16,2.4906679404077522e-15,LuminalA-up,ENSG00000274281.1,ENSG00000274281,AC022929.2,14.603684169397017
9.776158886257614,10.790397358348423,-1.0142384720908098,1.2987781222894074e-17,6.100762704476028e-17,LuminalA-up,ENSG00000170745.12,ENSG00000170745,KCNS3,16.21461586701562
1.3461238327964429,2.3602126672510795,-1.0140888344546366,5.4099690189552297e-11,1.6258038507744246e-10,LuminalA-up,ENSG00000214988.4,ENSG00000214988,RPL7AP26,9.788931852139775
8.589143341696467,9.60288638099806,-1.013743039301593,2.1048355962501077e-21,1.2494083440110433e-20,LuminalA-up,ENSG00000182636.8,ENSG00000182636,NDN,19.90329559800113
9.959016813441508,10.972592537232728,-1.0135757237912202,5.605087731248041e-26,4.40418520279968e-25,LuminalA-up,ENSG00000164187.7,ENSG00000164187,LMBRD2,24.356134426561603
7.659218773124427,8.6727543131599,-1.0135355400354724,1.212671361748467e-33,1.504394672309719e-32,LuminalA-up,ENSG00000168026.18,ENSG00000168026,TTC21A,31.822638213265183
1.2463002006995336,2.259653311958575,-1.0133531112590415,1.7669466593090906e-09,4.740519611016545e-09,LuminalA-up,ENSG00000034971.17,ENSG00000034971,MYOC,8.32417405245478
5.093451464290299,6.105901413415711,-1.0124499491254122,3.2456659260829843e-10,9.202734041812014e-10,LuminalA-up,ENSG00000160321.15,ENSG00000160321,ZNF208,9.036083128863638
10.129574486211348,11.141896901357011,-1.012322415145663,2.354330911693906e-26,1.8988732473527365e-25,LuminalA-up,ENSG00000141198.16,ENSG00000141198,TOM1L1,24.721504024105794
4.013928607742307,5.026113984438694,-1.0121853766963866,8.645845461493266e-16,3.617635000240348e-15,LuminalA-up,ENSG00000176956.13,ENSG00000176956,LY6H,14.44157525322469
3.58595008787421,4.59806392987652,-1.0121138420023095,8.268314301460708e-13,2.8272354930629696e-12,LuminalA-up,ENSG00000162892.16,ENSG00000162892,IL24,11.54863801567806
5.058881807225868,6.069882828655307,-1.011001021429439,9.497895643582022e-06,1.8814184104435798e-05,LuminalA-up,ENSG00000161055.4,ENSG00000161055,SCGB3A1,4.725514610542329
5.300039033833635,6.310926937965985,-1.0108879041323497,2.1261040722679973e-20,1.1897664190721747e-19,LuminalA-up,ENSG00000105737.9,ENSG00000105737,GRIK5,18.9245382931161
1.5568034853394634,2.5672593385480322,-1.0104558532085688,4.8223768137102146e-12,1.5669452384215432e-11,LuminalA-up,ENSG00000236532.6,ENSG00000236532,LINC01695,10.804946180983176
1.4513626777784108,2.461802387505507,-1.010439709727096,2.3185609181237154e-15,9.418100093978059e-15,LuminalA-up,ENSG00000237429.1,ENSG00000237429,BX293535.1,14.026036698260322
11.52810145455402,12.53824630757433,-1.010144853020309,9.767191308885712e-43,2.066895534557128e-41,LuminalA-up,ENSG00000148341.18,ENSG00000148341,SH3GLB2,40.684681473015615
4.418854935911021,5.428939229706886,-1.010084293795865,4.770418055052875e-12,1.5505130728728047e-11,LuminalA-up,ENSG00000256443.1,ENSG00000256443,AP003559.1,10.809524567735208
8.720725352459041,9.730758053204067,-1.0100327007450254,6.905620821158258e-32,7.726181906716449e-31,LuminalA-up,ENSG00000127415.13,ENSG00000127415,IDUA,30.11203507095781
9.117625774277858,10.126785527976892,-1.0091597536990342,6.223464351203162e-17,2.7926442443417667e-16,LuminalA-up,ENSG00000104381.14,ENSG00000104381,GDAP1,15.553984385659513
0.5038640708010722,1.5128817041094964,-1.0090176333084242,4.742393378505091e-20,2.591116968989253e-19,LuminalA-up,ENSG00000232986.1,ENSG00000232986,AL139081.1,18.586512981518236
0.12236732458248993,1.1312243713218166,-1.0088570467393267,3.2146759213102967e-31,3.4782419910368345e-30,LuminalA-up,ENSG00000223777.1,ENSG00000223777,AC092162.1,29.458640206198748
5.510929268125747,6.519735332618274,-1.0088060644925267,2.0540821651281158e-17,9.543012359680449e-17,LuminalA-up,ENSG00000196421.8,ENSG00000196421,C20orf204,16.02031451369393
3.881333746936731,4.889828385444063,-1.0084946385073321,1.6223384940084834e-20,9.141164282932319e-20,LuminalA-up,ENSG00000124593.16,ENSG00000124593,AL365205.1,19.038998485945548
7.965910996361371,8.974117299508736,-1.0082063031473645,5.173775830035135e-34,6.539402934493881e-33,LuminalA-up,ENSG00000116151.14,ENSG00000116151,MORN1,32.184461902148485
10.0278003497233,11.035545137268473,-1.0077447875451728,1.765695633958562e-18,8.796985382028983e-18,LuminalA-up,ENSG00000110002.16,ENSG00000110002,VWA5A,17.055666129696768
4.800116614467307,5.807759792371167,-1.0076431779038595,1.3290500689787559e-19,7.077006880407927e-19,LuminalA-up,ENSG00000284707.2,ENSG00000284707,AC079781.5,18.15015038216474
8.111428977849796,9.118964200940496,-1.0075352230907004,2.432268596864133e-25,1.835013355095335e-24,LuminalA-up,ENSG00000120279.6,ENSG00000120279,MYCT1,23.73636077063636
5.038988798391665,6.046499679975142,-1.0075108815834772,7.825326881990138e-20,4.221872800326886e-19,LuminalA-up,ENSG00000163016.10,ENSG00000163016,ALMS1P1,18.374494855573204
5.183695914481931,6.190517365744198,-1.006821451262267,1.094503099941102e-15,4.5439365754304854e-15,LuminalA-up,ENSG00000270571.2,ENSG00000270571,AC007681.1,14.34256773916605
3.9951905388606743,5.001976081215862,-1.0067855423551872,4.038752130081875e-17,1.8362413499228078e-16,LuminalA-up,ENSG00000183423.12,ENSG00000183423,LRIT3,15.736070237050368
2.9014443284883793,3.9082127164471374,-1.0067683879587581,7.063278822086671e-16,2.9699085062261064e-15,LuminalA-up,ENSG00000177133.11,ENSG00000177133,PRDM16-DT,14.527256929757934
6.468973587765277,7.475688593127136,-1.0067150053618583,2.260879482708916e-16,9.842166267584789e-16,LuminalA-up,ENSG00000254122.3,ENSG00000254122,PCDHGB7,15.006909302532515
3.6070255090572547,4.613523996347572,-1.0064984872903175,7.727981235510946e-08,1.8251386670494394e-07,LuminalA-up,ENSG00000138115.14,ENSG00000138115,CYP2C8,6.738704133921696
2.0004589900594714,3.006557845136139,-1.0060988550766679,4.703292906887213e-16,2.006802166991591e-15,LuminalA-up,ENSG00000272975.1,ENSG00000272975,MYHAS,14.697495438682765
4.384622369657564,5.3906907987783255,-1.006068429120761,5.856812775185245e-25,4.31283752689388e-24,LuminalA-up,ENSG00000205209.7,ENSG00000205209,SCGB2B2,23.365236902276614
8.735938820597385,9.741908937681817,-1.0059701170844324,1.9154637195905262e-26,1.5544674253162048e-25,LuminalA-up,ENSG00000145103.15,ENSG00000145103,ILDR1,24.80841837439509
0.029239766081871343,1.0350728777000033,-1.005833111618132,2.2173721121525264e-20,1.2389783830530537e-19,LuminalA-up,ENSG00000287704.1,ENSG00000287704,AC012405.1,18.906936270865803
10.80772654329263,11.813442807193498,-1.0057162639008688,4.921403197851291e-24,3.416140716338274e-23,LuminalA-up,ENSG00000116774.12,ENSG00000116774,OLFML3,22.466464248325376
2.1989115647101007,3.2039329860972443,-1.0050214213871436,3.0641073672650556e-17,1.4040858366469537e-16,LuminalA-up,ENSG00000272491.1,ENSG00000272491,AL109659.2,15.85260634146361
2.9407369597411974,3.9457340073125677,-1.0049970475713703,1.85689656767691e-21,1.1069388751294686e-20,LuminalA-up,ENSG00000263105.1,ENSG00000263105,AC009171.2,19.955876360085057
0.24663792591050426,1.2514572838576805,-1.0048193579471763,2.611944099260708e-15,1.0582904171064781e-14,LuminalA-up,ENSG00000183566.10,ENSG00000183566,BPIFA4P,13.975395136422454
9.818467461819152,10.82291959435267,-1.004452132533519,1.4293970780388094e-47,4.1127373438507205e-46,LuminalA-up,ENSG00000142082.15,ENSG00000142082,SIRT3,45.38586902541878
11.601077004470419,12.605506524013677,-1.0044295195432582,7.285614486899254e-19,3.722771304891204e-18,LuminalA-up,ENSG00000246705.4,ENSG00000246705,H2AJ,17.429133642286697
2.2719462686485405,3.2761655232002296,-1.004219254551689,1.0906000090750596e-08,2.7515363769528826e-08,LuminalA-up,ENSG00000146839.19,ENSG00000146839,ZAN,7.560424741182654
1.5955440561940368,2.599203273220356,-1.003659217026319,1.4295264502640744e-17,6.703655094131474e-17,LuminalA-up,ENSG00000286024.1,ENSG00000286024,AC026803.3,16.173688338436374
1.9961691166011393,2.999816853669964,-1.0036477370688248,8.253645188546339e-15,3.2377084461096934e-14,LuminalA-up,ENSG00000238039.1,ENSG00000238039,AC244197.2,13.489762261804575
0.12137361112376298,1.1246262434310637,-1.0032526323073008,1.894980814343496e-29,1.8443599563529032e-28,LuminalA-up,ENSG00000207155.1,ENSG00000207155,RNY1P14,27.73415431549392
4.315436505061484,5.318330300745119,-1.0028937956836348,1.174681280527243e-09,3.192420668337375e-09,LuminalA-up,ENSG00000266524.3,ENSG00000266524,GDF10,8.495879886149558
9.856714252636971,10.85916790783463,-1.0024536551976588,5.930756366829081e-44,1.37292094900629e-42,LuminalA-up,ENSG00000167186.11,ENSG00000167186,COQ7,41.86235446815197
4.655323412403683,5.657606254854487,-1.0022828424508043,1.8400982960687929e-09,4.930857373429206e-09,LuminalA-up,ENSG00000276975.3,ENSG00000276975,HYDIN2,8.307077559389063
3.2827716741389703,4.284959778498854,-1.0021881043598833,4.245417512099407e-22,2.6270333211292622e-21,LuminalA-up,ENSG00000215277.8,ENSG00000215277,RNF212B,20.580534418614466
0.8140245254186101,1.816209907798705,-1.002185382380095,1.553532483059471e-20,8.760835940806437e-20,LuminalA-up,ENSG00000248245.1,ENSG00000248245,AC010307.2,19.05745445237548
0.6943099301928032,1.6964522574779204,-1.0021423272851173,2.025858433067736e-21,1.2042343443240027e-20,LuminalA-up,ENSG00000248132.3,ENSG00000248132,LINC02101,19.919288991032122
7.938585981985058,8.940719395976528,-1.0021334139914693,1.5508799569947827e-23,1.0461963404802799e-22,LuminalA-up,ENSG00000135338.14,ENSG00000135338,LCA5,21.980386803436858
9.17555789846751,10.17746345380789,-1.0019055553403806,1.6482152008566275e-48,5.087964084138247e-47,LuminalA-up,ENSG00000168806.8,ENSG00000168806,LCMT2,46.29345596302702
9.132099779329021,10.13358977187752,-1.0014899925484997,1.3355403293162263e-31,1.4764944537823188e-30,LuminalA-up,ENSG00000196476.12,ENSG00000196476,C20orf96,29.83076818005431
10.520697427849594,11.522062342654563,-1.0013649148049684,5.892916582745367e-38,9.392799042017342e-37,LuminalA-up,ENSG00000113163.18,ENSG00000113163,CERT1,36.02720496925041
0.2390887164860142,1.2403816014093,-1.0012928849232858,1.1762792115661034e-23,7.997744253893669e-23,LuminalA-up,ENSG00000280265.1,ENSG00000280265,AC130456.7,22.09703248753665
6.616035198377938,7.617097525268227,-1.0010623268902892,9.480427163519608e-30,9.38245995043334e-29,LuminalA-up,ENSG00000113522.14,ENSG00000113522,RAD50,28.027683280721746
11.896409535452166,12.897307124620628,-1.0008975891684617,1.0567513216275251e-41,2.0972353049706717e-40,LuminalA-up,ENSG00000118564.15,ENSG00000118564,FBXL5,39.67835283996037
2.867177657108676,3.8680688585567804,-1.0008912014481046,1.0078562462505331e-15,4.196167106485886e-15,LuminalA-up,ENSG00000255398.3,ENSG00000255398,HCAR3,14.377147224963794
11.271014745648472,12.271651032129924,-1.000636286481452,1.252115639777282e-43,2.8263243262851512e-42,LuminalA-up,ENSG00000141349.8,ENSG00000141349,G6PC3,41.54877800348035
5.134524952683899,6.135082644544505,-1.0005576918606058,8.214713677404597e-14,3.0143098244838763e-13,LuminalA-up,ENSG00000105696.9,ENSG00000105696,TMEM59L,12.520812110963531
0.3411782345236329,1.341631470222237,-1.000453235698604,4.8784474547551585e-28,4.356035127421228e-27,LuminalA-up,ENSG00000207195.1,ENSG00000207195,Y_RNA,26.36090862671615
5.851948335010306,6.852396263836343,-1.0004479288260368,3.3596654181268758e-21,1.9736415144692057e-20,LuminalA-up,ENSG00000241288.8,ENSG00000241288,LINC02614,19.70473172827548
1.7522817618046709,2.752719431794619,-1.0004376699899482,2.5492691986482876e-09,6.753457957693085e-09,LuminalA-up,ENSG00000196104.11,ENSG00000196104,SPOCK3,8.170473799405316
1.3552056141270135,2.3554417640506036,-1.0002361499235901,1.8760538696283742e-15,7.67455768976606e-15,LuminalA-up,ENSG00000275152.5,ENSG00000275152,CCL16,14.11494664496208
2.215840203428538,3.2158748595534057,-1.0000346561248676,6.19860757315277e-13,2.1363081004737902e-12,LuminalA-up,ENSG00000230716.3,ENSG00000230716,KRT8P7,11.670336112745385
0.6456442343735477,1.64565558541117,-1.0000113510376223,5.691178432938545e-16,2.4132612406337762e-15,LuminalA-up,ENSG00000268079.1,ENSG00000268079,BNIP3P30,14.61739566225011
