source,target,ligand_complex,receptor_complex,lr_means,cellphone_pvals,expr_prod,scaled_weight,lr_logfc,spec_weight,lrscore,specificity_rank,magnitude_rank
CAFs,Cancer Epithelial,LUM,ITGB1,2.9806516,0.0,6.377883,0.960593889026416,2.6961296938669403,0.14970875,0.96291065,0.017688151342452645,1.1017058736419318e-05
CAFs,PVL,LUM,ITGB1,2.9149418,0.0,5.7781096,0.9109784512889745,3.2355074079598927,0.1356302,0.96110624,0.017688151342452645,4.4035694250072776e-05
Endothelial,T-cells,HLA-B,CD3D,2.6691978,0.0,6.427697,1.382267038782607,2.42571447700149,0.15175858,0.96304935,0.015678847463002552,0.0001758824514354552
CAFs,CAFs,LUM,ITGB1,2.7946167,0.0,4.679827,0.8201245024057466,2.805457167989479,0.1098501,0.9569687,0.017688151342452645,0.00022251882261541518
Myeloid,T-cells,HLA-B,CD3D,2.4838676,0.0,5.7477646,1.2678072489260233,2.1469892818303142,0.1357053,0.9610077,0.017688151342452645,0.00027461291642359053
CAFs,CAFs,TIMP1,CD63,2.4713688,0.0,5.810779,0.5883772630977908,1.3608091712738284,0.077219106,0.9612115,0.0629429765981312,0.0003321585945333268
Cancer Epithelial,T-cells,CD59,CD2,2.3652103,0.0,4.842017,1.5016312528021303,2.489599923620293,0.22143656,0.9576648,0.01141598632682796,0.0005374440564114868
PVL,CAFs,TIMP1,CD63,2.3456879,0.0,5.052613,0.5090113975430823,1.3003061462460612,0.06714388,0.95851946,0.09533684507025332,0.0006167350533398242
T-cells,T-cells,HLA-B,CD3D,2.3238413,0.0,5.1606665,1.1689749023225415,2.2492526508984954,0.12184386,0.9589381,0.017688151342452645,0.0008871100203024468
CAFs,Endothelial,LUM,ITGB1,2.6922984,0.0,3.745903,0.742866780291174,2.4926354616618056,0.087928005,0.95214516,0.03769302221891731,0.000988048801179057
CAFs,Cancer Epithelial,LGALS1,ITGB1,2.243112,0.0,4.316475,0.568738187064318,0.8725289002496923,0.06960992,0.95527357,0.08854386870445928,0.001206110111821288
CAFs,Endothelial,COL1A2,CD36,2.3262284,0.0,3.5509639,0.9480512882209878,2.5739809563100016,0.30081606,0.9509127,0.003927341544570557,0.0013232204206786282
CAFs,PVL,LGALS1,ITGB1,2.1774025,0.0,3.9105556,0.5191227493268765,1.4119066143426446,0.06306383,0.95311564,0.11495268593656009,0.0014457090882083353
Endothelial,Myeloid,APP,CD74,2.8856976,0.0,3.4808917,0.9555180430859269,2.055414637616554,0.10445126,0.9504455,0.020082033470675484,0.0014457090882083353
CAFs,Endothelial,COL1A1,CD36,2.286247,0.0,3.4740179,0.9511370674572776,2.804451231090579,0.3183045,0.9503989,0.0035377780900134096,0.0015735702327378182
CAFs,T-cells,HLA-B,CD3D,2.1751487,0.0,4.615149,1.0771423700362528,1.9318042289734454,0.10896414,0.95668125,0.017688151342452645,0.0015735702327378182
CAFs,Myeloid,FN1,PLAUR,2.1741762,0.0,4.6442914,0.8924078424792077,2.353090958698284,0.15150739,0.9568115,0.017688151342452645,0.0017067973225369866
CAFs,T-cells,LGALS1,CD69,2.0884676,0.0,3.3611636,0.9419606215602502,2.282359851688384,0.12966132,0.9496147,0.017688151342452645,0.002789127968743034
CAFs,T-cells,LGALS1,PTPRC,2.086435,0.0,3.3486075,0.9664277084051838,2.2376092227886257,0.14343128,0.94952506,0.017688151342452645,0.0029650646925313637
PVL,T-cells,HLA-B,CD3D,2.0626287,0.0,4.20234,1.0076502758895403,1.8943197387330046,0.09921768,0.95469755,0.024789012040285194,0.0031463126599042797
CAFs,T-cells,LUM,ITGB1,2.5857818,0.0,2.7736597,0.6624392117754694,2.5799295197710577,0.065106414,0.9448149,0.10251338407219057,0.0031463126599042797
CAFs,CAFs,LGALS1,ITGB1,2.0570774,0.0,3.167251,0.4282688004436486,0.9818563743722308,0.05107688,0.94817394,0.21003506762368632,0.0033328657694948324
Endothelial,Endothelial,APP,CD74,2.3362505,0.0,2.72897,0.6967237860211075,1.3251972662395963,0.081888326,0.94438994,0.04927349250024212,0.0035247179199360745
CAFs,Myeloid,TIMP1,CD63,2.0409026,0.0,4.152195,0.3259674964625446,0.6699511439071997,0.055178277,0.95443726,0.17045117899972453,0.0035247179199360745
Endothelial,T-cells,CD59,CD2,2.0408106,0.0,3.8701708,1.3038127695793935,2.4171932501577036,0.1769918,0.9528832,0.017016083761390802,0.0037218636823130925
Cancer Epithelial,Myeloid,APP,CD74,2.7976468,0.0,2.5850363,0.8441025608237,1.4747352919839214,0.07756928,0.9429499,0.06099893916618917,0.004344995628611922
CAFs,Myeloid,LGALS1,PTPRC,1.9726567,0.0,2.6457458,0.8127867019108307,1.5787927272133924,0.113325514,0.9435711,0.017688151342452645,0.004344995628611922
Plasmablasts,T-cells,HLA-B,CD3D,1.961715,0.0,3.8321114,0.9453259606340141,1.2075352583772836,0.09047654,0.9526609,0.034580699701898206,0.004786770526234075
CAFs,Myeloid,COL1A2,CD44,2.182485,0.0,2.4900858,0.9709584432306704,2.5602296534390976,0.24143054,0.94193494,0.00875119825065581,0.004786770526234075
Cancer Epithelial,Cancer Epithelial,LGALS9,SLC1A5,0.1620199,0.088,0.026225548,0.16715448283278975,-0.07510411450402621,0.052423388,0.62473685,0.7249075140448161,0.00497787532442014
CAFs,Endothelial,LGALS1,ITGB1,1.9547589,0.0,2.5351825,0.35101107832907613,0.6690346680445574,0.040883787,0.9424238,0.37667230614553787,0.005015545159718567
CAFs,Myeloid,COL1A1,CD44,2.1425037,0.0,2.4361281,0.9740442224669601,2.790699928219675,0.2554665,0.94133294,0.007156700594575786,0.005249570023077082
CAFs,Endothelial,COL1A2,CD93,2.168562,0.0,2.3873265,1.075852500265324,2.868102253397603,0.48538658,0.94077164,0.00015825297417265978,0.005983085828097144
CAFs,PVL,TIMP1,CD63,1.9403117,0.0,3.7646186,0.2646479562076996,0.79334101432524,0.050027803,0.9522585,0.22294895686400143,0.005983085828097144
CAFs,Endothelial,COL1A1,CD93,2.1285806,0.0,2.3355954,1.0789382795016138,3.09857252817818,0.5136053,0.94015837,0.0001352475850273974,0.00676363325607825
CAFs,Endothelial,TIMP1,CD63,1.9159185,0.0,3.6706316,0.2497780847835204,0.508480154483919,0.048778813,0.9516806,0.2322318920056515,0.00676363325607825
PVL,Myeloid,TIMP1,CD63,1.9152218,0.0,3.6104336,0.246601630907836,0.6094481188794325,0.047978844,0.9512989,0.2494470557824758,0.0070342389077975714
CAFs,PVL,COL1A2,CD36,2.141549,0.0,2.1879625,0.7636116407005604,2.6304456637999443,0.18535088,0.93829495,0.017688151342452645,0.008465167429663656
CAFs,PVL,COL1A1,CD36,2.1015677,0.0,2.1405516,0.7666974199368501,2.8609159385805216,0.19612657,0.9376577,0.017688151342452645,0.00907377860619978
Cancer Epithelial,PVL,MDK,SDC2,1.9279587,0.0,2.0978498,0.9135802742628202,1.9241773172238363,0.18109728,0.93706614,0.017688151342452645,0.009703023613128534
Cancer Epithelial,Cancer Epithelial,COL1A2,SDC1,0.16666707,1.0,0.027662396,-0.21690499654590062,-2.042509083762163,0.007074661,0.6309683,1.0,0.009950241102575332
Cancer Epithelial,Endothelial,APP,CD74,2.2481995,0.0,2.026632,0.5853083037588804,0.7445179206069636,0.06081323,0.93604004,0.12648740025500985,0.010025368927137806
Cancer Epithelial,Cancer Epithelial,MDK,NCL,1.9126493,0.0,1.9998562,1.063453922737339,1.5497990972976994,0.15422553,0.93564075,0.017688151342452645,0.010352854646354413
PVL,PVL,TIMP1,CD63,1.814631,0.0,3.2734268,0.185282090652991,0.7328379892974728,0.043500382,0.9489781,0.3517286740255826,0.010352854646354413
Myeloid,Myeloid,FN1,PLAUR,1.8072937,0.0,3.260035,0.6776712021442207,1.25336716842504,0.106349796,0.9488788,0.018778977605582177,0.011023225185776139
PVL,Endothelial,TIMP1,CD63,1.7902377,0.0,3.1917028,0.1704122192288118,0.44797712945615187,0.042414356,0.9483626,0.39350425346888346,0.011366095546872467
Myeloid,Cancer Epithelial,LGALS1,ITGB1,1.7801056,0.0,3.022381,0.31055701654335305,0.04560546373091601,0.04874063,0.9470115,0.5295821919714354,0.011714081907667259
Endothelial,CAFs,TIMP1,CD63,1.8245599,0.0,1.908918,0.17992390295802305,-0.08338887508993498,0.025367502,0.93422526,0.9336539495164716,0.012067178166793566
B-cells,T-cells,HLA-B,CD3D,1.7491649,0.0,3.0523162,0.8140549844056374,1.140442990974502,0.072065495,0.9472582,0.07742246015503348,0.012788675974572929
CAFs,T-cells,LGALS1,ITGB1,1.8482423,0.0,1.8771796,0.27058350981337137,0.7563287261538096,0.03027246,0.93370825,0.7102633894841395,0.012788675974572929
PVL,Cancer Epithelial,LGALS1,ITGB1,1.7446957,0.0,2.923411,0.2908118786895366,0.1550918958109051,0.04714458,0.94616985,0.4141167935331162,0.013530540159274958
Endothelial,T-cells,APP,CD74,1.728688,0.0,1.8975176,0.4105567517284129,0.5899564988137329,0.05693889,0.93404096,0.15366937646028125,0.014681419252716921
Plasmablasts,Cancer Epithelial,PKM,CD44,0.17189068,1.0,0.028479356,-0.2378362304029746,-1.2772161938959077,0.0031279055,0.63435036,1.0,0.014917099863024866
Cancer Epithelial,CAFs,MDK,LRP1,1.8786037,0.0,1.7819357,0.9445059165701672,1.9131024753245973,0.24767712,0.9320784,0.007769498771964479,0.01547398589993874
CAFs,CAFs,FN1,PLAUR,1.7209599,0.0,2.4127982,0.5111612279902944,1.5168026660969627,0.07871099,0.9410666,0.05688080575162394,0.01587784560116455
Myeloid,PVL,LGALS1,ITGB1,1.7143959,0.0,2.7381577,0.26094157880591157,0.5849831778238683,0.04415708,0.94447815,0.3055778016613817,0.016700687252011237
PVL,PVL,LGALS1,ITGB1,1.678986,0.0,2.6484947,0.24119644095209516,0.6944696099038574,0.042711128,0.9435987,0.3362627358986029,0.019738779034047502
Cancer Epithelial,Plasmablasts,LGALS9,CD47,0.17480612,0.995,0.030496398,-0.13466457367564136,-0.7844467453584114,0.006664219,0.6422493,1.0,0.019878456222851733
CAFs,Endothelial,SPARC,ENG,1.6616244,0.0,1.8679965,0.7080105201949587,1.8034399996181882,0.22483237,0.9335563,0.017397047235351265,0.02111575725873778
CAFs,Myeloid,LUM,ITGB1,2.4557915,0.0,1.5871562,0.5642872413490486,1.9598688096230514,0.037255492,0.92832136,0.22130567232607803,0.02158469726907622
Cancer Epithelial,Myeloid,COPA,CD74,2.6966023,0.0,1.5569818,0.8740652673292684,1.5760121663336955,0.08975668,0.92768013,0.03533999144173793,0.023510034257937726
Myeloid,T-cells,LGALS1,CD69,1.6254611,0.0,2.3534753,0.6837794510392852,1.4554364151696075,0.09078842,0.9403725,0.0343303427239224,0.024003730615046903
Cancer Epithelial,Endothelial,MDK,ITGA6_ITGB1,1.834678,0.0,1.500774,1.0233959322805257,1.9235479498470291,0.22788207,0.92643696,0.010560560360677661,0.024502359930722854
Myeloid,T-cells,LGALS1,PTPRC,1.6234286,0.0,2.3446836,0.7082465378842188,1.4106857862698492,0.10043009,0.9402675,0.02363623420057333,0.024502359930722854
Cancer Epithelial,Cancer Epithelial,MYL9,CD69,0.17654055,1.0,0.031032467,-0.2002254025719981,-1.4883209410824454,0.00399397,0.64424866,1.0,0.02483431010343181
PVL,T-cells,CD59,CD2,1.6233196,0.0,2.61944,1.0492275068857553,2.0385929994649477,0.11979301,0.9433044,0.017688151342452645,0.025005916103598633
CAFs,Cancer Epithelial,TIMP1,CD63,1.6003163,0.181,2.454618,0.0573888777030829,-0.17083905561620738,0.03261928,0.9415414,0.9976793198326692,0.02602778461548186
Myeloid,Myeloid,TNFSF13B,HLA-DPB1,1.5955764,0.0,1.6970577,1.2746973325583033,2.405118102768551,0.39182967,0.9305172,0.0007246162487931556,0.027069287339761005
Myeloid,CAFs,LGALS1,ITGB1,1.5940708,0.0,2.2176983,0.17008762992268367,0.15493293785345452,0.035763863,0.9386846,0.49361149456393044,0.02759738627813168
B-cells,CAFs,TIMP1,CD63,1.7457722,0.063,1.4336332,0.13017024732094643,-0.4771269981206012,0.01905147,0.9248621,1.0,0.02759738627813168
PVL,T-cells,LGALS1,CD69,1.5900512,0.0,2.2764091,0.6640343131854688,1.5649228472495966,0.087815486,0.9394322,0.037961537790126024,0.02813037906981877
PVL,T-cells,LGALS1,PTPRC,1.5880187,0.0,2.2679052,0.6885014000304024,1.5201722183498383,0.09714144,0.9393257,0.026186644779222775,0.028668252437676366
Cancer Epithelial,T-cells,APP,CD74,1.6406372,0.0,1.4091651,0.2991412694661859,0.009277153181100228,0.042284876,0.92426175,0.5861308701788486,0.028668252437676366
CAFs,Myeloid,FN1,CD44,1.5683136,0.0,1.6612166,0.674844282766645,1.8561296723737044,0.12498692,0.92982394,0.017688151342452645,0.029211003851757122
CAFs,PVL,FN1,SDC2,1.5586658,0.0,1.6137136,0.5905525834756813,2.0430796391458648,0.14806955,0.9288715,0.017688151342452645,0.029758627210694097
Cancer Epithelial,Cancer Epithelial,COL1A2,CD44,0.18023778,1.0,0.031894267,-0.30397391545763663,-2.312239327373722,0.0030923632,0.6473815,1.0,0.029784668725559307
PVL,CAFs,LGALS1,ITGB1,1.5586609,0.0,2.1450784,0.15034249206886724,0.2644193699334436,0.034592748,0.9377194,0.5276414438805179,0.030311116413120332
CAFs,Plasmablasts,FN1,CD79A,1.5585852,0.0,1.6133165,1.1766567901332923,1.8758905123532679,0.14841,0.92886335,0.017688151342452645,0.030868465357668882
Cancer Epithelial,Myeloid,S100A8,CD68,1.5561638,0.0,2.4025319,1.5005712999204452,3.1142058971038518,0.3578518,0.9409483,0.00018307598691272138,0.0314306679429728
CAFs,B-cells,FN1,CD79A,1.5386121,0.0,1.514976,1.1198646545561648,1.797012964690539,0.13936359,0.9267573,0.017688151342452645,0.03314633652974724
Myeloid,Endothelial,CXCL10,ACKR1,1.5173664,0.0,2.2962437,1.048049724514622,2.9679629746814777,0.36602047,0.93967855,0.0013926720130897627,0.03372789266440312
Plasmablasts,Cancer Epithelial,COL1A1,SDC1,0.18417819,1.0,0.033875864,-0.1801172281920682,-2.0179914213333907,0.009370487,0.6542305,1.0,0.034729530974444256
Myeloid,Myeloid,LGALS1,PTPRC,1.5096502,0.0,1.8525422,0.5546055313898657,0.751869290694616,0.07935014,0.9332982,0.0550794984774596,0.03490546823410981
CAFs,T-cells,CD59,CD2,1.5036325,0.0,2.260878,0.9762424271937022,1.6261718580807458,0.10339516,0.9392372,0.020758421950907942,0.03550147949469055
Endothelial,Myeloid,VIM,CD44,1.5016433,0.0,1.5712402,0.615192597195042,1.2585296885464978,0.11196406,0.9279853,0.017688151342452645,0.03610228752856337
Plasmablasts,CAFs,TIMP1,CD63,1.7275087,0.009,1.3234588,0.11863702156924322,-0.6938293676854059,0.01758737,0.922036,1.0,0.03793349583753464
Myeloid,Endothelial,LGALS1,ITGB1,1.4917524,0.006,1.7751261,0.09282990780811115,-0.15788876847421895,0.02862669,0.9319571,0.878428018374429,0.03855347042691203
PVL,Cancer Epithelial,TIMP1,CD63,1.4746356,0.717,2.1343496,-0.02197698785162569,-0.23134208064397455,0.028363252,0.93757284,1.0,0.03917821096028991
B-cells,Cancer Epithelial,VCAN,CD44,0.18568844,0.873,0.034124196,-0.1048788204382749,-0.8836493647614931,0.010564786,0.6550561,1.0,0.03966890613859453
PVL,Myeloid,LGALS1,PTPRC,1.4742403,0.0,1.7918794,0.5348603935360493,0.8613557227746051,0.07675177,0.9322544,0.064131481517771,0.03980772815838382
Cancer Epithelial,Myeloid,FN1,PLAUR,1.4661874,0.0,1.973033,0.4780215773393418,0.48729654104472653,0.064364836,0.935233,0.15443916519390416,0.04044199896935321
Myeloid,CAFs,TIMP1,CD63,1.7237048,0.002,1.300512,0.11623489125107217,-0.42072766766387515,0.01728243,0.921405,1.0,0.04108103437053155
Myeloid,CAFs,PSAP,LRP1,1.4633763,0.0,1.3195546,0.6729870313953632,1.7175287305492333,0.16727854,0.9219298,0.017688151342452645,0.041724811053788925
PVL,Endothelial,LGALS1,ITGB1,1.4563425,0.005,1.7169983,0.07308476995429473,-0.04840233639422986,0.02768929,0.9308939,0.915940859677084,0.04237334025241963
PVL,Endothelial,SPARC,ENG,1.4519615,0.0,1.5674917,0.5904501200849568,1.3412229901583488,0.18866354,0.92790544,0.017688151342452645,0.04302660722953657
PVL,T-cells,MYL9,CD69,1.4214737,0.0,1.909517,1.0177972425989008,2.796279324914294,0.24576046,0.93423486,0.007927855445203717,0.04368459699311246
CAFs,B-cells,LUM,ITGB1,2.4217253,0.0,1.2762122,0.5385648057483307,1.8505883033751953,0.02995667,0.9207194,0.22130567232607803,0.044347321159151486
CAFs,Plasmablasts,TIMP1,CD63,1.409784,0.909,1.7204976,-0.058758433065765836,-0.5525374794417326,0.022863593,0.93095934,1.0,0.044347321159151486
Cancer Epithelial,Cancer Epithelial,LGALS9,CD44,0.18578303,0.574,0.034162894,-0.016223600152059738,-0.4414332732566959,0.015173186,0.6551842,1.0,0.04460278688157621
PVL,Myeloid,FN1,PLAUR,1.4078832,0.0,1.7530501,0.4438961537759491,0.7427265832459693,0.057188496,0.93155926,0.15290246902821733,0.04501475578167445
Endothelial,Cancer Epithelial,VWF,ITGB1,1.401577,0.0,1.9644014,0.8179469973145299,1.720857641349851,0.199337,0.9351001,0.017688151342452645,0.04636376780717
CAFs,PVL,MDK,SDC2,1.3968642,0.0,1.4015948,0.568633338741102,1.622103353316099,0.120992936,0.924073,0.017688151342452645,0.047045333134156944
Endothelial,Myeloid,TIMP1,CD63,1.3940938,0.966,1.3640511,-0.08248586367722324,-0.7742469024565637,0.018126797,0.92311496,1.0,0.04842253355767631
Cancer Epithelial,T-cells,S100A8,CD69,1.3913094,0.0,1.8438672,1.2531553205196273,3.0147136521171785,0.19264184,0.93315196,0.0016355317709524687,0.04911816572209242
Cancer Epithelial,Cancer Epithelial,CCL5,SDC1,0.18709034,0.611,0.034909185,0.027183620327333062,-0.7076556431691545,0.019223966,0.6576211,1.0,0.04953118663658368
T-cells,Endothelial,CCL5,ACKR1,1.3889794,0.0,1.926772,1.143431294316175,3.370848414999257,0.36957598,0.9345107,0.0011528324643730445,0.04981846519062598
Cancer Epithelial,Endothelial,COPA,CD74,2.147155,0.0,1.2206519,0.6152710102644487,0.8457947949567377,0.07036798,0.9190795,0.08504009644091182,0.05052344471853765
Myeloid,T-cells,LGALS1,ITGB1,1.3852358,0.209,1.3143948,0.012402339292406403,-0.07059471036496667,0.021196675,0.92178863,1.0,0.05052344471853765
CAFs,Cancer Epithelial,MDK,NCL,1.3815547,0.0,1.3361243,0.7185069872156208,1.247725133389962,0.10303964,0.92237765,0.02162776794647476,0.05123307922207035
Myeloid,PVL,APOE,SDC2,1.3785312,0.0,1.3775606,0.7944287073009104,2.5039929850798863,0.24515286,0.923464,0.008250843821393183,0.05194738170784549
Cancer Epithelial,Endothelial,HMGB1,THBD,1.6196699,0.0,1.1954998,0.782160656156389,1.2934520090324033,0.15317774,0.9183019,0.017688151342452645,0.053389927879080354
Cancer Epithelial,Cancer Epithelial,PTN,SDC1,0.18997318,0.026,0.035932098,0.14596107682942477,-0.03191543447905598,0.06921594,0.660865,0.6425863248530291,0.05445410430038297
CAFs,Plasmablasts,LGALS1,CD69,1.7369701,0.0,1.1897987,0.4801824183749105,0.7432406242511668,0.04589805,0.9181224,0.28064620589980493,0.05485103442130667
Endothelial,Myeloid,FN1,PLAUR,1.359451,0.0,1.5703143,0.4155486961612766,0.49690606011591143,0.051227238,0.9279656,0.20713640972054737,0.05485103442130667
Endothelial,Cancer Epithelial,HSPG2,ITGB1,1.3590131,0.0,1.845436,0.7336484669265387,1.3964078334825494,0.18433118,0.9331784,0.017688151342452645,0.055588527598015774
Myeloid,CAFs,FN1,PLAUR,1.3540773,0.0,1.6936506,0.2964245876553073,0.4170788758237183,0.055250753,0.93045217,0.20048959567003255,0.05633065252358882
CAFs,PVL,COL1A2,ITGA1_ITGB1,2.004249,0.0,1.174637,0.8272525800916831,2.5688149531318736,0.3388703,0.9176391,0.0031744476547659966,0.05782873337499122
CAFs,Cancer Epithelial,LGALS3BP,ITGB1,1.3503842,0.0,1.8213186,0.47814206848831114,0.7239377541708936,0.0861241,0.93276715,0.06493311531197306,0.05858468718242346
PVL,T-cells,LGALS1,ITGB1,1.3498259,0.316,1.271354,-0.007342798561410013,0.03889172171502242,0.020502575,0.92058,1.0,0.059345228164578295
Endothelial,B-cells,EFNB2,PECAM1,0.20025358,0.15,0.0361304,0.19328132288830346,0.17824203739162325,0.062083576,0.6614815,0.723338603030955,0.05937154292366524
CAFs,T-cells,TIMP1,CD63,1.3496443,0.987,1.4887798,-0.0954191937003373,-0.0147403836831832,0.019784309,0.9261631,1.0,0.06011037069881539
CAFs,CAFs,MDK,LRP1,1.3475091,0.0,1.1905293,0.5995589810484492,1.6110285114168597,0.1654756,0.9181455,0.017688151342452645,0.06088008808141443
Endothelial,B-cells,APP,CD74,1.3463578,0.201,1.3742964,0.2304759065721946,-0.21131174753458382,0.041238572,0.9233801,0.9790606215180723,0.061654394936824314
Endothelial,PVL,VWF,ITGB1,1.3358674,0.0,1.77967,0.7683315595770884,2.2602353554428034,0.18059143,0.9320381,0.017688151342452645,0.06243326431456403
CAFs,Endothelial,FN1,ITGA6,1.4653851,0.0,1.1544293,0.7003682414933867,2.0424502717690576,0.18632194,0.9169809,0.017688151342452645,0.06321671108551462
Myeloid,Myeloid,VIM,CD44,1.3351045,0.0,1.346484,0.5111608354297442,1.0231973278637616,0.0959483,0.92265373,0.02806946509248244,0.0640047186928045
B-cells,Plasmablasts,MMP7,CD151,0.19919986,0.936,0.03676413,-0.1154998130734897,-0.8300314527873172,0.0057638553,0.66342556,1.0,0.0642835055571217
CAFs,PVL,COL1A1,ITGA1_ITGB1,1.9642676,0.0,1.1491838,0.8303383593279728,2.799285227912451,0.35857108,0.9168074,0.003087614162043088,0.0647972703339507
Myeloid,CAFs,APOE,LRP1,1.3291762,0.0,1.1701145,0.8253543496082576,2.4929181431806473,0.33528253,0.91749316,0.003262867440896049,0.06559438124825102
Cancer Epithelial,Endothelial,S100A8,CD36,1.3283453,0.0,1.6304921,0.9923712001706633,2.304391057531609,0.2225564,0.92921245,0.012170863461374595,0.066396023871197
Endothelial,Plasmablasts,APP,CD74,1.3181224,0.11,1.3356559,0.21717678378169403,-0.6387321155516466,0.040079083,0.9223651,1.0,0.06801292288631793
CAFs,B-cells,TIMP1,CD63,1.3180503,0.923,1.3670481,-0.11467874210058626,-0.6896499529268687,0.018166624,0.9231928,1.0,0.06882816719774285
Endothelial,Cancer Epithelial,HBEGF,PRLR,0.19438286,0.0,0.036891993,0.6547275006983543,0.6738539507331938,0.45722094,0.6638131,0.07742246015503348,0.06918999112518037
Cancer Epithelial,CAFs,PSAP,LRP1,1.3160839,0.0,1.1555355,0.5727443904270683,1.0203190496860417,0.14648601,0.91701734,0.017688151342452645,0.06964791856837786
Cancer Epithelial,Myeloid,MIF,CD44_CD74,1.3151412,0.0,1.3195419,0.8168836392793178,1.2720724849305731,0.12902345,0.9219294,0.017688151342452645,0.07130096210644121
Cancer Epithelial,CAFs,MDK,SDC2,1.7750379,0.0,1.1190256,0.7269334155252541,1.1899122456814835,0.0966001,0.9157876,0.027011358069026613,0.07130096210644121
Cancer Epithelial,Cancer Epithelial,TNC,SDC1,0.19295071,0.009,0.036988616,0.183499110599177,0.04846197972104338,0.093032956,0.6641049,0.5257060348452516,0.07409101093566003
Endothelial,PVL,TIMP1,CD63,1.2935028,1.0,1.2367271,-0.14380540393206823,-0.6508570320385234,0.016434798,0.9195647,1.0,0.07551221574492493
Endothelial,PVL,HSPG2,ITGB1,1.2933034,0.0,1.6718919,0.6840330291890973,1.9357855475755017,0.16699676,0.9300327,0.017688151342452645,0.0763679032975759
CAFs,Myeloid,LGALS1,ITGB1,1.718252,0.0,1.0741682,0.17243153938695063,0.13626801600580352,0.017322645,0.91419655,1.0,0.0763679032975759
CAFs,PVL,LGALS3BP,ITGB1,1.2846746,0.0,1.6500427,0.4285266307508697,1.2633154682638459,0.07802503,0.92960346,0.0598543466034745,0.07809265027030945
CAFs,PVL,COL3A1,ITGA1_ITGB1,1.8323761,0.0,1.065218,0.790801462488998,2.463548661872849,0.33675146,0.91386783,0.005895179487628213,0.07809265027030945
Cancer Epithelial,Myeloid,HMGB1,CXCR4,1.5965197,0.0,1.0651827,0.7605874002260888,1.204455227078947,0.08306187,0.9138665,0.04702136627076004,0.07896169736764574
PVL,Plasmablasts,TIMP1,CD63,1.2841032,0.997,1.4960141,-0.13812429862047443,-0.6130405044694998,0.019880448,0.92632866,1.0,0.07896169736764574
Plasmablasts,Endothelial,CALR,SCARF1,0.20014282,0.534,0.03759488,0.13936783932939878,-0.04918114970202092,0.041661896,0.6659158,1.0,0.07898656802544782
Cancer Epithelial,Myeloid,S100A8,ITGB2,1.2820058,0.0,1.4734551,1.3104634309920375,2.7273973115786463,0.32695735,0.9258085,0.003191399037734821,0.0798352010440399
Myeloid,Myeloid,SPP1,CD44,1.2697275,0.0,1.2582529,0.8696535615475587,3.011361467804295,0.19058286,0.9202006,0.017688151342452645,0.0833735187507491
B-cells,Cancer Epithelial,CXCL10,SDC4,0.19698048,0.756,0.038009066,0.05905717934227579,-1.2334265584398254,0.013311282,0.66713345,1.0,0.08387665309404593
Endothelial,Endothelial,TIMP1,CD63,1.2691096,1.0,1.2058512,-0.15867527535624742,-0.9357178918798443,0.016024487,0.9186247,1.0,0.08426915532983709
CAFs,Endothelial,CD99,CD81,1.2647159,0.0,1.1350875,0.5143689556248894,1.3355086062733308,0.113707155,0.9163355,0.017688151342452645,0.08607363508020577
CAFs,CAFs,COL1A2,SDC1,1.9850054,0.0,1.0326114,0.8358274056958124,2.4825216591313306,0.26409048,0.9126364,0.005895179487628213,0.08789569898219687
Plasmablasts,Cancer Epithelial,COL1A1,CD44,0.1977489,1.0,0.039058287,-0.26718614710380423,-2.2877216649449497,0.004095878,0.67015,1.0,0.08876127743546142
Myeloid,Endothelial,C1QA,CD93,1.2499061,0.0,1.1986967,1.4061955672546895,3.0376622100475705,0.7832157,0.918402,9.274190729472457e-07,0.0897352982248748
Endothelial,CAFs,A2M,LRP1,1.2460332,0.0,1.0775297,0.6275393806434071,1.612938179843781,0.2617755,0.91431904,0.017688151342452645,0.09066166459614412
B-cells,Myeloid,TIMP1,CD63,1.3153061,0.932,1.0244279,-0.13223951931429986,-1.16798502548723,0.013613564,0.91231865,1.0,0.09066166459614412
Cancer Epithelial,B-cells,APP,CD74,1.258307,0.378,1.0206023,0.11906042430996763,-0.7919910931672165,0.030625256,0.9121689,1.0,0.09252747538804001
CAFs,CAFs,SERPING1,LRP1,1.243118,0.0,1.0742834,0.6428982282289446,1.7682723197294927,0.2774727,0.9142008,0.017688151342452645,0.09252747538804001
Endothelial,Plasmablasts,SERPINE1,PLAUR,0.20394485,0.994,0.039279822,-0.020930952242274925,-0.6542250879080491,0.021840518,0.6707748,1.0,0.09364045230694175
CAFs,CAFs,COL1A1,SDC1,1.945024,0.0,1.0102357,0.8389131849321021,2.712991933911908,0.2794438,0.9117591,0.004904144357209878,0.09441069949311946
PVL,T-cells,TIMP1,CD63,1.2239635,0.999,1.2945299,-0.1747850592550459,-0.07524340871095037,0.017202936,0.92123795,1.0,0.0982291923990867
CAFs,Endothelial,MDK,ITGA6_ITGB1,1.3035835,0.0,1.0026823,0.6784489967588074,1.6214739859392915,0.15225033,0.9114567,0.017688151342452645,0.0982291923990867
Cancer Epithelial,Cancer Epithelial,TFPI,SDC4,0.20225058,0.706,0.040381957,0.07589909072528701,-0.44905070644665435,0.023549445,0.67382306,1.0,0.0985141643368653
Cancer Epithelial,Plasmablasts,APP,CD74,1.2300713,0.408,0.99190646,0.10576130151946704,-1.2194114611842792,0.029764177,0.9110198,1.0,0.1001643635781033
Endothelial,Cancer Epithelial,HLA-A,APLP2,1.2167108,0.0,1.197869,0.4677441656002152,0.665326565725818,0.07047419,0.9183761,0.08454818104833521,0.10211675282656112
CAFs,Cancer Epithelial,COL1A1,DDR1,1.9423485,0.0,0.9909179,1.1149731102005798,2.4875337424069905,0.51977307,0.91097933,0.0001837143301028084,0.10211675282656112
Endothelial,CAFs,VWF,ITGB1,1.2155423,0.0,1.4413967,0.6774776106938606,1.8301851154723896,0.14626527,0.9250495,0.017688151342452645,0.10309939560256418
Cancer Epithelial,Cancer Epithelial,COL1A1,SDC1,0.20482525,1.0,0.041202057,-0.1691199603317875,-1.9199673091212128,0.011397004,0.67602855,1.0,0.10338243297987687
CAFs,Cancer Epithelial,CLEC11A,ITGB1,1.2119992,0.0,1.4345354,0.5230321441130705,1.0044044722955134,0.12681104,0.9248839,0.017688151342452645,0.10607299028805792
Myeloid,Cancer Epithelial,C1QB,C1QBP,1.2085639,0.0,1.4228971,1.1520266097385692,2.005717154597204,0.26326534,0.9246005,0.006027530500952695,0.10807675442503228
Plasmablasts,Cancer Epithelial,ARF6,SMAP1,0.20478547,0.569,0.041650694,0.057012686436291135,-0.40425875020438606,0.025522094,0.6772134,1.0,0.10824524490106296
Cancer Epithelial,T-cells,HLA-B,CD3D,1.2030733,0.988,1.0488366,0.4767887437289603,0.24923069922451346,0.024763139,0.91325593,1.0,0.10908500958666055
Myeloid,Myeloid,FN1,CD44,1.201431,0.0,1.166082,0.46010764243165797,0.7564058821004601,0.087733895,0.9173624,0.052286819098369464,0.11009752795632557
Myeloid,Myeloid,HLA-DRA,CD4,1.8693942,0.0,0.94610554,1.3051678601755918,2.5544489469655147,0.4216893,0.909085,0.0004651533608108599,0.11111427616940694
CAFs,Cancer Epithelial,VCAN,ITGB1,1.2007841,0.0,1.4031893,0.5239361303358556,0.9664535677293848,0.1214541,0.92411286,0.018778977605582177,0.11111427616940694
Plasmablasts,Myeloid,TIMP1,CD63,1.2970425,0.996,0.9457009,-0.14377274506600307,-1.3846873950520346,0.012567365,0.9090672,1.0,0.11213527550205352
B-cells,Cancer Epithelial,APOE,SDC2,0.20473972,0.959,0.04190111,-0.1663186481045084,-1.8097814549039313,0.007456788,0.6778682,1.0,0.11310261134849403
CAFs,Endothelial,MMP2,PECAM1,1.1968957,0.0,1.2932125,0.9445462772283097,2.7728537415700845,0.46029967,0.921201,0.0009419548847434189,0.11316049236128453
Myeloid,Myeloid,TIMP1,CD63,1.2932386,0.992,0.92930377,-0.14617487538417412,-1.1115856950305039,0.012349465,0.9083417,1.0,0.11522360935135761
B-cells,PVL,TIMP1,CD63,1.2147151,0.988,0.9288053,-0.19355905956914485,-1.0445951550691897,0.01234284,0.9083194,1.0,0.11626149739307107
PVL,B-cells,TIMP1,CD63,1.1923696,0.988,1.1886814,-0.19404460765529485,-0.7501529779546359,0.015796319,0.91808707,1.0,0.11730359238682994
CAFs,Cancer Epithelial,COL3A1,DDR1,1.810457,0.0,0.9185159,1.0754362133616049,2.1517971763673884,0.48814404,0.9078545,0.0012451934201812209,0.11730359238682994
Endothelial,Cancer Epithelial,THBS1,ITGA6,0.2130822,0.298,0.042180706,0.04193581068126416,-0.2467201204174104,0.038247373,0.67859393,1.0,0.11795454353358378
Myeloid,PVL,FN1,SDC2,1.1917832,0.0,1.1327375,0.3758159431406942,0.9433558488726206,0.10393663,0.916256,0.047976892729854455,0.11834987411648945
Myeloid,Plasmablasts,FN1,CD79A,1.1917026,0.0,1.1324588,0.9619201497983052,0.7761667220800236,0.104175605,0.9162466,0.048298614270486054,0.11940036465343543
Plasmablasts,T-cells,CD59,CD2,1.191036,0.0,1.3243924,0.7856214084119933,0.8305509740135766,0.060567513,0.9220614,0.12849112207515898,0.12151389128510112
B-cells,Endothelial,TIMP1,CD63,1.1903219,0.994,0.9056169,-0.20842893099332405,-1.3294560149105106,0.012034691,0.9072612,1.0,0.12257691506446745
Endothelial,B-cells,MMP2,PECAM1,0.22273056,0.962,0.042299747,-0.1141632350787272,-0.8722703461877042,0.015055961,0.67890114,1.0,0.12280102817640387
PVL,Endothelial,COL1A2,CD36,1.1886697,0.0,1.3616802,0.3401696419965763,0.4168004508077463,0.115353264,0.9230532,0.20237211417866277,0.12364412347089146
Cancer Epithelial,CAFs,MDK,SDC1,1.7401266,0.0,0.8955643,0.862740936018926,1.659519356143909,0.16721347,0.9067906,0.017688151342452645,0.1247154816671559
Myeloid,Endothelial,CCL2,ACKR1,1.1865625,0.0,1.3442575,0.6976206596497938,2.1519443471508035,0.17434467,0.9225946,0.017688151342452645,0.1247154816671559
Myeloid,Myeloid,HLA-DRB1,CD4,1.7502087,0.0,0.8810344,1.2246539819300402,2.178417726173614,0.41157922,0.90609705,0.0010229443817274088,0.12687068060772988
Cancer Epithelial,Cancer Epithelial,PTN,SDC2,0.20571145,0.344,0.04230709,0.03267636160370091,-0.44295141263465837,0.03767903,0.6789201,1.0,0.12764208463995713
PVL,Endothelial,CCL2,ACKR1,1.1807861,0.0,1.3276342,0.6933599281590024,2.278558890408159,0.1721887,0.9221492,0.017688151342452645,0.12904246307525377
Endothelial,Endothelial,SPARC,ENG,1.1767977,0.0,1.173106,0.4361628735357203,0.7834881304105351,0.14119522,0.9175897,0.046706052268912744,0.13123079504522056
Myeloid,Cancer Epithelial,APOE,LSR,1.2569432,0.0,0.8665091,0.994249510054965,2.0675023495796885,0.26912394,0.90538734,0.005636201802073195,0.13233113153658693
B-cells,Cancer Epithelial,COL1A2,SDC1,0.20935117,1.0,0.04280799,-0.19409573991554285,-1.9043839785498196,0.010948147,0.68020153,1.0,0.13247769968092074
CAFs,B-cells,LGALS1,ITGB1,1.6841857,0.004,0.8637251,0.1467091037862327,0.02698750975794728,0.01392892,0.9052494,1.0,0.13343558334740896
CAFs,CAFs,FN1,SDC2,1.4057449,0.0,0.8607799,0.40390572473811515,1.3088145676035121,0.0789826,0.9051029,0.0561550631336887,0.13454417428149062
CAFs,Myeloid,LGALS1,CD69,1.6835825,0.0,0.85999954,0.41004490544768446,0.9154738901124368,0.033175614,0.9050639,0.31977187012451974,0.13565683853789365
Endothelial,CAFs,HSPG2,ITGB1,1.1729783,0.0,1.3541048,0.5931790803058694,1.505735307605088,0.13525462,0.92285484,0.017688151342452645,0.13565683853789365
Plasmablasts,PVL,TIMP1,CD63,1.1964517,1.0,0.85742676,-0.20509228532084806,-1.2612975246339944,0.011394296,0.9049351,1.0,0.13677359980985687
Plasmablasts,Cancer Epithelial,CCL5,SDC1,0.21015732,0.427,0.043094035,0.05122829659597537,-0.6148257875332097,0.023731241,0.6809255,1.0,0.13730788450155695
Myeloid,B-cells,FN1,CD79A,1.1717296,0.0,1.0634291,0.9051280142211778,0.6972891744172947,0.09782553,0.91380167,0.07292890595921872,0.13789445199613665
CAFs,Myeloid,COL6A3,CD44,1.1671262,0.0,1.119785,0.8154633830365795,2.1464750911403923,0.2709912,0.91581374,0.005384771647970124,0.14014843516208259
CAFs,Myeloid,CD99,CD81,1.1912055,0.0,0.84895575,0.41965463408082715,0.9544092939125894,0.08504397,0.90450716,0.043044663757402686,0.14128152359342877
B-cells,B-cells,FAM3C,LAMP1,0.20777887,0.826,0.043155,-0.1212226891132877,-0.6762650087766497,0.00737771,0.68107903,1.0,0.142132650267574
Cancer Epithelial,T-cells,COPA,CD74,1.5395927,0.0,0.8487481,0.3291039759717542,0.11055402753087429,0.048928518,0.9044966,0.454285979860945,0.14241870920836158
CAFs,Cancer Epithelial,SPON2,ITGB1,1.1643585,0.0,1.3013805,0.5087411466404113,1.0137958621928722,0.13564563,0.9214292,0.017688151342452645,0.1435599246660694
CAFs,CAFs,LGALS3BP,ITGB1,1.1643496,0.0,1.3364085,0.33767268186764177,0.8332652282934321,0.063194305,0.9223853,0.11250045010006922,0.14470519443030266
Myeloid,PVL,TIMP1,CD63,1.1926477,1.0,0.84256023,-0.2074944156390191,-0.9881958246124636,0.011196736,0.9041801,1.0,0.14470519443030266
Endothelial,Cancer Epithelial,LGALS1,ITGB1,1.1595286,0.977,1.287881,-0.03548736859861992,-0.8159705841045781,0.020769099,0.9210509,1.0,0.1458545123998177
Endothelial,Cancer Epithelial,S100A8,CD69,0.2088075,0.99,0.04317263,-0.09761981256955601,-0.9127039362629972,0.0045105494,0.68112344,1.0,0.14695198379048022
B-cells,T-cells,CD59,CD2,1.1584787,0.034,1.2268566,0.765768023318824,0.9678070608549534,0.056106966,0.91926783,0.5126741377178875,0.14700790358380073
Plasmablasts,Myeloid,FN1,PLAUR,1.1658224,0.005,0.8397488,0.30221779831523465,-0.3655606553937638,0.027394522,0.9040352,1.0,0.15049220717726003
T-cells,Endothelial,CXCL13,ACKR1,1.1552988,0.0,1.2542866,1.336825230890796,3.488693312950673,0.673291,0.92008454,3.5928264130708587e-06,0.15166167487072957
Cancer Epithelial,B-cells,PTN,NCL,0.20841917,0.127,0.043403883,0.10646902982480562,-0.06659725071907369,0.03453306,0.68170327,0.7175574338209607,0.15176589624511458
Endothelial,Endothelial,CCL2,ACKR1,1.1514808,0.0,1.2432992,0.6717446700037549,1.7522277484660727,0.16125081,0.91976047,0.017688151342452645,0.15401263894889727
Plasmablasts,Endothelial,TIMP1,CD63,1.1720585,1.0,0.8360204,-0.21996215674502725,-1.5461583844753153,0.011109827,0.90384203,1.0,0.15401263894889727
Myeloid,Plasmablasts,LGALS1,CD69,1.2739636,0.001,0.833093,0.22200124785394554,-0.08368281226760954,0.032137662,0.90368944,0.7372829497758137,0.15519415499824946
Myeloid,Myeloid,HLA-DRB5,CD4,1.6544917,0.0,0.8287761,1.207033213738883,2.144812651539256,0.41115758,0.9034631,0.0013926720130897627,0.15637963258166343
Cancer Epithelial,CAFs,COL1A2,SDC1,0.21787287,1.0,0.043630335,-0.10848183854887555,-1.462954515396925,0.011158463,0.6822676,1.0,0.1565744068574867
CAFs,PVL,CLEC11A,ITGB1,1.1462896,0.0,1.2996323,0.47341670637562916,1.5437821863884658,0.114885785,0.9213805,0.017688151342452645,0.15876254322430233
Endothelial,Endothelial,HLA-A,APLP2,1.1456323,0.0,0.94934535,0.38964914727436567,0.9297638071450076,0.055852816,0.9092261,0.16471190899151136,0.15995999637697314
Cancer Epithelial,PVL,S100A8,CD36,1.143666,0.0,1.0046444,0.807931552650236,2.3608557650215523,0.1371304,0.91153556,0.017688151342452645,0.1611613862291175
Cancer Epithelial,B-cells,MYL9,CD69,0.21492152,0.997,0.043695148,-0.14980260174072005,-1.4220768303594276,0.005623694,0.6824284,1.0,0.16137748630940732
Myeloid,Endothelial,TIMP1,CD63,1.1682545,1.0,0.821525,-0.2223642870631983,-1.2730566844537845,0.010917199,0.9030793,1.0,0.16236673886847422
CAFs,B-cells,LGALS1,CD69,1.6768084,0.0,0.818152,0.40114532653662993,0.5256310908047183,0.03156129,0.9028991,0.660750191136542,0.16357608080960243
Endothelial,Cancer Epithelial,LAMC1,ITGA6_ITGB1,0.21879321,0.003,0.043966055,0.16051029457387386,0.1840180933221475,0.070597954,0.6830978,0.4338528019909748,0.16617515384511683
CAFs,PVL,VCAN,ITGB1,1.1350744,0.0,1.271234,0.47432069259841414,1.5058312818223372,0.1100326,0.9205766,0.017688151342452645,0.16722768820734094
Myeloid,Endothelial,SPP1,S1PR1,1.1508875,0.0,0.81505847,0.9244009650980196,3.1331575333099844,0.42180485,0.90273285,0.0012451934201812209,0.16722768820734094
PVL,CAFs,A2M,LRP1,1.1285429,0.0,0.946697,0.5475510295295405,1.6202645908776523,0.22999094,0.9091108,0.017688151342452645,0.1696817978576843
Cancer Epithelial,Myeloid,S100A9,CD68,1.1276267,0.0,1.1872774,1.403065455592945,2.373660942628063,0.4232268,0.9180426,0.0003948325707576445,0.17091471938364744
Cancer Epithelial,Cancer Epithelial,CCL5,SDC4,0.2109465,0.341,0.04429733,0.11822884124291244,-0.5152114079660547,0.01866793,0.6839098,1.0,0.17096741251529868
Endothelial,Endothelial,CALM1,AQP1,1.1269121,0.0,1.2657104,0.6552662318518372,1.7182442728186107,0.15659553,0.92041725,0.017688151342452645,0.17215155488654443
Endothelial,Myeloid,HLA-A,APLP2,1.1254303,0.0,0.87871003,0.36745291422882825,0.7516204281396702,0.051697128,0.9059846,0.20237211417866277,0.17339233172668944
Cancer Epithelial,Cancer Epithelial,VEGFA,CD44,0.2106368,0.021,0.04433089,0.19242603902361868,-0.024775187457464876,0.04266352,0.68399155,0.6270024528929633,0.17575426537063635
PVL,Plasmablasts,LGALS1,CD69,1.2385536,0.0,0.8058128,0.20225611000012914,0.025803619812379552,0.03108529,0.90223086,0.6816418712989686,0.17713798219460575
Endothelial,Endothelial,VWF,ITGB1,1.1132238,0.0,1.153746,0.600219888579288,1.5173634091447161,0.11707602,0.9169584,0.017688151342452645,0.17713798219460575
CAFs,Myeloid,VIM,CD44,1.1128733,0.0,1.0465667,0.3723397135570856,0.6399808518937035,0.074576676,0.91317004,0.08854386870445928,0.1783942962724893
Endothelial,Cancer Epithelial,TGM2,ITGB1,1.1088656,0.0,1.1462789,0.6545977340473951,1.1622869780492018,0.18067531,0.91671085,0.017688151342452645,0.17965448771951575
Plasmablasts,Cancer Epithelial,COL1A2,SDC1,0.21373533,1.0,0.044363618,-0.19175295583939223,-1.9490614529859844,0.011346,0.68407136,1.0,0.18053573154613914
PVL,Cancer Epithelial,LGALS3BP,ITGB1,1.1066585,0.0,1.1401101,0.2749300068484021,0.37130709917069593,0.053912014,0.9165046,0.2270396567949134,0.18091855043444138
CAFs,Endothelial,CCL2,ACKR1,1.1028814,0.0,1.1034403,0.6358982275159161,1.733929351831083,0.14311168,0.9152452,0.017688151342452645,0.18218651250899154
T-cells,Cancer Epithelial,LGALS1,ITGB1,1.101232,0.982,1.1249431,-0.06799455760047124,-0.5863976396404804,0.01814147,0.91599077,1.0,0.18345829955981377
CAFs,Cancer Epithelial,LAMA4,ITGA6_ITGB1,0.22073862,0.014,0.04457422,0.10124790301836166,0.08077103961750134,0.05233383,0.6845829,0.7447838605144805,0.18531178190566966
T-cells,Endothelial,HMGB1,THBD,1.1401972,0.0,0.78818655,0.4634462847436011,1.2689979618545886,0.10098925,0.9012511,0.02326106332377209,0.1860134609561926
Cancer Epithelial,CAFs,HMGB1,SDC1,1.5472076,0.0,0.7875966,0.6783186591293324,1.163455032438982,0.11088222,0.90121776,0.017688151342452645,0.18729678869863123
CAFs,PVL,SPON2,ITGB1,1.0986489,0.0,1.1789993,0.4591257089029698,1.5531735762858245,0.12288958,0.917779,0.017688151342452645,0.18729678869863123
Myeloid,Endothelial,FN1,ITGA6,1.0985026,0.0,0.8103454,0.4856316011583997,0.9427264814958133,0.13078769,0.902478,0.02162776794647476,0.18858395110117807
Endothelial,PVL,LGALS1,ITGB1,1.0938189,1.0,1.1667693,-0.08510280633606138,-0.2765928700116258,0.018815981,0.91738474,1.0,0.18987494206258945
B-cells,Cancer Epithelial,MMP7,SDC1,0.21530949,0.21,0.044922177,0.10357230626722738,-0.13259780418683303,0.028424257,0.6854218,0.8393308946921665,0.19008243560241672
CAFs,Myeloid,PLAU,PLAUR,1.1506413,0.0,0.7824705,0.729036051852956,1.8224790673953524,0.21607162,0.9009267,0.013703773984598499,0.1911697903979516
PVL,Myeloid,COL4A2,CD44,1.0822792,0.0,1.0052779,0.6474750094193376,1.6689771547483945,0.15852226,0.91156095,0.017688151342452645,0.19246842027604003
Cancer Epithelial,Cancer Epithelial,PTN,SDC4,0.21382932,0.003,0.045595337,0.23700629774500415,0.16052880072404382,0.06721393,0.6870231,0.40769027262503515,0.19484769568706373
Cancer Epithelial,Endothelial,CALM1,AQP1,1.0754814,0.0,1.1564772,0.6168887732151089,1.2284453375199464,0.14308104,0.91704834,0.017688151342452645,0.19507710469588024
PVL,Myeloid,VIM,CD44,1.0718391,0.0,0.9911882,0.3467066161235222,0.7867086059942848,0.07063049,0.9109904,0.08308523334317743,0.19770101675373325
Endothelial,Endothelial,HSPG2,ITGB1,1.0706599,0.0,1.0838745,0.5159213581912968,1.1929136012774144,0.108262695,0.9145487,0.017688151342452645,0.19901863699608735
Endothelial,Cancer Epithelial,HBEGF,CD44,0.21440867,0.012,0.045874007,0.18063608371576056,0.1918244338376715,0.06010489,0.68767786,0.43504177368265823,0.1996075652102942
Cancer Epithelial,Endothelial,CD24,SELP,1.2814796,0.0,0.7624647,1.516258666376852,2.1963518864724874,0.60801363,0.89976484,0.0009818989097276122,0.20034007261866843
Myeloid,T-cells,CD59,CD2,1.0704615,0.008,0.9631723,0.7120953209227169,0.8301443579593526,0.044048086,0.9098211,0.4035272505377286,0.20034007261866843
PVL,Endothelial,COL4A2,CD93,1.0683558,0.0,0.9637926,0.7523690664539913,1.9768497547068997,0.31870276,0.90984744,0.00909549182041047,0.20432689037466284
CAFs,Cancer Epithelial,COL1A2,CD44,1.9473703,0.0,0.75485057,0.6403353287870513,1.6332368471545335,0.07318783,0.8993113,0.07425585734669696,0.20432689037466284
Cancer Epithelial,Myeloid,MYL9,CD69,0.22169574,1.0,0.045930102,-0.14090302282966558,-1.0322340310517089,0.0059113395,0.68780905,1.0,0.2043620632163739
Myeloid,Myeloid,LGALS1,ITGB1,1.2552454,0.778,0.75212896,-0.08574963113401433,-0.6906554205129728,0.012129258,0.8991477,1.0,0.2070035919022803
CAFs,Myeloid,TIMP3,CD44,1.0676634,0.0,0.9855527,0.6217153715333967,1.8134451141491703,0.17582203,0.9107589,0.017688151342452645,0.2070035919022803
Plasmablasts,Cancer Epithelial,CXCL10,SDC4,0.21459171,0.833,0.045938604,0.07285850471767731,-1.206791767039292,0.01608831,0.6878289,1.0,0.2091111607507039
CAFs,Endothelial,LGALS3BP,ITGB1,1.062031,0.0,1.0697097,0.2604149597530693,0.5204435219657586,0.050583012,0.9140333,0.21691686583149994,0.20969523005733914
CAFs,CAFs,MDK,SDC2,1.2439433,0.0,0.7476324,0.3819864800035359,0.887838281773746,0.06453951,0.8988755,0.10480090295862006,0.21104668503223295
T-cells,Endothelial,CALM1,AQP1,1.0454674,0.0,1.0927306,0.5944923402226316,1.773265234073841,0.13519423,0.91486615,0.017688151342452645,0.21240182850512457
Cancer Epithelial,Myeloid,MIF,CD74_CXCR4,1.1669732,0.0,0.7400585,0.7640213428412164,1.235364685262771,0.10572287,0.89841175,0.019422310698439384,0.21240182850512457
PVL,Myeloid,COL1A2,CD44,1.0449264,0.0,0.9548676,0.3630767970062588,0.40304914793684243,0.092580825,0.90946513,0.20809927345492027,0.21376069071367204
Plasmablasts,Myeloid,HLA-DRA,CD4,0.22147259,0.993,0.046396796,0.13697764108901384,-0.9121504249815823,0.020679547,0.68889344,1.0,0.21385487687567797
CAFs,Cancer Epithelial,COL1A1,CD44,1.9073889,0.0,0.7384937,0.6434211080233411,1.863707121935111,0.07744273,0.89831513,0.06177106803192652,0.21512330229606774
Endothelial,PVL,TGM2,ITGB1,1.0431559,0.0,1.0384834,0.6049822963099536,1.701664692142154,0.16368468,0.9128622,0.017688151342452645,0.21512330229606774
PVL,PVL,LGALS3BP,ITGB1,1.0409489,0.0,1.0328947,0.22531456911096062,0.9106848132636483,0.04884215,0.9126473,0.2494470557824758,0.21648958377191782
Cancer Epithelial,CAFs,TIMP1,CD63,1.630431,0.077,0.73784006,0.057333432589824984,-0.8213459373682557,0.009805114,0.89827466,1.0,0.21648958377191782
B-cells,B-cells,VCAN,ITGB1,0.22322889,0.999,0.046649233,-0.331630258429392,-1.4879550029508928,0.0040377593,0.68947464,1.0,0.21859321464197973
Myeloid,CAFs,APOE,SDC2,1.2256104,0.0,0.7348122,0.6077818485633444,1.7697279135375337,0.13076834,0.89808667,0.017688151342452645,0.21923324191765553
PVL,Myeloid,LGALS1,ITGB1,1.2198355,0.939,0.72749996,-0.10549476898783075,-0.5811689884329837,0.011732077,0.89762807,1.0,0.22199169021689152
CAFs,Cancer Epithelial,FBLN1,ITGB1,1.0356228,0.0,0.9415668,0.5413796353956868,1.237202383413862,0.1865131,0.908886,0.017688151342452645,0.22199169021689152
Cancer Epithelial,Cancer Epithelial,VIM,CD44,0.21655837,1.0,0.046753474,-0.37131583347376484,-1.7763117005260314,0.003331578,0.6897135,1.0,0.22332617710029262
T-cells,PVL,LGALS1,ITGB1,1.0355223,0.999,1.0191541,-0.11760999533791269,-0.047019925547528096,0.016435456,0.912112,1.0,0.22337641293800692
Cancer Epithelial,Cancer Epithelial,MDK,SDC4,1.712777,0.0,0.7205032,0.8453629989374803,1.2724090229817708,0.10294986,0.8971832,0.021983042126598913,0.22755261387966924
PVL,Endothelial,COL1A2,CD93,1.0310031,0.0,0.9154627,0.46797085404091243,0.7109217478953478,0.1861301,0.90771514,0.06947726894332493,0.22755261387966924
Cancer Epithelial,Cancer Epithelial,TNC,SDC4,0.21680686,0.001,0.046935987,0.2745443315147564,0.24090621492414319,0.09034207,0.69013023,0.3294039558199363,0.22805378320439554
CAFs,CAFs,CLEC11A,ITGB1,1.0259645,0.0,1.0526029,0.3825627574924012,1.113731946418052,0.09304871,0.9133978,0.045460627666360595,0.23035502905407212
Cancer Epithelial,Cancer Epithelial,COL1A1,CD44,0.21839596,1.0,0.047505263,-0.2561888792435235,-2.189697552732772,0.004981677,0.6914179,1.0,0.23277600418071448
CAFs,Cancer Epithelial,COL1A2,SDC1,1.9337995,0.0,0.6546937,0.7274042476987874,1.9029670907660925,0.167438,0.89268064,0.017688151342452645,0.23277600418071448
T-cells,Endothelial,CALM3,AQP1,1.0228047,0.0,1.0445975,0.8031906329871521,2.3076460588626864,0.2154926,0.91309536,0.014163581830092278,0.2345858757572492
Cancer Epithelial,Endothelial,CALM3,AQP1,1.0222588,0.0,1.043438,0.8026567099641415,1.6563881581364814,0.21525338,0.9130513,0.017688151342452645,0.2360034465748605
T-cells,Myeloid,HMGB1,CXCR4,1.1170468,0.0,0.70226914,0.44187302881330087,1.1800011799011323,0.05476224,0.89599484,0.17464154724309092,0.23742459428555557
PVL,Endothelial,COL1A1,CD36,1.0200275,0.0,1.0371206,0.2767093675954789,0.1578981051355337,0.09502546,0.9128099,0.41089411005790444,0.23742459428555557
Cancer Epithelial,CAFs,LGALS9,MRC2,0.22589767,0.007,0.047561966,0.1892025174104167,0.42296140915479236,0.08727779,0.69154507,0.3934132321026922,0.2374928590011052
Plasmablasts,Cancer Epithelial,LGALS1,ITGB1,1.0186384,0.998,0.8940955,-0.11405028052045763,-1.4938613901275881,0.01441869,0.90672123,1.0,0.2388493509086978
CAFs,Cancer Epithelial,COL4A1,SDC1,0.22351557,0.813,0.047833942,0.020817074757214463,-0.3675161613414612,0.035602026,0.6921529,1.0,0.24220435071625124
CAFs,CAFs,VCAN,ITGB1,1.0147493,0.0,1.0296024,0.38346674371518624,1.0757810418519234,0.089118004,0.91252,0.04454303306420042,0.24458438329997914
Endothelial,Cancer Epithelial,THBS1,SDC1,0.2236357,0.133,0.047876567,0.0810164712952011,-0.12388603160203909,0.053381458,0.6922478,0.8671209667378825,0.246910482376836
Cancer Epithelial,CAFs,FN1,PLAUR,1.0129709,0.172,1.0250283,0.09677496285042847,-0.34899175155659523,0.033438765,0.9123421,1.0,0.24747341412228613
PVL,Endothelial,CALM1,AQP1,1.012485,0.0,1.0226794,0.569880943703387,1.7145081079238613,0.1265274,0.91225034,0.017688151342452645,0.24892326248962143
CAFs,Myeloid,COL6A2,CD44,1.011347,0.0,0.9095498,0.721252275212612,1.800236942772734,0.2556627,0.90744334,0.01393244954915874,0.2503766709591255
CAFs,Cancer Epithelial,TNC,SDC1,0.22468738,0.0,0.048249733,0.2442114875720372,0.6201348926480983,0.12135667,0.69307417,0.20617689119517174,0.2516112728464083
CAFs,CAFs,FN1,SDC1,1.3708336,0.0,0.6888884,0.5397132452317871,1.7784216780659379,0.13671781,0.8950951,0.017688151342452645,0.25183367270839263
Cancer Epithelial,Myeloid,MMP7,CD44,1.0078794,0.0,0.90486985,1.091214795400477,1.7814921722721677,0.21705835,0.90722656,0.013477543633718494,0.25329418317395386
Myeloid,Myeloid,HLA-DPB1,CD4,1.3949331,0.0,0.687066,1.1931685495137367,2.172517286616555,0.44280216,0.89497066,0.0010651056127041689,0.25329418317395386
Cancer Epithelial,B-cells,MDK,NCL,1.7073668,0.0,0.68587357,0.7148257310172819,1.0452829715386533,0.052893408,0.894889,0.18857136599916163,0.2547582354377883
Endothelial,T-cells,VWF,ITGB1,1.0067073,0.0,0.854293,0.5197923200635832,1.6046574672539684,0.08668911,0.9047775,0.03988153027534815,0.2547582354377883
Myeloid,Myeloid,S100A8,CD68,1.0057318,0.0,0.8416057,0.9297926968742413,1.6744650310867146,0.12535532,0.904131,0.017688151342452645,0.25622586296335215
Endothelial,Cancer Epithelial,GNAI2,CAV1,0.2218879,0.865,0.048269477,0.018802922020763585,-0.2933490367877041,0.0263877,0.69311774,1.0,0.2563066935319057
Myeloid,Cancer Epithelial,HLA-A,APLP2,1.004914,0.0,0.9076276,0.3149556839337265,0.2357539462799676,0.053398434,0.9073545,0.3335064984918151,0.2576969806149598
Endothelial,T-cells,LGALS1,CD69,1.0048842,0.381,1.0028505,0.3377350658973123,0.5938603673341134,0.03868628,0.9114635,0.9666106073010562,0.2591716217609452
PVL,PVL,COL1A2,CD36,1.0039904,0.0,0.8390131,0.15572999447614896,0.47326515829768934,0.07107609,0.9039972,0.45255619227672084,0.26064978030006475
CAFs,Cancer Epithelial,COL1A1,SDC1,1.8938181,0.0,0.64050716,0.7304900269350771,2.13343736554667,0.17717227,0.8916267,0.017688151342452645,0.2609967633149027
Endothelial,Cancer Epithelial,LAMA4,ITGA6_ITGB1,0.23318335,0.012,0.04846465,0.11813224790803345,0.08326084601346287,0.05690151,0.6935467,0.6561735836490106,0.2609967633149027
Endothelial,T-cells,LGALS1,PTPRC,1.0028516,0.346,0.9991042,0.3622021527422459,0.5491097384343551,0.042794738,0.9113124,0.942269064240821,0.26361666519057986
Myeloid,Endothelial,CXCL9,ACKR1,0.9985888,0.0,0.80330706,0.9257976472530367,2.4811156108850145,0.46930423,0.9020934,0.0011984265739269056,0.2651053393957755
B-cells,Cancer Epithelial,COL1A1,SDC1,0.22567284,0.996,0.048599403,-0.15801588979363618,-1.9000788341036234,0.013443203,0.6938417,1.0,0.2656814852460825
PVL,Cancer Epithelial,LUM,ITGB1,0.99054706,0.968,0.8155811,-0.0037313787729438275,-1.3726757970079548,0.019144224,0.90276104,1.0,0.2695923359477681
CAFs,Plasmablasts,COL4A1,CD47,0.22610939,1.0,0.04923261,-0.1846928176781032,-0.9802598770547357,0.006834898,0.6952149,1.0,0.2703608623761287
PVL,Plasmablasts,MYL9,CD69,1.0699762,0.0,0.6759388,0.5560190394135612,1.2571600974770765,0.0869953,0.8942008,0.03932569862639594,0.2726010644172157
Myeloid,Endothelial,CCL5,ACKR1,0.98693824,0.0,0.76977915,0.7243494234680689,1.7821009349167118,0.14765207,0.9001945,0.017688151342452645,0.2726010644172157
Endothelial,T-cells,ICAM1,IL2RG,0.98687905,0.0,0.81253636,1.0742602599357638,2.394706840836011,0.24983525,0.9025968,0.007613217330871481,0.2741106052180259
Endothelial,Plasmablasts,THBS1,CD47,0.22622952,0.995,0.049276482,-0.12449342114011654,-0.7366297473153136,0.010248205,0.6953093,1.0,0.27503491347861664
Endothelial,Endothelial,CXCL2,ACKR1,0.98652685,0.0,0.7685953,0.7340184098263021,2.2155235933350026,0.19389798,0.9001254,0.017688151342452645,0.2756236023990398
Cancer Epithelial,Cancer Epithelial,MDK,SDC2,1.7046591,0.0,0.6685419,0.6410330627961771,0.6689288096230686,0.057712004,0.89367914,0.14911089975017489,0.27714004985901397
Cancer Epithelial,Cancer Epithelial,MMP7,CD151,0.9860221,0.0,0.84625,0.8863608066697097,1.0640097580193704,0.13267449,0.90436924,0.017688151342452645,0.2786599824685322
Endothelial,Plasmablasts,HLA-B,CD3D,1.8468224,0.0,0.66446483,0.2943827350335089,0.0234864740254635,0.015688084,0.8933882,1.0,0.27970361014048223
B-cells,Cancer Epithelial,COL1A2,CD44,0.22292188,1.0,0.04935687,-0.28116465882727887,-2.1741142221613785,0.0047854795,0.6954819,1.0,0.27970361014048223
Myeloid,Endothelial,CALM1,AQP1,0.98592806,0.0,0.96627563,0.5500642244571431,1.3979870325707253,0.11954903,0.90995294,0.017688151342452645,0.2801833122751889
Cancer Epithelial,Myeloid,PKM,CD44,0.9840548,0.0,0.87271684,0.5677838351374169,0.8520189522580653,0.09585104,0.9056927,0.03334248403555885,0.28171007405691023
Myeloid,Myeloid,HLA-DQB1,CD4,1.3519554,0.0,0.6636017,1.2610184413219212,2.46898468173071,0.46377215,0.8933263,0.0002267770060510983,0.28324030296127056
Cancer Epithelial,Endothelial,GRN,TNFRSF1A,0.22600074,0.452,0.04940148,0.04023769146316897,-0.06346191987765104,0.027763538,0.69557756,1.0,0.2843669711532748
Endothelial,CAFs,VWF,LRP1,0.9812224,0.0,0.78264654,0.8999264094875641,2.582489820204991,0.55780584,0.9009368,0.0015512139839845445,0.28477391048139067
CAFs,Endothelial,SERPING1,SELP,1.1364992,0.0,0.6628507,0.6931921304383801,1.6119813673922114,0.37968996,0.89327234,0.017688151342452645,0.28477391048139067
Myeloid,Myeloid,C1QB,C1QBP,0.98120695,0.0,0.7850221,0.9190527053605018,1.8082983837458257,0.1452453,0.9010719,0.017688151342452645,0.28631093167267996
B-cells,Myeloid,FN1,PLAUR,1.118729,0.094,0.6620644,0.27465400892878333,-0.37539017816261433,0.021598052,0.8932157,1.0,0.28631093167267996
CAFs,Endothelial,CXCL10,ACKR1,0.98083186,0.0,0.75220627,0.6275859231061472,2.0658436924828285,0.119901426,0.89915234,0.017688151342452645,0.2878513604338946
Cancer Epithelial,PVL,COL1A2,ITGA1_ITGB1,0.23711658,1.0,0.04963126,-0.11705666415300489,-1.376661221396382,0.014318092,0.69606864,1.0,0.289024999567678
T-cells,T-cells,CD59,CD2,0.97993016,0.138,0.69195586,0.6568894077462957,0.8803670469100915,0.03164473,0.8953035,0.7063541966591965,0.2893952322796286
Myeloid,CAFs,C1QB,LRP1,0.97979283,0.0,0.78105474,1.1448049668076374,2.610552827981542,0.630662,0.9008459,5.8835970425509625e-05,0.2909424579683065
Plasmablasts,Myeloid,HLA-DQB1,CD4,0.22750899,0.522,0.049692467,0.2210385080593406,-0.3784238642540819,0.03472864,0.696199,1.0,0.29367769843437525
Endothelial,Endothelial,HMGB1,THBD,0.98213327,0.0,0.6539109,0.3583782893288044,0.8172062901819328,0.08378469,0.8926233,0.0550794984774596,0.29404707104250827
CAFs,CAFs,SPON2,ITGB1,0.9783238,0.0,0.9548993,0.3682717600197419,1.1231233363154107,0.099531166,0.9094665,0.05026305478209478,0.29404707104250827
Cancer Epithelial,Plasmablasts,S100A8,CD69,1.0398118,0.0,0.65269977,0.7913771173342875,1.4755944246799615,0.068192154,0.89253443,0.09163231973431948,0.29560448820577323
Myeloid,Cancer Epithelial,LGALS3BP,ITGB1,0.9779523,0.002,0.7803789,0.16761811425593354,-0.2404574567305442,0.03690152,0.9008072,1.0,0.29716523444179477
B-cells,Cancer Epithelial,COL3A1,DDR1,0.22795928,0.996,0.049801663,0.195165344642033,-1.5290440781796648,0.026467025,0.6964311,1.0,0.29832507080404996
Endothelial,CAFs,LGALS1,ITGB1,0.9734939,1.0,0.944994,-0.17595675521928927,-0.7066431099820396,0.015239508,0.90903634,1.0,0.2987293455387071
CAFs,Endothelial,FN1,PLAUR,1.3631566,0.0,0.65108865,0.2101762100789996,0.5654014440360243,0.02124,0.8924159,1.0,0.30029685764706365
CAFs,PVL,FBLN1,ITGB1,0.9699131,0.0,0.8530223,0.4917641976582454,1.7765800975068142,0.16897349,0.9047134,0.017688151342452645,0.3018676802522197
Cancer Epithelial,Cancer Epithelial,CXCL10,SDC4,0.22366828,0.779,0.050025366,0.07997150400801047,-1.0960315450660023,0.01751955,0.6969046,1.0,0.3029671197273856
Cancer Epithelial,B-cells,LGALS9,CD47,0.23385972,0.732,0.050221443,-0.07239337362221512,-0.4150941654629949,0.010974631,0.6973176,1.0,0.3076038794497864
Myeloid,Endothelial,CXCL8,ACKR1,0.96466273,0.0,0.7056748,1.072381522313836,2.7785064677345432,0.6497197,0.89622,0.00019740398713908824,0.3081844179314833
Endothelial,T-cells,HSPG2,ITGB1,0.9641433,0.0,0.80255646,0.4354937896755921,1.2802076593866667,0.08016327,0.90205216,0.05366953644189187,0.30977191239855023
CAFs,CAFs,PSAP,LRP1,0.96287334,0.0,0.76221377,0.3323605195903028,0.9730353918295739,0.096625045,0.89975,0.07470217228823173,0.3113627229162294
Plasmablasts,Cancer Epithelial,COL1A2,CD44,0.22730604,1.0,0.051150486,-0.27882187475112824,-2.218791696597543,0.004959383,0.6992485,1.0,0.31223529059671046
CAFs,Myeloid,COL6A1,CD44,0.9596319,0.0,0.8397564,0.679802471725097,1.7329785357326815,0.23297712,0.9040356,0.017688151342452645,0.31295688635202745
CAFs,Cancer Epithelial,FN1,PLAUR,1.3604299,0.0,0.63766325,0.20788252234382248,0.3330413069392013,0.020802032,0.89141154,1.0,0.3145543107560793
Plasmablasts,Plasmablasts,MMP7,CD151,0.249284,0.879,0.05130813,-0.046979676125486175,-0.7906418187515908,0.008044054,0.69957197,1.0,0.3168613874493665
B-cells,Cancer Epithelial,LGALS1,ITGB1,0.9564632,0.983,0.72031724,-0.14872021625333115,-1.4373113769657944,0.011616244,0.89717126,1.0,0.31775908993798707
Cancer Epithelial,PVL,MMP7,CD151,0.95629,0.0,0.76650995,0.8548132270287192,1.5871943379668672,0.1201729,0.9000032,0.017688151342452645,0.3193663893668443
CAFs,T-cells,LGALS3BP,ITGB1,0.95551455,0.001,0.7920682,0.1799873912373645,0.6077375800750109,0.037454266,0.90146947,0.4372094811466472,0.32097696823852284
PVL,Cancer Epithelial,LAMA4,ITGA6_ITGB1,0.24231151,0.004,0.051318247,0.13051681437956714,0.3015847478887286,0.060251877,0.6995927,0.5798649393940829,0.3214821730584379
CAFs,Cancer Epithelial,TIMP2,ITGB1,0.955271,0.0,0.71698505,0.4052865862744154,0.7062641424500675,0.11009746,0.89695716,0.07161981898566151,0.322590820451779
PVL,CAFs,FN1,PLAUR,0.95466685,0.361,0.91074306,0.06264953928703573,-0.09356170935535246,0.029710518,0.9074984,0.9698496094972483,0.32420798349282876
Endothelial,Cancer Epithelial,TIMP1,CD63,0.9535075,1.0,0.8063746,-0.3510644824366849,-1.6150371019799707,0.010715866,0.9022616,1.0,0.325828364173238
Endothelial,Cancer Epithelial,MYL9,CD69,0.23145553,1.0,0.051693756,-0.1569241429281793,-1.2186259206801207,0.0066531384,0.7003582,1.0,0.3260976504746083
Plasmablasts,PVL,LGALS1,ITGB1,0.95292866,1.0,0.81001514,-0.16366571825789908,-0.9544836760346358,0.013062763,0.90246004,1.0,0.3274519998913293
Cancer Epithelial,B-cells,COPA,CD74,1.1572626,0.43,0.6147145,0.14902313081553595,-0.6907142188174424,0.03543698,0.8896249,1.0,0.32907892839601594
B-cells,Cancer Epithelial,MMP7,CD44,0.2288802,0.404,0.051794495,0.016503387355491353,-0.402328047798392,0.012424358,0.7005625,1.0,0.3307078227485609
Myeloid,Endothelial,C1QB,C1QBP,0.94992256,0.0,0.6972502,0.886995407008493,1.7858876737744362,0.12900569,0.89566016,0.017688151342452645,0.3307090559729766
PVL,Endothelial,CCL8,ACKR1,0.94742894,0.0,0.65607953,0.8096139780997069,2.7505470951678026,0.37897873,0.89278185,0.00456272226220272,0.3323424202837238
Plasmablasts,Cancer Epithelial,COL1A1,DDR1,0.23270856,1.0,0.05240878,0.20436585507343452,-1.6638950444730702,0.027490344,0.70179766,1.0,0.33531269293097954
T-cells,T-cells,LGALS1,CD69,0.94658756,0.67,0.87597364,0.30522787689546094,0.8234333117982111,0.03379184,0.9058516,1.0,0.33561887889972225
T-cells,T-cells,LGALS1,PTPRC,0.944555,0.645,0.8727013,0.32969496374039453,0.7786826828984528,0.037380513,0.9056919,1.0,0.337261916890946
T-cells,Cancer Epithelial,HLA-A,APLP2,0.943552,0.0,0.82353854,0.2706896014287572,0.2891593641795027,0.048451222,0.9031863,0.29042816749643274,0.3389081672108171
Cancer Epithelial,Myeloid,HLA-DMA,CD4,0.23260745,0.664,0.05247605,0.20566982724403834,-0.23130659724448244,0.036775317,0.7019319,1.0,0.33991226407254727
Cancer Epithelial,Cancer Epithelial,LUM,ITGB1,0.9434074,0.971,0.68382674,-0.026573343021341733,-1.9456880846870683,0.01605154,0.89474833,1.0,0.3405576237580919
Myeloid,B-cells,LGALS1,ITGB1,1.2211792,0.759,0.6047774,-0.11147206673473227,-0.799935926760829,0.009752983,0.8888222,1.0,0.3438661757592521
B-cells,Cancer Epithelial,S100A8,CD69,0.23523256,0.745,0.05311483,-0.07021796552030436,-1.0498104562915431,0.0055492814,0.7031961,1.0,0.3445065392239479
Plasmablasts,Cancer Epithelial,LUM,ITGB1,0.9412943,0.971,0.6779206,-0.027597299229546207,-2.072744426833968,0.015912905,0.8943392,1.0,0.3455252144670331
Myeloid,CAFs,FN1,SDC2,1.0388623,0.0,0.60421973,0.18916908440312816,0.2090907773302677,0.05544141,0.8887766,0.3560377040394241,0.3455252144670331
Endothelial,CAFs,HSPG2,LRP1,0.93865836,0.0,0.7352489,0.8156278790995728,2.258040012337689,0.51581496,0.89811385,0.004028930604176534,0.3488528761343022
Myeloid,Myeloid,LGALS1,CD69,1.220576,0.001,0.60216874,0.15186373492671948,0.08855045359366054,0.023229454,0.8886084,1.0,0.3488528761343022
CAFs,Cancer Epithelial,ARF6,SMAP1,0.23532894,0.237,0.053126633,0.09097443639422884,-0.037484688801539795,0.03255415,0.7032193,0.8479845567129164,0.34909552143586486
Cancer Epithelial,Endothelial,ARF1,INSR,0.9363637,0.0,0.74955225,0.7789983869891071,1.48044078619464,0.19439827,0.89899194,0.017688151342452645,0.3505214420904102
Endothelial,Cancer Epithelial,APP,CD74,0.93394655,0.996,0.8099092,0.036226607485673606,-1.0036314595833524,0.024302982,0.9024543,1.0,0.35219317156488705
B-cells,Endothelial,FAM3C,LIFR,0.23155944,0.32,0.053233646,0.16225323197962815,0.09899659651177428,0.055173382,0.70342916,0.9089668392020309,0.353679244596786
Myeloid,Endothelial,HLA-A,APLP2,0.9338355,0.0,0.71932083,0.236860665607877,0.5001911876991572,0.042319786,0.89710736,0.34463402188750963,0.3538681035979509
CAFs,Endothelial,CALM1,AQP1,0.9332327,0.0,0.85435647,0.5107430454966153,1.3310302977294326,0.10570222,0.90478075,0.019585694116081555,0.35554614189020656
CAFs,CAFs,MDK,SDC1,1.209032,0.0,0.5983356,0.5177940004972079,1.3574453922361718,0.11171702,0.88829195,0.017688151342452645,0.35554614189020656
Cancer Epithelial,Plasmablasts,COPA,CD74,1.129027,0.491,0.5974308,0.13572400802503537,-1.1181345868345052,0.034440614,0.88821685,1.0,0.35722732539693547
Plasmablasts,CAFs,COL1A1,SDC1,0.23538399,1.0,0.053430483,-0.07169407019504315,-1.4384368529681528,0.014779538,0.7038141,1.0,0.3582576500462072
Cancer Epithelial,Plasmablasts,HMGB1,CXCR4,1.5130377,0.0,0.5952481,0.5932555996762936,0.5030263517347089,0.046416845,0.88803506,0.2687686998626348,0.3605991491284055
Myeloid,Endothelial,CXCL2,ACKR1,0.9311299,0.0,0.609174,0.6723281442966764,1.8775411425480035,0.15367986,0.8891796,0.017688151342452645,0.3605991491284055
Plasmablasts,Myeloid,S100A8,CD68,0.92805004,0.0,0.62131405,0.8492393060932768,1.063148116734602,0.092543356,0.89014804,0.03213782203630097,0.3622897317552074
Myeloid,Cancer Epithelial,ICAM1,CAV1,0.23714305,0.962,0.054091673,-0.07160034628758088,-0.6368537052773342,0.016213778,0.70509434,1.0,0.36283077170821565
Myeloid,Plasmablasts,HLA-B,CD3D,1.6614921,0.0,0.59417665,0.17992294517692517,-0.2552387211457123,0.014028572,0.8879455,1.0,0.3639834351913433
PVL,PVL,LUM,ITGB1,0.92483747,1.0,0.7388842,-0.05334681651038528,-0.8332980829150025,0.01734391,0.8983393,1.0,0.36738022590168595
B-cells,Endothelial,LGALS3,MCAM,0.240794,0.757,0.054127567,-0.02568822522746285,-0.424304740569786,0.019254915,0.7051633,1.0,0.3673986126334947
Cancer Epithelial,Endothelial,MMP7,CD151,0.9244309,0.0,0.6810657,0.8210087125978343,1.1512822470605968,0.106777005,0.8945577,0.018307068764528363,0.3690832552418199
PVL,B-cells,LGALS1,ITGB1,1.1857693,0.85,0.5849735,-0.13121720458854869,-0.6904494946808399,0.009433615,0.8871665,1.0,0.37078938098614894
CAFs,Endothelial,CLEC11A,ITGB1,0.9236461,0.0,0.8425414,0.3053050353778287,0.8009102400903786,0.07447955,0.90417916,0.10082247789559053,0.37078938098614894
Cancer Epithelial,Myeloid,HLA-DRA,CD4,0.23618272,0.99,0.05442803,0.1474054698427806,-0.7759271846568992,0.024259152,0.7057384,1.0,0.371961175872728
Endothelial,CAFs,TGM2,ITGB1,0.9228308,0.0,0.84109217,0.5141283474267258,1.2716144521717403,0.13257208,0.9041046,0.017688151342452645,0.37249864309835473
CAFs,Cancer Epithelial,PLA2G2A,ITGB1,0.9207096,0.0,0.6203868,0.43294951250574465,1.816648575089736,0.18093772,0.890075,0.021804862358911475,0.37421094343030736
Endothelial,Myeloid,HMGB1,CXCR4,0.95898294,0.0,0.58263046,0.33680503339850415,0.7282095082284765,0.04543293,0.88696545,0.28795907911759616,0.37421094343030736
PVL,CAFs,LGALS3BP,ITGB1,0.9206238,0.0,0.8365658,0.1344606202277327,0.48063457329323445,0.03955841,0.90387034,0.555302247025753,0.37592632186255964
PVL,Myeloid,LGALS1,CD69,1.1851661,0.0,0.5824503,0.13211859707290305,0.19803688567364963,0.022468789,0.88694996,1.0,0.37592632186255964
Plasmablasts,B-cells,FAM3C,LAMP1,0.23598574,0.84,0.054643568,-0.08825394561252742,-0.6681337472296011,0.009341777,0.7061486,1.0,0.376518464476599
Endothelial,B-cells,HMGB1,CXCR4,0.8562978,0.037,0.26645964,0.13098205920923858,-0.021766193489296176,0.020778252,0.84143543,1.0,0.37687085886438776
Myeloid,Cancer Epithelial,CD14,ITGB1,0.91929656,0.0,0.6164373,0.6873534397741439,0.7783148316799297,0.20578727,0.8897622,0.047338274105418264,0.37764481860719723
Myeloid,PVL,ICAM1,CAV1,0.6142733,0.0,0.2678935,0.28977106269447606,0.9255118331432288,0.080300085,0.8417931,0.12516466756050199,0.37812145873485914
CAFs,Cancer Epithelial,LGALS1,CD69,1.6384274,0.0,0.5810548,0.3507225257053519,0.45938698008170026,0.022414954,0.8868296,0.9922754002236756,0.37936633501878925
Myeloid,Endothelial,GRN,TNFRSF1A,0.6301856,0.0,0.26517615,0.5328761726256226,1.2049485450197988,0.14902851,0.8411131,0.017688151342452645,0.3793749573429213
Plasmablasts,Cancer Epithelial,CCL5,SDC4,0.23401347,0.21,0.05468334,0.14227351751155476,-0.42238155233011,0.023044838,0.70622414,1.0,0.38107048149579087
T-cells,CAFs,LGALS1,ITGB1,0.91519725,1.0,0.8254369,-0.20846394422114062,-0.4770701655179419,0.0133114625,0.90328693,1.0,0.3810909112267853
Cancer Epithelial,Cancer Epithelial,PKM,CD44,0.7489398,0.0,0.26455748,0.23716072069379796,-0.07497385402649853,0.029056516,0.8409569,0.7574123856866922,0.3818901235597313
Myeloid,Myeloid,HLA-A,APLP2,0.9136336,0.0,0.6658003,0.21466443256233958,0.32204780869381977,0.039171014,0.89348376,0.40450520761727293,0.3828185411299415
PVL,Cancer Epithelial,COL4A2,SDC1,0.8335935,0.0,0.2643078,0.40392081388745465,1.0117145920753896,0.109939076,0.84089375,0.0343303427239224,0.3831519327200646
Myeloid,Plasmablasts,FN1,PLAUR,0.94196,0.492,0.26931047,-0.05024955262228062,-0.9977869288013341,0.0087855235,0.8421441,1.0,0.3831519327200646
CAFs,Cancer Epithelial,FBN1,ITGB1,0.91284025,0.0,0.59839195,0.42615165461429333,0.7214513941343725,0.14790046,0.88829666,0.06614962774729694,0.3845492652692488
CAFs,CAFs,POSTN,PTK7,1.2748383,0.0,0.5770916,0.721596569286396,2.4204343369079577,0.29159078,0.88648576,0.013703773984598499,0.3845492652692488
B-cells,Plasmablasts,FN1,PLAUR,0.25339526,1.0,0.054692928,-0.453266745837718,-2.6265442753889885,0.0017842082,0.7062423,1.0,0.3856172299809876
B-cells,Endothelial,COL1A1,CD36,0.6181018,0.818,0.26359612,0.06263115072856429,-1.2290649685597146,0.024151813,0.8407133,1.0,0.3856837466029476
Myeloid,Myeloid,HLA-DPA1,CD4,1.1932963,0.0,0.5769793,1.1430285567894605,2.1217781275299914,0.4321629,0.8864759,0.0016065854276698917,0.3862829843408093
CAFs,Endothelial,VCAN,ITGB1,0.91243094,0.0,0.824131,0.30620902160061375,0.7629593355242499,0.071333274,0.9032178,0.09915257646266283,0.3862829843408093
Endothelial,B-cells,COL4A1,CD47,0.5877891,0.023,0.2630815,0.16902744009206183,0.37079611324167894,0.036523253,0.84058243,0.4779546834547643,0.3869537568280794
Myeloid,Cancer Epithelial,FN1,ITGA6,0.9421919,0.0,0.27011195,0.17747278628583807,-0.023690769387916116,0.043595377,0.84234154,0.6247995478524125,0.3869537568280794
Endothelial,PVL,HLA-A,APLP2,1.0388641,0.0,0.57603425,0.27234127276711373,0.7335920779936806,0.03388981,0.8863934,0.5512856107220321,0.38801973880363466
Myeloid,PVL,LGALS3BP,ITGB1,0.91224265,0.001,0.70699245,0.11800267651849208,0.2989202573624081,0.033431318,0.89630675,0.6584589052438133,0.38801973880363466
Endothelial,PVL,LUM,ITGB1,0.7368807,1.0,0.2629513,-0.1444231211666113,-1.7570953282700779,0.006172285,0.84054923,1.0,0.38822668923720133
Cancer Epithelial,Cancer Epithelial,FN1,PLAUR,0.652441,0.997,0.27089828,-0.20650374279604342,-1.5327531107143566,0.008837322,0.8425345,1.0,0.38950241023573456
CAFs,Endothelial,THBS2,CD36,0.91169095,0.0,0.8286219,0.6998371880085916,1.9695837254489537,0.38228574,0.9034551,0.017688151342452645,0.38975952255648116
B-cells,Cancer Epithelial,FN1,ITGA6,0.25362715,1.0,0.054855697,-0.22554440692959932,-1.6524481159755704,0.008853569,0.7065505,1.0,0.39015871298287236
B-cells,Endothelial,S100A8,CD36,0.6223086,0.005,0.27169237,0.26023600998563,0.06283982072957106,0.037085045,0.8427285,0.506643440806939,0.390780785027801
Myeloid,CAFs,C1QB,C1QBP,0.9110599,0.0,0.58821684,0.8471726358926057,1.72520412314294,0.10883226,0.88744295,0.017688151342452645,0.39150237646661534
Myeloid,B-cells,LGALS1,CD69,1.2138019,0.01,0.5728673,0.14296415601566498,-0.30129234571405805,0.02209911,0.88611555,1.0,0.39324820057693033
CAFs,B-cells,SPON2,ITGB1,0.6054322,0.477,0.2604058,0.08671206336232595,0.16825447170112717,0.027142644,0.8398963,1.0,0.3933460583797209
Cancer Epithelial,CAFs,CCL5,SDC1,0.23829615,0.214,0.05506028,0.13560677832435813,-0.1281010748039163,0.030320873,0.70693624,0.8256890672999581,0.3946949335521286
Cancer Epithelial,Cancer Epithelial,MDK,SDC1,1.6889209,0.0,0.5678035,0.754317778021901,1.0799647877786709,0.10601628,0.8856668,0.019259951624503318,0.3946949335521286
PVL,CAFs,FN1,SDC1,0.6045407,0.975,0.26003015,0.09120155652852846,0.16805730261362262,0.051605973,0.8397992,1.0,0.3959225336979365
PVL,Cancer Epithelial,SPON2,ITGB1,0.90860116,0.0,0.58654386,0.24153212408847935,0.16430650285271597,0.061136704,0.8873006,0.40450520761727293,0.39674892286618657
Cancer Epithelial,CAFs,AGRN,ITGB1,0.6457726,0.0,0.27288973,0.32643683604302814,0.4107288157750383,0.09883314,0.8430197,0.20426785875240838,0.39721504939894003
Cancer Epithelial,Endothelial,SLPI,PLSCR1,0.90835,0.0,0.8070792,1.044425681629647,1.6225128236201676,0.20832033,0.9023001,0.017688151342452645,0.398503761711812
Endothelial,Cancer Epithelial,HMGB1,SDC1,0.85846514,0.003,0.273133,0.14611313430472272,0.1076547452232735,0.03845318,0.8430786,0.497308942795169,0.3985103750461718
CAFs,Cancer Epithelial,COL4A1,CD44,0.23708628,0.96,0.05515171,-0.06625184415452157,-0.6372464049530202,0.01556179,0.7071081,1.0,0.399225925222382
Endothelial,Endothelial,THBS1,CD36,0.61606467,0.0,0.25967556,0.3016635118174016,0.5471278339418697,0.09590416,0.8397074,0.12984009867789253,0.3998083737288721
CAFs,T-cells,MYL9,CD69,0.9073942,0.0,0.79067314,0.6124382211485271,1.3399951689088248,0.10176196,0.90139115,0.02252413786116549,0.4002615932396676
Cancer Epithelial,Myeloid,LGALS1,PTPRC,0.5817525,1.0,0.2629062,0.03719364201397929,-0.9916483060399492,0.01126109,0.8405377,1.0,0.4011093281184509
Endothelial,CAFs,FN1,PLAUR,0.9062346,0.731,0.8158083,0.03430208167236323,-0.33938223248541033,0.02661353,0.9027732,1.0,0.40202241134850947
Cancer Epithelial,Cancer Epithelial,MMP7,CD44,0.7727644,0.0,0.27430442,0.7605916809568579,0.8544993659876037,0.06579959,0.84336156,0.10082247789559053,0.40241296103819424
PVL,Plasmablasts,HMGB1,CXCR4,0.71692073,0.644,0.25851178,0.06406215483063463,-0.06235423995836187,0.020158486,0.8394049,1.0,0.40371955637326445
CAFs,B-cells,THBS2,CD47,0.58090943,0.002,0.25894392,0.3359514551044997,1.0551787240871868,0.06727274,0.8395174,0.3177618496481887,0.40371955637326445
B-cells,Cancer Epithelial,COL1A1,CD44,0.23924355,0.998,0.056034274,-0.24508480870537222,-2.169809077715182,0.0058760787,0.7087494,1.0,0.40375163004305836
CAFs,Cancer Epithelial,PLAU,ITGB1,0.9061305,0.0,0.5796384,0.3761270229837424,0.639760727088554,0.10320684,0.8867071,0.08905310603329683,0.4037862574702631
Cancer Epithelial,PVL,VEGFA,ITGB1,0.7413939,0.0,0.27437934,0.3380882465731455,0.7558382789378331,0.07382428,0.84337956,0.07292890595921872,0.4050288357318814
CAFs,Cancer Epithelial,COL5A2,DDR1,0.6081248,0.0,0.25849402,0.7990247613227814,1.386785034358096,0.51533,0.83940023,0.017688151342452645,0.4050288357318814
Endothelial,Cancer Epithelial,ADAM15,ITGB1,0.90452105,0.0,0.57514006,0.45911133664043796,0.7539124408453158,0.096798666,0.88631517,0.05366953644189187,0.4055530305173542
CAFs,Cancer Epithelial,COL6A2,CD44,0.77623206,0.0,0.2757231,0.3906291607689931,0.87324413648817,0.077502206,0.84370196,0.06138409307161087,0.4063410842155877
Plasmablasts,Cancer Epithelial,APOE,SDC2,0.23863457,0.997,0.056061808,-0.1417771997511717,-1.7320948309473392,0.009976847,0.7088001,1.0,0.4082720815831774
Cancer Epithelial,Endothelial,FN1,PLAUR,0.6551677,1.0,0.27660182,-0.2042100550608663,-1.3003929736175337,0.009023382,0.84391165,1.0,0.4089739360503955
Myeloid,Endothelial,LGALS3,MCAM,0.5774087,0.0,0.25803262,0.3050594584636596,0.7507321044331443,0.091790505,0.8392798,0.10251338407219057,0.4089739360503955
Endothelial,B-cells,LGALS1,ITGB1,0.60060227,1.0,0.25770456,-0.4575164518767052,-1.6615119745963232,0.0041558896,0.83919394,1.0,0.4089739360503955
CAFs,Myeloid,BGN,LY96,0.9025429,0.0,0.7494735,0.6175725651806572,1.5797594342707124,0.22460832,0.8989872,0.017688151342452645,0.4090954753415652
Cancer Epithelial,Cancer Epithelial,ADAM15,ITGB1,0.9006651,0.0,0.56436276,0.4519862923894447,0.26844084471414775,0.09498479,0.8853587,0.3017361169526887,0.4108711827684142
Endothelial,Myeloid,LGALS1,CD69,0.5999992,1.0,0.25659296,-0.1941806502152535,-0.7730255942418336,0.009898412,0.83890206,1.0,0.41161813628266264
Cancer Epithelial,Endothelial,LGALS3BP,ITGB1,0.5795531,0.995,0.2776897,-0.14186244931632733,-0.8138149206705031,0.0131310215,0.84417,1.0,0.41161813628266264
CAFs,Myeloid,SPON2,ITGB2,0.9004104,0.0,0.8097893,0.9392716916087538,2.136310473093032,0.4288305,0.90244776,0.0014971139480462498,0.41264979239575694
Cancer Epithelial,Cancer Epithelial,MDK,ITGA6_ITGB1,1.6783674,0.0,0.50025207,0.715237117407964,0.9571306989632996,0.07595979,0.87909544,0.0669700784466872,0.41278728289342226
Cancer Epithelial,CAFs,PTN,SDC1,0.24117897,0.0,0.056673665,0.25438423482644984,0.5476391338861821,0.10917038,0.70991904,0.183253589775331,0.41278728289342226
Endothelial,PVL,COL4A1,ITGA1_ITGB1,0.5965912,0.0,0.27848282,0.412114464866849,1.2800351114253181,0.23380345,0.8443575,0.02960266834086173,0.41294457117992284
B-cells,Cancer Epithelial,LUM,ITGB1,0.90017533,0.906,0.56299394,-0.04752190030214365,-1.896036093914277,0.013215218,0.88523537,1.0,0.4144313458950514
T-cells,Myeloid,LGALS1,ITGB1,0.5763719,1.0,0.2799456,-0.4643012052778386,-1.3226585238843693,0.004514562,0.84470147,1.0,0.4156058400745952
PVL,PVL,COL4A1,ITGA1_ITGB1,0.5754996,0.0,0.26505533,0.39180184760309367,1.411589918457605,0.22253025,0.84108263,0.039049971740775784,0.4156058400745952
Cancer Epithelial,Endothelial,S100A9,CD36,0.89980805,0.0,0.80575275,0.8948653558431628,1.56384610305582,0.26321462,0.9022276,0.017688151342452645,0.4162158852548312
B-cells,Cancer Epithelial,VIM,CD44,0.24153672,1.0,0.05697244,-0.3557125699500882,-1.7154642739021864,0.0040597655,0.7104601,1.0,0.41729723702447674
CAFs,B-cells,VCAN,ITGB1,0.64185774,0.416,0.2807777,0.10190704705777032,0.1209121772376398,0.024302922,0.844896,1.0,0.4196192159619321
Myeloid,Endothelial,HMGB1,THBD,0.8955606,0.003,0.58036727,0.300832066855749,0.7309950383855,0.07436165,0.8867702,0.33666251321920176,0.41979365685953574
Endothelial,CAFs,COL4A2,SDC1,0.64281744,0.0,0.28145185,0.3237710188334665,0.8874776488891739,0.11707015,0.8450531,0.08405840286588578,0.42096263050057653
CAFs,Endothelial,BGN,LY96,0.68890107,0.0,0.25480306,0.3242047544805715,0.9013411340845998,0.076361455,0.8384285,0.08357075569426475,0.42096263050057653
PVL,Cancer Epithelial,POSTN,PTK7,0.25111848,1.0,0.056977965,-0.044425230436224,-0.7993807251898899,0.028789625,0.7104701,1.0,0.4218019470270241
CAFs,Cancer Epithelial,COL6A1,CD44,0.7245169,0.0,0.25456578,0.34917935728147803,0.8059857294481174,0.070625246,0.8383654,0.08357075569426475,0.4223090544508482
PVL,CAFs,SERPING1,LRP1,0.8940666,0.0,0.68559325,0.397059472227648,1.2491787309779014,0.17707936,0.89486974,0.03769302221891731,0.42338315473571486
Plasmablasts,Endothelial,CXCL2,ACKR1,0.8077756,0.0,0.2541855,0.5349603934785896,1.1696613401564324,0.064124845,0.83826405,0.10712649331301338,0.4236582008418356
B-cells,CAFs,HMGB1,SDC1,0.59396815,0.852,0.2541132,0.044682923954579123,-0.015694866227330295,0.035775464,0.8382448,1.0,0.4250103633634128
Cancer Epithelial,Endothelial,CCL5,ACKR1,0.81783205,0.0,0.28312594,0.5480755502055104,1.015789039251477,0.054306656,0.8454409,0.17890870667379827,0.4250103633634128
B-cells,Endothelial,VCAN,SELP,0.2551817,0.305,0.057310004,0.22267213923116297,0.06292761405871083,0.07726771,0.7110674,0.899616207890745,0.42630141595174775
B-cells,PVL,LGALS1,ITGB1,0.8907535,0.997,0.65257895,-0.1983356539907726,-0.897933662872842,0.010523858,0.89252555,1.0,0.4269842334212059
PVL,Myeloid,LGALS3BP,ITGB1,0.58179843,1.0,0.28372,-0.1213766408289653,-0.36495378507319287,0.013416173,0.84557784,1.0,0.42772316710460057
Myeloid,Myeloid,HLA-DMB,CD4,0.6009345,0.0,0.25357002,0.9509865935874082,1.640579670327122,0.49688596,0.83809966,0.017688151342452645,0.42772316710460057
Cancer Epithelial,CAFs,COPA,CD74,0.5718171,1.0,0.25634912,-0.12672664489816754,-1.5212759720405153,0.014777981,0.8388378,1.0,0.42772316710460057
CAFs,Cancer Epithelial,CALM1,KCNN4,0.57147956,0.003,0.2722809,0.43036797181732844,0.27095109930245087,0.0721515,0.84287184,0.33666251321920176,0.4290839605192096
Cancer Epithelial,Myeloid,SLPI,CD4,0.6577866,0.0,0.28460932,1.1512774815284907,1.6075342811102398,0.49199477,0.84578204,0.008285089477133833,0.4290839605192096
CAFs,PVL,TIMP2,ITGB1,0.8895613,0.0,0.6495601,0.35567114853697396,1.2456418565430198,0.09974395,0.892303,0.056517060757592434,0.4305969410694332
Endothelial,Cancer Epithelial,LGALS9,SLC1A5,0.2614421,0.0,0.0574501,0.31509298435686206,0.46718623178032265,0.1148395,0.71131814,0.1671535510236374,0.4307956468493314
Endothelial,Myeloid,TGM2,ITGB1,0.5840055,0.153,0.2852551,0.25829108637002773,0.426026093805313,0.044961616,0.8459298,0.7299519415518138,0.4318140525734915
Endothelial,Myeloid,LGALS1,PTPRC,0.8890733,0.945,0.7893955,0.20856114624789276,-0.10970675714087808,0.033812262,0.90131927,1.0,0.43240759795246897
Endothelial,Cancer Epithelial,LGALS9,CD47,0.5701737,0.0,0.28335154,0.3253442162398529,0.4688940777383348,0.061919335,0.84549296,0.16552279685798507,0.4331833566927463
Plasmablasts,Endothelial,CCL2,ACKR1,0.8186288,0.0,0.28541878,0.42623570813389955,0.4614922378435169,0.037017643,0.8459672,0.45602072148699885,0.4331833566927463
PVL,Cancer Epithelial,COL1A2,SDC1,0.79624075,0.03,0.25105393,0.11952260147437585,-0.2542134147361625,0.06420708,0.83742195,1.0,0.4345557004694911
Cancer Epithelial,PVL,ADAM17,ITGB1,0.74593127,0.0,0.28586847,0.25769805897698683,0.566124065230716,0.05971119,0.8460697,0.1754888060758102,0.4345557004694911
Endothelial,Cancer Epithelial,LAMC1,CD44,0.24291742,0.024,0.0575373,0.11252203627607478,0.03712193852595985,0.0430691,0.71147376,0.679296439076276,0.4352846427704583
CAFs,B-cells,CLEC11A,ITGB1,0.6530729,0.393,0.28705004,0.10100306083498528,0.1588630818037685,0.025374845,0.8463381,0.9731805793003186,0.4359307913496538
Endothelial,Endothelial,CALM1,INSR,0.88577867,0.0,0.69090617,0.4238204055257044,1.14554226099648,0.09411632,0.8952323,0.02937988349150765,0.43603758483881294
PVL,B-cells,LGALS1,CD69,1.1783919,0.019,0.5541083,0.12321901816184856,-0.19180591363406896,0.021375459,0.8844248,1.0,0.43603758483881294
Cancer Epithelial,T-cells,CXCL16,CXCR6,0.56908286,0.0,0.28212017,0.9589789149659085,1.5349778776380831,0.38982007,0.8452083,0.017688151342452645,0.43730892861218357
PVL,Endothelial,CLEC11A,ITGB1,0.5858173,0.817,0.2879727,-0.034773871066135977,-0.1973746976619224,0.025456406,0.84654665,1.0,0.4386899673501126
B-cells,Myeloid,S100A9,CD68,0.7971147,0.0,0.250005,0.839050874703417,1.3918527669465217,0.08911886,0.83713675,0.03689601728811354,0.4386899673501126
B-cells,Myeloid,ANXA1,FPR1,0.24086404,0.993,0.057731092,0.15207048739133572,-0.5279249444628773,0.036242984,0.71181875,1.0,0.4397684369311338
Endothelial,T-cells,S100A8,CD69,0.6588477,0.0,0.24973595,0.4936182832853423,0.9102689353436864,0.02609168,0.8370633,0.27903528937654365,0.440073761406544
Myeloid,Plasmablasts,HMGB1,CXCR4,0.7889284,0.15,0.2889691,0.11192701037565359,-0.05943061891219448,0.02253352,0.8467709,1.0,0.440073761406544
CAFs,CAFs,HMGB1,SDC1,0.6566358,0.982,0.28918535,0.08633929480154866,0.2746287536852,0.04071312,0.8468194,1.0,0.44146061193530317
Myeloid,T-cells,CD58,CD2,0.93271726,0.0,0.55051416,1.1636549790221276,2.101062979630659,0.23128027,0.8840918,0.009994468378161262,0.44150396088828053
PVL,Cancer Epithelial,COL1A2,CD44,0.8098115,0.154,0.28946087,0.032453682562639814,-0.5239436583477215,0.028065173,0.84688115,1.0,0.44285022325754675
Myeloid,Endothelial,LUM,ITGB1,0.5683743,1.0,0.2593389,-0.2863021331895544,-2.246439677212563,0.006087491,0.83962005,1.0,0.44285022325754675
Myeloid,B-cells,C1QB,C1QBP,0.8046724,0.0,0.28973502,0.7381568348774132,1.2630819103774826,0.053606957,0.84694254,0.1823783503130658,0.4442428977802809
Cancer Epithelial,Cancer Epithelial,LGALS1,CD69,0.24752319,1.0,0.05773907,-0.4248705341914995,-2.1110540531716415,0.0022273608,0.71183294,1.0,0.44424697201620944
Plasmablasts,T-cells,FAM3C,CLEC2D,0.59500355,0.0,0.24730906,0.6153355403884756,1.011723821143312,0.06601926,0.8363963,0.09750350509904801,0.445638338570167
Endothelial,Cancer Epithelial,LUM,ITGB1,0.80259037,1.0,0.29024592,-0.09480768342916984,-2.29647304236303,0.0068129743,0.8470567,1.0,0.445638338570167
Endothelial,CAFs,SERPINE1,PLAUR,0.61606216,0.0,0.24702452,0.32574318803531305,0.7606407167170033,0.13735154,0.8363175,0.08116426865341321,0.44703684929002097
CAFs,Endothelial,CXCL12,ITGB1,0.58725166,0.007,0.29032737,0.16923920772924106,0.513579533499172,0.08533183,0.84707487,0.4013388415614471,0.44703684929002097
Endothelial,CAFs,FN1,SDC2,0.5910197,1.0,0.29104438,-0.07295342157981596,-0.5473703309788609,0.026705366,0.84723455,1.0,0.44843828284209153
PVL,B-cells,COL4A1,CD47,0.56669754,0.045,0.25039658,0.1487148228283065,0.502350920273966,0.034762226,0.8372434,0.5333439083572564,0.44843828284209153
B-cells,PVL,COL3A1,ITGA1_ITGB1,0.2498784,0.999,0.0577558,-0.089469406230574,-1.2172925926742044,0.018258564,0.7118627,1.0,0.44872028127689934
Cancer Epithelial,PVL,LUM,ITGB1,0.8776978,0.997,0.61952,-0.07618878075878319,-1.406310370594116,0.01454206,0.8900066,1.0,0.45067153043535374
PVL,Endothelial,FN1,PLAUR,0.59686357,1.0,0.24576215,-0.23833547862425905,-1.0449629314162907,0.008017323,0.8359665,1.0,0.45124977892373386
PVL,PVL,COL18A1,ITGA1_ITGB1,1.0156397,0.0,0.5452607,0.6374061017390141,2.11579316296634,0.33694303,0.88359964,0.017688151342452645,0.4525134963127477
Cancer Epithelial,CAFs,FN1,SDC1,0.66284484,0.64,0.29266024,0.1253269800919212,-0.08737273958762015,0.058081787,0.84759253,1.0,0.45265984692368744
Endothelial,Endothelial,MMP2,PECAM1,0.56591403,0.0,0.25385463,0.3885007819491295,0.5796433249969279,0.090355754,0.8381758,0.11807410216345274,0.45265984692368744
B-cells,Myeloid,S100A8,ITGB2,0.5759691,0.0,0.24552494,0.5783282408070043,0.48584607477660846,0.0544816,0.8359003,0.17633914397987474,0.45265984692368744
Cancer Epithelial,Cancer Epithelial,SPINT1,ST14,0.24118191,0.0,0.058001727,0.7611774402149117,0.6679369159695527,0.42805842,0.7122982,0.07974555376660794,0.45318836776388705
Plasmablasts,Endothelial,CXCL10,ACKR1,0.82147723,0.0,0.29361612,0.5027052136802752,0.32420868017823956,0.046802312,0.847803,0.2676020441779263,0.45407300168323284
PVL,Myeloid,COL1A1,CD44,0.8762843,0.0,0.72727275,0.29961652260516136,0.14414680226462984,0.076266035,0.8976137,0.4222564380694656,0.45435827183374544
Cancer Epithelial,Endothelial,LGALS1,ITGB1,0.56385463,1.0,0.25191957,-0.42458198156777527,-1.9014063652087843,0.0040625976,0.83765614,1.0,0.45548894185756356
Endothelial,PVL,COL15A1,ITGA1_ITGB1,0.6208617,0.0,0.2939341,0.5858493479464145,1.7654074269014388,0.3719164,0.84787285,0.017688151342452645,0.45548894185756356
CAFs,Endothelial,SPON2,ITGB1,0.8760054,0.0,0.764336,0.2910140379051694,0.8103016299877372,0.07966835,0.8998753,0.12320005425525786,0.4562059006838134
CAFs,PVL,COL5A1,ITGA1_ITGB1,0.5631913,0.0,0.2572195,0.5325482505993742,1.7521177164425739,0.4217813,0.8390668,0.017688151342452645,0.4569079755255633
Endothelial,CAFs,COL4A1,SDC1,0.5773475,0.0,0.2448114,0.42068929047097836,1.1937418174247751,0.18220913,0.8357006,0.02659660403178416,0.4569079755255633
B-cells,Myeloid,VCAN,ITGB1,0.25729513,1.0,0.05801513,-0.305907822828674,-1.3786744967030364,0.005021543,0.71232194,1.0,0.45765123452785605
CAFs,Endothelial,MFAP2,NOTCH1,1.0582852,0.0,0.5407969,0.7638751653469458,2.2919798015910557,0.3973573,0.8831762,0.007306830649778743,0.45805627726353093
Endothelial,B-cells,LGALS1,CD69,0.593225,1.0,0.24410717,-0.20308022912630797,-1.162868393549552,0.009416755,0.8355027,1.0,0.45832995338259697
CAFs,Cancer Epithelial,COL6A3,SDC1,0.9184404,0.0,0.294414,0.5719091875046965,1.4892125284673872,0.18793905,0.847978,0.017688151342452645,0.45832995338259697
Plasmablasts,PVL,LUM,ITGB1,0.87558466,1.0,0.61416924,-0.07721273696698766,-1.5333667127410155,0.014416463,0.88958126,1.0,0.4599094451829566
Endothelial,CAFs,MDK,SDC2,0.5612853,0.999,0.2702512,-0.06140116429639842,-0.42820579372409884,0.023329489,0.84237576,1.0,0.461182599926234
Myeloid,Endothelial,CLEC11A,ITGB1,0.59013593,0.76,0.295062,-0.030426477028188716,-0.34521147845208844,0.026083095,0.8481197,1.0,0.461182599926234
Endothelial,B-cells,LUM,ITGB1,0.24366406,1.0,0.058078106,-0.5168367667072551,-3.142014432854775,0.0013632738,0.7124331,1.0,0.46210888461948985
B-cells,Endothelial,CXCL10,ACKR1,0.803866,0.003,0.24293455,0.4889038883048737,0.2975738887777062,0.03872369,0.8351715,0.41250309143351255,0.46261327407861896
B-cells,Cancer Epithelial,TIMP1,CD63,0.87471986,1.0,0.60560244,-0.40081813807376154,-2.0087752250106368,0.008047816,0.88888955,1.0,0.4636241807226583
Myeloid,Cancer Epithelial,HMGB1,SDC1,0.7718925,0.232,0.24241444,0.0885669118316673,0.021443493426840654,0.034128454,0.83502394,0.8391090860350336,0.46404705856579714
PVL,Cancer Epithelial,COL1A1,DDR1,0.676129,0.116,0.295825,0.44054541033878114,-0.15901938354805456,0.15517116,0.8482859,0.8869806013623464,0.46404705856579714
CAFs,CAFs,THBS2,SDC1,0.5704678,0.0,0.24096118,0.5876133054834162,1.878124428270283,0.3356138,0.8346094,0.017688151342452645,0.465483647599294
CAFs,Cancer Epithelial,LAMA4,CD44,0.24486282,0.123,0.058333192,0.05325964472056256,-0.0661251151786863,0.03192686,0.7128818,1.0,0.4665613210894717
PVL,Cancer Epithelial,FN1,PLAUR,0.5941369,1.0,0.24069455,-0.24062916635943615,-1.2773230685131138,0.007852007,0.834533,1.0,0.46692335370626115
PVL,Cancer Epithelial,THBS1,CD47,0.5793189,0.0,0.2975173,0.25310536623488716,0.4687479106008592,0.061875727,0.8486526,0.1850135155915593,0.46692335370626115
CAFs,PVL,HLA-A,APLP2,0.559266,0.993,0.25998375,-0.07363702774583496,-0.09134229161587148,0.015295618,0.8397872,1.0,0.46692335370626115
T-cells,Myeloid,PKM,CD44,0.87441766,0.0,0.72475356,0.47753610722674766,1.3033881745330191,0.07960014,0.89745414,0.054724434373802776,0.4673499584685765
T-cells,Plasmablasts,HLA-B,CD3D,1.5014658,0.054,0.53348523,0.08109059857344346,-0.1529753520775316,0.0125956405,0.88247216,1.0,0.4673499584685765
PVL,Cancer Epithelial,APOE,LSR,0.567604,0.0,0.29805955,0.4951360164930296,0.3996697036523621,0.09257256,0.84876955,0.21198433593756744,0.4683660253590796
CAFs,Cancer Epithelial,TIMP3,CD44,0.8325484,0.0,0.2987628,0.29109225708977776,0.8864523078646065,0.05329911,0.8489207,0.18589821701832737,0.4698115097526012
Plasmablasts,Endothelial,COL1A2,CD36,0.6061643,0.993,0.24062183,0.02889408468280824,-1.2780475874420756,0.020384017,0.83451205,1.0,0.4698115097526012
Cancer Epithelial,CAFs,TNC,SDC1,0.24415651,0.0,0.05834005,0.2919222685962021,0.6280165480862816,0.14673561,0.71289384,0.1199772058552131,0.47100854698848527
T-cells,Endothelial,HLA-A,APLP2,0.8724735,0.0,0.65267783,0.19259458310290767,0.5535966055986923,0.03839898,0.8925328,0.4222564380694656,0.47108677954779593
CAFs,Cancer Epithelial,COL6A2,SDC1,0.76266134,0.0,0.23913896,0.47769807968072914,1.142974380099729,0.17730835,0.8340848,0.017688151342452645,0.4712601213302543
Endothelial,T-cells,MYL9,CD69,0.6814957,0.0,0.29902717,0.434313952926719,0.6043469509265629,0.03848568,0.84897745,0.4189863164675644,0.4712601213302543
Endothelial,PVL,GNAI2,CAV1,0.5990181,0.0,0.23905858,0.3801743310028205,1.269016501632859,0.13068728,0.83406156,0.04639232674695971,0.47271155110979207
CAFs,Cancer Epithelial,CALM1,PTPRA,0.58818185,0.062,0.2991556,0.15588384969718797,-0.0006644592526793835,0.042927545,0.8490049,0.6009487980341347,0.47271155110979207
CAFs,Plasmablasts,MYL9,CD69,0.55589664,0.002,0.27988574,0.15066001796318743,-0.19912405852839232,0.03602212,0.8446874,0.957669545655592,0.4741661148154243
CAFs,PVL,COL5A2,ITGA1_ITGB1,0.6300439,0.0,0.29977977,0.5143900104501745,1.698536519863557,0.355506,0.8491385,0.017688151342452645,0.4741661148154243
Endothelial,Endothelial,LGALS1,ITGB1,0.87117547,1.0,0.7564074,-0.2532144773338618,-1.019464816309713,0.012198254,0.8994046,1.0,0.47483469621387986
B-cells,B-cells,MIF,CD74_CXCR4,0.25567502,0.939,0.058547817,-0.09841787213943848,-0.7858804257695606,0.008363992,0.7132575,1.0,0.4754505653672141
Plasmablasts,Cancer Epithelial,FAM3C,LAMP1,0.5777234,0.0,0.23803574,0.3449560327759104,0.03188359145877345,0.04069421,0.8337646,0.5532911952303713,0.4756235021828087
Plasmablasts,Myeloid,FN1,CD44,0.5599597,0.994,0.30036974,0.08465423860267193,-0.8625219417183437,0.022599274,0.8492644,1.0,0.4756235021828087
PVL,Cancer Epithelial,VIM,CD44,0.83672416,0.291,0.3004712,0.01608350167990321,-0.14028420029027905,0.021411097,0.849286,1.0,0.4770840302195649
Cancer Epithelial,Cancer Epithelial,MMP7,SDC1,0.75919366,0.0,0.23790853,0.847660599868594,1.1242296095991626,0.15053529,0.8337276,0.017688151342452645,0.4770840302195649
T-cells,Cancer Epithelial,CCL5,SDC1,0.7582377,0.0,0.23756933,0.6225393644379977,1.6474037325786253,0.13082588,0.8336286,0.017688151342452645,0.47854754515899
Endothelial,Myeloid,HLA-DRA,CD4,0.6876974,0.0,0.3009396,0.467478364874916,0.45046523251280923,0.13413198,0.8493857,0.17890870667379827,0.47854754515899
CAFs,PVL,COL6A3,ITGA1_ITGB1,0.98888993,0.0,0.5282311,0.6717575198975922,2.1550603908331682,0.38036147,0.8819579,0.017688151342452645,0.47859345782392615
CAFs,Cancer Epithelial,PTN,SDC1,0.25413978,0.0,0.05870033,0.25479233184290295,0.5370551464182161,0.11307435,0.71352345,0.18063728066575183,0.4798873792763414
T-cells,Cancer Epithelial,CCL5,SDC4,0.7820939,0.0,0.30145898,0.713584585353577,1.8398479677817252,0.12704188,0.84949595,0.017688151342452645,0.4800138919476509
Endothelial,Cancer Epithelial,VCAN,ITGB1,0.8876102,0.0,0.52787465,0.19960928965077504,0.033874836087375404,0.04569058,0.8819228,0.5512856107220321,0.48047692801787256
Plasmablasts,PVL,FN1,SDC2,0.55031186,0.998,0.2917806,0.0003625393117081821,-0.6755719749461833,0.026772916,0.847398,1.0,0.4814833895232453
PVL,CAFs,COL1A1,SDC1,0.6788044,0.256,0.30159205,0.16448548507030347,0.06643880795686308,0.08342413,0.84952414,0.8584280526240208,0.4814833895232453
Plasmablasts,T-cells,LGALS1,CD69,0.8639939,0.929,0.6962166,0.25917215397547455,-0.08403043868889659,0.026857473,0.89559084,1.0,0.48236311633610973
Plasmablasts,Plasmablasts,FN1,CD79A,0.5502312,0.957,0.2917088,0.5864667459693191,-0.8427611017387803,0.026834477,0.84738207,1.0,0.48295572440465706
Myeloid,B-cells,CXCL8,CD79A,0.55290526,0.0,0.30180073,1.2400641597570616,1.6532076403037512,0.3697762,0.84956837,0.017688151342452645,0.48295572440465706
PVL,Cancer Epithelial,TIMP3,DDR1,0.56860507,0.0,0.23679961,0.5389510330496396,0.4518255903705394,0.21130836,0.83340347,0.17804908681449885,0.48295572440465706
PVL,Endothelial,COL1A1,CD93,0.86236095,0.0,0.6972601,0.404510579639815,0.4520194022231352,0.15332985,0.8956609,0.17719256840614833,0.4842520166773937
Cancer Epithelial,Myeloid,TIMP1,CD63,1.1999649,0.999,0.52723664,-0.2050763340454213,-1.5122039647348844,0.0070064175,0.8818598,1.0,0.4842520166773937
CAFs,Cancer Epithelial,CCL5,SDC1,0.25460312,0.047,0.05886473,0.09755797870970875,0.04010791723209711,0.03241593,0.7138092,0.7625084981569302,0.484319021580912
Cancer Epithelial,Cancer Epithelial,VEGFA,ITGB1,0.8071036,0.0,0.30286017,0.38770368431058694,0.2164605648448807,0.08148731,0.8497921,0.34745887615245874,0.48443121681956536
Myeloid,B-cells,HMGB1,CXCR4,0.76972514,0.279,0.23649162,0.07343583673618316,-0.10797744528572903,0.018441377,0.8333131,1.0,0.4859095519955585
Endothelial,Myeloid,ANXA1,FPR1,0.7180978,0.0,0.30372396,0.49982972611232945,0.8259071811227454,0.19067478,0.8499738,0.038775697319643566,0.4859095519955585
Plasmablasts,T-cells,LGALS1,PTPRC,0.8619613,0.908,0.69361573,0.28363924082040815,-0.12878106758865493,0.02970972,0.8954157,1.0,0.48614372488227964
CAFs,Myeloid,MIF,CD74_CXCR4,0.59079033,0.0,0.30394503,0.29614486085597497,0.7538233817655184,0.04342081,0.8500202,0.31864881902803927,0.4873910514529254
Myeloid,Cancer Epithelial,MDK,ITGA6_ITGB1,0.26783788,1.0,0.059298202,-0.20090443878602532,-1.1073237877636906,0.009004018,0.714558,1.0,0.488745435667904
Cancer Epithelial,T-cells,LUM,ITGB1,0.54853773,1.0,0.29738748,-0.32472802027228836,-2.0618882587829512,0.006980609,0.8486246,1.0,0.48887555916977843
B-cells,Endothelial,MDK,ITGA6_ITGB1,0.55863833,0.714,0.3040291,0.19460571161587334,0.20150742796690058,0.0461647,0.8500378,1.0,0.48887555916977843
Cancer Epithelial,Myeloid,FN1,CD44,0.86032474,0.101,0.70573413,0.2604580176267791,-0.009664745279853393,0.053098157,0.89622396,0.6425950023982532,0.48993503105901937
Endothelial,Cancer Epithelial,HSPG2,SDC1,0.7489755,0.0,0.23428282,0.6254397405513066,1.4249023247917627,0.22079061,0.8326604,0.017688151342452645,0.49036291782830016
PVL,Cancer Epithelial,COL4A2,CD44,0.8471642,0.0,0.30474234,0.31685189497571864,0.7419843484638307,0.048054818,0.8501871,0.24724444624971134,0.49036291782830016
Myeloid,CAFs,SERPINA1,LRP1,0.5530827,0.0,0.3058868,0.8056574410168471,1.7650145330970952,0.5104357,0.85042566,0.010753780629636283,0.4918534508926572
PVL,Endothelial,COL6A1,ITGA6,0.5480354,0.0,0.29408503,0.43000159296926577,1.1717592089592217,0.17502141,0.84790593,0.022890376501367833,0.4918534508926572
B-cells,Cancer Epithelial,VCAN,ITGB1,0.7821552,0.069,0.23313001,0.09039882484869334,-0.6424136124591476,0.02017874,0.8323164,1.0,0.4918534508926572
Plasmablasts,Cancer Epithelial,SPP1,CD44,0.24774502,0.906,0.059512336,-0.07224345683557636,-1.771482971388431,0.009014112,0.7149255,1.0,0.4931666544373655
CAFs,Endothelial,YBX1,NOTCH1,0.663253,0.133,0.30594823,0.18536492008443428,0.42749774151809183,0.0730992,0.8504385,0.6973335973950068,0.4933468403506648
Myeloid,B-cells,TIMP1,CD63,0.57038635,1.0,0.3059594,-0.586821113947305,-2.4711867918645725,0.0040658773,0.8504408,1.0,0.49484341096567047
PVL,CAFs,COL4A1,SDC1,0.55625594,0.0,0.23300743,0.400376673207223,1.325296624457062,0.17342363,0.83227974,0.03663317938617804,0.49484341096567047
Endothelial,Endothelial,EDN1,ADGRL4,0.8568696,0.0,0.69732314,1.0274709979831096,2.610660426759444,0.87814593,0.8956651,0.0002760472262430054,0.49564213220409475
Cancer Epithelial,Endothelial,YBX1,NOTCH1,1.024284,0.0,0.52058303,0.43749853879186945,0.6413406357872811,0.12438118,0.8811966,0.08803681850428542,0.49564213220409475
Endothelial,CAFs,FN1,SDC1,0.5561085,1.0,0.23292494,0.06285409891385596,-0.07776322051643525,0.046226628,0.83225507,1.0,0.4963428434249939
Myeloid,Cancer Epithelial,FN1,SDC1,0.9527454,0.0,0.30658644,0.21655344689977502,0.09914331942745519,0.06084561,0.8505709,0.47543255520544087,0.4963428434249939
Plasmablasts,T-cells,LUM,ITGB1,0.5464246,1.0,0.294819,-0.3257519764804928,-2.1889446009298505,0.0069203186,0.84806657,1.0,0.4963428434249939
Endothelial,CAFs,HLA-A,APLP2,1.0228217,0.0,0.5199423,0.254715189863086,0.5387959005785601,0.030589754,0.8811321,0.6934602674856905,0.49754984601546925
Endothelial,Plasmablasts,EFNB2,PECAM1,0.24466658,0.001,0.059515644,0.258333462784125,0.30600493307335963,0.1022669,0.7149312,0.2949320034015847,0.49758268093998015
CAFs,Endothelial,THBS2,NOTCH4,0.5656184,0.0,0.23260939,0.6549004381487215,1.8806550832965305,0.55335903,0.8321604,0.017688151342452645,0.4978454637937929
B-cells,T-cells,S100A8,CD69,0.68527275,0.0,0.30724752,0.5210201303345939,0.7731624153151404,0.03210032,0.85070777,0.44182525788075167,0.4978454637937929
Cancer Epithelial,Myeloid,SPP1,CD44,0.54485583,0.005,0.27998593,0.30654077643981464,-0.6454363494800403,0.042408425,0.8447109,1.0,0.49935095145626285
Myeloid,Cancer Epithelial,CALM1,KCNN4,0.62417495,0.004,0.30794922,0.4696891507778563,0.3379078341437436,0.08160322,0.85085255,0.35484620915362963,0.49935095145626285
B-cells,Endothelial,COL1A2,CD36,0.6017801,0.908,0.23218432,0.026551300606657613,-1.2333701130059107,0.019669242,0.8320326,1.0,0.49935095145626285
CAFs,Endothelial,COL6A1,ITGA6,0.8567034,0.0,0.583572,0.7053264304518387,1.9192991351280346,0.34730634,0.88704634,0.017688151342452645,0.4994602230396123
Plasmablasts,Myeloid,VIM,CD44,0.56614196,1.0,0.30871308,0.03081247069729287,-0.6368583469683885,0.021998402,0.85100967,1.0,0.5008596337819995
CAFs,CAFs,C3,IFITM1,0.5440273,0.0,0.26748058,0.33354392278269623,1.355938085675334,0.13216603,0.84169036,0.07425585734669696,0.5008596337819995
T-cells,CAFs,HMGB1,SDC1,1.0677348,0.0,0.51925814,0.3596042877165445,1.1390009852611676,0.073104054,0.88106316,0.07515049614547314,0.5013733602697239
Plasmablasts,Cancer Epithelial,TIMP1,CD63,0.8564563,1.0,0.559062,-0.4123513638254648,-2.225477594575442,0.0074293436,0.88487893,1.0,0.5013733602697239
PVL,Cancer Epithelial,THBS1,ITGA6,0.27022618,0.02,0.06004482,0.10746430966484599,0.24760706068636498,0.05444567,0.71583235,0.7030250955019436,0.5019935182264313
Endothelial,Endothelial,VCAN,ITGB1,0.5992571,0.687,0.31003505,-0.018117819084466854,-0.16961939611775956,0.026835315,0.8512804,1.0,0.5023713518259411
Cancer Epithelial,CAFs,ADAM17,ITGB1,0.6256062,0.0,0.23153162,0.16684411009375893,0.13607382526030215,0.048361503,0.8318358,0.42719746524437974,0.5023713518259411
CAFs,CAFs,THBS1,LRP1,0.54391414,0.0,0.29567704,0.4209619980198052,1.3561928861084676,0.24541686,0.8482537,0.026391027379341604,0.5023713518259411
T-cells,Plasmablasts,LGALS1,CD69,0.59509003,1.0,0.3100808,-0.15655032628987872,-0.715685915639006,0.011961776,0.8512897,1.0,0.5038859453352655
Myeloid,Myeloid,HMGB1,CXCR4,0.8724103,0.007,0.5171035,0.27925881092544874,0.6419982564320437,0.04032321,0.8808451,0.3934132321026922,0.505207375755532
CAFs,PVL,PLA2G2A,ITGB1,0.85499996,0.0,0.5620459,0.38333407476830317,2.3560262891826884,0.16392241,0.8851498,0.044847339613810044,0.505207375755532
Cancer Epithelial,Myeloid,CD99,CD81,0.5739519,0.888,0.31044856,-0.0023492384083843437,-0.5113253599047975,0.031099122,0.85136473,1.0,0.5054037436411905
Plasmablasts,Cancer Epithelial,COL3A1,DDR1,0.2469852,1.0,0.060245957,0.205748587901386,-1.481237149424787,0.032017633,0.7161724,1.0,0.5063991693474026
CAFs,Myeloid,C3,CD81,0.5745075,0.0,0.31093326,0.4505210376387685,1.6358811513972942,0.20204812,0.8514634,0.017688151342452645,0.5069244228585654
CAFs,CAFs,HLA-A,APLP2,0.5432235,0.997,0.23466754,-0.09126311064986267,-0.28613846903099205,0.01380619,0.8327747,1.0,0.5069244228585654
Endothelial,Cancer Epithelial,APP,NCSTN,0.5693652,0.0,0.31097758,0.535250360211586,0.902728588939431,0.15268849,0.85147244,0.02558061501191441,0.5084483136296183
CAFs,Cancer Epithelial,FN1,SDC2,1.3353661,0.0,0.5142576,0.31800537200903817,0.7878311315450972,0.047186743,0.8805552,0.25727225336079357,0.5090519464711999
Myeloid,PVL,CD14,ITGB1,0.8535869,0.0,0.55846786,0.6377380020367024,1.317692545772882,0.18643513,0.88482475,0.017688151342452645,0.5090519464711999
Plasmablasts,B-cells,TIMP1,CD63,0.57419026,1.0,0.31135792,-0.5844189836291339,-2.744288491886103,0.0041376175,0.8515497,1.0,0.5099750907568744
B-cells,Myeloid,CD99,CD81,0.28751466,0.999,0.060553707,-0.1981805549497392,-1.2154644725636212,0.006065955,0.71668994,1.0,0.5107996373535773
Cancer Epithelial,Myeloid,S100A9,ITGB2,0.85346854,0.0,0.7281485,1.2129575866645372,1.9868523571028573,0.38668832,0.89766896,0.0028364973737889654,0.5109781747871217
Cancer Epithelial,Cancer Epithelial,TIMP1,CD63,0.7593787,1.0,0.31168205,-0.473654952804883,-2.352994164258291,0.004141925,0.8516154,1.0,0.5115050861961997
Myeloid,Endothelial,CALM3,AQP1,0.85282063,0.0,0.68357,0.6369651171067024,1.57346551700578,0.14101535,0.8947307,0.017688151342452645,0.5129070236067774
CAFs,T-cells,TIMP2,ITGB1,0.56040126,0.38,0.31180763,0.10713190902346878,0.5900639683541848,0.047879975,0.8516409,0.9633381240500012,0.5130381387105474
Myeloid,Myeloid,MIF,CD74_CXCR4,0.6015086,0.001,0.31205773,0.30484832679332985,0.6396466757809993,0.04457977,0.85169154,0.3017361169526887,0.5145740857459098
Myeloid,Cancer Epithelial,TIMP1,CD63,0.85265243,1.0,0.5493687,-0.4147534941436358,-1.952375894553911,0.0073005296,0.88398504,1.0,0.5148385909146823
Cancer Epithelial,B-cells,VEGFA,ITGB1,0.24817726,0.98,0.060602218,-0.034325398967498366,-0.6290808256468643,0.016305583,0.7167712,1.0,0.5151949252956389
CAFs,Myeloid,ANXA1,FPR1,0.7351949,0.0,0.31253678,0.5122884096825394,0.8395960389468407,0.19620737,0.8517884,0.03585308637652744,0.5161132612335757
T-cells,Myeloid,HLA-A,APLP2,0.85227156,0.003,0.60411584,0.17039835005737025,0.3754532265933549,0.035541933,0.8887681,0.5047661165036895,0.5167726625783753
Endothelial,Endothelial,MMRN2,CD93,0.54039866,0.0,0.2806797,0.8247265153737977,1.8367891773008624,0.7976746,0.84487313,0.0065763115047801236,0.5176553366837238
B-cells,T-cells,LGALS1,ITGB1,0.5615935,1.0,0.31325677,-0.4468748935042778,-1.553511551061677,0.005051756,0.8519336,1.0,0.5176553366837238
Endothelial,Myeloid,LGALS9,PTPRC,0.61121666,0.0,0.31338304,0.5710410615054935,1.0483566522936987,0.10335534,0.851959,0.020930155654418182,0.5192006473478519
Endothelial,B-cells,TGM2,ITGB1,0.5499393,0.408,0.22937001,0.23256865076930977,0.31674558755745674,0.036153067,0.83117867,0.994764484891747,0.5192006473478519
Endothelial,Cancer Epithelial,THBS1,SDC4,0.24749185,0.019,0.06075204,0.17206169221078046,0.06855820360106071,0.051837448,0.7170218,0.49545763184730884,0.5195850362242709
Cancer Epithelial,PVL,FN1,SDC2,0.8506769,0.167,0.6855535,0.17616631833581534,0.17728522149230708,0.06290434,0.89486706,0.7514196865079744,0.5206486064035397
B-cells,Cancer Epithelial,HLA-A,APLP2,0.53963906,0.804,0.27002576,-0.020689958302982314,-0.5852222089672252,0.015886419,0.8423203,1.0,0.5207488634146156
Cancer Epithelial,CAFs,LGALS1,ITGB1,0.66617304,1.0,0.31472787,-0.3473242594532028,-1.5885846588811108,0.00507548,0.8522288,1.0,0.5207488634146156
Myeloid,T-cells,TNFSF13B,HLA-DPB1,0.5389706,0.0,0.2721835,0.36320298156216746,0.6736342247575637,0.062843814,0.8428482,0.11807410216345274,0.5223003214583514
CAFs,PVL,THBS1,CD36,0.56198096,0.0,0.3148657,0.266981252473312,1.2505337715963933,0.11628714,0.8522564,0.15213843569896238,0.5223003214583514
Myeloid,Endothelial,CXCL3,ACKR1,0.8948746,0.0,0.50483876,0.7445646383688613,2.5405691095697778,0.25710428,0.87957966,0.009628261390248844,0.5225904663625234
Cancer Epithelial,Plasmablasts,FN1,CD79A,0.85059625,0.027,0.6853848,0.7622705249934263,0.010096094699710068,0.06304898,0.89485544,0.5840366127977443,0.5225904663625234
B-cells,Plasmablasts,HLA-B,CD3D,0.92678946,0.997,0.31553397,-0.2738293193434608,-1.2617850120015248,0.0074497894,0.8523898,1.0,0.5238548579339264
PVL,Endothelial,MDK,ITGA6_ITGB1,0.53832984,0.985,0.2849826,0.18141533613609076,0.315117601650552,0.043272622,0.8458675,1.0,0.5238548579339264
Plasmablasts,PVL,COL1A1,ITGA1_ITGB1,0.2546277,1.0,0.060779322,-0.08026889579917248,-1.3521435589676098,0.01896451,0.7170673,1.0,0.5239699731901569
CAFs,Cancer Epithelial,FN1,CD44,1.3331985,0.0,0.50358516,0.344221168323026,0.9291368660891406,0.037888832,0.87944794,0.430515488232116,0.5245349102174499
CAFs,Cancer Epithelial,C3,CD46,0.53720355,0.0,0.2577526,0.5090134179344465,1.5583177878242902,0.22196957,0.8392065,0.017688151342452645,0.5254123079700487
Cancer Epithelial,Cancer Epithelial,ADAM17,ITGB1,0.8116409,0.0,0.3155419,0.3073134967144283,0.026746351137763635,0.065909274,0.8523914,0.5613683054489933,0.5254123079700487
Myeloid,Cancer Epithelial,CLEC11A,ITGB1,0.878489,0.0,0.5023811,0.18730063170705316,-0.14171724624695348,0.04440983,0.879321,0.8615085517247298,0.5264819318670754
CAFs,CAFs,FBLN1,ITGB1,0.84958804,0.0,0.69088286,0.40091024877501746,1.3465298575364004,0.13685562,0.89523077,0.03585308637652744,0.5264819318670754
PVL,B-cells,LGALS3BP,ITGB1,0.5477322,0.962,0.22813566,-0.14709907642968323,-0.4742342913210491,0.010787775,0.8307998,1.0,0.5269730101302765
Myeloid,Myeloid,LGALS9,CD47,0.5661196,0.0,0.3158083,0.34964366961663995,0.7382960864543572,0.06901194,0.8524445,0.08956453677113341,0.5269730101302765
PVL,CAFs,APOE,SDC2,0.53627104,0.004,0.2527588,0.10866835500140896,0.1018952676102074,0.044981353,0.83788216,0.7006246705626734,0.5269730101302765
Endothelial,B-cells,S100A8,CD69,0.24718848,0.743,0.060789056,-0.047197011738277964,-0.8464598255399792,0.006351062,0.7170836,1.0,0.5283497392439803
Myeloid,CAFs,ITGB2,THY1,0.8492365,0.0,0.7207881,0.911901656131759,1.9589830319627408,0.4479824,0.8972014,0.0031744476547659966,0.5284316302711303
CAFs,CAFs,A2M,LRP1,0.53624094,0.591,0.28713247,0.14430819390442784,0.21356483225244427,0.069756076,0.8463568,1.0,0.528536631287919
CAFs,Cancer Epithelial,VIM,CD44,0.87775826,0.086,0.31725875,0.041716599113466646,-0.2870119543908604,0.022607353,0.8527325,1.0,0.528536631287919
Endothelial,Endothelial,CALM3,AQP1,0.680371,0.0,0.31730592,0.46832861307569773,1.0706367190381094,0.06545783,0.8527418,0.10138377078047872,0.5301035113359445
Cancer Epithelial,Endothelial,FAM3C,LAMP1,0.5355747,0.0,0.26865643,0.2716518104011158,0.3413985528953336,0.045929078,0.8419824,0.27944107095302756,0.5301035113359445
Endothelial,Endothelial,SPP1,S1PR1,0.58263886,0.0,0.3182883,0.48295999404407874,0.597306996708955,0.16471893,0.8529358,0.11008765946373522,0.5316733158169371
CAFs,B-cells,CXCL12,CXCR4,0.26339996,0.002,0.061221886,0.26362651499376655,0.6161473183009506,0.09403501,0.7178027,0.3177618496481887,0.5327243668671009
Cancer Epithelial,Cancer Epithelial,S100A8,CD69,0.9412692,0.0,0.31875503,0.6619172246647289,1.191740780510495,0.03330259,0.85302764,0.22130567232607803,0.5332463859559045
Cancer Epithelial,Cancer Epithelial,HMGB1,SDC1,1.4960018,0.0,0.49935004,0.5698955011323074,0.583900464073744,0.07030128,0.87899953,0.11557195826518134,0.5342957798616845
B-cells,Myeloid,SPP1,CD44,0.53488344,0.062,0.26652744,0.2987937810930105,-0.7327845689231284,0.040369917,0.8414524,1.0,0.534822555883529
Cancer Epithelial,Endothelial,CXCL10,ACKR1,0.8305538,0.0,0.31973663,0.5098182129706084,0.4349689021515293,0.050965913,0.8532203,0.21100801361710386,0.534822555883529
Cancer Epithelial,Myeloid,COL4A2,CD44,0.5347382,0.074,0.26633146,0.22078421766879847,-0.1001509789165006,0.04199781,0.8414033,0.7727778283277769,0.5364016583951322
Endothelial,PVL,COL4A2,ITGA1_ITGB1,0.66206115,0.0,0.3201628,0.3151961932293371,0.9737709428897169,0.15021972,0.8533037,0.08956453677113341,0.5364016583951322
CAFs,Cancer Epithelial,TNC,SDC4,0.24854353,0.0,0.061225563,0.3352567084876166,0.8125791278511981,0.11784654,0.7178088,0.07336923017889775,0.5370937708181731
Endothelial,Myeloid,LGALS1,ITGB1,0.6346685,1.0,0.32049322,-0.4317940162759873,-1.552231468348467,0.005168455,0.8533682,1.0,0.5379840367187441
CAFs,Endothelial,CXCL2,ACKR1,0.89272,0.0,0.49863815,0.6295547556898768,1.8327254512603544,0.12579434,0.8789236,0.017688151342452645,0.5382179595315525
CAFs,PVL,FBN1,ITGB1,0.84713054,0.0,0.54211944,0.3765362168768519,1.2608291082273249,0.13399197,0.88330215,0.047338274105418264,0.5382179595315525
T-cells,B-cells,HMGB1,CXCR4,1.0143616,0.0,0.3211751,0.2360500546240353,0.43002547818335957,0.02504491,0.85350114,0.951622716589373,0.5395693530586021
T-cells,B-cells,LGALS1,ITGB1,0.54230565,1.0,0.22510074,-0.49002364087855654,-1.4319390301322255,0.0036301021,0.82985646,1.0,0.5395693530586021
Plasmablasts,Endothelial,HMGB1,THBD,0.53360236,0.999,0.2728829,0.060231704695289406,-0.2015303258599006,0.03496411,0.84301805,1.0,0.5411579519813463
Myeloid,Plasmablasts,CXCL8,CD79A,0.57287824,0.0,0.3213913,1.296856295334189,1.7320851879664803,0.39377922,0.8535432,0.012813408431046178,0.5411579519813463
Endothelial,Endothelial,HBEGF,CD9,0.6123115,0.0,0.22434215,0.2969925209987531,0.7102768166523729,0.086347215,0.829618,0.11189357110536377,0.5411579519813463
Endothelial,Cancer Epithelial,ARF6,SMAP1,0.25807953,0.075,0.061674595,0.11627111593987587,0.11033285388518918,0.037792046,0.7185483,0.6630474516953782,0.5414580718010921
Endothelial,Endothelial,CD99,CD81,0.8460778,0.0,0.6467602,0.2281544699151363,0.5676118682029583,0.06478908,0.8920952,0.2418017388993809,0.5421503855641663
Cancer Epithelial,CAFs,APP,LRP1,0.5324658,0.0,0.28292862,0.42948179859380964,0.9449712810329552,0.18599737,0.8453954,0.023075161651159058,0.5427494943512894
Myeloid,PVL,CXCL8,SDC2,0.5729589,0.0,0.3214704,0.7107520886765779,1.8992743147590772,0.39287588,0.8535586,0.01661253531871551,0.5427494943512894
Myeloid,T-cells,C1QB,C1QBP,0.8785045,0.0,0.496879,0.8138129827538397,1.7915293013435023,0.09193288,0.8787354,0.032615699671685996,0.5441203330815174
Cancer Epithelial,Cancer Epithelial,APP,CD74,0.8458956,1.0,0.6014679,-0.07518887477655337,-1.584310805215985,0.018048272,0.88855076,1.0,0.5441203330815174
Plasmablasts,B-cells,FN1,CD79A,0.53025824,0.97,0.27392754,0.5296746103921918,-0.9216386494015092,0.025198765,0.8432707,1.0,0.5443443260763102
CAFs,Myeloid,SPON2,ITGB1,0.6394985,0.253,0.32385263,0.11243449896304389,0.2775349779489834,0.03375584,0.8540194,0.8539405272130092,0.5443443260763102
B-cells,CAFs,FAM3C,LAMP1,0.25212103,0.775,0.061948024,-0.06501152792471622,-0.31858832271851567,0.010590536,0.7189954,1.0,0.5458171553523171
Plasmablasts,Endothelial,MDK,ITGA6_ITGB1,0.52922744,0.926,0.2764458,0.17550328916375837,-0.2218786840495387,0.04197637,0.84387445,1.0,0.5459422789468056
T-cells,Myeloid,LGALS1,CD69,0.54170257,1.0,0.22412978,-0.2266878392171048,-0.5434526497777359,0.008646103,0.82955104,1.0,0.5459422789468056
Myeloid,CAFs,LUM,ITGB1,0.6706927,1.0,0.32399696,-0.2090444110749819,-1.9336179708848897,0.0076052165,0.8540472,1.0,0.5459422789468056
Cancer Epithelial,PVL,LGALS3,MCAM,0.5859898,0.0,0.32409185,0.35232636466404565,0.7892700777277968,0.11528988,0.8540654,0.05872593808004927,0.5475431834086111
Myeloid,Myeloid,PKM,CD44,0.844497,0.0,0.6843735,0.45290703952847255,0.9007288174628086,0.075165175,0.894786,0.06863385207949801,0.5480677723597889
CAFs,PVL,ANGPTL4,SDC2,0.5275491,0.0,0.26193902,0.3012409166584996,1.058087502592671,0.11588397,0.8402906,0.1065415035898143,0.5491473873864285
Myeloid,Myeloid,ANXA1,FPR1,0.7586332,0.0,0.32461816,0.5293677997913709,0.7146322764026596,0.20379195,0.85416657,0.06821503498229815,0.5491473873864285
Cancer Epithelial,Endothelial,COL1A1,CD36,0.5972542,0.978,0.22347398,0.051527080190412966,-1.248953443577304,0.02047565,0.82934374,1.0,0.5491473873864285
CAFs,Cancer Epithelial,CXCL12,ITGB1,0.8756048,0.0,0.49431977,0.38696631646448293,0.7170737657043069,0.14528842,0.87846005,0.06738315403654314,0.5500452519182221
Cancer Epithelial,PVL,MFGE8,PDGFRB,0.26136547,0.723,0.06195284,0.039093771514013886,-0.19272945716590928,0.040460683,0.7190032,1.0,0.5501711418978503
Myeloid,CAFs,LGALS9,LRP1,0.5272334,0.0,0.27710202,0.5070539270775615,1.337475929408458,0.24166799,0.8440306,0.017688151342452645,0.5507545483832236
PVL,CAFs,FN1,SDC2,0.63945186,0.998,0.3249129,-0.04460596396514347,-0.30154980784880303,0.029813042,0.8542231,1.0,0.5507545483832236
PVL,PVL,SPON2,ITGB1,0.8428915,0.0,0.53138554,0.1919166863510379,0.7036842169456683,0.055387437,0.8822675,0.3266900344874068,0.5520252299545285
Endothelial,Endothelial,CXCL10,ACKR1,0.89036953,0.0,0.49187404,0.5566937150952203,1.216780780862416,0.07840456,0.878195,0.05835337184477948,0.5520252299545285
Endothelial,Endothelial,ARF1,INSR,0.52646863,0.0,0.274338,0.3459885760121096,0.9549919559266508,0.07115025,0.8433696,0.08021637494586971,0.5523650156715081
PVL,Myeloid,HLA-A,APLP2,0.5749679,0.95,0.32535496,-0.029646333298625344,-0.12725251068554255,0.019141601,0.85430765,1.0,0.5523650156715081
Endothelial,Myeloid,S100A8,CD68,0.82370216,0.0,0.3254023,0.7410342626861605,1.0097611803303599,0.048467953,0.8543167,0.22130567232607803,0.5539784454051229
Cancer Epithelial,CAFs,VEGFA,ITGB1,0.62106884,0.0,0.2222263,0.24723429768991756,0.3257880389674192,0.059792027,0.8289472,0.2505538629836438,0.5539784454051229
Endothelial,B-cells,HBEGF,CD82,0.25047588,0.001,0.062050942,0.385298388497771,0.86491737564724,0.12303386,0.71916306,0.2949320034015847,0.5545199757660716
Endothelial,Myeloid,VCAN,CD44,0.52625847,0.0,0.2548874,0.33495475880742576,0.7196318900695937,0.07891265,0.8384509,0.07381154531065541,0.5555951882070189
Endothelial,Plasmablasts,HMGB1,CXCR4,0.87550104,0.0,0.32558703,0.16947323284870902,0.026780632884238376,0.025388947,0.85435206,0.927721298237613,0.5555951882070189
PVL,Cancer Epithelial,CALM1,KCNN4,0.6507318,0.0,0.325925,0.4895058700241002,0.6544289094968796,0.086366594,0.8544166,0.08504009644091182,0.5572150735112067
Myeloid,T-cells,S100A8,CD69,0.8408774,0.0,0.6459058,0.6823767174734231,1.5749727861000409,0.06748234,0.8920316,0.0932064968269861,0.5579802010147551
PVL,Cancer Epithelial,CLEC11A,ITGB1,0.8741704,0.0,0.4903106,0.1829532376691059,0.006119534543212568,0.04334281,0.87802464,0.5882307547591902,0.5579802010147551
PVL,Endothelial,COL4A1,CD47,0.6134252,0.0,0.32821545,0.19798843548095302,0.6747861552576002,0.045565713,0.8548516,0.31075697117503015,0.558837929397936
CAFs,T-cells,PLA2G2A,ITGB1,0.5258399,0.314,0.26979828,0.13479483525479802,1.7004484009938534,0.0786875,0.84226435,0.9027250299037862,0.558837929397936
B-cells,Cancer Epithelial,FN1,SDC1,0.26418066,1.0,0.062263124,-0.18646374631566237,-1.5296140271601992,0.012356833,0.71950763,1.0,0.5588636015628439
Cancer Epithelial,B-cells,HMGB1,CXCR4,1.4938345,0.0,0.4871496,0.5547644260368232,0.4544795253611743,0.037987433,0.87767786,0.4288540700503356,0.5588636015628439
CAFs,PVL,PLAU,ITGB1,0.84042084,0.0,0.5251295,0.326511585246301,1.1791384411815065,0.093501315,0.881651,0.07927680820966856,0.5599701120831901
B-cells,Endothelial,CALM1,INSR,0.5255706,0.539,0.2732968,0.15503387592675513,0.25223723840255263,0.03722892,0.8431183,1.0,0.5604641085207805
Plasmablasts,CAFs,MDK,LRP1,0.5731531,0.899,0.3282364,0.09661327345340001,-0.23232415857197053,0.04562266,0.85485554,1.0,0.5604641085207805
Endothelial,Myeloid,COL4A2,CD44,0.84029734,0.0,0.67870575,0.4589020563683244,0.9651856431969407,0.1070251,0.89439386,0.01909861260383636,0.5619624911229514
Myeloid,CAFs,CALR,LRP1,0.57328665,0.0,0.32838514,0.41054076084501057,1.1548971289347172,0.14750102,0.8548837,0.030052036681276522,0.5620932636492342
Endothelial,Endothelial,S100A8,CD36,0.59588355,0.0,0.22083615,0.23283416293637835,0.199946340758117,0.03014335,0.8285018,0.7151198736143892,0.5620932636492342
Plasmablasts,Cancer Epithelial,MMP7,SDC1,0.2653936,0.004,0.06269353,0.1720924432152309,-0.09320817015110666,0.03966898,0.72020227,0.7599572381648,0.5632021392979445
CAFs,Cancer Epithelial,COL6A1,SDC1,0.7109462,0.0,0.22078888,0.43624827619321405,1.0757159730596764,0.16157535,0.82848656,0.020418127155462925,0.5637257487938805
Myeloid,T-cells,CD14,ITGB1,0.5244269,0.184,0.2680807,0.3891987625231972,0.662114657584047,0.08949425,0.8418396,0.6190637913511773,0.5637257487938805
Myeloid,Myeloid,CD99,CD81,0.59514344,0.866,0.32893655,0.012138960953995012,-0.19030846949005498,0.03295115,0.8549877,1.0,0.5637257487938805
Endothelial,Myeloid,VWF,ITGB1,0.8767169,0.0,0.48884743,0.42164034963716257,0.9845967571059623,0.049605638,0.87786454,0.22601174828380158,0.5639573320327949
CAFs,Myeloid,VCAN,CD44,0.8394323,0.0,0.6775383,0.6592815994925063,1.6522106217116033,0.20976457,0.89431256,0.017688151342452645,0.5639573320327949
PVL,Cancer Epithelial,COL1A1,CD44,0.6411693,0.864,0.22046721,-0.031006591838457644,-0.7828460040199341,0.023119468,0.82838297,1.0,0.5653612153658885
T-cells,Cancer Epithelial,HMGB1,SDC1,1.0165291,0.0,0.32921878,0.25118112971951945,0.5594464168959292,0.046349254,0.85504085,0.27111345108350304,0.5653612153658885
PVL,Myeloid,MYL9,CD69,1.0165888,0.0,0.48857594,0.48588152648633515,1.4293933633383467,0.06288116,0.87783474,0.11744479455824784,0.5659546287114771
Endothelial,PVL,ADAM15,ITGB1,0.8388114,0.0,0.52105415,0.40949589890299654,1.2932901549382683,0.08769576,0.88124394,0.03850287025319241,0.5659546287114771
Myeloid,Plasmablasts,TNFSF13B,TNFRSF17,0.5812875,0.0,0.32924953,1.187335689587281,1.3300259585829193,0.42052624,0.85504663,0.017688151342452645,0.5670000187354809
Endothelial,Endothelial,FN1,PLAUR,0.5484314,1.0,0.22014421,-0.2666829362389316,-1.2907834545463488,0.0071816067,0.8282787,1.0,0.5670000187354809
Cancer Epithelial,B-cells,ADAM17,ITGB1,0.25271457,0.984,0.06313982,-0.11471558656365699,-0.8187950393539813,0.013188423,0.72091645,1.0,0.5675354752015402
Myeloid,Myeloid,HLA-DMA,CD4,1.0292237,0.0,0.4874012,0.9590419505827281,1.7958620981803537,0.34157172,0.8777056,0.008250843821393183,0.5679543750577541
B-cells,Endothelial,CCL2,ACKR1,0.8339878,0.004,0.3296188,0.4375643676044426,0.5357638212365352,0.042750206,0.85511607,0.35484620915362963,0.5686419859641829
CAFs,Endothelial,INHBA,ENG,0.5884919,0.0,0.3299013,0.6418549739944791,1.786618454170648,0.41361156,0.8551692,0.017688151342452645,0.5702869427505572
T-cells,Cancer Epithelial,PKM,CD44,0.6393027,0.005,0.21970354,0.1469129927831287,0.3763953682484554,0.024130177,0.82813627,0.9976793198326692,0.5702869427505572
CAFs,Cancer Epithelial,INHBA,BAMBI,0.5223429,0.0,0.2689985,0.7179210424711049,1.4508726971127113,0.31331697,0.842067,0.017688151342452645,0.5702869427505572
B-cells,Endothelial,LTB,CD40,0.25281832,0.147,0.06320611,0.13434033694913058,0.2639090970407707,0.03075948,0.72102195,0.7180803705485242,0.5718637290063362
PVL,Cancer Epithelial,MYL9,CD69,0.97143364,0.0,0.33010414,0.4265591467440026,0.9733064533076101,0.04248537,0.8552072,0.27157287251654477,0.5719352465092509
PVL,PVL,COL1A1,CD36,0.83534825,0.116,0.6390324,0.0922697200750515,0.21436281262547674,0.058550905,0.8915153,0.7883758800038739,0.5719613003692361
Endothelial,Cancer Epithelial,FAM3C,LAMP1,0.6298943,0.0,0.33059987,0.405934360125383,0.4666700195416754,0.056518823,0.8553001,0.1679734320174501,0.573586545244084
Myeloid,CAFs,FN1,SDC1,1.0039512,0.0,0.48356146,0.3249766048968001,0.6786978877926934,0.09596833,0.8772805,0.08260182963133315,0.5739683592416079
Cancer Epithelial,PVL,ADAM15,ITGB1,0.83495545,0.0,0.5112903,0.4023708546520033,0.8078185588071001,0.08605247,0.8802505,0.04274958574416116,0.5739683592416079
B-cells,Endothelial,LUM,ITGB1,0.61182225,0.998,0.33066157,-0.2652490090373855,-2.099530326119412,0.0077616554,0.85531163,1.0,0.5752411977359139
PVL,Myeloid,COL6A3,CD44,0.5220009,0.0,0.24914153,0.26919552356388055,0.44957017378621633,0.060292974,0.8369007,0.1823783503130658,0.5752411977359139
B-cells,PVL,LUM,ITGB1,0.83446574,0.963,0.51005024,-0.0971373380395851,-1.3566583798213248,0.011972465,0.8801225,1.0,0.575977843376271
Endothelial,Cancer Epithelial,LAMA4,CD44,0.2573076,0.094,0.0634245,0.07014398961023437,-0.06363530878272478,0.034713425,0.72136873,0.9396150092807883,0.5761867872194071
CAFs,Plasmablasts,HMGB1,CXCR4,0.6224659,0.998,0.21855989,0.0012762353485098743,-0.3857999270190733,0.01704308,0.82776445,1.0,0.5768988506210364
Cancer Epithelial,Endothelial,ADAM15,ITGB1,0.61231196,0.004,0.3314655,0.23425918365420284,0.06494661250901279,0.055787142,0.85546184,0.502894014239262,0.5768988506210364
Endothelial,Endothelial,VWF,SELP,0.8746035,0.0,0.4829059,0.9502203116969996,2.4261988678677096,0.76329404,0.87720746,0.0007929060703086371,0.577989746671982
Cancer Epithelial,Endothelial,CALM1,INSR,0.83434796,0.0,0.6312797,0.3854429468889762,0.6557433256978158,0.08599391,0.8909236,0.08405840286588578,0.577989746671982
Cancer Epithelial,T-cells,LGALS1,PTPRC,0.6955308,0.999,0.33274916,0.19083464850833237,-0.3328318104647161,0.014252681,0.8557006,1.0,0.5785598640491472
Cancer Epithelial,PVL,APP,CD74,0.5215155,1.0,0.2717998,-0.22797464455279381,-1.7809252629661667,0.0081559075,0.8427547,1.0,0.5785598640491472
CAFs,Cancer Epithelial,MDK,SDC4,1.1816825,0.0,0.48137552,0.5004160634157622,0.9703350590740333,0.068781845,0.8770364,0.09059400364016544,0.5800040630274966
Cancer Epithelial,Cancer Epithelial,FN1,SDC2,0.62737733,0.939,0.2184719,-0.09638089313082772,-1.0779632861084607,0.02004633,0.8277358,1.0,0.5802238832863891
Myeloid,T-cells,TIMP1,CD63,0.6019804,1.0,0.33320418,-0.5675615655470561,-1.7962772226208867,0.0044279317,0.85578495,1.0,0.5802238832863891
PVL,CAFs,ANGPTL4,CDH11,0.5214006,0.0,0.25563815,0.44091348623407645,1.505727634146102,0.31116325,0.83865,0.018938289355005602,0.5802238832863891
Endothelial,B-cells,HBEGF,CD9,0.25359446,0.894,0.063449696,0.005519839953323585,-0.27482816819861644,0.0244212,0.72140867,1.0,0.5805047692967148
CAFs,Endothelial,MFAP5,NOTCH1,0.5208909,0.0,0.22131322,0.6101213032844391,1.883871967309553,0.55838877,0.8286551,0.017688151342452645,0.5818912698539257
Cancer Epithelial,Plasmablasts,TIMP1,CD63,0.5688463,1.0,0.21846503,-0.5898022635737317,-2.7346925880838167,0.0029031693,0.8277335,1.0,0.5818912698539257
T-cells,Myeloid,CD99,CD81,0.60071874,0.786,0.3338006,0.015950710278517022,0.1005340224591027,0.033438407,0.8558953,1.0,0.5818912698539257
Cancer Epithelial,Endothelial,COL4A2,CD93,0.52081484,0.036,0.25534064,0.3256782747034521,0.20772162104200476,0.08443494,0.8385712,0.515735631902587,0.5835618477392897
Cancer Epithelial,T-cells,LGALS1,CD69,0.69756335,1.0,0.33399686,0.16636756166339878,-0.28808118156495777,0.012884369,0.8559315,1.0,0.5835618477392897
Cancer Epithelial,Endothelial,AGRN,ITGB1,0.5434542,0.025,0.21843082,0.24917911392845565,0.0979071094473648,0.079109624,0.8277224,0.48965318625546256,0.5835618477392897
Cancer Epithelial,CAFs,MMP7,CD151,0.849098,0.0,0.479027,0.7410758112149842,1.0361205282284718,0.07510152,0.8767724,0.06905459476878675,0.584039910512963
Cancer Epithelial,Plasmablasts,MYL9,CD69,0.27508318,0.988,0.06354373,-0.07076550990243949,-1.2044672969129788,0.008178265,0.72155744,1.0,0.5848175620219127
CAFs,Cancer Epithelial,MDK,ITGA6_ITGB1,1.1472728,0.0,0.33422348,0.37029018188624585,0.6550567350555622,0.050749507,0.85597336,0.21394714077672605,0.5852354395552242
Endothelial,Myeloid,LGALS9,CD44,0.5203202,0.0,0.24687333,0.4623380158156316,1.0278498793122168,0.10964689,0.83627564,0.017688151342452645,0.5869124088850591
Myeloid,Myeloid,LGALS9,CD44,0.58623624,0.0,0.33583182,0.5604199840611781,1.1616008045355366,0.1491571,0.85626906,0.017688151342452645,0.5869124088850591
Plasmablasts,CAFs,LGALS1,ITGB1,0.8326036,1.0,0.6560504,-0.254519667141127,-1.3845339160050496,0.01057984,0.89277977,1.0,0.5880854460808247
Endothelial,Myeloid,HLA-DMA,CD4,0.5354863,0.0,0.21783753,0.4921069997071339,0.846747367227082,0.15266097,0.82752836,0.034580699701898206,0.5885923975580174
Plasmablasts,Myeloid,MIF,CD44_CD74,0.58657783,0.056,0.33629283,0.22527000815079384,0.05678293373987875,0.032882366,0.8563534,0.6095413166079762,0.5885923975580174
Cancer Epithelial,Cancer Epithelial,COL1A1,DDR1,0.25335562,1.0,0.06374302,0.21536312293371523,-1.5658709322608924,0.03343557,0.7218719,1.0,0.5891252845745479
Cancer Epithelial,PVL,TIMP1,CD63,1.099374,1.0,0.47802305,-0.2663958743002663,-1.388814094316844,0.0063524214,0.87665904,1.0,0.5901117363448469
Cancer Epithelial,PVL,AGRN,ITGB1,0.76609766,0.0,0.3369327,0.41729078492625604,0.8407790557454521,0.12202774,0.8564703,0.035595845539475035,0.5902757705354682
CAFs,Myeloid,THBS1,CD47,0.5828004,0.0,0.33697793,0.2635517405588837,0.7570130431543669,0.07008249,0.8564786,0.16149811461742422,0.5919621682672808
CAFs,Endothelial,CCL5,ACKR1,0.8853448,0.0,0.47741395,0.6184499085878861,1.7635525996527286,0.09157323,0.8765901,0.03358742320157812,0.5921404030608819
Endothelial,Myeloid,S100A8,CD69,0.2539627,0.898,0.06389835,-0.03829743282722347,-0.45661702623226064,0.0066759116,0.7221162,1.0,0.5934278819064126
B-cells,B-cells,TIMP1,CD63,0.5924538,1.0,0.33727762,-0.5728857578774307,-2.5275861223212983,0.004482063,0.85653317,1.0,0.5936519570954917
Endothelial,Myeloid,HLA-DPB1,CD4,0.53372717,0.0,0.21687709,0.45023839172607016,0.6193519935131792,0.13977352,0.8272128,0.09805089185379473,0.5936519570954917
CAFs,Plasmablasts,HLA-B,CD3D,1.3527733,0.621,0.47709224,-0.010741933712845358,-0.47042377400258134,0.011264197,0.8765536,1.0,0.5941714401276864
T-cells,Myeloid,LGALS1,PTPRC,0.8307767,0.952,0.6895241,0.17605395724604145,0.11986618732321963,0.029534463,0.8951384,1.0,0.5941714401276864
Endothelial,Endothelial,ADAM15,ITGB1,0.6161679,0.001,0.33779532,0.2413842279051961,0.5504182086401809,0.056852475,0.8566274,0.2949320034015847,0.5953449585983479
PVL,Cancer Epithelial,HMGB1,SDC1,0.69988483,0.776,0.21686397,0.04070205628664834,0.018519872380673263,0.030531317,0.8272085,1.0,0.5953449585983479
Cancer Epithelial,B-cells,FN1,CD79A,0.83062327,0.045,0.6436068,0.7054783894162989,-0.06878145296301885,0.059205793,0.89185977,0.7078444444189165,0.5962048414440162
Endothelial,Endothelial,EFNB2,PECAM1,0.543437,0.0,0.21683036,0.6959453399161601,1.6301557085762552,0.37258387,0.82719743,0.017688151342452645,0.5970409929701048
Myeloid,Cancer Epithelial,CALM1,PTPRA,0.64087725,0.025,0.33834442,0.1952050286577158,0.06629227558861334,0.048550975,0.8567271,0.5010271243207797,0.5970409929701048
Endothelial,Endothelial,DLL1,NOTCH4,0.25347385,0.0,0.063971646,0.548442267317798,1.189967964820574,0.72113496,0.72223115,0.017688151342452645,0.5977252992453033
Endothelial,Cancer Epithelial,VIM,CD44,1.2665284,0.0,0.4763095,0.284569482751423,0.33153688226193384,0.033941053,0.8764648,0.5492854835827584,0.5982406009086276
PVL,CAFs,MDK,LRP1,0.5822555,0.972,0.3383725,0.1025253204257324,0.3046721271281202,0.047031514,0.8567322,1.0,0.5987404286287665
CAFs,T-cells,FBN1,ITGB1,0.5179705,0.452,0.26023299,0.1279969773633467,0.6052512200384899,0.06432001,0.8398516,1.0,0.5987404286287665
CAFs,Plasmablasts,CXCL14,CXCR4,0.6181499,0.0,0.21673433,0.4924766955139736,1.9066308267308376,0.13249773,0.8271657,0.017688151342452645,0.5987404286287665
Endothelial,Myeloid,SERPINE1,PLAUR,1.0692786,0.0,0.47548687,0.7069898025242264,1.596929009318325,0.26438206,0.87637115,0.017688151342452645,0.6002788222423229
B-cells,Endothelial,CALM3,AQP1,0.63298285,0.004,0.2166587,0.4219882671810785,0.9045633102080377,0.04469506,0.82714075,0.35484620915362963,0.6004429025642821
Myeloid,PVL,MDK,SDC2,0.51742923,1.0,0.24867208,-0.002561281931169168,-0.14027716950315394,0.021466663,0.836772,1.0,0.6004429025642821
Cancer Epithelial,B-cells,MIF,CD74_CXCR4,1.0642881,0.0,0.33845764,0.5581983686519507,0.4853889835449984,0.048351195,0.8567476,0.24288301944488822,0.6004429025642821
Endothelial,Endothelial,JAG1,NOTCH4,0.2539016,0.0,0.06420273,0.37667869963724165,0.884750072907164,0.28737372,0.7225927,0.04702136627076004,0.6020176553567607
Plasmablasts,T-cells,TIMP1,CD63,0.6057843,1.0,0.3390834,-0.5651594352288849,-2.0693789226424175,0.00450606,0.85686094,1.0,0.6021487845818941
CAFs,Endothelial,C3,NRP1,0.51712376,0.0,0.2291267,0.5010564151085197,1.84429883330899,0.33449057,0.8311042,0.017688151342452645,0.6021487845818941
Endothelial,CAFs,MDK,SDC1,0.52637416,0.996,0.21628402,0.07440635619727351,0.04140131673832681,0.04038303,0.82701707,1.0,0.6021487845818941
Myeloid,Endothelial,YBX1,NOTCH1,0.94661796,0.0,0.47441015,0.3832587834752289,0.807187779008703,0.113349244,0.8762483,0.045153202714899345,0.6023192798259391
PVL,Plasmablasts,BGN,LY96,0.5165025,0.0,0.22732785,0.18599396567568272,0.2626285233848369,0.06812746,0.8305503,0.34887779774258354,0.6038577102829987
Myeloid,T-cells,LGALS3BP,ITGB1,0.58308256,0.993,0.3393768,-0.1305365629950131,-0.3566576308264269,0.016047997,0.856914,1.0,0.6038577102829987
Endothelial,Endothelial,COL4A2,CD93,0.826374,0.0,0.6506973,0.563796113402978,1.273058243155446,0.21516976,0.892387,0.017688151342452645,0.6043620772537773
PVL,PVL,COL4A2,ITGA1_ITGB1,0.904043,0.0,0.4742152,0.5037691462803504,1.6775624544411707,0.22250079,0.876226,0.017688151342452645,0.6043620772537773
Endothelial,CAFs,SERPING1,LRP1,0.5157167,0.69,0.26427743,0.1305857867398482,0.22508569013451263,0.06825925,0.84088606,1.0,0.605570050862706
CAFs,Endothelial,THBS2,CD47,0.6276371,0.0,0.33941916,0.3852250677571462,1.2276139590708213,0.08817992,0.8569216,0.04363939987038794,0.605570050862706
Endothelial,Cancer Epithelial,FN1,PLAUR,0.54570466,1.0,0.21560484,-0.26897662397410865,-1.5231435916431717,0.0070335227,0.8267919,1.0,0.605570050862706
CAFs,Plasmablasts,PLAU,PLAUR,0.28530762,0.951,0.06463964,0.001115297086454553,-0.4286750298310219,0.017849607,0.7232719,1.0,0.6063048377144488
CAFs,B-cells,MMP2,PECAM1,0.85371226,0.0,0.21548776,0.441882260200453,1.3209400703854524,0.076699644,0.826753,0.0645313648370186,0.6072856254738758
CAFs,Cancer Epithelial,COL6A3,CD44,0.9320111,0.0,0.3394543,0.48484026859296053,1.2194822848558282,0.082148924,0.856928,0.048298614270486054,0.6072856254738758
Plasmablasts,PVL,S100A8,CD36,0.51555216,0.002,0.2598091,0.1565995588230674,0.30979798465230224,0.03546302,0.839742,0.506643440806939,0.6072856254738758
Endothelial,Cancer Epithelial,COL4A1,CD47,0.82468086,0.0,0.67757976,0.4188265284300575,0.7124940101586598,0.09406749,0.8943154,0.06905459476878675,0.6084546672371449
Cancer Epithelial,Cancer Epithelial,LGALS3BP,ITGB1,0.8679063,0.089,0.47280252,0.07586465941891456,-0.6103206884653681,0.022357255,0.8760641,1.0,0.6084546672371449
PVL,Cancer Epithelial,COL3A1,DDR1,0.7569368,0.003,0.34018457,0.4894113006178867,0.17016430932045623,0.18079063,0.85705966,0.39662419264456306,0.6090042518761767
Cancer Epithelial,Myeloid,S100A8,CD69,0.9864244,0.0,0.4717785,0.7212396044070615,1.6478276905412315,0.049290035,0.87594634,0.22130567232607803,0.6105044475901866
Plasmablasts,Endothelial,SERPING1,SELP,0.26622313,1.0,0.06489642,0.08025239502590342,-0.5747654545061858,0.037173558,0.7236685,1.0,0.6105869648083149
CAFs,CAFs,APOE,LRP1,0.5840086,0.0,0.3403246,0.28581851967343375,0.6557874184499467,0.09751601,0.8570849,0.12715268429234167,0.6107263033544867
CAFs,Endothelial,PLAU,ITGB1,0.61777735,0.005,0.34043732,0.15839991424850053,0.43626649488341906,0.060616173,0.85710514,0.4405856004688886,0.6124514120272807
Myeloid,CAFs,A2M,LRP1,0.51422536,0.695,0.26261678,0.12931983470723837,0.06678606374486695,0.06380022,0.84046394,1.0,0.6124514120272807
PVL,Endothelial,HMGB1,THBD,0.82355297,0.017,0.51919657,0.25296721131073,0.7280714173393326,0.06652394,0.88105696,0.45892454789506465,0.6125565433824754
Plasmablasts,Myeloid,MMP7,CD44,0.51407933,0.0,0.23845083,0.41564663874711383,0.5640543925218983,0.057199102,0.8338853,0.15213843569896238,0.6141799525758761
Cancer Epithelial,Cancer Epithelial,FN1,CD44,0.62520975,0.927,0.21393794,-0.0701650968168399,-0.9366575515644173,0.016096301,0.8262355,1.0,0.6141799525758761
CAFs,Myeloid,C3,C3AR1,0.59599924,0.0,0.34157205,0.8868339439299677,2.244186107070806,0.69580483,0.8573088,0.0017804679482974616,0.6141799525758761
Endothelial,Cancer Epithelial,HBEGF,CD9,1.1561251,0.0,0.4682545,0.7388641212308056,1.0561036647506215,0.18022682,0.8755384,0.017688151342452645,0.6146109485127675
Cancer Epithelial,CAFs,COL1A1,SDC1,0.25603104,1.0,0.06498568,-0.060696802334762434,-1.3404127407559745,0.01797585,0.7238059,1.0,0.6148639243874522
PVL,CAFs,HMGB1,SDC1,0.75109065,0.339,0.34204727,0.1491252142836734,0.5980744407459114,0.04815532,0.8573938,0.9310683676556141,0.6159115557209938
Cancer Epithelial,Endothelial,LGALS3,MCAM,0.513881,0.0,0.21955064,0.2426390936227525,0.27508191781159225,0.07810122,0.8280867,0.2966703555048979,0.6159115557209938
Endothelial,PVL,VCAN,ITGB1,0.8219006,0.0,0.47823355,0.1499938519133336,0.5732525501803277,0.04139386,0.8766828,0.4736426934537878,0.6166677677020506
PVL,PVL,COL1A1,ITGA1_ITGB1,0.6980481,0.204,0.3430731,0.1559106594661741,0.15273210195740605,0.1070465,0.8575768,0.8028756962936805,0.6176465975430191
PVL,T-cells,SPON2,ITGB1,0.5137315,0.908,0.25508043,-0.056622553162467275,0.048106328756833294,0.02658757,0.83850217,1.0,0.6176465975430191
Cancer Epithelial,Endothelial,TIMP1,CD63,1.0749809,1.0,0.4660888,-0.2812657457244455,-1.673674954158165,0.0061938274,0.8752856,1.0,0.6187267733281618
Endothelial,Myeloid,GNAI2,FPR1,0.25533822,0.0,0.065191895,0.5554625119545802,1.022115928694034,0.34282267,0.7241225,0.017688151342452645,0.619135834666543
B-cells,Myeloid,FN1,CD44,0.5128664,0.947,0.23681381,0.057090449216220585,-0.8723514644871943,0.017817441,0.83340764,1.0,0.619384894753324
Endothelial,T-cells,FAM3C,CLEC2D,0.6471745,0.0,0.34347925,0.6763138677379481,1.4465102492262139,0.09169194,0.857649,0.03334248403555885,0.619384894753324
Endothelial,Endothelial,TGM2,ITGB1,0.8205124,0.0,0.6732406,0.4368706253121532,0.9587927458440668,0.1061155,0.89401144,0.020082033470675484,0.6207880699882167
PVL,B-cells,MYL9,CD69,1.0098146,0.0,0.46480188,0.4769819475752806,1.0395505640306282,0.059821364,0.87513465,0.13325900997487003,0.6207880699882167
B-cells,Myeloid,HMGB1,CXCR4,0.64328015,0.763,0.34367463,0.12695166505133548,0.025305328412634553,0.0267994,0.8576837,1.0,0.62112626266089
Plasmablasts,Plasmablasts,LGALS1,CD69,0.51249635,1.0,0.24644963,-0.2026060492098651,-1.6231496661261136,0.00950712,0.8361579,1.0,0.62112626266089
CAFs,CAFs,COL6A3,SDC1,0.9696462,0.0,0.46436256,0.6803323455017216,2.0687670968326253,0.2964256,0.87508297,0.017688151342452645,0.6228516515809712
Plasmablasts,Endothelial,CALM1,AQP1,0.6928643,0.024,0.3438404,0.3313806022624956,0.45690779086803746,0.04254043,0.85771316,0.48280328462264754,0.6228710794496702
CAFs,PVL,MFGE8,PDGFRB,0.51225364,0.0,0.23311342,0.2736018551124216,0.735997821211469,0.15224367,0.8323115,0.14539028702533596,0.6228710794496702
Endothelial,Cancer Epithelial,SERPINE1,PLAUR,0.2555322,0.936,0.06528456,0.02246448238884116,-0.42312064244075803,0.036299776,0.7242643,1.0,0.6234025836697812
T-cells,B-cells,LGALS1,CD69,0.5349283,1.0,0.21322365,-0.23558741812815928,-0.9332954490854545,0.008225383,0.82599527,1.0,0.6246189723344642
B-cells,CAFs,FN1,PLAUR,0.66551256,0.967,0.3439551,-0.10659260556013003,-1.211678470763936,0.011220601,0.85773355,1.0,0.6246189723344642
PVL,Endothelial,LGALS3BP,ITGB1,0.8183054,0.068,0.66961753,0.05720289811316019,0.16781286696556097,0.031663984,0.8937555,1.0,0.624917512005182
PVL,Endothelial,SPON2,ITGB1,0.620248,0.322,0.3444931,0.023805015353237473,-0.03918772935241899,0.035907242,0.85782886,1.0,0.6263703209048644
Endothelial,CAFs,LUM,ITGB1,0.61655563,1.0,0.21297047,-0.23527707004983922,-2.1871455682404917,0.0049990793,0.82590985,1.0,0.6263703209048644
CAFs,Cancer Epithelial,APOE,LSR,0.5117756,0.0,0.25202182,0.4547136801201412,0.23037162484898766,0.07827397,0.83768374,0.339036022136354,0.6263703209048644
PVL,Cancer Epithelial,COL6A3,SDC1,0.2733152,0.819,0.06550433,0.02564132803199759,-0.2076923888867886,0.041814655,0.7245998,1.0,0.6276642893369131
CAFs,T-cells,PLAU,ITGB1,0.5112608,0.566,0.25207734,0.07797234573279577,0.5235605529926713,0.044883333,0.8376987,1.0,0.6281247509687167
Endothelial,Endothelial,COL4A1,CD47,0.6345168,0.0,0.34484258,0.21830105274470837,0.5432313482253132,0.047874037,0.85789067,0.2687686998626348,0.6281247509687167
CAFs,Cancer Epithelial,THBS2,CD47,0.81780124,0.0,0.6669232,0.5857505434424953,1.3968766210041679,0.17326435,0.8935639,0.017688151342452645,0.6290560449429966
PVL,B-cells,HMGB1,CXCR4,0.6977175,0.721,0.21156542,0.025570981191164195,-0.11090106633189642,0.016497657,0.8254335,1.0,0.6298826435238813
CAFs,Endothelial,VCAN,SELP,0.6738106,0.0,0.34494394,0.6562094447183253,1.6717947942472433,0.46506763,0.8579086,0.017688151342452645,0.6298826435238813
PVL,Endothelial,LGALS3,ENG,0.511153,0.0,0.21905331,0.31903881162109415,0.8193612745978845,0.060206685,0.8279252,0.1305185562738849,0.6298826435238813
CAFs,T-cells,CLEC11A,ITGB1,0.8171295,0.002,0.6238611,0.22487746686212395,0.8882042981996309,0.055148493,0.8903479,0.3177618496481887,0.6311288169342575
Endothelial,Myeloid,HSPG2,ITGB1,0.83415294,0.0,0.4592425,0.3373418192491714,0.6601469492386606,0.045871392,0.8744757,0.2818552346552538,0.6311288169342575
CAFs,Endothelial,COL4A2,CD93,0.5900691,0.0,0.3449473,0.3796470767993588,0.6135984506621897,0.11406568,0.8579092,0.10138377078047872,0.6316438128241433
CAFs,Myeloid,FBLN1,ITGB1,0.5107627,0.651,0.23431185,0.14507298771831947,0.5009414991699731,0.046414368,0.83266896,1.0,0.6316438128241433
Cancer Epithelial,Endothelial,LGALS9,CD47,0.28058738,0.658,0.06582939,-0.023119760969568588,-0.24265893047936066,0.014385353,0.7250934,1.0,0.6319208972398157
Cancer Epithelial,Myeloid,SLPI,PLSCR1,0.8160658,0.0,0.6146499,0.943685344869806,1.3835518484009295,0.1586512,0.8896197,0.017688151342452645,0.6332037317930989
Endothelial,CAFs,TFPI,LRP1,0.58853877,0.0,0.34536928,0.3923564109081526,1.2138424543766522,0.195921,0.8579837,0.03850287025319241,0.6334080717116958
B-cells,PVL,VCAN,ITGB1,0.71644557,0.145,0.21120657,0.04078338711125189,-0.10303589836619531,0.018281141,0.8253112,1.0,0.6334080717116958
Plasmablasts,Myeloid,HMGB1,CXCR4,0.5104521,0.999,0.24313691,0.03865844876498917,-0.2905271078133569,0.01895957,0.83522886,1.0,0.6334080717116958
Endothelial,T-cells,ADAM15,ITGB1,0.50965136,0.431,0.25012106,0.16095665938949133,0.6377122667494332,0.0420965,0.8371684,1.0,0.6351758033017678
CAFs,Myeloid,TIMP2,CD44,0.59391916,0.0,0.3462005,0.5406320554310662,1.3920211964322857,0.19015042,0.8581301,0.017688151342452645,0.6351758033017678
CAFs,B-cells,MDK,NCL,1.1762723,0.0,0.4582391,0.3698787954955637,0.7432090076309158,0.03533862,0.8743556,0.4965611769721361,0.6352808949768489
Endothelial,Endothelial,SERPINE1,PLAUR,0.25825894,0.99,0.06665906,0.024758170124018264,-0.19076050534393502,0.03706403,0.72633994,1.0,0.6361723532248924
Cancer Epithelial,CAFs,LGALS3BP,ITGB1,0.68187153,0.86,0.34692296,-0.06460472720175481,-0.5009932143428296,0.016404832,0.85825694,1.0,0.636946629873283
PVL,Myeloid,THBS1,CD47,0.50934875,0.0,0.24376005,0.17932285136612772,0.6043989940935618,0.050695643,0.83540493,0.3692025864185449,0.636946629873283
T-cells,Endothelial,LGALS1,ITGB1,0.81287885,1.0,0.66070956,-0.2857216663357131,-0.7898918718456154,0.010654977,0.893118,1.0,0.6373603003842645
Myeloid,Endothelial,FN1,PLAUR,0.99627405,0.198,0.45702815,-0.00456043025598743,-0.5343223462372201,0.014909303,0.8742102,1.0,0.6373603003842645
CAFs,CAFs,COL6A1,SDC1,0.762152,0.0,0.3482378,0.5446714341902391,1.6552705414249145,0.25484365,0.8584869,0.017688151342452645,0.6387209359563095
Endothelial,Plasmablasts,LGALS9,CD47,0.27422833,0.707,0.06680589,0.013273927848430983,-0.2421563990740626,0.014598744,0.72655857,1.0,0.6404187748201011
T-cells,Cancer Epithelial,CALM1,KCNN4,0.6837143,0.003,0.3482501,0.5141172665433448,0.7131860356468593,0.092282504,0.858489,0.33666251321920176,0.6404983424136177
Endothelial,Cancer Epithelial,THBS1,CD47,0.5221749,0.0,0.20900203,0.18757686725130535,-0.025579270502916196,0.043466892,0.8245535,0.629211178022335,0.6404983424136177
Myeloid,PVL,CLEC11A,ITGB1,0.8127794,0.0,0.45513743,0.1376851939696117,0.39766046784599884,0.04023355,0.8739821,0.5354365687224003,0.6415258134651152
CAFs,Cancer Epithelial,COL4A1,CD47,0.52205473,0.009,0.20881595,0.12737747071331873,-0.2692094002423383,0.028989643,0.82448906,1.0,0.6422792351927433
CAFs,Myeloid,INHBA,ACTR2,0.5083264,0.0,0.2560936,0.35576551420468383,1.0773365550260923,0.119797826,0.8387704,0.0561550631336887,0.6422792351927433
CAFs,Myeloid,VCAN,ITGB1,0.675924,0.154,0.34918803,0.12762948265848825,0.23019268348549604,0.030224232,0.8586523,0.7366105250666773,0.6422792351927433
CAFs,Myeloid,LGALS3BP,ITGB1,0.82552415,0.081,0.45324084,0.08183542081094378,-0.012323130072995236,0.02143225,0.87375194,1.0,0.6436119089360635
Plasmablasts,Endothelial,CCL5,ACKR1,0.840899,0.0,0.349508,0.5721202264741526,1.1086188948874218,0.06703946,0.8587079,0.09587508985971582,0.6440634260737839
Endothelial,Endothelial,JAG1,CD46,0.25985205,0.0,0.06703129,0.22370047595942438,0.5811015125139996,0.09387101,0.726893,0.2561432490143748,0.6446600507359492
CAFs,Endothelial,LGALS3,ENG,0.6022831,0.0,0.34966794,0.40858065890514433,1.0549276071027882,0.09610605,0.8587356,0.03166521505043369,0.6458507254160445
Myeloid,Cancer Epithelial,PKM,CD44,0.60938203,0.004,0.20746262,0.12228392508485356,-0.026263988821755235,0.022785751,0.8240181,1.0,0.6458507254160445
PVL,Myeloid,MIF,CD74_CXCR4,0.50716686,0.016,0.24065033,0.228240198438946,0.6945862336827475,0.03437869,0.8345203,0.5413393506719049,0.6476415212982298
CAFs,Endothelial,FBN1,ITGB1,0.62448704,0.003,0.35145178,0.20842454587905146,0.5179571619292376,0.08686594,0.859044,0.33666251321920176,0.6476415212982298
Cancer Epithelial,Endothelial,ADAM17,NOTCH1,0.26152223,0.0,0.067117214,0.3452174210741307,0.5907246793928507,0.16951944,0.7270202,0.11189357110536377,0.6488962982262798
B-cells,Myeloid,MIF,CD44_CD74,0.5065281,0.404,0.22825988,0.16026739848792862,0.000803075616014004,0.022319015,0.830838,1.0,0.6494354310311876
PVL,Endothelial,HLA-A,APLP2,0.59516984,0.925,0.3515087,-0.007450100253087927,0.050890868319794835,0.020680305,0.8590538,1.0,0.6494354310311876
T-cells,Endothelial,LTB,TNFRSF1A,0.97795856,0.0,0.45083526,0.9584304048413088,2.5976398825732088,0.19949144,0.87345815,0.017688151342452645,0.6498835906155901
Myeloid,PVL,S100A8,CD36,0.59323394,0.0,0.35192645,0.23715294960403183,0.9211148990044147,0.04803671,0.8591257,0.24834391957988786,0.651232844117662
Cancer Epithelial,T-cells,ADAM15,ITGB1,0.50579536,0.46,0.24543414,0.15383161513849808,0.15224067061826507,0.04130767,0.8358749,1.0,0.651232844117662
Endothelial,Cancer Epithelial,COL4A2,CD44,0.60518235,0.0,0.20574448,0.12827894192470535,0.03819283691237679,0.032443848,0.8234143,0.6247995478524125,0.651232844117662
PVL,PVL,COL1A2,ITGA1_ITGB1,0.8666903,0.002,0.4504354,0.21937093386727158,0.41163444762961865,0.12994583,0.8734091,0.3177618496481887,0.6519785208721229
Myeloid,Cancer Epithelial,FN1,CD44,0.9663161,0.0,0.3534889,0.12948452798803897,-0.17058692418410376,0.026595863,0.85939354,0.8955954853377756,0.6530333764431477
B-cells,T-cells,LUM,ITGB1,0.50530565,0.999,0.24483885,-0.3456765775530903,-2.0122362680101595,0.005747129,0.83570826,1.0,0.6530333764431477
PVL,Cancer Epithelial,LAMA4,CD44,0.2664357,0.047,0.06715893,0.08252855608176805,0.1546885930925409,0.036757354,0.72708184,0.8587125830702699,0.6531274062755512
CAFs,Cancer Epithelial,VCAN,CD44,0.6043173,0.0,0.20539059,0.3286584850488874,0.7252178154270392,0.06358854,0.8232891,0.10949057522902844,0.6548374189370563
PVL,T-cells,LUM,ITGB1,0.5956774,1.0,0.35468578,-0.30188605602389046,-1.4888759711038375,0.008325578,0.8595976,1.0,0.6548374189370563
Cancer Epithelial,B-cells,S100A8,CD69,0.97965014,0.0,0.4488218,0.712340025496007,1.2579848912335128,0.046891585,0.87321055,0.22130567232607803,0.6561749555241051
PVL,Myeloid,ANXA1,FPR1,0.5245709,0.152,0.20396942,0.3588071518850044,0.5744326746824167,0.1280499,0.8227835,0.72730118825847,0.6566447808896965
CAFs,Plasmablasts,MMP2,PECAM1,0.8981253,0.0,0.35496128,0.5069344000962746,1.4487029660671888,0.12634315,0.8596445,0.017688151342452645,0.6566447808896965
Myeloid,Cancer Epithelial,MDK,SDC1,0.2783914,1.0,0.06730552,-0.16182377817208837,-0.9844896989483194,0.012566813,0.72729814,1.0,0.6573534918638199
CAFs,PVL,CXCL12,ITGB1,0.80989516,0.0,0.44783416,0.3373508787270415,1.2564514797972592,0.13162556,0.87308854,0.07032843536581215,0.6582764477170667
Endothelial,Plasmablasts,LGALS1,CD69,0.6533866,1.0,0.3549932,-0.1240431372880274,-0.9452588601031037,0.01369433,0.8596499,1.0,0.6584552701613867
CAFs,Myeloid,CLEC11A,ITGB1,0.68713915,0.129,0.3569886,0.12672549643570322,0.26814358805162475,0.03155732,0.85998774,0.6883996743867293,0.6602692798265066
Myeloid,Cancer Epithelial,FN1,PLAUR,0.9935474,0.227,0.44760427,-0.006854117991164532,-0.7666824833340431,0.014601875,0.8730601,1.0,0.6603802283673539
CAFs,T-cells,VCAN,ITGB1,0.8059144,0.005,0.6102291,0.225781453084909,0.8502533936335022,0.05281883,0.88926476,0.3721526397358819,0.6603802283673539
Plasmablasts,Endothelial,FAM3C,LIFR,0.2597663,0.079,0.06740532,0.19522197548038842,0.10712785805882291,0.06986144,0.727445,0.6060113019301033,0.661574444249166
T-cells,CAFs,HLA-A,APLP2,0.74966294,0.072,0.35746193,0.057660625691628005,0.16262869903224475,0.021030549,0.8600675,1.0,0.6620864221956287
B-cells,PVL,FN1,SDC2,0.50321853,0.972,0.23004206,-0.027201250074743166,-0.6854014977150338,0.021107974,0.8313839,1.0,0.6620864221956287
CAFs,Cancer Epithelial,MDK,SDC2,1.1735646,0.0,0.44665965,0.29608612727445893,0.3668548457153311,0.038557976,0.872943,0.41735839681197145,0.6624860647950265
PVL,Cancer Epithelial,CALM1,PTPRA,0.6674341,0.001,0.35809442,0.21502174790395973,0.38281335094174934,0.051385015,0.8601738,0.2949320034015847,0.6639070917763726
B-cells,Plasmablasts,FN1,CD79A,0.5031378,0.888,0.22998546,0.5589029565828678,-0.8525906245076308,0.021156507,0.8313666,1.0,0.6639070917763726
PVL,CAFs,LUM,ITGB1,0.8045124,1.0,0.59843975,-0.1442007653936132,-1.2633483228854163,0.014047242,0.8883006,1.0,0.6645940641295384
Endothelial,CAFs,APP,LRP10,0.5028779,0.0,0.21998931,0.3693142217275962,1.0306530845860375,0.118073955,0.82822865,0.04960170780258472,0.665730899444757
PVL,Myeloid,CD99,CD81,0.62952447,0.755,0.35893145,0.035644588329265384,0.028825477543760636,0.035955884,0.8603142,1.0,0.665730899444757
B-cells,CAFs,COL1A2,SDC1,0.26055697,0.998,0.067518614,-0.08567258191851779,-1.3248294101845812,0.017267892,0.7276115,1.0,0.6657903801381889
PVL,PVL,CLEC11A,ITGB1,0.8084608,0.0,0.44420204,0.13333779993166445,0.5454972486361649,0.039266873,0.87263674,0.5634013257524039,0.666704220269646
T-cells,Endothelial,CALM1,INSR,0.8043339,0.0,0.59648275,0.3630465138964989,1.2005632222517104,0.08125381,0.888138,0.052629963601985116,0.666704220269646
CAFs,Myeloid,MYL9,CD69,0.50250924,0.025,0.20230448,0.08052250503596135,-0.026890792667122243,0.026037183,0.8221852,0.8927169163981159,0.6675582411442695
PVL,CAFs,COL4A1,CD47,0.6320578,0.0,0.35924563,0.21763626160553695,0.7620092994853666,0.049873594,0.86036676,0.26993916606841317,0.6675582411442695
Myeloid,Cancer Epithelial,MDK,NCL,0.5021198,0.995,0.23705626,0.14731236654334962,-0.5146553894292909,0.018281376,0.8334786,1.0,0.6693889236593319
Myeloid,Cancer Epithelial,CXCL10,SDC4,0.91048086,0.0,0.35926577,0.6182030155520242,1.4369625274639461,0.12581967,0.8603701,0.017688151342452645,0.6693889236593319
Plasmablasts,CAFs,CCL5,SDC1,0.26136312,0.113,0.067969784,0.15965145459300045,-0.0352712191679716,0.037429944,0.72827095,0.6608797049880896,0.6700011890622617
PVL,Cancer Epithelial,COL4A1,CD47,0.8035893,0.0,0.64490914,0.3985139111663022,0.8440488171909468,0.08953188,0.8919572,0.03689601728811354,0.6709309785616735
PVL,Endothelial,ANGPTL4,CDH5,0.5017429,0.0,0.23013197,0.5257852437690615,1.5128623663471723,0.33972266,0.8314113,0.017688151342452645,0.6712227523351727
PVL,CAFs,CLEC11A,ITGB1,0.6881357,0.053,0.3597697,0.04248385104843654,0.11544700866575108,0.03180317,0.86045426,1.0,0.6712227523351727
Endothelial,Myeloid,S100A8,ITGB2,0.54954404,0.0,0.19956683,0.5509263937577527,0.6229525948051544,0.044283565,0.821187,0.3042931884028685,0.6712227523351727
PVL,Myeloid,LAMA4,CD44,0.5015507,0.0,0.22154252,0.41315167052538704,1.0816813993771048,0.121254414,0.82872856,0.028938088596243954,0.6730601252740491
CAFs,Myeloid,COL4A2,CD44,0.60399246,0.0,0.35979512,0.2747530197647051,0.3057258507036843,0.056736093,0.8604585,0.27111345108350304,0.6730601252740491
PVL,Cancer Epithelial,THBS1,SDC1,0.2807797,0.0,0.06815296,0.14654497027878294,0.3704411495017363,0.07598925,0.72853714,0.4917705212971792,0.6742069874548546
B-cells,Endothelial,CXCL2,ACKR1,0.8446538,0.0,0.36031342,0.5760280492705427,1.3589889448112156,0.09089834,0.8605449,0.03408134761153226,0.6749006497540566
Myeloid,PVL,C1QB,C1QBP,0.8592675,0.0,0.44290754,0.7941007158072034,1.6770303914574154,0.081947036,0.87247443,0.04894690875324088,0.6751662908611588
Myeloid,Cancer Epithelial,FN1,SDC2,0.9684837,0.002,0.36098033,0.10326873167405116,-0.3118926587281472,0.03312248,0.86065584,1.0,0.6767447253198919
Endothelial,Myeloid,LGALS9,CD47,0.5002036,0.0,0.23215383,0.2515617013710934,0.6045451612310374,0.050731372,0.8320234,0.21493363892647802,0.6767447253198919
Myeloid,Cancer Epithelial,LUM,ITGB1,0.8567275,1.0,0.44155788,-0.06857502445431252,-2.0429454450074283,0.010364737,0.87230456,1.0,0.6772872537822145
PVL,Myeloid,FN1,CD44,0.8020206,0.139,0.6270485,0.22633259406338635,0.24576529692138938,0.04717799,0.89059645,0.7089475090196758,0.6772872537822145
Plasmablasts,Endothelial,CD24,SELP,0.27165145,0.01,0.06862613,0.27744043888442826,0.2889216272362355,0.054724663,0.7292208,0.4261089750167798,0.678407721641209
B-cells,CAFs,MDK,LRP1,0.602564,0.678,0.36098728,0.11571569590551498,0.19106195344446875,0.05017481,0.860657,1.0,0.6785919578058963
CAFs,Endothelial,THBS1,ITGA6,0.4999885,0.0,0.24902381,0.4998520137301636,1.3666383606308994,0.22580247,0.83686846,0.017688151342452645,0.6785919578058963
B-cells,T-cells,LGALS1,CD69,0.8018187,0.87,0.5608985,0.22450221824260103,-0.027480425527102836,0.021637399,0.8850458,1.0,0.679410222743793
PVL,CAFs,ANGPTL4,SDC2,0.49920428,0.0,0.2268381,0.2489019879582301,0.9630477618122325,0.10035504,0.8303985,0.20048959567003255,0.6804427482018349
Myeloid,Endothelial,CD14,ITGB1,0.6309434,0.0,0.36205032,0.46962633103890195,0.5748205994747947,0.120864436,0.8608332,0.1193403010588866,0.6804427482018349
PVL,Myeloid,HMGB1,CXCR4,0.80040264,0.051,0.46260083,0.23139395538042976,0.6390746353858763,0.036073145,0.87487507,0.5503246790667568,0.6815353058019324
Cancer Epithelial,Cancer Epithelial,COPA,CD74,0.74485123,1.0,0.3622675,-0.04522616827098505,-1.483033930866211,0.02088395,0.8608691,1.0,0.6822967008956667
CAFs,Cancer Epithelial,PTN,SDC2,0.2698781,0.027,0.06911481,0.1415076166171791,0.12601916826261372,0.0615542,0.72992074,0.523775955064711,0.6826033382192849
B-cells,CAFs,MDK,SDC2,0.4989981,0.939,0.22669393,-0.10185680513939821,-0.532128276198645,0.019569395,0.83035374,1.0,0.6841542183248533
Endothelial,Endothelial,MDK,ITGA6_ITGB1,0.62092555,0.545,0.36244568,0.23506135245887314,0.30542991044144674,0.055034854,0.86089855,1.0,0.6841542183248533
B-cells,T-cells,FAM3C,CLEC2D,0.56679666,0.0,0.19531341,0.5823667968877153,1.0035925595962634,0.052139003,0.8195998,0.19676399035283415,0.6841542183248533
Plasmablasts,CAFs,PSAP,LRP1,0.60410726,0.914,0.36270574,0.08819532232709701,-0.09330398688030372,0.045979828,0.8609415,1.0,0.686015104028308
B-cells,Cancer Epithelial,MIF,CD44_CD74,0.2714131,0.973,0.06919525,-0.17035571595569038,-0.9261897306685498,0.0067658396,0.73003536,1.0,0.6867939532134746
Cancer Epithelial,Plasmablasts,MMP7,CD151,0.7430841,0.0,0.19470339,0.6285884805278769,0.42679596099867856,0.030525463,0.8193684,0.7006246705626734,0.6878791600939222
CAFs,CAFs,CXCL12,ITGB1,0.68957007,0.0,0.36271146,0.24649692984381355,0.8264012398268454,0.106606655,0.8609425,0.20426785875240838,0.6878791600939222
PVL,Endothelial,ANGPTL4,TIE1,0.4987566,0.0,0.22625718,0.5288386554510311,1.5827220880985542,0.36681578,0.8302179,0.017688151342452645,0.6878791600939222
B-cells,T-cells,LGALS1,PTPRC,0.7997862,0.866,0.5588032,0.24896930508753462,-0.07223105442686117,0.023935277,0.88485533,1.0,0.687923178543279
CAFs,Cancer Epithelial,COL6A1,ITGA6,0.7003927,0.0,0.1945217,0.3971676155792771,0.9528818842443051,0.115767404,0.81929934,0.037425933653202695,0.6897467911356703
CAFs,Endothelial,PLA2G2A,ITGB1,0.63235646,0.0,0.36436993,0.21522240377050278,1.6131543428846011,0.10626962,0.8612153,0.23197406750034286,0.6897467911356703
CAFs,Endothelial,C3,CD46,0.49741563,0.0,0.20103072,0.44163135099033923,1.7394187245921573,0.17312223,0.821723,0.018778977605582177,0.6897467911356703
Myeloid,Cancer Epithelial,APOE,SDC2,1.1552316,0.0,0.43900046,0.5218814958342674,1.2487444774791188,0.07812521,0.8719807,0.05910028550471508,0.6900566569752248
Plasmablasts,Plasmablasts,FN1,PLAUR,0.30048862,1.0,0.06937138,-0.42570295645126666,-2.6167147526201378,0.0022630529,0.7302858,1.0,0.6909794568369476
CAFs,B-cells,LGALS3BP,ITGB1,0.7914579,0.346,0.36444524,0.05611298521022584,-0.12160363632085147,0.017233402,0.8612277,1.0,0.691617597914016
PVL,Cancer Epithelial,FN1,SDC2,0.5690732,1.0,0.19411343,-0.13050631669422047,-0.8225332439072179,0.017811269,0.8191438,1.0,0.6934919864972021
Myeloid,PVL,ITGB2,THY1,0.644366,0.0,0.36448,0.687444066072171,1.4720460513816351,0.22653067,0.86123335,0.017688151342452645,0.6934919864972021
CAFs,Cancer Epithelial,FN1,SDC1,1.3196279,0.0,0.4367673,0.43129008723476203,1.1988671097006995,0.08668149,0.87169576,0.040161645303314314,0.694329973683453
Cancer Epithelial,T-cells,FAM3C,CLEC2D,0.796053,0.0,0.6179172,0.8503259555952443,1.5464065578183623,0.16495328,0.88987976,0.017688151342452645,0.694329973683453
Myeloid,B-cells,ICAM1,IL2RG,0.26437914,0.194,0.069532305,0.08562459543499462,-0.25663082183640706,0.021379499,0.730514,1.0,0.6951599648417885
PVL,Myeloid,SPON2,ITGB2,0.6446531,0.0,0.3649793,0.6720626690568219,1.2868211137528756,0.19327776,0.86131513,0.017688151342452645,0.6953695561901101
Myeloid,PVL,HLA-A,APLP2,0.82706743,0.0,0.43646228,0.11955279110062504,0.3040194585478302,0.025678376,0.8716567,0.9071794317228171,0.6964696846940809
Cancer Epithelial,CAFs,FN1,SDC2,0.697756,0.813,0.36568487,-0.010480540401750733,-0.5569798500500458,0.03355415,0.86143047,1.0,0.6972507145178792
Cancer Epithelial,Endothelial,CCL2,ACKR1,0.8466207,0.0,0.3659738,0.44688231239105314,0.5921440529352742,0.0474653,0.8614776,0.2561432490143748,0.6991352624767334
Plasmablasts,Cancer Epithelial,FN1,ITGA6,0.3007205,1.0,0.069577836,-0.19798061754314797,-1.6426185932067199,0.011229684,0.73057836,1.0,0.6993353677133104
PVL,PVL,FN1,SDC2,0.79237276,0.336,0.60911787,0.1420408947724226,0.43271526369354985,0.05589084,0.88917506,0.9278865905800697,0.700755296472941
CAFs,B-cells,MYL9,CD69,0.495735,0.135,0.19246036,0.07162292612490687,-0.41673359197484083,0.024770213,0.8185094,1.0,0.7010229996026757
Endothelial,PVL,APP,CD74,0.60956645,1.0,0.3659932,-0.11655916229056684,-1.200245917333534,0.010982373,0.8614808,1.0,0.7010229996026757
Plasmablasts,Myeloid,LGALS1,ITGB1,0.49377823,1.0,0.22249846,-0.510356928197825,-2.230122274371477,0.0035881363,0.8290339,1.0,0.7010229996026757
PVL,Plasmablasts,HLA-B,CD3D,1.2402533,0.994,0.434418,-0.08023402785955784,-0.5079082642430222,0.010256654,0.87139386,1.0,0.7029011850386854
PVL,Plasmablasts,FN1,CD79A,0.7922921,0.007,0.608968,0.7281451014300335,0.26552613690095284,0.05601935,0.8891629,0.3934132321026922,0.7029011850386854
Myeloid,Endothelial,ICAM1,CAV1,0.49370322,0.0,0.19954018,0.17423909755528708,0.28941297353227713,0.059811436,0.8211772,0.3842548023685063,0.7029143356111582
B-cells,T-cells,TIMP1,CD63,0.6240478,1.0,0.36731118,-0.5536262094771818,-1.8526765530776128,0.0048811776,0.8616951,1.0,0.7029143356111582
Cancer Epithelial,Endothelial,VEGFA,NRP1,0.26908103,0.0,0.06966263,0.3616520890380483,0.6282718278692481,0.16019656,0.7306982,0.0948008697561312,0.7035057809316188
CAFs,Plasmablasts,BGN,LY96,0.7377999,0.0,0.36802423,0.3913514286773244,0.7861970341673732,0.1102925,0.8618106,0.04639232674695971,0.7048088661565669
Myeloid,Myeloid,HLA-DQA1,CD4,0.9276036,0.0,0.43192014,1.1775001150257525,2.1542313429940356,0.5828213,0.8710704,0.0011528324643730445,0.7050491205869811
Myeloid,CAFs,LGALS3BP,ITGB1,0.79191756,0.2,0.57260984,0.027148727635264172,-0.13112998260800568,0.027076812,0.8860929,1.0,0.7050491205869811
CAFs,PVL,PTN,SDC2,0.49317765,0.0,0.2168787,0.41405482808382216,1.3812676758633815,0.1931539,0.82721335,0.028501295092937428,0.7067070024178222
Plasmablasts,Cancer Epithelial,MDK,NCL,0.6071986,0.732,0.36837783,0.21556127962057167,-0.5956275365988684,0.028408675,0.8618678,1.0,0.7067070024178222
B-cells,Plasmablasts,HMGB1,CXCR4,0.55979824,0.907,0.19205312,-0.04038013549845966,-0.6761235469316036,0.014976108,0.81835204,1.0,0.7067070024178222
Endothelial,CAFs,HMGB1,SDC1,0.90967095,0.0,0.43079722,0.2545362923017478,0.6872093135885117,0.060650025,0.8709242,0.1823783503130658,0.7071992128545345
Endothelial,Plasmablasts,MMP2,PECAM1,0.26714358,0.934,0.06967807,-0.049111095182905684,-0.7445074505059678,0.024800867,0.73072004,1.0,0.7076710952538411
Cancer Epithelial,Cancer Epithelial,CALM1,KCNN4,0.7137283,0.0,0.36856592,0.5365136995358221,0.16836613909296472,0.09766598,0.8618982,0.2850911986161498,0.7086083385845277
Endothelial,T-cells,VCAN,ITGB1,0.4927405,0.983,0.22956592,-0.0985453876001716,-0.08232533800850728,0.019870248,0.83123857,1.0,0.7086083385845277
Endothelial,Myeloid,LAMA4,CD44,0.49242258,0.0,0.20922343,0.40076710405385335,0.8633574975018391,0.114511944,0.82463,0.036111718954653274,0.7105132873017006
Myeloid,CAFs,CLEC11A,ITGB1,0.69245434,0.08,0.36862653,0.0468312450863838,-0.03238977212441496,0.0325861,0.86190796,1.0,0.7105132873017006
Myeloid,T-cells,LGALS9,PTPRC,0.790911,0.0,0.5395594,0.8227640362453932,1.8409240730922516,0.17794949,0.88305795,0.017688151342452645,0.7115052641711906
Plasmablasts,PVL,COL3A1,ITGA1_ITGB1,0.26890433,1.0,0.06986822,-0.078886162971221,-1.1694856639193265,0.022087712,0.7309881,1.0,0.7118314258884331
Plasmablasts,Cancer Epithelial,MMP7,CD151,0.4922221,0.001,0.22300334,0.21079265001634673,-0.15342802173089887,0.03496231,0.8291945,0.8727607593250724,0.7124216470067761
Endothelial,B-cells,HSPG2,ITGB1,0.8000867,0.041,0.3692711,0.31161938364845343,0.5508664429908043,0.036884606,0.8620119,0.5270785559431217,0.7124216470067761
PVL,Cancer Epithelial,COL1A1,SDC1,0.6275986,0.642,0.19121467,0.05606232707327839,-0.5131157604083751,0.052892365,0.81802654,1.0,0.7124216470067761
Myeloid,Endothelial,SPARC,ENG,0.4915085,1.0,0.19089735,0.05191364855795555,-0.6471171520452902,0.022976436,0.817903,1.0,0.714333214667768
Endothelial,CAFs,HSPG2,SDC1,0.8001813,0.0,0.36952102,0.7338628985483315,2.004456893157001,0.34824052,0.86205214,0.0115495937760152,0.714333214667768
CAFs,PVL,COL6A2,ITGA1_ITGB1,0.83311087,0.0,0.4290578,0.5775464120736249,1.80882224246551,0.3588465,0.8706966,0.017688151342452645,0.7158194057968379
CAFs,T-cells,MXRA5,CD69,0.78858715,0.0,0.5321012,0.8624462742865093,2.334349977353517,0.3666884,0.8823374,0.002164440844909175,0.7158194057968379
Plasmablasts,CAFs,COL1A2,SDC1,0.26494113,1.0,0.069972225,-0.08332979784236716,-1.3695068846207463,0.017895404,0.7311343,1.0,0.7159867197733276
Plasmablasts,Endothelial,SPARC,ENG,0.4914664,1.0,0.190837,0.051890031297328276,-0.8370577124360531,0.022969173,0.8178794,1.0,0.7162484051338066
Endothelial,Endothelial,LGALS3,ENG,0.61615425,0.0,0.3695491,0.4222099403894461,1.0056564382475566,0.101570375,0.8620567,0.02558061501191441,0.7162484051338066
Cancer Epithelial,Cancer Epithelial,LGALS1,ITGB1,0.8522078,1.0,0.42892554,-0.2068548728325334,-1.6979121330036493,0.006917096,0.8706792,1.0,0.7179794952224241
PVL,Endothelial,THBS1,CD36,0.67320865,0.0,0.36965176,0.3671920108009834,1.0414550150456452,0.1365209,0.8620732,0.05126744783278161,0.7181668089209994
Plasmablasts,Cancer Epithelial,LMAN1,MCFD2,0.49132797,0.0,0.23017046,0.3600107878847154,0.19168753013506468,0.07103922,0.831423,0.37068756226865546,0.7181668089209994
PVL,Cancer Epithelial,FN1,CD44,0.5669056,1.0,0.19008498,-0.10429052038023263,-0.6812275093631746,0.014301649,0.8175852,1.0,0.7200888423511455
PVL,T-cells,COL4A1,CD47,0.6392522,0.0,0.37122703,0.22522273910349971,0.9933858396083706,0.05153695,0.8623258,0.25166434931856485,0.7200888423511455
Cancer Epithelial,Cancer Epithelial,COL4A2,SDC1,0.2860525,0.948,0.07002391,-0.022769977863084476,-0.7574135415895056,0.02912651,0.7312069,1.0,0.7201369241176989
CAFs,CAFs,THBS2,CD47,0.6462697,0.0,0.37150854,0.40487289388173014,1.3148371032985875,0.09651664,0.8623708,0.03334248403555885,0.7220140944663699
Myeloid,Plasmablasts,S100A8,CD69,0.48937982,0.0,0.2286404,0.22059851428808344,0.035853558662823914,0.023887679,0.830955,1.0,0.7220140944663699
Myeloid,Endothelial,LGALS3,ENG,0.7842896,0.0,0.6105334,0.5874148137078745,1.4543740622997778,0.16780478,0.8892893,0.017688151342452645,0.7223057973898638
Cancer Epithelial,PVL,LGALS3BP,ITGB1,0.8021966,0.201,0.42834038,0.026249221681473103,-0.07094297437241581,0.020254789,0.87060237,1.0,0.7223057973898638
Cancer Epithelial,Cancer Epithelial,AGRN,ITGB1,0.8318073,0.0,0.3719066,0.4669062226636975,0.30140134165249977,0.13469434,0.8624343,0.22130567232607803,0.7239429830637683
Cancer Epithelial,Endothelial,CALR,SCARF1,0.50337833,0.0,0.18906954,0.48092237462633314,0.7235882921526844,0.20952308,0.81718534,0.06533673874575427,0.7239429830637683
B-cells,CAFs,APOE,SDC2,0.2751184,0.881,0.07013535,-0.08041829537543138,-1.2887980188455164,0.012481397,0.7313631,1.0,0.7242821537231421
Cancer Epithelial,T-cells,TIMP1,CD63,0.5087066,1.0,0.189042,-0.6264630242083031,-2.1968954923252673,0.0025121686,0.8171745,1.0,0.7258753040058867
Myeloid,Endothelial,CALM3,INSR,0.61168706,0.0,0.37313652,0.4055192907805697,1.0007635051836494,0.084752396,0.86263007,0.04363939987038794,0.7258753040058867
PVL,PVL,THBS1,CD36,0.48852932,0.0,0.22776471,0.18275236328055605,1.0979197225355881,0.084118746,0.8306854,0.3560377040394241,0.7258753040058867
CAFs,T-cells,THBS1,CD47,0.48843336,0.0,0.23675118,0.1640430833648407,0.770698982079088,0.04923798,0.8333893,0.4222564380694656,0.7278108516766494
T-cells,CAFs,CCL5,SDC1,0.80944353,0.0,0.37470466,0.7309625224350227,2.2269583009438634,0.20634426,0.8628783,0.01766376620145431,0.7278108516766494
PVL,Plasmablasts,THBS1,CD47,0.2833735,0.9,0.070145756,-0.05896492215653472,-0.24230256621153823,0.014588462,0.7313777,1.0,0.7284223000248846
Endothelial,Cancer Epithelial,CALM1,PTPRA,0.7818613,0.0,0.44319245,0.3004070360524098,0.3865495158364987,0.06359622,0.8725102,0.21791361027185116,0.7288100013455499
Cancer Epithelial,CAFs,MMP7,SDC1,0.8103995,0.0,0.37523964,0.9560837578656189,1.7037841779644007,0.23743078,0.8629627,0.015112907225994046,0.7297500460910656
PVL,PVL,HLA-A,APLP2,0.48840174,1.0,0.21328492,-0.12475797476033988,-0.14528086083153213,0.012548188,0.82601595,1.0,0.7297500460910656
T-cells,Endothelial,CALM3,INSR,0.78167117,0.0,0.57020855,0.5717448066610193,1.734944047040556,0.12951437,0.88588065,0.017688151342452645,0.730982024999709
CAFs,PVL,C3,IFITM1,0.62067604,0.0,0.37675142,0.41405864465445896,1.8675254048185002,0.18615833,0.8632003,0.028284762017295056,0.7316924725947641
Endothelial,Endothelial,DLL1,NOTCH1,0.26703632,0.0,0.070395365,0.5188446273904022,1.143366578374962,0.5954452,0.73172647,0.017688151342452645,0.7325574775536923
B-cells,Cancer Epithelial,FAM3C,LAMP1,0.54951656,0.004,0.18798977,0.3119872892751502,0.023752329911724823,0.032138433,0.81675714,0.629211178022335,0.7336385526846226
PVL,Myeloid,PKM,CD44,0.6168722,0.001,0.37717724,0.2655380806106374,0.5825439637629949,0.041425616,0.863267,0.36477441955724704,0.7336385526846226
CAFs,Endothelial,CALM3,INSR,0.48638025,0.0,0.22786127,0.282983168743202,0.7765323626710138,0.05175529,0.8307152,0.20048959567003255,0.7336385526846226
Cancer Epithelial,Endothelial,CALM3,INSR,0.7811252,0.0,0.5695756,0.5712108836380088,1.083686146314351,0.1293706,0.88582444,0.017688151342452645,0.7353319692039602
CAFs,CAFs,PLAU,LRP1,0.4857759,0.0,0.23093653,0.4581064351567765,1.5013929059436937,0.2888043,0.8316557,0.017688151342452645,0.7355878702230871
CAFs,CAFs,COL6A2,SDC1,0.81386715,0.0,0.37718034,0.5861212376777543,1.722528948464967,0.27965844,0.8632675,0.017688151342452645,0.7355878702230871
Endothelial,Endothelial,JAG1,NOTCH1,0.26746404,0.0,0.07064966,0.34708105970984593,0.8381486864615519,0.23728612,0.7320803,0.0625505040505932,0.7366875780154574
Endothelial,CAFs,COL4A1,CD47,0.65314937,0.0,0.3774447,0.2379488788692923,0.6304544924530795,0.05240015,0.8633088,0.21592354466538977,0.7375408481915328
T-cells,Myeloid,MIF,CD74_CXCR4,0.48546278,0.189,0.22422251,0.21061595693469312,0.6985277148479001,0.032031853,0.8295803,0.7719724932070313,0.7375408481915328
T-cells,CAFs,PSAP,LRP1,0.48494363,1.0,0.23000978,0.007096258022425583,0.2439704186811832,0.029158099,0.83137405,1.0,0.7394972798615158
Endothelial,Myeloid,HLA-DRB5,CD4,0.8292784,0.0,0.37823796,0.5944290879741119,0.9312003510661248,0.18764466,0.86343265,0.02234267543872186,0.7394972798615158
Cancer Epithelial,Cancer Epithelial,FAM3C,LAMP1,0.77877283,0.0,0.59474725,0.5799464479826791,0.5665663281338239,0.10167704,0.88799316,0.12255035202257716,0.739689852705852
Cancer Epithelial,CAFs,PTN,SDC2,0.27609015,0.008,0.070814885,0.11857671433277789,0.07803202342375654,0.0630683,0.7323093,0.6516207919254808,0.7408127156704458
CAFs,Cancer Epithelial,MDK,SDC1,1.1578263,0.0,0.37935528,0.4093708425001828,0.7778908238709334,0.070830554,0.86360645,0.08260182963133315,0.7414569570167706
CAFs,CAFs,CALR,LRP1,0.4847902,0.0,0.22983894,0.3108612709153764,1.0630961569863944,0.10323694,0.83132195,0.09533684507025332,0.7414569570167706
Plasmablasts,Myeloid,S100A9,CD68,0.7750736,0.0,0.1875005,0.8014380868598898,1.2999831052971633,0.06683798,0.81656206,0.09641561052190692,0.7414569570167706
Myeloid,Endothelial,S100A8,CD36,0.7779133,0.0,0.5711606,0.4215925971244592,0.8646501915144716,0.07796139,0.88596493,0.06023407164069819,0.7418716537806884
PVL,Cancer Epithelial,MDK,NCL,0.61630106,0.788,0.37975353,0.22147332659290406,-0.05863125089877763,0.029285949,0.8636682,1.0,0.7434203048703862
CAFs,Endothelial,ARF1,INSR,0.4840824,0.0,0.22519727,0.30121203788030737,0.9114769283309297,0.058405478,0.8298867,0.14465460077381573,0.7434203048703862
PVL,Endothelial,SERPING1,SELP,0.7874477,0.0,0.4230224,0.4473533744370835,1.0928877786406204,0.24231304,0.869897,0.017688151342452645,0.7440553920147033
B-cells,CAFs,MMP7,SDC1,0.26651528,0.061,0.07085321,0.21199546426425245,0.44695676417840513,0.04483197,0.73236233,0.5688076796123648,0.7449327824948855
Endothelial,Cancer Epithelial,APP,TSPAN12,0.4839658,0.0,0.194108,0.5136346746500844,0.9219079790817524,0.17452413,0.8191417,0.023075161651159058,0.7453869035653116
Myeloid,PVL,LGALS3,MCAM,0.64951736,0.0,0.38089743,0.4147467295049528,1.2649202643493487,0.13549747,0.8638452,0.02806946509248244,0.7453869035653116
Myeloid,T-cells,CLEC11A,ITGB1,0.48361933,0.984,0.21847911,-0.11085404554389347,-0.25791742034283616,0.019313265,0.82773817,1.0,0.7473571798057042
Endothelial,CAFs,APP,LRP1,0.6205168,0.0,0.38097873,0.5408972808560366,1.525650626665588,0.2504556,0.86385775,0.017688151342452645,0.7473571798057042
Endothelial,Myeloid,COL4A1,CD44,0.77482736,0.0,0.59034926,0.5558203280058363,1.2714498117325417,0.16657491,0.88762355,0.017688151342452645,0.748428655555293
CAFs,Cancer Epithelial,ANGPTL4,SDC1,0.28851125,0.0,0.07089635,0.14197842041758044,0.21387497314750575,0.06783971,0.73242193,0.5199317441091291,0.7490478924788706
PVL,Endothelial,CALM3,INSR,0.48330435,0.0,0.22429521,0.27997530625074163,0.9551869346392876,0.05094531,0.82960314,0.21198433593756744,0.7493307122421301
Plasmablasts,Myeloid,S100A8,ITGB2,0.6538919,0.0,0.3810473,0.659131437164869,0.6763395312093966,0.0845538,0.86386836,0.07605319469294981,0.7493307122421301
Plasmablasts,Endothelial,CALM3,AQP1,0.6184796,0.0,0.18585543,0.407805735517091,0.746380681834163,0.03834058,0.81590116,0.4238986585461399,0.7493307122421301
Endothelial,Myeloid,MIF,CD44_CD74,0.61987174,0.0,0.38122535,0.2523055829884317,0.42406961141424826,0.03727582,0.8638958,0.44398123487152064,0.7513079290724445
B-cells,B-cells,FN1,CD79A,0.48316488,0.906,0.21596657,0.5021108210057404,-0.9314681721703597,0.0198669,0.826912,1.0,0.7513079290724445
Cancer Epithelial,Cancer Epithelial,FN1,SDC1,0.611639,0.823,0.18555173,0.01690382209489613,-0.6669273079528584,0.036824875,0.8157783,1.0,0.7513079290724445
Endothelial,Myeloid,CD99,CD81,0.7725674,0.01,0.48372555,0.1334401483710741,0.18651255584221693,0.04845711,0.8772987,0.5613683054489933,0.7528095945176716
CAFs,B-cells,PTN,NCL,0.27258578,0.013,0.07090659,0.2153002848382838,0.5023733301781984,0.056414805,0.7324361,0.44320070959524827,0.7531579378686366
Plasmablasts,Cancer Epithelial,HLA-A,APLP2,0.4829198,0.995,0.19229901,-0.06160675988178668,-1.109182533268244,0.011313524,0.8184471,1.0,0.753288620961114
Cancer Epithelial,Endothelial,ADAM17,ITGB1,0.5232878,0.227,0.18532628,0.08958638797918643,-0.17674788106737133,0.0387103,0.81568694,0.9071794317228171,0.753288620961114
Myeloid,Cancer Epithelial,SPP1,CD44,1.0346124,0.0,0.38142976,0.5390304471039397,2.084368661519731,0.057773743,0.8639273,0.14836112926885728,0.753288620961114
PVL,B-cells,FN1,CD79A,0.77231914,0.037,0.57184803,0.6713529658529063,0.18664858923822392,0.05260466,0.88602567,0.5198389285031099,0.7550030451981214
Plasmablasts,Myeloid,SPP1,CD44,0.48286003,0.02,0.19631808,0.2583796576080426,-0.8444901651038671,0.029735569,0.81997883,1.0,0.7552725770755824
T-cells,Endothelial,LTB,CD40,0.9575726,0.0,0.38197178,0.9524565354474093,2.492233472647947,0.18588795,0.86401075,0.017688151342452645,0.7552725770755824
Myeloid,CAFs,HMGB1,SDC1,0.8230983,0.04,0.3823466,0.19699006982869235,0.6009980617920788,0.053828876,0.8640684,0.5250024243201019,0.7572602278592186
Cancer Epithelial,Endothelial,NAMPT,INSR,0.48264462,0.0,0.22353034,0.40481973360617723,0.8689709976927033,0.095227346,0.82936156,0.03358742320157812,0.7572602278592186
Endothelial,Cancer Epithelial,TGM2,SDC4,0.5226842,0.0,0.18465863,0.6374342285877422,1.383225704561515,0.21015213,0.8154155,0.017688151342452645,0.7572602278592186
B-cells,Plasmablasts,MIF,CD74_CXCR4,0.27487826,0.93,0.07153957,-0.059926698499968054,-0.737333599396026,0.010219961,0.73330605,1.0,0.7572630323844343
CAFs,Cancer Epithelial,FN1,ITGA6,1.3090744,0.0,0.38480523,0.3922094266208251,1.0760330208853284,0.062106576,0.8644444,0.1193403010588866,0.7572630323844343
T-cells,Cancer Epithelial,CALM1,PTPRA,0.70041656,0.009,0.38262305,0.2396331444232043,0.4415704770917291,0.054904766,0.86411077,0.4155720139541606,0.7592511482200923
Endothelial,PVL,LGALS3,MCAM,0.48138207,0.0,0.23055299,0.2495418561865243,0.8162026402971277,0.08201511,0.83153933,0.19676399035283415,0.7592511482200923
PVL,CAFs,COL4A2,SDC1,0.8847993,0.0,0.41687775,0.5123439718844798,1.5912691604406277,0.17340067,0.8690668,0.017688151342452645,0.7593954059785714
PVL,Endothelial,CALM1,INSR,0.77135146,0.0,0.55824435,0.3384351173772543,1.1418060961017307,0.07604491,0.8848043,0.06863385207949801,0.7593954059785714
Cancer Epithelial,CAFs,FAM3C,LAMP1,0.48137736,0.0,0.19598629,0.20294763078281275,0.2242256755035834,0.033505503,0.81985396,0.5715886768510073,0.7612457701018407
Plasmablasts,Endothelial,COL1A1,CD36,0.5766071,0.987,0.18373777,0.04052981233013225,-1.346977555789482,0.016834846,0.815039,1.0,0.7612457701018407
PVL,Endothelial,YBX1,NOTCH1,0.7931656,0.0,0.38318196,0.2760921797729888,0.8918622999378609,0.0915524,0.8641965,0.1395826748673579,0.7612457701018407
B-cells,Cancer Epithelial,FN1,CD44,0.27775136,1.0,0.0717883,-0.2735326652273984,-1.7993442707717582,0.0054012216,0.7336453,1.0,0.7613631237085257
CAFs,Plasmablasts,FN1,PLAUR,1.3088425,0.0,0.38366342,0.1644870877127064,0.10193686147191028,0.012515978,0.86427015,1.0,0.7613631237085257
B-cells,CAFs,LGALS1,ITGB1,0.7704284,1.0,0.52853906,-0.28918960287400053,-1.3279839028432558,0.00852352,0.8819882,1.0,0.7615944219427683
Cancer Epithelial,Cancer Epithelial,APP,NCSTN,0.48131424,0.0,0.2309432,0.42383487794935903,0.32204924330679824,0.11339199,0.83165777,0.2550179646126333,0.7632436669109497
Myeloid,Myeloid,CD14,ITGB2,0.6553485,0.0,0.38358063,1.1178839847424864,1.9008294425800893,0.6505765,0.86425745,0.004343983968354855,0.7632436669109497
CAFs,Cancer Epithelial,HMGB1,SDC1,0.60543,0.998,0.18334858,-0.022083863195476408,-0.30492581468003815,0.025812835,0.81487906,1.0,0.7632436669109497
CAFs,CAFs,THBS1,CD47,0.48123896,0.0,0.22911002,0.15645660586687793,0.539322441956084,0.04764882,0.83109915,0.44568639367794477,0.7652452720939543
PVL,Cancer Epithelial,TFPI,SDC4,0.5181631,0.0,0.18262297,0.3873018861844248,0.8877289879167057,0.10649977,0.81457984,0.041584418581094115,0.7652452720939543
Cancer Epithelial,CAFs,LGALS9,CD47,0.29921997,0.487,0.07205304,-0.003471934844984665,-0.15543578625159432,0.015745375,0.7340048,1.0,0.7654581597926051
CAFs,T-cells,SPON2,ITGB1,0.7694888,0.008,0.56595373,0.21058646938946463,0.8975956880969895,0.058990546,0.8855015,0.4035272505377286,0.7659980945128868
Cancer Epithelial,Cancer Epithelial,SLPI,PLSCR1,0.7053269,0.0,0.38373947,0.8227993982301086,0.7574588416156688,0.09904944,0.8642818,0.05160556670624738,0.7672503736921313
CAFs,T-cells,CXCL12,ITGB1,0.48073512,0.611,0.21497335,0.0888116392135363,0.6008735916084242,0.063184075,0.8265818,1.0,0.7672503736921313
Cancer Epithelial,Plasmablasts,MIF,CD74_CXCR4,1.0834913,0.0,0.41356137,0.5966895422914211,0.533935809918533,0.059080325,0.8686117,0.1410179604996622,0.7682027389163211
CAFs,CAFs,TIMP2,ITGB1,0.7692362,0.0,0.526094,0.26481719965374606,0.815591616572606,0.08078498,0.8817467,0.1575472774341275,0.7682027389163211
CAFs,CAFs,APOE,SDC2,0.48044264,0.062,0.21371813,0.06824601862852057,-0.06740281119316704,0.038033616,0.82616174,0.9456045680754412,0.7692587582405347
CAFs,T-cells,THBS2,CD47,0.65346414,0.0,0.3838989,0.4124593713796929,1.5462136434215914,0.09973561,0.86430615,0.029158358496184512,0.7692587582405347
Endothelial,Myeloid,LUM,ITGB1,0.27773032,1.0,0.0722286,-0.49111433110653724,-3.032733926606919,0.00169543,0.7342423,1.0,0.7695482539527743
PVL,Myeloid,TIMP3,CD44,0.7687604,0.0,0.5821614,0.3980221453160199,0.7549917761832238,0.10385726,0.8869251,0.05332131675425445,0.7704093661412901
Endothelial,Endothelial,YBX1,NOTCH1,0.79522645,0.0,0.38440713,0.27753139930469084,0.6148994940917405,0.091845125,0.8643837,0.13604239409747024,0.7712708614450138
B-cells,Endothelial,CALM1,AQP1,0.7667041,0.056,0.5006679,0.38647970225288786,0.8249392502246833,0.061943367,0.8791396,0.5600527463532833,0.7726177324312172
CAFs,Myeloid,LAMA4,CD44,0.47997782,0.0,0.19242835,0.3838827591641816,0.8608676911058776,0.10531967,0.818497,0.04424027777618228,0.773286252946557
Plasmablasts,Cancer Epithelial,MMP7,CD44,0.27896434,0.069,0.07228456,0.08502352430349487,-0.3629384137626656,0.017339474,0.73431784,1.0,0.7736332991088501
Myeloid,Plasmablasts,TIMP1,CD63,0.66212004,1.0,0.385065,-0.5309008049124846,-2.334074318379436,0.0051171067,0.8644839,1.0,0.7753053699604825
PVL,T-cells,CLEC11A,ITGB1,0.47930068,0.99,0.2132298,-0.11520143958184073,-0.11008063955267011,0.018849233,0.82599735,1.0,0.7753053699604825
PVL,CAFs,MDK,SDC2,0.4786896,1.0,0.21249224,-0.11504718061918079,-0.41851810251499355,0.018343434,0.8257482,1.0,0.7773277806169958
Cancer Epithelial,T-cells,LGALS9,PTPRC,0.6255728,0.0,0.18106121,0.5767435664757743,1.164882801584583,0.059714917,0.8139303,0.13604239409747024,0.7773277806169958
Myeloid,Cancer Epithelial,LGALS9,CD47,0.63608974,0.0,0.3854546,0.42342618448539937,0.6026450029616546,0.084231384,0.86454314,0.10595891300049201,0.7773277806169958
Endothelial,B-cells,MYL9,CD69,0.2698365,0.992,0.072787195,-0.10650134209690125,-1.1523818099571028,0.009367926,0.7349932,1.0,0.7777134083079132
B-cells,Endothelial,HMGB1,THBD,0.6664304,0.708,0.38572064,0.14852492098163572,0.11430211036609084,0.04942185,0.8645835,1.0,0.7793539236435123
Myeloid,Myeloid,HLA-DQA2,CD4,0.84353787,0.0,0.38602313,1.112253949624801,2.0280911391772443,0.5389977,0.8646294,0.002448439884748668,0.7813835844420189
Endothelial,PVL,ICAM1,CAV1,0.76511407,0.0,0.55300903,0.49727510572294564,1.5302663765342623,0.16576242,0.8843233,0.017688151342452645,0.7814696539895776
Endothelial,Endothelial,GRN,TNFRSF1A,0.2700225,0.031,0.07290257,0.09389338002998825,0.24149064355788225,0.040971104,0.7351475,0.7727778283277769,0.7817884747386379
Plasmablasts,PVL,MDK,SDC2,0.62250805,0.86,0.38642845,0.06568763114605289,-0.2212493166727314,0.03335851,0.8646908,1.0,0.7834165468990786
Endothelial,Myeloid,LAMC1,CD44,0.4780324,0.0,0.18980289,0.44314515071969374,0.9641147448105237,0.14207546,0.81747437,0.019259951624503318,0.7834165468990786
Endothelial,T-cells,LGALS1,ITGB1,0.7646589,1.0,0.560083,-0.3336420458495666,-0.9321707582004608,0.009032215,0.8849718,1.0,0.7836872179726121
Endothelial,Endothelial,CXCL3,ACKR1,0.86162186,0.0,0.409144,0.6957094088286245,1.8932709272639086,0.20836887,0.8679977,0.017688151342452645,0.7836872179726121
Endothelial,CAFs,VCAN,ITGB1,0.7015755,0.023,0.38733262,0.05913990303010566,0.14320231020991392,0.03352586,0.86482745,0.9883370885108245,0.7854532520152219
CAFs,Cancer Epithelial,PTN,NCL,0.4778682,0.0,0.20674798,0.563928476558341,1.0068894559372445,0.16449314,0.8237678,0.017688151342452645,0.7854532520152219
Cancer Epithelial,T-cells,MYL9,CD69,0.6265807,0.002,0.1795101,0.39101269328290017,0.33465193052423814,0.023103477,0.8132779,1.0,0.7854532520152219
B-cells,Endothelial,LMAN1,MCFD2,0.2730822,0.234,0.073267594,0.057132479355418014,-0.09736575685085824,0.022613121,0.73563343,1.0,0.7858586111794108
Myeloid,Plasmablasts,C1QB,C1QBP,0.8471782,0.0,0.40898973,0.7817127647524811,1.2450859272328483,0.07567154,0.86797607,0.06779813759303067,0.7859067227604574
Plasmablasts,T-cells,S100A8,CD69,0.7631955,0.0,0.47683886,0.6018233266924586,0.9636558717479285,0.049818724,0.87652487,0.2249873340754978,0.7859067227604574
Endothelial,CAFs,CALR,LRP1,0.47771907,0.0,0.22196476,0.3028965424710234,0.9396873002722242,0.09970009,0.8288636,0.1036524107477228,0.7874932641321561
Endothelial,T-cells,CD58,CD2,0.8784106,0.0,0.38782075,1.0811996958357437,2.035353226585342,0.16293004,0.86490107,0.017688151342452645,0.7874932641321561
Myeloid,Cancer Epithelial,VIM,CD44,1.0999894,0.0,0.40817636,0.18053772098612525,0.09620452157919784,0.029085997,0.867862,0.7523418603321607,0.7881279232096152
Endothelial,Plasmablasts,TIMP1,CD63,0.7629751,1.0,0.5652063,-0.46721179320553363,-1.996735525805496,0.0075109936,0.88543445,1.0,0.7881279232096152
CAFs,Myeloid,CXCL14,CXCR4,0.7016318,0.0,0.38784105,0.6598084960637687,2.6080597020750758,0.23710161,0.8649041,0.017688151342452645,0.7895370257690804
B-cells,Cancer Epithelial,FN1,SDC2,0.2799189,1.0,0.073309705,-0.29974846154138624,-1.9406500053158016,0.00672668,0.7356893,1.0,0.7899237110874355
Endothelial,Cancer Epithelial,COL4A1,CD44,0.5397124,0.0,0.17895989,0.22519721356221722,0.3444570054479779,0.05049592,0.8130447,0.2527785229314154,0.7915840997477196
CAFs,B-cells,FBLN1,ITGB1,0.4766965,0.655,0.1884072,0.11935055211760154,0.39166099292211687,0.037321206,0.8169231,1.0,0.7915840997477196
Cancer Epithelial,PVL,LGALS1,ITGB1,0.7864981,1.0,0.3885896,-0.2564703105699748,-1.158534418910697,0.006266616,0.8650167,1.0,0.7915840997477196
B-cells,Myeloid,VIM,CD44,0.47665173,0.995,0.18793952,-0.025089455506469238,-0.7884714676176224,0.0133922715,0.81673723,1.0,0.7936349301085697
Plasmablasts,T-cells,LGALS1,ITGB1,0.62376857,1.0,0.3888307,-0.41220495777140426,-1.6100615642234708,0.0062705036,0.86505294,1.0,0.7936349301085697
Cancer Epithelial,PVL,COL1A1,ITGA1_ITGB1,0.27527475,1.0,0.07392382,-0.06927162793889177,-1.2541194467554315,0.02306589,0.73649955,1.0,0.7939838869727345
Myeloid,Cancer Epithelial,LGALS1,CD69,1.1754209,0.009,0.4068526,0.09254135518438693,-0.36753645643707605,0.015694875,0.8676756,1.0,0.7948023543445595
Endothelial,CAFs,APP,CD74,0.7609124,1.0,0.57311106,-0.04527386914150888,-1.0418735007576567,0.017197369,0.886137,1.0,0.7948023543445595
CAFs,B-cells,HMGB1,CXCR4,0.60326266,0.999,0.17886889,-0.03721493829096055,-0.43434675339260786,0.013948016,0.8130061,1.0,0.7956890781507442
Endothelial,T-cells,COL4A1,CD47,0.66034377,0.0,0.39003307,0.24553535636725507,0.8618310325760835,0.054147772,0.86523306,0.2052207101217914,0.7956890781507442
Myeloid,Myeloid,TNFSF13B,TFRC,0.4761865,0.0,0.1875167,0.7417389948921342,1.303478926012451,0.34700054,0.81656855,0.017688151342452645,0.7956890781507442
Endothelial,Endothelial,COL4A1,CD93,0.7609041,0.0,0.56598705,0.6607143850404898,1.5793224116910471,0.3348923,0.8855045,0.017688151342452645,0.7970307543145521
Endothelial,Endothelial,FN1,ITGA6,0.6506599,0.886,0.3903323,0.22350909517545559,0.18626537318668468,0.06299863,0.8652777,1.0,0.7977469894386646
Endothelial,Plasmablasts,HBEGF,CD9,0.2769668,0.991,0.07393271,0.0245108684365844,-0.4151939321386462,0.028456016,0.73651123,1.0,0.7980390871228684
Endothelial,Myeloid,HLA-DRB1,CD4,0.88032824,0.0,0.40610942,0.6036897237697975,0.9206484628739074,0.18971586,0.86757064,0.02363623420057333,0.7992609389116437
Myeloid,CAFs,SERPING1,LRP1,0.4751392,0.879,0.21909192,0.1020068727267012,0.04893961963444038,0.05658845,0.8279378,1.0,0.7998084459572934
CAFs,Myeloid,HMGB1,CXCR4,0.7059478,0.75,0.39110786,0.16860803589830503,0.31562894832516486,0.030498197,0.8653934,1.0,0.7998084459572934
Plasmablasts,Plasmablasts,TIMP1,CD63,0.66592395,1.0,0.3918593,-0.5284986745943134,-2.607176018400967,0.0052073956,0.86550516,1.0,0.8018732281643403
Endothelial,Cancer Epithelial,COL4A2,SDC1,0.5916116,0.0,0.17844541,0.2153478608364414,0.30792308052393574,0.07422453,0.81282586,0.2758489453169584,0.8018732281643403
B-cells,Myeloid,COL1A1,CD44,0.47435856,0.925,0.18484473,0.08553830573824678,-1.2428162714306183,0.019383889,0.8154913,1.0,0.8018732281643403
Plasmablasts,Myeloid,HLA-DMA,CD4,0.27248448,0.333,0.07424755,0.2433821629722898,-0.10353397025360744,0.052032825,0.73692334,0.924712975390291,0.8020892600933525
CAFs,CAFs,LRPAP1,LRP1,0.47416252,0.0,0.21800433,0.3420144508171347,1.1521396369189323,0.11657767,0.82758296,0.06614962774729694,0.803941783915085
PVL,PVL,MFGE8,PDGFRB,0.7457082,0.0,0.39238048,0.49181463661432656,1.656016483088782,0.25625914,0.86558247,0.017688151342452645,0.803941783915085
T-cells,Plasmablasts,HMGB1,CXCR4,1.0335649,0.0,0.39244384,0.27454122826350574,0.47857230455689415,0.030602375,0.8655919,0.6910843886661527,0.8060136706905712
Myeloid,CAFs,LRPAP1,LRP1,0.47346482,0.0,0.21722741,0.3411649565590458,0.9473017090975426,0.11616221,0.82732815,0.06655890496631854,0.8060136706905712
Cancer Epithelial,B-cells,AGRN,ITGB1,0.27288097,0.962,0.07441839,0.04487713938561222,-0.5441400488392453,0.026952289,0.7371461,1.0,0.8061345179922773
Cancer Epithelial,T-cells,LGALS3BP,ITGB1,0.4730366,1.0,0.20561576,-0.22229001783203206,-0.7265208625612508,0.009722884,0.82336885,1.0,0.8080893378765766
Endothelial,Endothelial,GNAI2,CAV1,0.47844806,0.0,0.17806253,0.26464236586363155,0.6329176420219073,0.09734228,0.81266236,0.15911880919289145,0.8080893378765766
Endothelial,B-cells,VWF,ITGB1,0.84265065,0.017,0.39307603,0.3959179140364446,0.875316250858106,0.039887264,0.8656855,0.45892454789506465,0.8080893378765766
Cancer Epithelial,Endothelial,FN1,ITGA6,0.7573962,0.238,0.4904359,0.28598197635352085,0.17665585411549978,0.079155095,0.87803835,0.8509586338483297,0.808199522077134
PVL,PVL,COL6A1,ITGA1_ITGB1,0.47272772,0.0,0.19962786,0.2607717711035368,0.9940239092566449,0.16479084,0.82120943,0.16633667508775543,0.8101683414223328
PVL,Cancer Epithelial,LGALS1,CD69,1.140011,0.006,0.39352992,0.07279621733057051,-0.25805002435708696,0.015180935,0.8657526,1.0,0.8101683414223328
Cancer Epithelial,T-cells,LGALS9,CD47,0.3064144,0.411,0.07445611,0.004114542652978101,0.0759407538714097,0.016270507,0.7371952,1.0,0.810174754946732
Endothelial,Cancer Epithelial,CALM1,KCNN4,0.765159,0.0,0.4033782,0.5748911581725502,0.658165074391629,0.106890865,0.8671825,0.08308523334317743,0.810438538385367
Cancer Epithelial,CAFs,LUM,ITGB1,0.75737274,1.0,0.5017638,-0.1670427296420111,-1.8363606105645298,0.011777958,0.8792557,1.0,0.810438538385367
Myeloid,T-cells,ICAM1,IL2RG,0.83603823,0.0,0.39361602,0.8667562169072942,1.7899522974449773,0.12102739,0.8657653,0.017688151342452645,0.8122511322467434
PVL,CAFs,HLA-A,APLP2,0.47235927,1.0,0.19251607,-0.1423840576643676,-0.3400770382466527,0.011326293,0.8185309,1.0,0.8122511322467434
Cancer Epithelial,Endothelial,VEGFA,ITGB1,0.5187504,0.101,0.17787798,0.16997657557534507,0.012966332639745726,0.047859702,0.8125834,0.6425950023982532,0.8122511322467434
CAFs,Cancer Epithelial,PTN,SDC4,0.27799594,0.0,0.07448664,0.3458375527584823,0.7294993816213159,0.10980378,0.7372349,0.064131481517771,0.8142100827972643
CAFs,B-cells,CXCL14,CXCR4,0.59894663,0.0,0.17737485,0.45398552187450314,1.8580840003573031,0.108435825,0.8123677,0.017688151342452645,0.8143374896586794
CAFs,Myeloid,COL4A1,CD44,0.4722013,0.0,0.18193334,0.2643712702890974,0.2897464013315437,0.051334918,0.8142939,0.28795907911759616,0.8143374896586794
Myeloid,CAFs,HLA-A,APLP2,0.81102496,0.002,0.39396128,0.10192670819659733,0.10922328113270963,0.023177916,0.86581624,1.0,0.8143374896586794
Endothelial,CAFs,PSAP,LRP1,0.75624573,0.068,0.5321213,0.1917360428569913,0.5077339383596676,0.06745646,0.8823393,0.5843753194373492,0.8149218089585146
PVL,PVL,COL3A1,ITGA1_ITGB1,0.7788559,0.005,0.3945176,0.20477654974527965,0.48191579482591684,0.12472037,0.8658982,0.3721526397358819,0.8164271914305599
Myeloid,T-cells,CXCL16,CXCR6,0.47177178,0.0,0.21112376,0.8066239020499142,1.6980096338614126,0.29172066,0.8252829,0.016102453276143642,0.8164271914305599
CAFs,Cancer Epithelial,TIMP3,DDR1,0.86750805,0.0,0.4008828,0.7626442592670165,1.510278928336486,0.35772815,0.86682475,0.017688151342452645,0.8171660510209418
Plasmablasts,CAFs,LUM,ITGB1,0.7552596,1.0,0.49743018,-0.16806668585021556,-1.9634169527114294,0.011676233,0.8787945,1.0,0.8171660510209418
B-cells,Endothelial,LTB,TNFRSF1A,0.2732043,0.132,0.074601166,0.1403142063430301,0.3693155069660324,0.033010494,0.73738366,0.6909434118145568,0.8182403959383413
PVL,Cancer Epithelial,TIMP3,CD44,0.5336454,0.036,0.1764778,0.06739903087240094,-0.1720010301013401,0.03148354,0.8119809,0.9486100629438105,0.8185206907859467
Endothelial,Myeloid,PKM,CD44,0.63020706,0.0,0.39517364,0.2765147141778469,0.42469735750954996,0.043402165,0.86599463,0.3199785984182638,0.8185206907859467
Myeloid,T-cells,LGALS9,CD47,0.47175264,0.0,0.221878,0.25013501242259695,0.7519820253790783,0.048485845,0.82883596,0.2364493896113708,0.8185206907859467
Endothelial,Myeloid,COL4A1,CD47,0.7547108,0.0,0.55515045,0.34504401356129805,0.8481450936513624,0.0770708,0.8845208,0.06493311531197306,0.8194121437981731
PVL,CAFs,COL1A2,SDC1,0.84744656,0.001,0.39597318,0.22794575947140092,0.3253411536290757,0.101270184,0.8661119,0.2949320034015847,0.8206175398330016
Endothelial,Myeloid,MIF,CD74_CXCR4,0.47170383,0.128,0.21380834,0.19944328655033017,0.38736181174644635,0.030544112,0.82619196,0.6958422670712949,0.8206175398330016
PVL,Myeloid,COL4A1,CD44,0.7537358,0.0,0.56188464,0.5355077107420809,1.4030046187648288,0.15854324,0.8851352,0.017688151342452645,0.8216598392831687
B-cells,Myeloid,S100A8,CD68,0.8501272,0.0,0.40033898,0.7684361097354121,0.8726546603018139,0.059629608,0.86674637,0.1374503243597619,0.8216598392831687
CAFs,Cancer Epithelial,CCL5,SDC4,0.27845925,0.006,0.07469526,0.18860319962528813,0.23255215243519692,0.03147833,0.7375057,0.6722964482705528,0.8222658059432968
T-cells,PVL,HLA-A,APLP2,0.7657054,0.051,0.3960253,0.07528670859565573,0.3574248764473653,0.02329935,0.8661195,1.0,0.8227181933349836
Myeloid,PVL,LUM,ITGB1,0.7910178,1.0,0.40003398,-0.11819046219175397,-1.503567730914476,0.009390042,0.8667023,1.0,0.823909252280925
Endothelial,Myeloid,FN1,CD44,0.75358844,0.463,0.56168574,0.19798513644871385,-5.5226208668490706e-05,0.042260215,0.8851172,1.0,0.823909252280925
CAFs,PVL,COL6A1,ITGA1_ITGB1,0.78139573,0.0,0.39613453,0.5360966085861097,1.7415638354254575,0.32700515,0.8661355,0.017688151342452645,0.824822201859043
PVL,CAFs,THBS1,LRP1,0.47046256,0.0,0.21388419,0.33673310882704927,1.2035788370476626,0.17752744,0.8262175,0.07249056666841708,0.824822201859043
Cancer Epithelial,Cancer Epithelial,MIF,CD44_CD74,1.0800261,0.0,0.4000091,0.48626052483569887,0.34507967864600914,0.03911248,0.86669874,0.4060953981634653,0.8261603766901993
B-cells,B-cells,S100A8,CD69,0.2736135,0.55,0.07478813,-0.01979516468902631,-0.9835663455685252,0.007813645,0.73762596,1.0,0.8262862074736481
Plasmablasts,CAFs,MDK,SDC2,0.4695872,1.0,0.20612693,-0.12095922759151317,-0.9555143882150843,0.017793948,0.82354933,1.0,0.8269300217107649
Plasmablasts,Plasmablasts,HLA-B,CD3D,1.1393394,0.996,0.3961455,-0.1425583431150841,-1.1946927445987432,0.009353036,0.8661371,1.0,0.8269300217107649
Myeloid,Myeloid,MIF,CD44_CD74,0.7496765,0.0,0.5564064,0.3577106232314314,0.6763544754488012,0.05440484,0.88463616,0.17804908681449885,0.8284132064097467
CAFs,Myeloid,HLA-A,APLP2,0.6458321,0.568,0.39659154,0.02147461371587958,-0.0733139414698819,0.023332663,0.8662023,1.0,0.8290414295068301
B-cells,Endothelial,HLA-A,APLP2,0.46856058,0.93,0.21400313,-0.09878497662883184,-0.32078496754803565,0.012590442,0.8262574,1.0,0.8290414295068301
CAFs,Plasmablasts,CXCL12,CXCR4,0.2826032,0.0,0.07480702,0.302117688633237,0.6646941446744852,0.11490137,0.7376504,0.10537871497658105,0.8303017118358427
Myeloid,CAFs,MDK,LRP1,0.46807426,1.0,0.21122468,0.028364360376177955,-0.15135201140239307,0.029358814,0.8253173,1.0,0.8311562003182658
Myeloid,Plasmablasts,MIF,CD74_CXCR4,0.5180267,0.045,0.17438489,0.1375165262435347,-0.06178219956323883,0.02491218,0.81106853,0.957669545655592,0.8311562003182658
Endothelial,T-cells,LGALS9,PTPRC,0.724995,0.0,0.39663553,0.7246820679998466,1.7071731478689318,0.13081245,0.86620873,0.017688151342452645,0.8311562003182658
Endothelial,Cancer Epithelial,MDK,SDC4,0.4990245,0.998,0.17400573,0.057028419115827816,-0.3457090164238116,0.024862992,0.81090176,1.0,0.8332747927691162
CAFs,CAFs,C3,LRP1,0.6347917,0.0,0.39687476,0.6090874225540925,2.2941197491397625,0.47611934,0.86624366,0.017688151342452645,0.8332747927691162
Endothelial,Cancer Epithelial,LGALS9,CD44,0.28520522,0.01,0.074837774,0.13171490137201258,0.10085707302765295,0.03323862,0.73769015,0.5882307547591902,0.8343122679194135
CAFs,Cancer Epithelial,POSTN,PTK7,1.235872,0.0,0.3979547,0.6370622315961517,1.9071175401216172,0.20107713,0.866401,0.017688151342452645,0.8351819880585307
CAFs,PVL,LGALS3,MCAM,0.46751094,0.0,0.2181496,0.23591257470222254,0.8654738091523592,0.07760283,0.82763046,0.22396640624192282,0.8353967535624608
Plasmablasts,Myeloid,LGALS1,PTPRC,0.748183,0.997,0.54802805,0.12999823432605506,-0.7875975631638881,0.023473745,0.8838597,1.0,0.8374415780970933
Endothelial,Cancer Epithelial,FN1,SDC2,0.52064097,1.0,0.17387928,-0.15885377430889297,-1.0683537670372758,0.015954645,0.810846,1.0,0.8375225428712414
Plasmablasts,Endothelial,LUM,ITGB1,0.65294117,1.0,0.3981611,-0.2453244079647881,-2.2762386590391026,0.00934608,0.866431,1.0,0.8375225428712414
B-cells,Cancer Epithelial,COL1A1,DDR1,0.2742032,0.991,0.075187325,0.22646719347186656,-1.5459824572433027,0.039438535,0.73814076,1.0,0.83831782488037
PVL,PVL,MDK,SDC2,0.6316105,0.948,0.3983616,0.07159967811838527,0.3157469690273593,0.03438864,0.86646014,1.0,0.8396517058483253
CAFs,Myeloid,THBS2,CD47,0.7478311,0.0,0.54641944,0.5119680285737359,1.5325277044968704,0.1419579,0.8837087,0.017688151342452645,0.8397028429393824
Cancer Epithelial,B-cells,TIMP1,CD63,0.47711262,1.0,0.17358479,-0.6457225726085521,-2.8718050615689528,0.0023067584,0.810716,1.0,0.8417847042181804
T-cells,Myeloid,MIF,CD44_CD74,0.6336307,0.009,0.39979407,0.2634782533727946,0.735235514515702,0.03909145,0.8666677,0.4155720139541606,0.8417847042181804
PVL,Myeloid,LUM,ITGB1,0.465687,1.0,0.20295991,-0.40003802645031117,-2.1089366812518437,0.0047641,0.8224215,1.0,0.8417847042181804
CAFs,Endothelial,FBLN1,ITGB1,0.74726963,0.0,0.55300766,0.323652526660445,1.033708151208727,0.10954419,0.8843231,0.08454818104833521,0.8419657764841542
Cancer Epithelial,Myeloid,VEGFA,ITGB1,0.2822435,1.0,0.075367704,-0.00860296336678043,-0.5198003193990082,0.020278372,0.73837227,1.0,0.8423184936254452
Endothelial,Cancer Epithelial,LGALS1,CD69,0.554844,1.0,0.17336588,-0.25350302995758606,-1.2291125042725701,0.006687817,0.8106191,1.0,0.8439213118891961
CAFs,Endothelial,THBS1,CD36,0.74666023,0.0,0.51101273,0.45142089999373936,1.1940690641064502,0.18872875,0.8802219,0.017688151342452645,0.8442303726301648
CAFs,CAFs,COL4A1,SDC1,0.27472138,0.187,0.07544577,0.12924023275423951,0.21203840702377696,0.05615306,0.7384722,0.7678286108502578,0.8463141694823464
Myeloid,CAFs,LGALS9,CD47,0.4645582,0.0,0.21471687,0.24254853492463418,0.5206054852560743,0.04692096,0.82649624,0.26528013126377126,0.8482051362520442
Endothelial,CAFs,THBS1,SDC1,0.2748415,0.0,0.075513,0.18943962929222616,0.4556685367631991,0.08419555,0.73855823,0.3376472435320051,0.8503049630917416
CAFs,PVL,APOE,SDC2,0.63336354,0.0,0.40065977,0.2548928773660866,0.6668622603491858,0.07130204,0.8667926,0.1797714354619226,0.8503523582663999
PVL,CAFs,ANGPTL4,SDC1,0.46429312,0.0,0.18154018,0.384709508451902,1.4326548722746582,0.1737132,0.8141303,0.043939068468871474,0.8503523582663999
CAFs,Endothelial,C3,IFITM1,0.7452284,0.0,0.55431396,0.5448930393329149,1.8743050147644742,0.27389455,0.88444376,0.017688151342452645,0.8510341979297392
B-cells,CAFs,MDK,SDC1,0.46408695,0.891,0.1814248,0.033950715354273714,-0.06252116573621935,0.03387436,0.8140822,1.0,0.8525034328728004
PVL,Cancer Epithelial,COL6A3,CD44,0.2868859,0.95,0.07552536,-0.061427590879738446,-0.47742263249834754,0.018277356,0.738574,1.0,0.8542907700472394
Cancer Epithelial,Endothelial,LUM,ITGB1,0.65505433,1.0,0.40162992,-0.2443004517565836,-2.1491823168922033,0.009427504,0.86693215,1.0,0.8546578997776302
Myeloid,Endothelial,CALM1,INSR,0.74479455,0.0,0.52745545,0.3186183981310104,0.8252850207485947,0.07185081,0.88188136,0.08753194916144395,0.8555782012776048
PVL,CAFs,APOE,LRP1,0.6398369,0.0,0.40249297,0.32624085604632214,0.8250854972533211,0.115329616,0.86705595,0.08021637494586971,0.85681622615644
B-cells,Endothelial,SPARC,ENG,0.478571,0.992,0.17235433,0.04465944796007576,-0.8489265672006555,0.020744596,0.8101695,1.0,0.85681622615644
Endothelial,PVL,FN1,SDC2,0.7439406,0.71,0.5456242,0.1136934371577501,0.18689474056349198,0.050064847,0.88363385,1.0,0.8578526449923312
Endothelial,B-cells,FAM3C,LAMP1,0.28815666,0.576,0.07589262,-0.027275618263054902,-0.2333473191466991,0.012974481,0.7390421,1.0,0.8582717007237715
Cancer Epithelial,Myeloid,ANXA1,FPR1,0.462817,0.653,0.17213802,0.31380719106635224,0.001726342444155926,0.10806648,0.81007296,1.0,0.8589781831932279
CAFs,Endothelial,THBS1,CD47,0.46260637,0.0,0.20932043,0.136808779742294,0.4520992977283177,0.04353311,0.8246636,0.5433177473346127,0.8589781831932279
Endothelial,Plasmablasts,FN1,CD79A,0.7438599,0.096,0.5454899,0.699797643815361,0.01970561377089497,0.050179962,0.8836212,0.6353884006867776,0.8601287085992619
Plasmablasts,PVL,MMP7,CD151,0.46248993,0.0,0.20199029,0.17924507037535614,0.3697565582165979,0.0316679,0.8220715,0.6538942159929577,0.8611435405079382
PVL,Myeloid,COL6A2,CD44,0.63637066,0.0,0.40349185,0.38689134690761945,0.912561565079746,0.11341635,0.8671987,0.04216398362486122,0.8611435405079382
Cancer Epithelial,Cancer Epithelial,APP,TSPAN15,0.3287629,0.0,0.07590495,0.34026025109942476,0.19459200293021267,0.12453061,0.7390578,0.3677220766574703,0.8622476509805173
CAFs,Endothelial,THBS2,ITGA6,0.6650192,0.0,0.40379933,0.7482683017450158,2.142153021973403,0.4573816,0.8672426,0.009270892324355516,0.8633127676221808
Plasmablasts,PVL,APOE,SDC2,0.46193415,0.26,0.17591904,0.13077001171547137,-0.4768463233465714,0.03130683,0.8117387,1.0,0.865485400332269
Cancer Epithelial,Cancer Epithelial,CALM1,PTPRA,0.7304306,0.001,0.4049441,0.26202957741568156,-0.10324941946216554,0.05810774,0.8674054,0.777951218330174,0.865485400332269
CAFs,CAFs,TNC,SDC1,0.27589318,0.0,0.07610158,0.35263464556906227,1.1996894610133366,0.191409,0.73930717,0.05835337184477948,0.8662187309270017
PVL,Endothelial,COL4A1,CD93,0.7398125,0.0,0.5386971,0.6404017677767345,1.710877218723334,0.31874496,0.88297534,0.017688151342452645,0.8669665577608419
Myeloid,T-cells,LUM,ITGB1,0.46185774,1.0,0.19202788,-0.36672970170525915,-2.159145619103311,0.0045074914,0.81834227,1.0,0.8676619097271114
B-cells,Cancer Epithelial,MDK,NCL,0.63660955,0.546,0.40513396,0.23466370207268664,-0.17224142458242908,0.031243242,0.8674324,1.0,0.8676619097271114
CAFs,Myeloid,MIF,CD44_CD74,0.73895824,0.0,0.5419412,0.3490071572940765,0.7905311814333204,0.052990455,0.8832852,0.1876771346587139,0.8692491628859655
B-cells,CAFs,VCAN,ITGB1,0.5961205,0.585,0.17106117,-0.050070561771976024,-0.5330861383366091,0.014806327,0.80958974,1.0,0.8698418300344084
Endothelial,CAFs,LGALS9,LRP1,0.46131736,0.0,0.20370047,0.408971958832015,1.2037250041851382,0.17765257,0.8226873,0.03143087588995387,0.8698418300344084
Endothelial,Myeloid,MYL9,CD69,0.27661073,1.0,0.076510176,-0.09760176318584676,-0.7625390106493841,0.009847085,0.7398228,1.0,0.8701848366876473
B-cells,Myeloid,MMP7,CD44,0.4639952,0.0,0.17085864,0.34712650179911037,0.5246647584861719,0.040985223,0.8094984,0.373670948135193,0.8720256339129946
Plasmablasts,CAFs,HMGB1,SDC1,0.46114007,1.0,0.17977557,-0.04361029233176719,-0.33152730245332174,0.025309803,0.81339014,1.0,0.8720256339129946
CAFs,CAFs,PLAU,PLAUR,0.69742495,0.0,0.4065084,0.34778943736404255,0.9861907747940305,0.11225334,0.867627,0.06177106803192652,0.8720256339129946
CAFs,Cancer Epithelial,HLA-A,APLP2,0.7371125,0.058,0.54063874,0.12176586508726653,-0.15960780388373408,0.031807385,0.8831611,0.889845292132488,0.873818889439829
CAFs,Endothelial,GRN,TNFRSF1A,0.27685076,0.013,0.07654784,0.10221595812611574,0.30662411071730516,0.043019738,0.7398702,0.7347952828237628,0.8741460781069007
Endothelial,Endothelial,LUM,ITGB1,0.5142372,1.0,0.17046927,-0.3125347921644117,-2.4999672745681654,0.004001444,0.8093224,1.0,0.8764039645848056
CAFs,Endothelial,EFEMP2,AQP1,0.72291505,0.0,0.40766475,0.7587926518942187,2.1089457914043526,0.5496463,0.86779004,0.008582280855862498,0.8764039645848056
B-cells,Endothelial,COL1A1,CD93,0.4604352,0.908,0.17721666,0.19043236277290043,-0.9349436714721131,0.038970545,0.8122996,1.0,0.8764039645848056
B-cells,CAFs,COL1A1,SDC1,0.27687865,0.994,0.07665309,-0.04959273179661111,-1.3205242657383853,0.021203201,0.7400024,1.0,0.8781024048055208
B-cells,CAFs,PSAP,LRP1,0.6447544,0.654,0.40796888,0.11585848263361956,0.1816564225257956,0.051717784,0.86783284,1.0,0.878598733266977
CAFs,CAFs,TFPI,LRP1,0.4600398,0.0,0.20227784,0.2656918199583174,0.827049923764641,0.11474813,0.8221755,0.15443916519390416,0.878598733266977
PVL,Cancer Epithelial,COL4A1,CD44,0.51862085,0.0,0.17033106,0.20488459629846187,0.476011812480265,0.04806118,0.80925983,0.29793076947426084,0.878598733266977
CAFs,CAFs,PLA2G2A,ITGB1,0.7346749,0.0,0.45521423,0.29248012588507527,1.9259760492122746,0.13276464,0.8739914,0.11807410216345274,0.8806852928912858
Plasmablasts,B-cells,LGALS1,ITGB1,0.45971197,1.0,0.1789082,-0.5360793637985429,-2.3394027806193334,0.002885175,0.8130228,1.0,0.8807969261475193
Endothelial,Cancer Epithelial,FN1,CD44,0.5184734,1.0,0.17027076,-0.13263797799490515,-0.9270480324932324,0.012810863,0.80923253,1.0,0.8807969261475193
B-cells,PVL,COL1A2,ITGA1_ITGB1,0.27980065,0.997,0.076805145,-0.09424740752264713,-1.2385361161840382,0.022157468,0.740193,1.0,0.8820537666689356
Myeloid,Endothelial,TNFSF13B,HLA-DPB1,0.73437047,0.0,0.53568786,0.5317671747706367,0.8519528096651752,0.12368371,0.8826856,0.03358742320157812,0.8829772199356398
Endothelial,Plasmablasts,ICAM1,IL2RG,0.45918298,0.0,0.1949837,0.3532009738903534,0.511609469220658,0.059952766,0.8194749,0.14392171003312287,0.8829990198216247
Plasmablasts,Myeloid,LGALS1,CD69,0.4591089,1.0,0.1781365,-0.27274356213709117,-1.4509164002648436,0.00687185,0.81269395,1.0,0.8852045430061102
PVL,Myeloid,COL4A1,CD47,0.7336192,0.0,0.528383,0.3247313962975427,0.9796999006836494,0.07335471,0.88197285,0.08308523334317743,0.8852708233111111
Endothelial,Cancer Epithelial,CXCL10,SDC4,0.28348398,0.441,0.07695765,0.12684700613262234,-0.31421966635511567,0.026951594,0.7403837,1.0,0.8860002731445895
CAFs,T-cells,FBLN1,ITGB1,0.6407531,0.048,0.40947536,0.2432249581447402,1.1210022093179792,0.08111216,0.8680441,0.5439100839801627,0.8874139738752946
CAFs,Plasmablasts,MIF,CD74_CXCR4,0.5073084,0.019,0.16985135,0.1288130603061798,0.052394506421280296,0.02426453,0.8090421,0.9852376409908008,0.8874139738752946
CAFs,Endothelial,COL4A1,CD93,0.45827794,0.0,0.17442542,0.36926532732375106,0.5976190012900491,0.103206836,0.8110863,0.10949057522902844,0.8874139738752946
Myeloid,CAFs,CD14,ITGB1,0.7332618,0.0,0.45231628,0.5468840531534744,0.8876423058024682,0.1509982,0.8736393,0.028284762017295056,0.8875658498937395
Endothelial,CAFs,ICAM1,CAV1,0.45814103,0.0,0.19376434,0.20312927211918,0.4169918329948147,0.058080144,0.8190104,0.3042931884028685,0.889627078116092
Endothelial,Myeloid,TIMP3,CD44,0.64103067,0.0,0.40978092,0.3024316603143387,0.23613385710462953,0.07310467,0.86808676,0.332134751214527,0.889627078116092
Myeloid,Myeloid,S100A8,ITGB2,0.7315737,0.0,0.5161506,0.7396848279458335,1.2876564455615092,0.11453301,0.8807483,0.017688151342452645,0.8898624170517466
Endothelial,Cancer Epithelial,VCAN,CD44,0.29114345,0.431,0.07726718,0.004331644363806783,-0.20736091621497016,0.023921771,0.74076927,1.0,0.8899418210185751
PVL,Endothelial,CALM3,AQP1,0.7244379,0.0,0.41089916,0.5114211325768744,1.5278889464614183,0.084765404,0.86824274,0.04334126671785565,0.8918436198329617
B-cells,Endothelial,S100A9,CD36,0.5692961,0.0,0.16966735,0.3308507749536349,0.5820379273742788,0.055425096,0.80895835,0.1679734320174501,0.8918436198329617
PVL,PVL,COL6A2,ITGA1_ITGB1,0.45813447,0.0,0.1903374,0.2431854837686322,0.9211468647725222,0.15919045,0.81768405,0.20906549016429654,0.8918436198329617
CAFs,Cancer Epithelial,INHBA,ACTR2,0.7312106,0.0,0.4613012,0.6060643294322638,1.2337556939665366,0.21579175,0.874721,0.017688151342452645,0.8921605186838886
Myeloid,Cancer Epithelial,LGALS9,SLC1A5,0.32735813,0.0,0.0781517,0.4131749526024086,0.6009371570036424,0.15622084,0.7418607,0.10712649331301338,0.8938785194740784
CAFs,Cancer Epithelial,THBS1,CD47,0.65277046,0.0,0.41129282,0.33733425542764317,0.6213619596616643,0.08553802,0.8682975,0.09641561052190692,0.8940640795738832
Endothelial,Endothelial,ICAM1,CAV1,0.644544,0.0,0.4119082,0.38174314058375663,0.8941675169233106,0.12346797,0.86838293,0.04608018436098835,0.8962879820996007
Plasmablasts,Endothelial,LGALS1,ITGB1,0.73028517,1.0,0.52512646,-0.3317773892556995,-1.697355622332723,0.008468487,0.8816507,1.0,0.8967613009656018
Plasmablasts,PVL,S100A9,CD36,0.36257574,0.002,0.07840534,0.10879833958968038,0.5466329732148636,0.02561261,0.7421708,0.9100928920259831,0.8978102655612858
Cancer Epithelial,T-cells,LGALS1,ITGB1,0.4573381,1.0,0.18653423,-0.50500955008348,-1.814112307099532,0.0030081565,0.81617475,1.0,0.8985158095437911
B-cells,CAFs,LUM,ITGB1,0.71414065,0.992,0.4131017,-0.18799128692281303,-1.7867086197917386,0.009696782,0.8685482,1.0,0.8985158095437911
Plasmablasts,Myeloid,COL1A2,CD44,0.46242103,0.999,0.1687342,0.05180123969249073,-1.2917988903129793,0.016359912,0.8085318,1.0,0.8985158095437911
CAFs,Endothelial,HMGB1,THBD,0.72909814,0.604,0.43895698,0.19018129182860527,0.40462573027862114,0.056242954,0.8719752,1.0,0.8990639694126858
Plasmablasts,Endothelial,FN1,ITGA6,0.45703122,0.999,0.20873597,0.11017819732941367,-0.6762013423229906,0.03368945,0.82446134,1.0,0.9007470850801865
Endothelial,Endothelial,MMRN2,CLEC14A,0.72808206,0.0,0.44353548,0.944712782230384,2.2235970685355895,0.8907908,0.8725532,0.0009030979678012724,0.9013682720568609
Plasmablasts,CAFs,FAM3C,LAMP1,0.2803279,0.741,0.07843961,-0.03204278442395595,-0.31045706117146704,0.01340991,0.7422126,1.0,0.9017371681994553
Myeloid,Cancer Epithelial,MIF,CD44_CD74,0.51456153,0.264,0.16867036,0.027087508787812374,-0.25063833083576265,0.016492413,0.8085025,1.0,0.9029822924307905
Cancer Epithelial,CAFs,ADAM15,ITGB1,0.71463037,0.0,0.4141061,0.31151690576877533,0.37776831883668627,0.06969593,0.8686868,0.2219349780316625,0.9029822924307905
CAFs,Endothelial,CALM3,AQP1,0.7275138,0.0,0.41743204,0.5144289950693348,1.3492343744931445,0.08611309,0.86914235,0.041296886946033874,0.90367395462185
Cancer Epithelial,Endothelial,FAM3C,LIFR,0.4608158,0.0,0.16841643,0.4302123906871571,0.6418105947338734,0.1745532,0.8083858,0.08753194916144395,0.905221194509825
PVL,CAFs,COL6A1,SDC1,0.453484,0.0,0.17549081,0.26934659670766614,0.9077306152561019,0.1284258,0.8115524,0.1506189625988998,0.905221194509825
Cancer Epithelial,Endothelial,CD99,CD81,0.6474623,0.58,0.41508204,0.09236508313567786,-0.1302260475440562,0.04158076,0.86882097,1.0,0.905221194509825
Cancer Epithelial,Myeloid,ADAM17,ITGB1,0.2867808,1.0,0.07852358,-0.08899315096293905,-0.7095145331061252,0.016401729,0.742315,1.0,0.9056591247025367
CAFs,PVL,THBS2,CD36,0.7270117,0.0,0.51056385,0.5153975404881642,2.0260484329388966,0.23554926,0.8801756,0.017688151342452645,0.905981135053183
CAFs,Endothelial,C3,CD81,0.6480179,0.0,0.4157301,0.5452353591828307,2.0169804637580357,0.27014637,0.86890984,0.017688151342452645,0.9074635526398563
Myeloid,Myeloid,LGALS3BP,ITGB1,0.45309222,1.0,0.19419973,-0.22868853342143383,-0.976718340974433,0.0091830585,0.81917673,1.0,0.9074635526398563
CAFs,CAFs,FBN1,ITGB1,0.72680545,0.0,0.43907532,0.28568226799362395,0.830778868256911,0.10852326,0.8719902,0.12782058927419016,0.9082898072496159
B-cells,Myeloid,S100A8,CD69,0.28038776,0.538,0.07861346,-0.010895585777971818,-0.5937235462608066,0.008213303,0.74242437,1.0,0.9095762437261878
Endothelial,Myeloid,HLA-DPA1,CD4,0.4529214,0.0,0.1727599,0.43137562462291207,0.6284872224688487,0.1293988,0.8103502,0.09426715752896532,0.9097098529303498
T-cells,Myeloid,HLA-DRB1,CD4,0.45283586,0.147,0.17271322,0.29852411751611224,0.3629463736104458,0.08068376,0.81032944,0.7180803705485242,0.9119596145759639
Plasmablasts,Cancer Epithelial,FN1,SDC1,0.31127402,1.0,0.078973256,-0.15889995692921102,-1.5197845043913487,0.015673151,0.74286073,1.0,0.9134884754857473
Plasmablasts,B-cells,LGALS1,CD69,0.45233467,1.0,0.16946839,-0.2816431410481457,-1.8407591995725623,0.0065374663,0.80886763,1.0,0.9142133252810609
Myeloid,Endothelial,NAMPT,INSR,0.65166664,0.0,0.41948706,0.6245530860694632,1.5945541372301437,0.17870791,0.86942136,0.017688151342452645,0.9142133252810609
Endothelial,Myeloid,THBS1,CD47,0.45220476,0.007,0.17123826,0.1137943523825459,0.11007181298978641,0.035613026,0.8096695,0.6746237379977795,0.9164705026440878
CAFs,Endothelial,TIMP2,ITGB1,0.6669178,0.0,0.4211047,0.1875594775391735,0.5027699102449326,0.06466322,0.8696397,0.3460442871435962,0.9164705026440878
Myeloid,Cancer Epithelial,MDK,SDC2,0.29412967,1.0,0.079246715,-0.27510849339781224,-1.3955256771039217,0.006840987,0.7431907,1.0,0.9173957704597439
CAFs,Myeloid,PKM,CD44,0.72406733,0.0,0.52184486,0.35377554692796837,0.7682678602753171,0.05731455,0.8813233,0.1513772692827705,0.9175392916614743
Endothelial,B-cells,MDK,NCL,0.49361435,0.999,0.16564249,-0.0735088488043707,-0.5728350678669291,0.012774067,0.80709624,1.0,0.9187316359669331
T-cells,Endothelial,YBX1,NOTCH1,0.45213896,0.996,0.18043983,0.03792891226913747,0.2468552592885609,0.043111894,0.81366986,1.0,0.9187316359669331
Cancer Epithelial,CAFs,CALR,LRP1,0.65688664,0.0,0.42147884,0.5047050323422123,1.0647860236030182,0.18931599,0.86969,0.017688151342452645,0.9187316359669331
Endothelial,B-cells,FN1,CD79A,0.72388697,0.194,0.5122393,0.6430055082382338,-0.05917193389183395,0.047121212,0.8803482,0.7817067706146053,0.9198554559301206
Plasmablasts,Endothelial,S100A8,CD36,0.70023143,0.0,0.42165837,0.3410392063434947,0.2533332771623592,0.05755487,0.86971414,0.31600169882993395,0.9209962412492029
CAFs,Myeloid,COL4A1,CD47,0.45208466,0.114,0.1710858,0.053594955844559256,-0.1335583167496357,0.023751616,0.80960083,1.0,0.9209962412492029
Plasmablasts,PVL,COL1A2,ITGA1_ITGB1,0.2841848,1.0,0.07959622,-0.0919046234464965,-1.2832135906202033,0.022962665,0.74361044,1.0,0.9212982369090502
Endothelial,Myeloid,HBEGF,CD9,0.48009104,0.027,0.16503839,0.18955787089118176,0.4495947974183764,0.06352174,0.80681175,0.49856699784974645,0.923264809392941
Endothelial,CAFs,ADAM15,ITGB1,0.7184863,0.0,0.42201406,0.3186419500197686,0.8632399149678543,0.07102686,0.86976194,0.08702925441360763,0.923264809392941
CAFs,PVL,COL18A1,ITGA1_ITGB1,0.4519694,0.0,0.18641256,0.18776440346689083,0.4609120981842655,0.115193345,0.8161258,0.34322807156471796,0.923264809392941
PVL,CAFs,SPON2,ITGB1,0.7225664,0.001,0.4303817,0.10106273746781,0.2736339769752545,0.044859592,0.87086993,0.7472968363026039,0.9244918944644178
CAFs,Cancer Epithelial,CXCL12,SDC4,0.28942347,0.0,0.07963194,0.3698028110048301,0.9380124922166201,0.16899195,0.74365324,0.04927349250024212,0.9251957728055913
Plasmablasts,Endothelial,CALM1,INSR,0.4517308,0.923,0.18769021,0.09993477593636285,-0.1157942209540932,0.025567455,0.8166378,1.0,0.9255370997238279
Cancer Epithelial,Endothelial,LGALS3,ENG,0.72076195,0.0,0.51948076,0.5249944488669674,0.9787238756782257,0.14277902,0.88108563,0.017688151342452645,0.9268122812144206
PVL,Cancer Epithelial,FN1,SDC1,0.5533349,1.0,0.16486369,-0.017221601468496606,-0.41149726575161555,0.032719094,0.80672914,1.0,0.9278128699640599
B-cells,Endothelial,LGALS1,ITGB1,0.66811,1.0,0.42306182,-0.366447324988573,-1.6408056091709293,0.0068225344,0.8699023,1.0,0.9278128699640599
B-cells,PVL,LGALS3,MCAM,0.31290275,0.446,0.07990094,0.08399904581383033,0.08988341934641852,0.028423335,0.7439745,1.0,0.9290884861474605
CAFs,PVL,THBS2,NOTCH3,0.72037363,0.0,0.49913174,0.7138825202091721,2.346664777964622,0.5627937,0.8789762,0.01560260730680826,0.9291341048180015
PVL,Myeloid,COL6A1,CD44,0.6509639,0.0,0.42318648,0.40447763424252403,0.9854386095638686,0.1174064,0.86991894,0.03408134761153226,0.9300926134208848
Myeloid,Endothelial,ARF1,INSR,0.45102412,0.0,0.18687093,0.2662895046501675,0.709165719510083,0.048465442,0.81631005,0.23857955084621013,0.9300926134208848
CAFs,CAFs,PLAU,ITGB1,0.72009575,0.0,0.42531475,0.23565763636307302,0.7490882012110925,0.07572892,0.87020254,0.2249873340754978,0.9314573591739163
B-cells,Plasmablasts,TIMP1,CD63,0.6841875,1.0,0.42448053,-0.5169654488426103,-2.390473648836162,0.005640897,0.8700916,1.0,0.9323758420852644
B-cells,Plasmablasts,LGALS1,CD69,0.4503212,1.0,0.19854918,-0.23727598494273863,-1.56659965296432,0.0076592965,0.82081133,1.0,0.9323758420852644
Cancer Epithelial,Cancer Epithelial,COL4A2,CD44,0.2996232,0.992,0.08073636,-0.1098388967748205,-1.0271437852010645,0.0127313165,0.7449639,1.0,0.9329762751691979
CAFs,Cancer Epithelial,MIF,CD44_CD74,0.50384325,0.274,0.16428536,0.018384042850457492,-0.13646162485124352,0.016063653,0.8064551,1.0,0.9346630508711726
CAFs,Cancer Epithelial,FAM3C,LAMP1,0.6830474,0.0,0.4249066,0.46806064887104165,0.8149307707902965,0.07264136,0.8701483,0.07605319469294981,0.9346630508711726
B-cells,Cancer Epithelial,SPP1,CD44,0.29976845,0.636,0.08079577,-0.03182933335060847,-1.6597773752076923,0.012237834,0.74503374,1.0,0.9368592476064461
B-cells,PVL,MDK,SDC2,0.651919,0.639,0.42498565,0.08479005359816785,0.20213679534370788,0.036686964,0.8701588,1.0,0.9369537501615299
PVL,PVL,ANGPTL4,SDC2,0.6521252,0.0,0.42525592,0.4355488466957962,1.6973128333545855,0.1881367,0.87019473,0.021102952720750315,0.9392484364796654
B-cells,Endothelial,CD99,CD81,0.36102507,0.997,0.0809627,-0.10346623340567701,-0.8343651602028799,0.008110423,0.7452297,1.0,0.9407373019560313
B-cells,Myeloid,HLA-A,APLP2,0.44835865,0.94,0.19808039,-0.12098120967436926,-0.49892834655337304,0.011653659,0.82063746,1.0,0.9415468663417673
Cancer Epithelial,Cancer Epithelial,FN1,ITGA6,0.60108554,0.885,0.16347669,-0.022176838519040808,-0.7897613967682297,0.026384717,0.8060696,1.0,0.9415468663417673
Cancer Epithelial,PVL,S100A9,CD36,0.7151288,0.0,0.49647278,0.7104257083227354,1.6203108105457629,0.16218236,0.87869185,0.017688151342452645,0.9430950042275663
Cancer Epithelial,CAFs,APP,CD74,0.67286146,1.0,0.42561302,-0.15668935140373585,-1.6225528463902894,0.012771388,0.8702421,1.0,0.9438487946513388
CAFs,B-cells,COL4A1,CD47,0.285163,0.913,0.08107623,-0.12242161762467696,-0.6109072971593191,0.011255706,0.7453627,1.0,0.9446105456914746
Myeloid,Myeloid,LGALS9,PTPRC,0.6771327,0.0,0.42630768,0.66912302975104,1.1821075775170184,0.14059846,0.8703342,0.017688151342452645,0.9461547203507137
Myeloid,Endothelial,LGALS9,CD47,0.44592562,0.0,0.19617051,0.22290070880005025,0.43338234102830797,0.042868115,0.8199233,0.3307672399003809,0.9461547203507137
Endothelial,PVL,MDK,SDC2,0.7142062,0.352,0.506643,0.12524569444116765,0.30605927781825404,0.04373605,0.87976843,0.9471001711020739,0.9477598139082988
Endothelial,B-cells,THBS1,CD47,0.28528312,0.717,0.081148475,-0.06222222108669032,-0.367277167419897,0.016876735,0.7454472,1.0,0.9484789296193676
CAFs,Endothelial,HLA-A,APLP2,0.66603404,0.377,0.42847165,0.043670846761417,0.10482943753545548,0.025208265,0.8706196,1.0,0.9507775835309598
Cancer Epithelial,B-cells,LGALS1,CD69,0.28590417,1.0,0.08129928,-0.37444773336022147,-2.0448099424486235,0.003136227,0.74562335,1.0,0.9523424048080138
Endothelial,T-cells,TGM2,ITGB1,0.7139959,0.005,0.49850202,0.35644305679644844,1.046086803953319,0.078573376,0.8789091,0.3721526397358819,0.9524302771875397
PVL,Endothelial,ARF1,INSR,0.44397578,0.0,0.1786994,0.25884368924522183,0.9060067037618772,0.046346135,0.81293404,0.27229156320515063,0.9530945263041259
Cancer Epithelial,Plasmablasts,FN1,PLAUR,0.6008536,1.0,0.16299163,-0.2498991774271595,-1.7638575561816476,0.005317159,0.80583733,1.0,0.9530945263041259
B-cells,Myeloid,COL1A2,CD44,0.45803687,0.96,0.16281745,0.0494584556163401,-1.2471214158768147,0.015786244,0.80575365,1.0,0.9554154802874806
PVL,CAFs,MDK,SDC1,0.44377846,1.0,0.17005908,0.020760339874491135,0.0510890079474321,0.031752236,0.80913645,1.0,0.9554154802874806
Myeloid,B-cells,MDK,NCL,0.2968374,1.0,0.08130115,-0.2013158251767075,-1.019171515188337,0.006269807,0.74562556,1.0,0.9562010783383674
Plasmablasts,CAFs,FN1,PLAUR,0.71260595,0.998,0.43626553,-0.07902881617367868,-1.2018489479950856,0.014231979,0.8716315,1.0,0.9571060937416405
PVL,Myeloid,MIF,CD44_CD74,0.6553347,0.0,0.42908525,0.2811024948770475,0.7312940333505494,0.041955512,0.8707002,0.3560377040394241,0.9577401991716189
PVL,T-cells,LGALS3BP,ITGB1,0.7117888,0.716,0.49581933,-0.023224670402544556,0.25510692507481325,0.023445643,0.87862164,1.0,0.9594460413744416
CAFs,Cancer Epithelial,TFPI,SDC4,0.29421312,0.025,0.08178849,0.16654890232563047,0.18635647142181458,0.047696386,0.7461919,0.48965318625546256,0.9600548493615317
Plasmablasts,Endothelial,COL1A2,CD93,0.44849768,1.0,0.16177097,0.15669529672714438,-0.9839262903544741,0.03289096,0.80524856,1.0,0.9600684350252513
Endothelial,CAFs,MDK,LRP1,0.6648512,0.467,0.4303479,0.15617133674851477,0.2949844359190149,0.05981547,0.8708655,1.0,0.9600684350252513
Myeloid,Myeloid,CXCL9,FCGR2A,0.4420364,0.0,0.1818838,0.7190468467992341,1.4405107967153017,0.5188542,0.8142733,0.017688151342452645,0.9600684350252513
Endothelial,Endothelial,NAMPT,INSR,0.44158667,0.0,0.17592956,0.3514432870230909,0.9411970297699914,0.07494868,0.81174326,0.06947726894332493,0.9624006924579973
Plasmablasts,Cancer Epithelial,S100A8,CD69,0.31315535,0.413,0.08243261,0.01058523083756038,-0.8593169998587551,0.008612317,0.746934,1.0,0.9639038246971612
T-cells,T-cells,LGALS1,ITGB1,0.70636225,1.0,0.4892234,-0.36614923485141787,-0.7025978137363631,0.007889493,0.8779057,1.0,0.9641299848453246
Endothelial,Cancer Epithelial,MDK,SDC2,0.49090666,1.0,0.16145678,-0.14730151702547542,-0.9491892297825137,0.013937786,0.80509603,1.0,0.9647364721492466
T-cells,Myeloid,HLA-DRB5,CD4,0.44153333,0.096,0.16654243,0.3065829359242687,0.3779487687527462,0.08262205,0.8075177,0.6353884006867776,0.9647364721492466
B-cells,Cancer Epithelial,HMGB1,SDC1,0.54276234,0.917,0.16111222,-0.06374023404244594,-0.5952494345925685,0.022682274,0.8049284,1.0,0.9670762803337452
Endothelial,Myeloid,ICAM1,IL2RG,0.44107598,0.0,0.17379342,0.3284590458742049,0.7255417795039683,0.05343727,0.8108081,0.183253589775331,0.9670762803337452
PVL,CAFs,POSTN,PTK7,0.29008472,0.999,0.08262624,0.040109107254020365,-0.2860639284035492,0.041749097,0.7471557,1.0,0.9677479037574959
Endothelial,Cancer Epithelial,TIMP3,DDR1,0.44087535,0.016,0.16668223,0.4433605480479585,-0.06703232870805487,0.14873904,0.807583,0.6982303979262069,0.9694196160644413
PVL,Endothelial,CD99,CD81,0.7030349,0.154,0.47990558,0.1303589098733276,0.409924789904502,0.048074443,0.87687135,0.7366105250666773,0.9711660554560916
B-cells,Cancer Epithelial,APOE,LSR,0.30645135,0.575,0.08270537,0.30604936611618927,-0.9910235828033617,0.025686976,0.74724615,1.0,0.9715871931012178
B-cells,Cancer Epithelial,MMP7,CD151,0.44213796,0.045,0.15978995,0.1422725130683432,-0.19281765576662524,0.025051758,0.8042806,0.9486100629438105,0.971766987203837
Endothelial,Endothelial,CD34,SELP,0.44027916,0.0,0.18448782,0.6992533306148765,1.632897527249487,0.75801367,0.8153458,0.017688151342452645,0.971766987203837
PVL,Endothelial,FN1,ITGA6,0.6990921,0.508,0.43575487,0.2518565527901281,0.43208589631674255,0.07032972,0.87156594,1.0,0.971766987203837
Endothelial,T-cells,TIMP1,CD63,0.70283544,1.0,0.48908392,-0.5038725538401051,-1.4589384300469466,0.0064994083,0.8778904,1.0,0.9735140202542594
Endothelial,Plasmablasts,COL4A1,CD47,0.5287355,0.012,0.15975322,0.10675624003863562,0.001443533346262349,0.022178326,0.80426246,1.0,0.9741181446008336
CAFs,Endothelial,FAM3C,LAMP1,0.43984923,0.0,0.19193682,0.1597660112894783,0.5897629955518062,0.032813214,0.8183069,0.6117037670499118,0.9741181446008336
CAFs,Cancer Epithelial,THBS1,ITGA6,0.3436778,0.0,0.083006956,0.19169319885760194,0.40022110974717007,0.07526659,0.74758965,0.3294039558199363,0.9754215924013738
PVL,Endothelial,LUM,ITGB1,0.702194,1.0,0.47901282,-0.2214584875081857,-1.5761700292130898,0.011243921,0.8767708,1.0,0.9758632998801444
Endothelial,Endothelial,CALM3,INSR,0.43923748,0.0,0.173206,0.23688278674956495,0.49793470721597877,0.039341163,0.81054825,0.399762647719537,0.9788315761301871
Plasmablasts,CAFs,HLA-A,APLP2,0.28903073,1.0,0.08346856,-0.2746357356189159,-1.2357131984155019,0.0049107037,0.74811256,1.0,0.9792512079560043
PVL,CAFs,COL6A2,SDC1,0.43889076,0.0,0.16732366,0.25176030937276156,0.8348535707719792,0.124061264,0.8078812,0.18946878911933857,0.981193855546953
CAFs,Cancer Epithelial,PKM,CD44,0.48895234,0.256,0.1581933,0.02315243248434938,-0.15872494600924675,0.017374469,0.80348897,1.0,0.981193855546953
Endothelial,Myeloid,SPP1,CD44,0.70147884,0.0,0.49136004,0.4282125904936178,0.47551093120326515,0.07442447,0.8781391,0.1622971142787805,0.9829189667116682
CAFs,Cancer Epithelial,ANGPTL4,SDC2,0.30424953,0.213,0.083474614,0.028693705191856583,-0.19716100500809663,0.036929853,0.7481194,1.0,0.983075939698634
T-cells,Endothelial,ARF1,INSR,0.4388315,0.0,0.17273535,0.2534092916649759,0.8483967621545445,0.044799343,0.8103393,0.29793076947426084,0.9835601876669793
Plasmablasts,Myeloid,MIF,CD74_CXCR4,0.43840995,0.465,0.18860815,0.1724077117126923,0.02007513407207684,0.026944079,0.8170028,1.0,0.985930065829927
Endothelial,CAFs,GNAI2,CAV1,0.2920451,0.281,0.0837618,0.08602849739905491,0.1557419580934113,0.045790453,0.7484428,0.8841923695804232,0.9868958936669889
PVL,Endothelial,BGN,LY96,0.46760374,0.0,0.15739137,0.11884729147892978,0.3777726233020635,0.04716832,0.8030874,0.6470917332005873,0.988304003616185
B-cells,PVL,S100A8,CD36,0.43762934,0.189,0.16740602,0.07579636246520265,0.1193045282195141,0.022850329,0.8079194,1.0,0.988304003616185
Myeloid,Endothelial,CD99,CD81,0.66865385,0.431,0.43980122,0.10685328249805721,0.19079084287068637,0.044056997,0.8720824,1.0,0.988304003616185
CAFs,T-cells,FAM3C,CLEC2D,0.7003275,0.0,0.44145998,0.7384401564836067,1.794771000474835,0.11784794,0.8722922,0.017688151342452645,0.9899863743163478
Endothelial,Myeloid,SELE,CD44,0.66427135,0.0,0.4411459,0.7563321386690711,1.9147819621192053,0.35412785,0.8722526,0.00875119825065581,0.9906817490168617
CAFs,Plasmablasts,THBS2,CD47,0.52185583,0.0,0.15724073,0.27368025505107346,0.6858261441917703,0.0408506,0.8030117,0.3781797472091733,0.9906817490168617
CAFs,Plasmablasts,MXRA5,CD69,0.4370896,0.0,0.1883554,0.40066807110116964,0.7952307499162995,0.12980188,0.8169026,0.04424027777618228,0.9906817490168617
Plasmablasts,CAFs,CALR,LRP1,0.3536511,0.018,0.083807506,0.16315049704527795,0.2920165817483129,0.037643887,0.7484942,0.4617421884201049,0.9907109700547443
Myeloid,Myeloid,ICAM1,IL2RG,0.29023516,0.012,0.08419054,0.12095500284573532,0.12078723611293474,0.02588655,0.7489232,0.8955954853377756,0.9945213259057641
B-cells,Myeloid,LGALS1,PTPRC,0.68600786,0.972,0.44151223,0.09532829859318154,-0.7310475500020943,0.018911341,0.8722988,1.0,0.9954484177547331
B-cells,B-cells,HMGB1,CXCR4,0.54059494,0.921,0.15717582,-0.07887130913793008,-0.7246703733051382,0.012256411,0.80297905,1.0,0.9954484177547331
PVL,CAFs,PSAP,LRP1,0.6998666,0.456,0.46933967,0.15336610444911877,0.6508456025381898,0.059497695,0.8756645,1.0,0.9970651042277019
Cancer Epithelial,T-cells,AGRN,ITGB1,0.4369376,0.658,0.16173743,0.1687515454127509,0.18520116755661709,0.058576837,0.8052323,1.0,0.9978373463717369
Cancer Epithelial,Myeloid,COL1A1,CD44,0.45351094,0.999,0.15670939,0.07443423520009546,-1.262704746448208,0.016433455,0.80274385,1.0,0.9978373463717369
Cancer Epithelial,Endothelial,PTN,PTPRB,0.30914557,0.0,0.084204406,0.40739817605274253,0.7633334090477841,0.20754364,0.7489386,0.04993156008521786,0.9983267590764238
Myeloid,CAFs,LGALS9,MRC2,0.39123592,0.0,0.14173388,0.43522298718003555,1.099002680662461,0.2600864,0.7946705,0.02145175447279487,1.0
B-cells,PVL,APOE,SDC2,0.42803928,0.478,0.13148353,0.10622856336213468,-0.5545329473031635,0.023399014,0.78847826,1.0,1.0
Myeloid,CAFs,ICAM1,CAV1,0.30730024,0.715,0.09386503,-0.00437477090928956,-0.18776271039621883,0.028135695,0.75901103,1.0,1.0
Myeloid,CAFs,CXCL8,SDC2,0.420038,0.0,0.1714773,0.5241052299390119,1.1650092432167243,0.20956609,0.8097769,0.017688151342452645,1.0
PVL,Cancer Epithelial,MDK,SDC1,0.39257264,1.0,0.107820444,-0.08766281812253393,-0.5284655604178061,0.020131476,0.77145934,1.0,1.0
Myeloid,CAFs,CXCL8,SDC1,0.38512683,0.0,0.13723452,0.6599127504326838,1.6346163536791498,0.36275607,0.7920261,0.017688151342452645,1.0
PVL,B-cells,CLEC11A,ITGB1,0.31524408,0.998,0.09811098,-0.2390758456089794,-0.8394218559485325,0.008672882,0.763034,1.0,1.0
Myeloid,CAFs,CCL5,SDC1,0.40740234,0.0,0.14970107,0.31188065158691664,0.6382108208613185,0.08243815,0.7990964,0.09373570200937563,1.0
B-cells,PVL,COL1A1,ITGA1_ITGB1,0.29612234,0.993,0.08719598,-0.05816755740074045,-1.2342309717378424,0.027207099,0.7522065,1.0,1.0
Myeloid,Cancer Epithelial,CXCL8,SDC1,0.33392105,0.0,0.087009095,0.5514895924356586,1.0550617853139117,0.22999373,0.7520065,0.017688151342452645,1.0
Myeloid,B-cells,S100A8,CD69,0.42921817,0.061,0.15722206,0.14156142244980288,-0.1817559747836246,0.0164261,0.8030023,1.0,1.0
Myeloid,B-cells,MIF,CD74_CXCR4,0.49882346,0.144,0.14271618,0.09902535260406427,-0.11032902593677338,0.020388069,0.7952334,1.0,1.0
PVL,B-cells,LUM,ITGB1,0.43162078,1.0,0.16319749,-0.42576046205102913,-2.2182171874997,0.0038307528,0.805936,1.0,1.0
PVL,B-cells,MDK,NCL,0.41101864,1.0,0.13024081,-0.12715486512715307,-0.5631473766578238,0.010043952,0.7876852,1.0,1.0
PVL,B-cells,MIF,CD74_CXCR4,0.40448168,0.649,0.110058784,0.022417224249680442,-0.055389468035025174,0.015722716,0.7732656,1.0,1.0
B-cells,Endothelial,FN1,PLAUR,0.30770934,1.0,0.092815585,-0.4075776234714248,-2.1630796928248746,0.0030278563,0.75798124,1.0,1.0
PVL,B-cells,SPON2,ITGB1,0.34967482,0.99,0.11736723,-0.18049695918960595,-0.6812348876390291,0.012233433,0.77885216,1.0,1.0
Myeloid,Cancer Epithelial,CXCL8,SDC2,0.34965932,0.0,0.10244606,0.43820487720993484,0.6440258071583094,0.12520152,0.7669206,0.08652872800745334,1.0
B-cells,PVL,COL1A2,CD36,0.41710082,0.995,0.14306274,-0.15788834691376974,-1.1769054055159676,0.012119404,0.79543084,1.0,1.0
Myeloid,CAFs,MDK,SDC1,0.32959718,1.0,0.10615719,-0.05340062017506331,-0.40493513058308117,0.019820923,0.77008593,1.0,1.0
B-cells,Endothelial,COL1A2,CD93,0.44411352,0.956,0.1560984,0.15435251265099376,-0.9392488159183092,0.031737622,0.8024344,1.0,1.0
B-cells,Myeloid,VCAN,CD44,0.42080343,0.081,0.11256821,0.22574429400534407,0.04334344152307068,0.034850903,0.77523583,0.6129668841448314,1.0
B-cells,Myeloid,S100A9,ITGB2,0.52295655,0.0,0.15332623,0.6489430057750092,1.0050441814213162,0.08142495,0.8010102,0.05059619733617278,1.0
Endothelial,B-cells,ADAM15,ITGB1,0.34559473,0.912,0.11508533,0.03708225336235266,-0.0916289496464292,0.019369379,0.77715665,1.0,1.0
PVL,PVL,COL6A3,ITGA1_ITGB1,0.34376466,0.196,0.11752641,0.12548966042489332,0.45815547347899255,0.084626816,0.7789689,0.7873103809630059,1.0
Cancer Epithelial,T-cells,VEGFA,ITGB1,0.41223386,0.807,0.13171002,0.0895490070596403,0.10026039074899801,0.03543779,0.7886217,1.0,1.0
B-cells,Cancer Epithelial,MDK,ITGA6_ITGB1,0.40232766,0.965,0.10134183,-0.1135531032566883,-0.7649098229168289,0.01538805,0.7659506,1.0,1.0
PVL,PVL,LGALS3,MCAM,0.3763808,0.009,0.13666221,0.14637072741817236,0.6299074766474556,0.04861514,0.7916817,0.49545763184730884,1.0
CAFs,CAFs,COL4A1,CD47,0.35052323,0.976,0.116320595,-0.0535001788474465,-0.35124891794791857,0.016148634,0.77807975,1.0,1.0
Cancer Epithelial,T-cells,ADAM17,ITGB1,0.41677117,0.853,0.13722512,0.009158819463481682,-0.08945382295811904,0.028663097,0.79202044,1.0,1.0
PVL,PVL,PDGFA,PDGFRB,0.36426783,0.0,0.13215475,0.4307352607560073,1.5071701595203537,0.40004307,0.7889025,0.02234267543872186,1.0
Myeloid,CAFs,MDK,SDC2,0.36450836,1.0,0.13264555,-0.18920814066873523,-0.8745422410455068,0.011450651,0.78921103,1.0,1.0
CAFs,CAFs,COL4A2,SDC1,0.40651256,0.262,0.1492031,0.13962198222984723,0.22801785639591754,0.06206117,0.7988288,0.8659465367973287,1.0
B-cells,Cancer Epithelial,LMAN1,MCFD2,0.34728423,0.059,0.11915783,0.1681537573933718,-0.03382367480889992,0.036776565,0.7801534,0.6493533011054127,1.0
PVL,Cancer Epithelial,MIF,CD44_CD74,0.42021975,0.917,0.13007393,-0.04952061956657145,-0.19569877293401444,0.012718495,0.787578,1.0,1.0
PVL,Cancer Epithelial,MDK,SDC2,0.40831095,1.0,0.1269497,-0.2009475333482578,-0.9395015385734085,0.010958957,0.7855372,1.0,1.0
Plasmablasts,CAFs,APOE,LRP1,0.41257915,0.33,0.14942749,0.1616956540228185,-0.48792116524581053,0.042816684,0.79894954,1.0,1.0
B-cells,PVL,COL1A1,CD36,0.4334225,0.991,0.16241744,-0.12180849679186306,-1.1726002610697717,0.014881386,0.80556107,1.0,1.0
Myeloid,Cancer Epithelial,CCL5,SDC4,0.3800527,0.0,0.12043814,0.29450271450547094,0.25110048769918014,0.050755452,0.78106856,0.31864881902803927,1.0
B-cells,Endothelial,LGALS3,ENG,0.44767493,0.081,0.12807174,0.2566671300167521,0.27933721729684746,0.03520045,0.78627753,0.6129668841448314,1.0
Myeloid,Cancer Epithelial,CCL5,SDC1,0.35619652,0.0,0.09491311,0.20345749358989157,0.05865625249608036,0.052267235,0.7600251,0.5104137943464272,1.0
Myeloid,Cancer Epithelial,ARF6,SMAP1,0.39304638,0.0,0.11238497,0.2663426808267846,0.31489680162593114,0.06886559,0.7750939,0.2629733612000946,1.0
Cancer Epithelial,Plasmablasts,LGALS1,CD69,0.34606582,1.0,0.11822959,-0.29541064152194085,-1.8272004090021747,0.004560862,0.779482,1.0,1.0
Myeloid,Cancer Epithelial,LGALS9,CD44,0.35112125,0.0,0.10180487,0.2297968696175591,0.23460799825097273,0.045215845,0.76635903,0.3362627358986029,1.0
Endothelial,Myeloid,HBEGF,CD44,0.44952366,0.0,0.15132825,0.5112591981593796,1.1188172401222354,0.19827281,0.79996276,0.017688151342452645,1.0
B-cells,Endothelial,VCAN,ITGB1,0.49380207,0.912,0.13692355,-0.12732828388654854,-0.8459078446642826,0.011851521,0.7918392,1.0,1.0
Endothelial,PVL,JAG1,NOTCH3,0.40865684,0.0,0.13776581,0.43566078169769223,1.3507597675752558,0.2922734,0.79234415,0.020930155654418182,1.0
Endothelial,PVL,HBEGF,CD9,0.4131945,0.218,0.13503383,0.1352016232522993,0.4248046915642695,0.05197327,0.7906915,0.8244716859111324,1.0
Endothelial,PVL,DLL1,NOTCH3,0.4082291,0.0,0.13726994,0.6074243493782485,1.655977659488666,0.7334302,0.7920473,0.017688151342452645,1.0
Endothelial,PVL,COL18A1,ITGA1_ITGB1,0.3689405,0.299,0.13355404,0.12153193604402746,0.21004296321252636,0.08252951,0.78977823,0.8965154224656064,1.0
Endothelial,Myeloid,VCAN,ITGB1,0.36275014,1.0,0.13136326,-0.19669735802659233,-0.7023860481565134,0.011370244,0.7884019,1.0,1.0
PVL,Cancer Epithelial,COL4A1,SDC1,0.5050501,0.0,0.1477308,0.2919535152101979,0.745742056091824,0.10995363,0.7980308,0.1193403010588866,1.0
PVL,Cancer Epithelial,COL5A2,DDR1,0.34450832,0.0,0.11378141,0.5164716079099624,0.5905257195502944,0.22683302,0.7761684,0.11250045010006922,1.0
PVL,Cancer Epithelial,COL6A1,CD44,0.4158489,0.028,0.12828577,0.07385451979890502,0.058445803279304764,0.035590857,0.7864178,0.9100928920259831,1.0
PVL,Cancer Epithelial,COL6A1,ITGA6,0.3917247,0.001,0.09802718,0.1218427780967041,0.2053419580754924,0.05833978,0.7629567,0.6270024528929633,1.0
PVL,Cancer Epithelial,COL6A1,SDC1,0.40227818,0.0,0.11126426,0.16092343871064105,0.3281760468908637,0.081424214,0.77421916,0.4321817291044258,1.0
PVL,Cancer Epithelial,COL6A2,CD44,0.40125567,0.062,0.12231549,0.05626823246400044,-0.014431241204817924,0.034381304,0.78238815,1.0,1.0
PVL,Cancer Epithelial,COL6A2,SDC1,0.38768494,0.004,0.10608614,0.14333715137573647,0.255299002406741,0.07865702,0.7700266,0.5104137943464272,1.0
Endothelial,Myeloid,HLA-DQB1,CD4,0.3380214,0.0,0.11002845,0.32324942399811996,0.17064629889413485,0.07689573,0.77324146,0.3950619131332472,1.0
PVL,Cancer Epithelial,FN1,ITGA6,0.5427814,1.0,0.1452499,-0.056302262082433545,-0.5343313545669869,0.02344296,0.7966625,1.0,1.0
PVL,PVL,COL5A2,ITGA1_ITGB1,0.36642745,0.0,0.13195416,0.23183685703735532,0.902277205055755,0.1564832,0.78877604,0.23433352470083227,1.0
Endothelial,Myeloid,ADAM15,ITGB1,0.37966096,0.995,0.14312541,0.06280468896307059,0.017651556601427032,0.024088651,0.7954665,1.0,1.0
PVL,Cancer Epithelial,HLA-A,APLP2,0.6662483,0.387,0.44352812,0.0706449180727616,-0.21354637309939473,0.026094077,0.87255234,0.9821454891457739,1.0
Endothelial,Endothelial,VCAN,SELP,0.3606367,0.0,0.12976664,0.33188260403324465,0.7392160626052339,0.17495672,0.7873801,0.07515049614547314,1.0
Endothelial,Endothelial,THBS1,ITGA6,0.3693929,0.0,0.12654361,0.3500946255538258,0.719697130466319,0.114743486,0.7852672,0.06655890496631854,1.0
Myeloid,B-cells,LUM,ITGB1,0.29780114,1.0,0.08835558,-0.4906041077323978,-2.8884868354991733,0.0020739804,0.7534357,1.0,1.0
B-cells,Endothelial,FN1,ITGA6,0.40993786,0.981,0.16456904,0.08261440794296232,-0.6860308650918411,0.026561022,0.8065896,1.0,1.0
PVL,B-cells,THBS1,CD47,0.3424271,0.504,0.115515985,0.003306277896891502,0.12705001368387836,0.024024269,0.77747995,1.0,1.0
Myeloid,Plasmablasts,LGALS9,CD47,0.34014437,0.194,0.09087877,0.1113558960939775,-0.10840547385074284,0.019859264,0.7560417,1.0,1.0
B-cells,Endothelial,YBX1,NOTCH1,0.38671416,0.98,0.14154446,-0.007761863652860218,-0.21018502667065442,0.033818748,0.7945614,1.0,1.0
Myeloid,Myeloid,S100A8,CD69,0.4359924,0.002,0.16526379,0.15046100136085735,0.208086824524094,0.017266275,0.8069181,1.0,1.0
B-cells,Endothelial,NAMPT,INSR,0.41034013,0.005,0.1397037,0.31082191378062834,0.7099599978461801,0.059515916,0.79349095,0.3721526397358819,1.0
Myeloid,Myeloid,CLEC11A,ITGB1,0.35362896,1.0,0.12501912,-0.2090060159703142,-0.8779781304908423,0.011051525,0.7842435,1.0,1.0
B-cells,Endothelial,MMP7,CD151,0.38054672,0.154,0.12859964,0.07692041899646776,-0.10554516672539893,0.020161765,0.78662294,1.0,1.0
Myeloid,Myeloid,CD14,ITGB1,0.39443648,0.937,0.15340236,0.2910467920967764,0.04205394743604085,0.051210806,0.80104977,1.0,1.0
Myeloid,Endothelial,TNFSF13B,CD40,0.45021164,0.0,0.15248859,0.5134651169366209,0.9905481379111798,0.18431364,0.8005732,0.017688151342452645,1.0
B-cells,Myeloid,HLA-DQB1,CD4,0.30332437,0.236,0.09108507,0.29115878569395787,0.23524501576672496,0.06365674,0.75625074,0.845018282136063,1.0
B-cells,Myeloid,HLA-DRA,CD4,0.4028619,0.405,0.14542913,0.2655621484739342,-0.15789268353404462,0.06481931,0.79676235,0.9830982631025814,1.0
Myeloid,Myeloid,LUM,ITGB1,0.33186737,1.0,0.10988306,-0.46488167213167986,-2.779206329251317,0.0025792974,0.7731255,1.0,1.0
Myeloid,Endothelial,SERPING1,SELP,0.36852032,0.984,0.13518335,0.15230077493613672,-0.10735133270284081,0.077434875,0.79078305,1.0,1.0
Myeloid,Endothelial,LGALS3BP,ITGB1,0.68959916,0.868,0.45833763,-0.05010899447930835,-0.44395168893567916,0.02167326,0.8743674,1.0,1.0
B-cells,Myeloid,LGALS1,CD69,0.39693376,1.0,0.14351352,-0.3074134978699647,-1.3943663871030498,0.0055362233,0.79568666,1.0,1.0
B-cells,Myeloid,LGALS1,ITGB1,0.4316031,1.0,0.1792532,-0.5450268639306985,-2.1735722612096833,0.0028907387,0.8131692,1.0,1.0
B-cells,Myeloid,LUM,ITGB1,0.37531528,1.0,0.1401028,-0.443828547979511,-2.6322969781581658,0.0032886483,0.7937246,1.0,1.0
B-cells,Myeloid,MIF,CD74_CXCR4,0.3583602,0.744,0.12801841,0.10740510204982709,-0.035904724051787906,0.018288383,0.7862425,1.0,1.0
Myeloid,Endothelial,CALR,SCARF1,0.41977835,0.0,0.147309,0.3867581031291314,0.8136993974843832,0.16324489,0.79780024,0.04245602744226725,1.0
Myeloid,Cancer Epithelial,S100A8,CD69,0.3908372,0.045,0.111659735,0.09113862161852482,-0.2480000855066426,0.011665881,0.7745291,1.0,1.0
Myeloid,Plasmablasts,ICAM1,IL2RG,0.30834216,0.012,0.09445572,0.1456969308618838,-0.09314507417037554,0.029042844,0.75958425,0.7599572381648,1.0
Myeloid,Cancer Epithelial,MDK,SDC4,0.30224752,1.0,0.08540603,-0.070778557256509,-0.7920454637452196,0.01220333,0.75026846,1.0,1.0
Myeloid,Endothelial,MDK,ITGA6_ITGB1,0.4241486,1.0,0.17789671,0.10725437608653632,-0.14090653687996124,0.027012376,0.8125915,1.0,1.0
Endothelial,B-cells,ICAM1,IL2RG,0.41521996,0.006,0.14353462,0.29312863846346415,0.34812372155462645,0.04413342,0.7956986,0.38431018205643186,1.0
Endothelial,Cancer Epithelial,PKM,CD44,0.39509207,0.934,0.119793884,-0.05410840026577207,-0.502295448775014,0.013157037,0.7806096,1.0,1.0
Endothelial,B-cells,MIF,CD74_CXCR4,0.36901867,0.888,0.097782895,-0.0063796876389354,-0.3626138899713264,0.013969014,0.762731,1.0,1.0
B-cells,Cancer Epithelial,MDK,SDC4,0.4367373,0.915,0.14596064,0.01657277827282802,-0.44963149889835774,0.02085574,0.79705757,1.0,1.0
Endothelial,Cancer Epithelial,MDK,NCL,0.69889677,0.159,0.48297697,0.2751193429156864,-0.06831894210788292,0.037246365,0.8772153,0.7433145594681368,1.0
Endothelial,Cancer Epithelial,MDK,SDC1,0.47516835,1.0,0.13712786,-0.034016801799751556,-0.5381532516269114,0.02560355,0.791962,1.0,1.0
PVL,Endothelial,LAMA4,ITGA6_ITGB1,0.3986222,0.0,0.15395656,0.4386756292521288,1.268001998772458,0.18075778,0.80133694,0.019422310698439384,1.0
Endothelial,Cancer Epithelial,MIF,CD44_CD74,0.38475674,0.979,0.11556557,-0.07831753145518729,-0.5029231948703157,0.011299881,0.777517,1.0,1.0
Endothelial,Endothelial,LGALS3,MCAM,0.40927333,0.0,0.15618429,0.13985458514523114,0.3020144803809232,0.055559773,0.802478,0.5295821919714354,1.0
PVL,Cancer Epithelial,PKM,CD44,0.3817572,0.964,0.11433842,-0.0650850338329816,-0.344448842521569,0.0125578595,0.7765923,1.0,1.0
Endothelial,Endothelial,LAMC1,ITGA6_ITGB1,0.3751039,0.0,0.13189973,0.4686691094464355,1.150435344205877,0.21179637,0.78874165,0.017688151342452645,1.0
Endothelial,Endothelial,LAMA4,ITGA6_ITGB1,0.38949406,0.0,0.14539567,0.4262910627805951,1.0496780968971922,0.17070657,0.7967437,0.02401592514803164,1.0
B-cells,T-cells,VCAN,ITGB1,0.3872855,0.995,0.10138525,-0.2077558524022533,-0.7586137865550303,0.008775476,0.765989,1.0,1.0
Endothelial,Endothelial,GNAI2,S1PR1,0.34502748,0.0,0.11056544,0.5280018844807904,1.2456530710031493,0.31104314,0.773668,0.017688151342452645,1.0
PVL,Cancer Epithelial,THBS1,SDC4,0.30463582,0.0,0.08648137,0.2375901911943623,0.5628853847048361,0.07379133,0.7514388,0.21691686583149994,1.0
Endothelial,Endothelial,FAM3C,LIFR,0.3119372,0.0,0.093616985,0.25620030282986095,0.5419142861417249,0.09702821,0.7587689,0.17804908681449885,1.0
Endothelial,Endothelial,FAM3C,LAMP1,0.38669613,0.009,0.14933702,0.09763972254381961,0.24150224430318512,0.025530418,0.79890084,0.9188753895171736,1.0
CAFs,B-cells,CXCL12,ITGB1,0.3166785,0.955,0.098913215,-0.035062766813602375,-0.12846762478743812,0.029072164,0.7637694,1.0,1.0
Endothelial,Endothelial,CALR,SCARF1,0.32421076,0.0,0.099570304,0.2791138847551442,0.5984895688218904,0.110341825,0.7643662,0.1353424989871744,1.0
B-cells,Endothelial,CD24,SELP,0.3275686,0.029,0.10704599,0.3460374133460222,0.44973071940250314,0.08536188,0.77082324,0.5045767783274469,1.0
CAFs,B-cells,FAM3C,LAMP1,0.34130976,0.298,0.09754171,0.03485067048260378,0.11491343210192201,0.016675577,0.76250744,1.0,1.0
B-cells,Endothelial,CALM3,INSR,0.3918493,0.204,0.11826626,0.19054244085494576,0.33186129838590706,0.026862418,0.77950865,0.8420794176317618,1.0
Endothelial,CAFs,LGALS9,MRC2,0.3253199,0.0,0.10419,0.337141018934489,0.9652517554391412,0.19119212,0.7684259,0.07161981898566151,1.0
Endothelial,Cancer Epithelial,TIMP3,CD44,0.4059157,0.768,0.124221966,-0.028191454129280286,-0.6908589491799344,0.022161126,0.7837019,1.0,1.0
Endothelial,CAFs,LRPAP1,LRP1,0.40411234,0.0,0.13999915,0.2567203390343231,0.7440859571539532,0.074864455,0.793664,0.17633914397987474,1.0
Endothelial,CAFs,THBS1,CD47,0.35064337,0.416,0.11642425,0.006699217690540141,-0.10761878820849646,0.024213163,0.7781567,1.0,1.0
PVL,Endothelial,LGALS3,MCAM,0.30427206,0.537,0.09257954,0.0366834563768792,0.11571931673125108,0.03293352,0.7577476,1.0,1.0
Endothelial,Cancer Epithelial,MDK,ITGA6_ITGB1,0.46461487,1.0,0.1208138,-0.0730974624136885,-0.6609873404422827,0.018344732,0.7813347,1.0,1.0
CAFs,B-cells,MXRA5,CD69,0.37692794,0.008,0.12952052,0.321630979262889,0.577621216469851,0.08925684,0.78722113,0.4035272505377286,1.0
CAFs,B-cells,PLA2G2A,ITGB1,0.3617833,0.874,0.12413918,0.010920429227659345,0.9711071845979911,0.036205575,0.7836454,1.0,1.0
Endothelial,Cancer Epithelial,JAG1,CD46,0.29963994,0.0,0.08594451,0.29108254290353164,0.4000005757461325,0.12035721,0.7508568,0.21100801361710386,1.0
Endothelial,Cancer Epithelial,ICAM1,CAV1,0.38798386,0.111,0.11166073,0.13590369674088867,-0.03209916188630069,0.033469893,0.7745299,0.6535196314991263,1.0
CAFs,B-cells,PLAU,ITGB1,0.34720418,0.942,0.11598545,-0.045902060294342906,-0.205780663403191,0.020651653,0.77783054,1.0,1.0
PVL,Endothelial,THBS1,CD47,0.38915476,0.101,0.15141633,0.052579890549538044,0.2994852486675126,0.031490587,0.8000093,1.0,1.0
PVL,Endothelial,THBS1,ITGA6,0.4265369,0.0,0.18013659,0.41562312453740763,1.2140243115700944,0.16333896,0.8135423,0.027642560849838398,1.0
Endothelial,Cancer Epithelial,HBEGF,CD82,0.36765578,0.0,0.114608705,0.6463578383781134,0.8983654673366436,0.22724478,0.7767971,0.02659660403178416,1.0
CAFs,B-cells,THBS1,CD47,0.4158787,0.191,0.1596912,0.08753516708964747,0.2796640627446835,0.033211544,0.80423194,0.8229807823564398,1.0
PVL,Myeloid,BGN,LY96,0.68124557,0.0,0.46294832,0.4122151021790155,1.0561909234881761,0.1387401,0.87491614,0.02937988349150765,1.0
PVL,Cancer Epithelial,MDK,SDC4,0.4164288,1.0,0.13681665,0.0033824027930454414,-0.3360213252147063,0.019549191,0.7917748,1.0,1.0
Endothelial,Cancer Epithelial,FN1,ITGA6,0.4943492,1.0,0.13010922,-0.08464971969710605,-0.7801518776970447,0.020999294,0.7876007,1.0,1.0
PVL,Myeloid,CLEC11A,ITGB1,0.34931034,1.0,0.12201533,-0.21335341000826147,-0.7301413497006762,0.010785994,0.7821789,1.0,1.0
Endothelial,Cancer Epithelial,COL4A1,SDC1,0.5261417,0.0,0.15521473,0.3122661324739533,0.6141872490595368,0.11552379,0.801984,0.10082247789559053,1.0
Endothelial,Cancer Epithelial,APP,TSPAN15,0.41681385,0.0,0.10221014,0.45167573336165173,0.7752713485628453,0.16768725,0.7667145,0.04862195114563587,1.0
CAFs,B-cells,TIMP2,ITGB1,0.39634466,0.894,0.14346847,-0.016742497003669893,-0.13927724804167751,0.022030465,0.79566115,1.0,1.0
Endothelial,CAFs,THBS1,LRP1,0.41331857,0.0,0.15025087,0.27120460984346745,0.7092516559438872,0.12471072,0.7993905,0.14836112926885728,1.0
Endothelial,CAFs,SERPINE1,LRP1,0.4044131,0.0,0.1403341,0.43606018582804706,1.2758428478666666,0.3533767,0.7938596,0.020758421950907942,1.0
CAFs,B-cells,FBN1,ITGB1,0.3539139,0.916,0.11973802,0.004122571336208025,-0.1240899963573725,0.029594831,0.7805697,1.0,1.0
Endothelial,Cancer Epithelial,TFPI,SDC4,0.42271203,0.0,0.1396457,0.29321349327546564,0.5731490020338257,0.08143683,0.7934569,0.12125865997785955,1.0
Endothelial,Cancer Epithelial,SPP1,CD44,0.46636382,0.008,0.14895205,0.09758947604999886,-0.4514818750812987,0.022561213,0.7986934,1.0,1.0
Cancer Epithelial,Myeloid,LUM,ITGB1,0.41854736,1.0,0.17017242,-0.4228799906987091,-2.681948968930957,0.003994476,0.8091879,1.0,1.0
Plasmablasts,B-cells,HMGB1,CXCR4,0.4077669,1.0,0.111196004,-0.1671645254242764,-1.0405028095311295,0.008670952,0.7741655,1.0,1.0
Cancer Epithelial,Myeloid,LGALS9,PTPRC,0.5117945,0.0,0.14305705,0.4231025599814212,0.5060663060093498,0.04718095,0.79542756,0.2584049858410873,1.0
Plasmablasts,B-cells,LUM,ITGB1,0.382368,1.0,0.13565168,-0.44962638250763154,-2.918285817325713,0.003184167,0.79106903,1.0,1.0
Plasmablasts,B-cells,MDK,NCL,0.4019162,1.0,0.12633939,-0.13306691209948546,-1.1001436623579144,0.00974308,0.785131,1.0,1.0
Plasmablasts,B-cells,MIF,CD74_CXCR4,0.33572477,0.919,0.086257875,-0.03341526247657324,-0.7299005676456959,0.0123225795,0.75119704,1.0,1.0
Plasmablasts,B-cells,S100A8,CD69,0.35153633,0.23,0.11606893,0.06100803166883843,-0.793072889135737,0.012126541,0.7778927,1.0,1.0
Cancer Epithelial,PVL,SCGB3A1,NOTCH3,0.41801062,0.0,0.14860941,0.7036030666676238,1.7312891572426237,0.46956286,0.7985082,0.017688151342452645,1.0
PVL,Plasmablasts,COL4A1,CD47,0.50764394,0.033,0.15205047,0.08644362277488027,0.1329983403785494,0.021108964,0.80034345,1.0,1.0
Endothelial,CAFs,HBEGF,CD9,0.35680896,0.87,0.10974368,0.08938603998402353,0.2165228118480521,0.042239323,0.7730142,1.0,1.0
Cancer Epithelial,Plasmablasts,HLA-B,CD3D,0.38069782,1.0,0.10842375,-0.6110955600201379,-2.1529973037515133,0.0025598959,0.77195084,1.0,1.0
PVL,Myeloid,SPON2,ITGB1,0.38374108,1.0,0.14596328,-0.15477452358888802,-0.5719543813911728,0.01521406,0.79705906,1.0,1.0
Endothelial,CAFs,FAM3C,LAMP1,0.3324988,0.173,0.10894214,0.02893554292551657,0.12432936691143492,0.018624574,0.7723704,1.0,1.0
B-cells,Cancer Epithelial,MDK,SDC2,0.42861944,0.982,0.13543424,-0.18775715786847522,-1.05311171225706,0.011691386,0.7909364,1.0,1.0
B-cells,Cancer Epithelial,MDK,SDC1,0.41288114,0.946,0.115026504,-0.07447244264275135,-0.6420757341014576,0.02147694,0.77711236,1.0,1.0
PVL,PVL,APOE,SDC2,0.68919194,0.0,0.47384974,0.295315213738975,0.8361603391525603,0.08432704,0.87618417,0.11433590564575857,1.0
CAFs,CAFs,ANGPTL4,SDC2,0.37462822,0.0,0.13972233,0.11459405792093358,0.32382243105031827,0.061814304,0.7935019,0.6722964482705528,1.0
Endothelial,B-cells,VCAN,ITGB1,0.3286839,0.995,0.10562753,-0.22241979362731026,-0.8116665544043696,0.00914267,0.76964283,1.0,1.0
Endothelial,B-cells,TIMP1,CD63,0.6712414,1.0,0.44909346,-0.5231321022403541,-2.133847999290632,0.0059679775,0.87324405,1.0,1.0
CAFs,CAFs,PLAT,LRP1,0.41637403,0.0,0.15365331,0.43675530604699087,1.3653384519882534,0.36655185,0.80117995,0.020249557347593206,1.0
Cancer Epithelial,Myeloid,PIP,CD4,0.3791291,0.0,0.13247184,0.8395155902478166,1.2006800994139595,0.45413107,0.789102,0.017688151342452645,1.0
PVL,T-cells,THBS1,CD47,0.41498178,0.075,0.17125894,0.07981419417208473,0.6180849330182829,0.035617325,0.8096788,0.878428018374429,1.0
CAFs,CAFs,INHBA,ACTR2,0.3970725,0.0,0.15366305,0.2308274390451677,0.744366049299095,0.07188193,0.801185,0.2364493896113708,1.0
Endothelial,Cancer Epithelial,SELE,CEACAM1,0.42948142,0.0,0.134155,0.7634122606490836,1.4790663998884241,0.57115585,0.7901507,0.017688151342452645,1.0
Endothelial,Cancer Epithelial,SELE,CD44,0.4291564,0.0,0.13373002,0.42570902422545215,0.9877891558346412,0.10735117,0.78988755,0.02459401584180522,1.0
B-cells,Endothelial,ARF1,INSR,0.39998937,0.112,0.12770347,0.21237676004386014,0.4007717567821505,0.03312022,0.7860354,0.6571919406942353,1.0
CAFs,B-cells,MIF,CD74_CXCR4,0.48810518,0.133,0.13900593,0.09032188666670939,0.003847680047745744,0.019858032,0.7930804,1.0,1.0
Endothelial,CAFs,LGALS9,CD47,0.39864218,0.0,0.15784052,0.14446656667908767,0.38685456003275454,0.034492068,0.80331266,0.5315282889279321,1.0
CAFs,CAFs,ANGPTL4,CDH11,0.39682448,0.0,0.15746191,0.30660555619678,0.8665023033841877,0.19166292,0.8031229,0.09750350509904801,1.0
CAFs,CAFs,ANGPTL4,SDC1,0.33971703,0.0,0.111820795,0.25040157841460553,0.7934295415127439,0.10699973,0.7746549,0.19400404723867143,1.0
PVL,Plasmablasts,FN1,PLAUR,0.5425495,1.0,0.14481892,-0.28402460099055227,-1.5084275139804049,0.0047243237,0.7964217,1.0,1.0
B-cells,Cancer Epithelial,LGALS1,CD69,0.35177857,1.0,0.09696426,-0.36673587761229726,-1.8504532971337864,0.0037405242,0.76196945,1.0,1.0
Endothelial,B-cells,LGALS9,CD47,0.33328193,0.322,0.11001589,0.0755451279018572,0.12719618082135398,0.024041202,0.77323145,1.0,1.0
PVL,Plasmablasts,MIF,CD74_CXCR4,0.42368492,0.56,0.13448083,0.06090839788915087,-0.006842641661490623,0.019211588,0.79035175,1.0,1.0
Cancer Epithelial,PVL,PDAP1,PDGFRB,0.4112674,0.0,0.16421871,0.4079283224874414,0.8036714811956535,0.17576021,0.80642337,0.04363939987038794,1.0
CAFs,CAFs,FAM3C,LAMP1,0.3856519,0.001,0.14001893,0.09106183167117525,0.472590118160056,0.023937412,0.79367554,1.0,1.0
Cancer Epithelial,PVL,COPA,CD74,0.4204711,1.0,0.16370654,-0.1980119380472255,-1.6796483886163927,0.009437333,0.8061794,1.0,1.0
Cancer Epithelial,PVL,COL4A2,ITGA1_ITGB1,0.356502,0.753,0.12563534,0.07707835452981125,-0.09156567922372438,0.058947846,0.78465927,1.0,1.0
Cancer Epithelial,PVL,COL1A2,CD36,0.3744167,1.0,0.09244672,-0.1806976035441275,-1.3150305107283113,0.007831524,0.7576158,1.0,1.0
B-cells,Cancer Epithelial,FN1,PLAUR,0.3049826,1.0,0.09090173,-0.4098713112066019,-2.3954398299216972,0.0029654223,0.756065,1.0,1.0
Cancer Epithelial,PVL,COL1A1,CD36,0.4125749,1.0,0.13769577,-0.1329125673300144,-1.1924887360873608,0.012616281,0.7923023,1.0,1.0
Cancer Epithelial,Myeloid,VIM,CD44,0.45167336,1.0,0.15422942,-0.040692719030145874,-0.8493188942414674,0.010990142,0.80147785,1.0,1.0
Cancer Epithelial,Myeloid,VEGFA,CD44,0.4457518,0.0,0.14623785,0.5230491534672377,0.9022176188270989,0.14073755,0.797211,0.025983451598836214,1.0
Cancer Epithelial,PVL,PTN,SDC2,0.42901105,0.0,0.13275746,0.305223573070344,0.8122970949661095,0.11823484,0.7892812,0.10194740400720109,1.0
Endothelial,Endothelial,THBS1,CD47,0.33201078,0.646,0.106368,-0.01294860843404378,-0.1948419324362628,0.022121727,0.7702615,1.0,1.0
Endothelial,Cancer Epithelial,FN1,SDC1,0.5049027,1.0,0.1476785,-0.045569059083169106,-0.6573177888816735,0.029308494,0.79800224,1.0,1.0
PVL,Cancer Epithelial,MDK,ITGA6_ITGB1,0.38201916,1.0,0.09499307,-0.12674347873647088,-0.6512996492331774,0.014424036,0.76010185,1.0,1.0
CAFs,Myeloid,CXCL12,CD4,0.3133513,0.0,0.09655943,0.5201923323716786,1.2277490473306476,0.44021186,0.7615898,0.017688151342452645,1.0
CAFs,Myeloid,PLA2G2A,ITGB1,0.39584953,0.975,0.1543852,0.03664286482837728,1.0803876908458472,0.045026917,0.80155814,1.0,1.0
CAFs,Myeloid,MXRA5,CD69,0.38370216,0.0,0.13614534,0.33053055817394356,0.9674640157775696,0.09382222,0.7913691,0.07696400125091553,1.0
CAFs,Endothelial,ANGPTL4,CDH5,0.3771668,0.0,0.14175121,0.391477313731765,0.873637035585258,0.20925428,0.7946805,0.03932569862639594,1.0
CAFs,Myeloid,FBN1,ITGB1,0.38798013,0.995,0.14891171,0.02984500693692596,-0.014809490109516266,0.036805492,0.79867166,1.0,1.0
T-cells,Cancer Epithelial,LGALS1,CD69,0.4965474,1.0,0.15143228,-0.28601021895943735,-0.9995395598084724,0.0058417,0.8000178,1.0,1.0
CAFs,Myeloid,CXCL12,ITGB1,0.35074472,0.998,0.12301302,-0.00934033121288444,-0.019187118539581882,0.03615548,0.78287184,1.0,1.0
T-cells,Cancer Epithelial,MIF,CD44_CD74,0.3985157,0.906,0.121194534,-0.06714486107082433,-0.19175729176886186,0.011850276,0.78160334,1.0,1.0
CAFs,Myeloid,CXCL12,CXCR4,0.36608514,0.0,0.13386543,0.46944948918303214,1.3661230200187233,0.20561333,0.7899715,0.017688151342452645,1.0
B-cells,CAFs,APOE,LRP1,0.37868428,0.515,0.11168348,0.1371542056694818,-0.5656077892024026,0.03200159,0.7745477,1.0,1.0
Cancer Epithelial,Cancer Epithelial,ARF6,SMAP1,0.37694207,0.0,0.10633418,0.2484360494388028,0.0494907064033385,0.06515788,0.7702334,0.5218511947469759,1.0
Cancer Epithelial,B-cells,LUM,ITGB1,0.38448113,1.0,0.13683349,-0.44860242629942704,-2.791229475178813,0.0032119076,0.79178494,1.0,1.0
Plasmablasts,Endothelial,COL1A1,CD93,0.41894054,1.0,0.123527594,0.1683310243744684,-1.0528562587018806,0.027164135,0.78322643,1.0,1.0
Plasmablasts,CAFs,FN1,SDC1,0.3624798,1.0,0.12456005,-0.05047679893218596,-0.9402299360261105,0.024720373,0.78393215,1.0,1.0
Plasmablasts,CAFs,SERPING1,LRP1,0.372842,0.994,0.10517776,0.029958492816467897,-0.4184745021689046,0.027165975,0.76926434,1.0,1.0
Cancer Epithelial,Endothelial,COL1A1,CD93,0.4395876,0.999,0.1502424,0.1793282922347491,-0.9548321464897025,0.033038814,0.79938596,1.0,1.0
Plasmablasts,CAFs,MMP7,SDC1,0.31659943,0.0,0.09888295,0.28051560121225594,0.4863463982141315,0.06256764,0.7637418,0.15521184243684008,1.0
Plasmablasts,CAFs,MMP7,CD151,0.35529798,0.133,0.12623294,0.06550765456162123,-0.18131725152179756,0.019790713,0.78505987,1.0,1.0
Cancer Epithelial,Myeloid,AGRN,ITGB1,0.30694723,0.999,0.09255013,0.07059957498633015,-0.43485954259138904,0.033519108,0.75771844,1.0,1.0
CAFs,Myeloid,PLAU,ITGB1,0.3812704,0.998,0.14424483,-0.02017962469362497,-0.09650015715533478,0.025683345,0.7960995,1.0,1.0
Plasmablasts,CAFs,MDK,SDC1,0.43467602,0.997,0.16496487,0.01484829290215875,-0.48590727775265863,0.030801082,0.806777,1.0,1.0
CAFs,Cancer Epithelial,TIMP2,CD44,0.3588042,0.001,0.10494805,0.21000894098744716,0.46502839014772196,0.057642654,0.76907027,0.2949320034015847,1.0
CAFs,Myeloid,TIMP2,ITGB1,0.4304109,0.991,0.17842397,0.008979938597048043,-0.02999674179382128,0.027398098,0.8128167,1.0,1.0
CAFs,Endothelial,LGALS3,MCAM,0.3954022,0.001,0.14778183,0.12622530366092935,0.35128564923615463,0.05257075,0.7980586,0.6117037670499118,1.0
CAFs,Endothelial,LAMA4,ITGA6_ITGB1,0.37704933,0.0,0.13372424,0.4094067178909233,1.0471882905012309,0.15700336,0.7898839,0.030966101990456796,1.0
CAFs,Endothelial,INHBA,ACTR2,0.42439714,0.0,0.17882062,0.2615130125917837,0.832648553754106,0.08365037,0.8129856,0.16390400415452328,1.0
CAFs,Endothelial,COL4A1,CD47,0.33189064,0.984,0.10627329,-0.07314800497203042,-0.4384720621756849,0.01475378,0.77018267,1.0,1.0
B-cells,B-cells,LGALS1,ITGB1,0.39753687,1.0,0.14413524,-0.5707492995314165,-2.2828527674575394,0.0023244065,0.7960378,1.0,1.0
CAFs,Endothelial,FGF7,NRP1,0.37010512,0.0,0.13460997,0.40997327728213084,1.212114798938631,0.32705805,0.79043126,0.030506501766697117,1.0
CAFs,Endothelial,FAM3C,LIFR,0.3650903,0.0,0.12032212,0.3183265915755196,0.890175037390346,0.12470644,0.78098613,0.08803681850428542,1.0
T-cells,Plasmablasts,MIF,CD74_CXCR4,0.40198088,0.68,0.12530059,0.04328415638489798,-0.00290116049633804,0.017900122,0.7844338,1.0,1.0
B-cells,B-cells,LGALS1,CD69,0.39015955,1.0,0.13653016,-0.3163130767810192,-1.7842091864107683,0.005266831,0.79160196,1.0,1.0
CAFs,Endothelial,TNC,PTPRB,0.34385976,0.0,0.11306994,0.505648586795355,1.4153837361749386,0.36388737,0.7756231,0.017688151342452645,1.0
T-cells,Endothelial,CD99,CD81,0.67422915,0.41,0.44630465,0.11066503182257922,0.48163333481984405,0.044708475,0.8728989,0.9997959496000821,1.0
CAFs,Endothelial,ANGPTL4,TIE1,0.3741805,0.0,0.13936451,0.3945307254137346,0.94349675733664,0.22594245,0.7932917,0.03823148544061949,1.0
T-cells,Cancer Epithelial,ARF6,SMAP1,0.41652724,0.0,0.121207304,0.29245136980965125,0.7300779483012395,0.07427162,0.78161234,0.11870593541415009,1.0
CAFs,PVL,COL12A1,ITGA1_ITGB1,0.42736644,0.0,0.1707496,0.4551693461415556,1.5842115684410452,0.35912094,0.8094492,0.017688151342452645,1.0
CAFs,PVL,COL11A1,ITGA1_ITGB1,0.34568408,0.0,0.11874836,0.46037018971042865,1.5905349300489031,0.54123235,0.77985805,0.017688151342452645,1.0
CAFs,PVL,COL10A1,ITGA1_ITGB1,0.43228924,0.0,0.1738836,0.520745850129964,1.7550321704282403,0.50224215,0.81084794,0.017688151342452645,1.0
T-cells,B-cells,MIF,CD74_CXCR4,0.38277763,0.745,0.10254571,0.004792982745427554,-0.05144798686987259,0.014649417,0.7670075,1.0,1.0
CAFs,Cancer Epithelial,THBS1,SDC4,0.37808743,0.0,0.11955328,0.32181908038711826,0.7154994337656412,0.102010354,0.7804374,0.08553415525191842,1.0
CAFs,Cancer Epithelial,THBS2,ITGA6,0.50870854,0.0,0.13459818,0.44010948687245416,1.1757357710896736,0.15245873,0.790424,0.019259951624503318,1.0
CAFs,Cancer Epithelial,THBS2,SDC1,0.519262,0.0,0.15277362,0.4791901474863911,1.2985698599050448,0.21278504,0.80072224,0.017688151342452645,1.0
Plasmablasts,Cancer Epithelial,MDK,ITGA6_ITGB1,0.37291673,1.0,0.09214751,-0.13265552570880326,-1.188295934933268,0.013991957,0.757318,1.0,1.0
Cancer Epithelial,Myeloid,COL1A2,CD44,0.41535276,1.0,0.10521216,0.026649198985982336,-1.385246521089158,0.010201025,0.76929337,1.0,1.0
Plasmablasts,CAFs,LRPAP1,LRP1,0.38444316,0.0,0.118096344,0.2327708898117371,0.4737114551622601,0.06315194,0.77938503,0.23118639274416838,1.0
B-cells,Cancer Epithelial,CALM1,PTPRA,0.42165327,0.807,0.17531045,0.03162050645346054,-0.5067555067574288,0.025156297,0.8114738,1.0,1.0
Cancer Epithelial,Endothelial,TNC,PTPRB,0.3121231,0.0,0.08668028,0.44493620982249477,0.8437108232478836,0.27895883,0.75165325,0.03533999144173793,1.0
Plasmablasts,Cancer Epithelial,APOE,LSR,0.34034622,0.431,0.110656075,0.33059081446952593,-0.9133369588467696,0.034368016,0.77373976,1.0,1.0
Plasmablasts,Cancer Epithelial,HMGB1,SDC1,0.40993428,1.0,0.11398086,-0.15203345032879226,-0.91108187081856,0.01604686,0.7763205,1.0,1.0
Plasmablasts,CAFs,FN1,SDC2,0.397391,1.0,0.15564029,-0.18628431942585788,-1.4098370464885361,0.014281089,0.80220133,1.0,1.0
B-cells,CAFs,MMP7,CD151,0.3052138,0.479,0.09045046,-0.0030124823863822772,-0.22070688555752394,0.014180761,0.75560576,1.0,1.0
CAFs,Cancer Epithelial,APOE,SDC2,0.41006398,0.574,0.12768209,-0.01765433410055641,-0.588386247251582,0.022722505,0.78602135,1.0,1.0
Cancer Epithelial,Cancer Epithelial,PTN,NCL,0.4137016,0.0,0.12655616,0.45509722154486276,0.43791887503997246,0.100690804,0.7852756,0.1876771346587139,1.0
Plasmablasts,Endothelial,CD99,CD81,0.39289296,1.0,0.118135504,-0.08167880775313363,-0.7416729208037389,0.0118342005,0.7794136,1.0,1.0
CAFs,Cancer Epithelial,COL4A2,CD44,0.36887747,0.96,0.10906915,-0.05587009467891387,-0.6212669555808796,0.017199116,0.7724728,1.0,1.0
Cancer Epithelial,Cancer Epithelial,LGALS9,CD47,0.4707515,0.002,0.12934789,0.17740571471578054,-0.07339626854601405,0.02826572,0.7871094,0.7909983338903591,1.0
Plasmablasts,Endothelial,CALM3,INSR,0.3773461,0.114,0.10145187,0.1763599091909582,0.1736786700120323,0.023043279,0.7660479,1.0,1.0
Cancer Epithelial,Cancer Epithelial,LMAN1,MCFD2,0.38656878,0.0,0.14943394,0.2204782926177345,0.03496782468148929,0.046120904,0.798953,0.547290803903576,1.0
Cancer Epithelial,Myeloid,LGALS9,CD44,0.42089802,0.0,0.11269586,0.31439951429155927,0.485559533027868,0.050052997,0.7753346,0.2219349780316625,1.0
Cancer Epithelial,Myeloid,LGALS1,ITGB1,0.3273477,1.0,0.10673946,-0.6031615205099008,-2.434173017247538,0.001721341,0.7705698,1.0,1.0
CAFs,Cancer Epithelial,COL11A1,DDR1,0.32376495,0.0,0.10239431,0.7450049405830357,1.2787834445434425,0.78455293,0.76687545,0.017688151342452645,1.0
Plasmablasts,Endothelial,ARF1,INSR,0.4192106,0.006,0.14998774,0.23268194794732305,0.4528234699037476,0.038899697,0.7992499,0.41089411005790444,1.0
Plasmablasts,Cancer Epithelial,VIM,CD44,0.33102694,1.0,0.09358402,-0.2998106437463261,-1.5638511532529524,0.006668648,0.75873667,1.0,1.0
Cancer Epithelial,Myeloid,LGALS3BP,ITGB1,0.3430462,1.0,0.117658384,-0.3204419882584528,-1.346581572709257,0.005563673,0.7790655,1.0,1.0
Plasmablasts,Cancer Epithelial,FN1,SDC2,0.3270123,1.0,0.09298452,-0.27218467215493486,-1.930820482546951,0.008531982,0.758148,1.0,1.0
Plasmablasts,Cancer Epithelial,CALM1,KCNN4,0.3311112,0.992,0.10958093,0.25100552858320874,-0.6031714075589443,0.02903776,0.77288395,1.0,1.0
Plasmablasts,Cancer Epithelial,FN1,PLAUR,0.352076,1.0,0.11529788,-0.3823075218201506,-2.385610307152847,0.0037612803,0.7773164,1.0,1.0
Plasmablasts,Cancer Epithelial,LGALS1,CD69,0.41395372,1.0,0.12035712,-0.33206594187942373,-1.9070033102955801,0.0046429345,0.781011,1.0,1.0
Plasmablasts,Cancer Epithelial,MDK,SDC1,0.38347024,1.0,0.104590625,-0.09357486509486632,-1.0654618461178968,0.019528428,0.7687672,1.0,1.0
Plasmablasts,Cancer Epithelial,MDK,SDC2,0.3992085,1.0,0.12314686,-0.20685958032059018,-1.4764978242734992,0.010630676,0.7829642,1.0,1.0
Plasmablasts,Cancer Epithelial,MDK,SDC4,0.40732637,0.999,0.13271824,-0.002529644179286944,-0.873017610914797,0.018963587,0.7892566,1.0,1.0
Plasmablasts,Cancer Epithelial,MIF,CD44_CD74,0.35146284,0.977,0.10194462,-0.10535310629282513,-0.8702098725446852,0.00996804,0.7664818,1.0,1.0
CAFs,CAFs,THBS1,SDC1,0.40543708,0.0,0.14860122,0.33919701746856395,1.1026097669277797,0.16568752,0.7985038,0.06821503498229815,1.0
Cancer Epithelial,Myeloid,LGALS1,CD69,0.29267836,1.0,0.085457645,-0.36554815444916694,-1.6549671431409048,0.0032966412,0.750325,1.0,1.0
CAFs,Cancer Epithelial,ANGPTL4,SDC4,0.31236738,0.0,0.08996254,0.2330236413331598,0.40631920835060553,0.06587751,0.75510603,0.22910598848289845,1.0
Cancer Epithelial,Cancer Epithelial,SPP1,CD44,0.30974084,0.643,0.08487561,-0.02408233800380432,-1.5724291557646042,0.0128557915,0.74968433,1.0,1.0
Cancer Epithelial,Endothelial,COL1A2,CD36,0.55909604,0.999,0.15003683,0.003742043976299847,-1.3714952182182543,0.012710208,0.7992762,1.0,1.0
CAFs,Endothelial,LMAN1,MCFD2,0.29987872,0.003,0.08596588,0.09282367154367839,0.25377049210668334,0.026532289,0.75088,0.8727607593250724,1.0
Cancer Epithelial,Endothelial,COL1A2,CD93,0.4014294,1.0,0.100870326,0.131543256020636,-1.0773739211306528,0.020508759,0.7655324,1.0,1.0
B-cells,Cancer Epithelial,CALM1,KCNN4,0.40495098,0.732,0.15956141,0.306104628573601,-0.23513994820229844,0.042282052,0.8041679,1.0,1.0
Cancer Epithelial,Endothelial,MFAP2,NOTCH1,0.35287598,0.226,0.12142749,0.17711324058712768,-0.10365091096773704,0.089220375,0.78176725,0.8273837243527576,1.0
CAFs,CAFs,PTN,SDC2,0.34025675,0.0,0.115686454,0.2274079693462561,0.6470026043210286,0.103031285,0.77760744,0.24396792236702455,1.0
Cancer Epithelial,Endothelial,LMAN1,MCFD2,0.31236678,0.015,0.09188372,0.10945701457978071,-0.028574257360469035,0.028358756,0.75705445,0.7883758800038739,1.0
Plasmablasts,Cancer Epithelial,FN1,CD44,0.32484472,1.0,0.091054805,-0.24596887584094707,-1.7895147480029077,0.006850798,0.7562201,1.0,1.0
CAFs,CAFs,PTN,SDC1,0.3053456,0.0,0.09258471,0.363215489839928,1.1166097147834542,0.17834577,0.7577527,0.05160556670624738,1.0
Cancer Epithelial,Endothelial,SPARC,ENG,0.46544224,1.0,0.1535372,0.03729800657833976,-0.8305503149327137,0.018479764,0.80111974,1.0,1.0
Cancer Epithelial,Endothelial,SPP1,S1PR1,0.42601585,0.013,0.1813665,0.36128817999027557,-0.5236402839743504,0.09385986,0.8140578,1.0,1.0
Plasmablasts,Cancer Epithelial,CALM1,PTPRA,0.3478135,0.997,0.120396785,-0.02347859353693174,-0.8747869661140746,0.017276421,0.7810392,1.0,1.0
Cancer Epithelial,Myeloid,ADAM15,ITGB1,0.37580502,0.992,0.14044343,0.05567964471207734,-0.46782003952974105,0.023637263,0.7939233,1.0,1.0
B-cells,B-cells,LUM,ITGB1,0.34124905,0.999,0.11265489,-0.46955098358022895,-2.7415774844060223,0.0026443605,0.77530295,1.0,1.0
T-cells,Myeloid,HLA-DQB1,CD4,0.3026871,0.091,0.09073714,0.290569381503344,0.24080561239418596,0.06341358,0.7558979,0.6270575017414777,1.0
T-cells,Myeloid,HLA-DPB1,CD4,0.3383273,0.165,0.11019546,0.2816741985176009,0.4410334086055677,0.07101907,0.7733744,0.7487106502858656,1.0
Endothelial,PVL,S100A8,CD36,0.41120428,0.083,0.13607045,0.048394515415950995,0.25641104824806005,0.018573133,0.7913236,1.0,1.0
PVL,Cancer Epithelial,ANGPTL4,SDC1,0.4130873,0.0,0.11509965,0.27628635045487693,0.85310030390942,0.11013723,0.77716744,0.13886915466705058,1.0
PVL,Cancer Epithelial,ANGPTL4,SDC2,0.42882562,0.0,0.13552038,0.1630016352291531,0.4420643257538176,0.059955325,0.790989,0.42554566450854653,1.0
PVL,Cancer Epithelial,ANGPTL4,SDC4,0.43694347,0.0,0.14605348,0.36733157137045636,1.0455445391125198,0.10695162,0.797109,0.050930993199413244,1.0
Cancer Epithelial,Myeloid,LGALS9,CD47,0.4007814,0.014,0.105976515,0.10362319984702109,0.06225481494668855,0.023158496,0.7699351,1.0,1.0
B-cells,Endothelial,SPP1,S1PR1,0.41604346,0.125,0.1726485,0.35354118464347145,-0.6109885034174385,0.08934816,0.81030065,1.0,1.0
Plasmablasts,CAFs,APOE,SDC2,0.30901325,0.963,0.09383795,-0.055876847022094715,-1.2111113948889243,0.016699549,0.7589846,1.0,1.0
Plasmablasts,Myeloid,LUM,ITGB1,0.41643423,1.0,0.16870266,-0.4239039469069136,-2.809005311077857,0.0039599766,0.80851734,1.0,1.0
Plasmablasts,Myeloid,PKM,CD44,0.40700567,0.81,0.09394712,0.09278688404064439,-0.35022338761134375,0.010318271,0.75909096,1.0,1.0
Cancer Epithelial,B-cells,LGALS1,ITGB1,0.29328147,1.0,0.08582785,-0.6288839561106188,-2.543453523495394,0.0013841086,0.75072974,1.0,1.0
Plasmablasts,Myeloid,S100A8,CD69,0.35831055,0.128,0.122005716,0.06990761057989292,-0.40323008982801845,0.0127468,0.7821722,1.0,1.0
Cancer Epithelial,B-cells,FAM3C,LAMP1,0.4370352,0.05,0.13653038,0.14673646959424128,-0.1334510105545506,0.023341017,0.7916021,1.0,1.0
Plasmablasts,Myeloid,S100A9,ITGB2,0.50091547,0.0,0.11499268,0.611330217931482,0.9131745197719578,0.061067652,0.7770869,0.12516466756050199,1.0
Cancer Epithelial,B-cells,ADAM15,ITGB1,0.34173876,0.922,0.11292879,0.029957209111359406,-0.5771005457775973,0.019006426,0.77551436,1.0,1.0
B-cells,CAFs,FN1,SDC2,0.35029763,0.999,0.122708,-0.21384810881230923,-1.4196665692573867,0.01125932,0.7826608,1.0,1.0
CAFs,Cancer Epithelial,LMAN1,MCFD2,0.37408072,0.0,0.13980953,0.20384494958163218,0.31731257414864167,0.043150455,0.793553,0.32399291756149123,1.0
Plasmablasts,PVL,COL1A1,CD36,0.39192784,1.0,0.1132119,-0.1439098351902951,-1.2905128482995392,0.010372962,0.7757322,1.0,1.0
Plasmablasts,PVL,COL1A2,CD36,0.42148498,1.0,0.14826159,-0.1555455628376191,-1.2215828799521327,0.012559821,0.79831964,1.0,1.0
CAFs,T-cells,COL4A1,CD47,0.35771766,0.858,0.12020006,-0.045913701349483735,-0.11987237782491456,0.016687216,0.7808993,1.0,1.0
PVL,CAFs,THBS1,SDC1,0.33198547,0.0,0.10749381,0.254968128275808,0.9499957178669745,0.11985354,0.7711918,0.17890870667379827,1.0
Endothelial,PVL,THBS1,CD36,0.43138534,0.0,0.16000174,0.11722386429697422,0.6035925414318127,0.059092324,0.8043848,0.660750191136542,1.0
PVL,CAFs,THBS1,CD47,0.40778735,0.022,0.16573153,0.07222771667412196,0.3867083928952789,0.034467775,0.8071381,0.9247655975243486,1.0
PVL,CAFs,TFPI,LRP1,0.68398976,0.0,0.45165986,0.48644480381711175,1.5284224402595323,0.2562175,0.8735591,0.017688151342452645,1.0
Endothelial,Endothelial,LGALS9,CD47,0.3800096,0.008,0.1442069,0.12481874055450375,0.2996314158049882,0.031512782,0.79607815,0.6653506972975058,1.0
B-cells,Plasmablasts,S100A8,CD69,0.33377516,0.322,0.108760744,0.05924192714925426,-0.7659568121220767,0.011363003,0.7722239,1.0,1.0
Endothelial,PVL,LAMC1,ITGA1,0.29979622,0.0,0.089534864,0.29943928758070654,0.9727000445032999,0.19941619,0.75466514,0.10949057522902844,1.0
Myeloid,B-cells,LGALS9,CD47,0.39919797,0.115,0.14965908,0.17362709614740374,0.26094710604467375,0.03270422,0.7990739,0.6683017721392724,1.0
PVL,Cancer Epithelial,APOE,SDC2,0.46589237,0.163,0.15100624,0.022768002272331975,-0.4190881684482075,0.026873307,0.7997923,1.0,1.0
Myeloid,B-cells,LGALS3BP,ITGB1,0.41902596,0.999,0.15615354,-0.25441096902215177,-1.0859988472222892,0.0073839813,0.8024624,1.0,1.0
Myeloid,B-cells,CLEC11A,ITGB1,0.31956273,0.996,0.10052629,-0.23472845157103214,-0.9872586367386985,0.008886391,0.7652256,1.0,1.0
Myeloid,B-cells,CD14,ITGB1,0.36037025,0.809,0.1233489,0.2653243564960585,-0.06722655881181538,0.041177962,0.78310347,1.0,1.0
Endothelial,T-cells,THBS1,CD47,0.3578378,0.355,0.12030718,0.014285695188502907,0.12375775191450755,0.025020707,0.7809755,1.0,1.0
Plasmablasts,PVL,HLA-A,APLP2,0.3050732,1.0,0.09247324,-0.2570096527148882,-1.0409170210003813,0.0054404764,0.75764215,1.0,1.0
Endothelial,T-cells,LUM,ITGB1,0.40772069,1.0,0.12622423,-0.3929623606801165,-2.412673216458913,0.0029628752,0.785054,1.0,1.0
B-cells,PVL,HLA-A,APLP2,0.36179247,0.993,0.12985067,-0.21609285113608379,-0.5169566966993626,0.007639502,0.7874343,1.0,1.0
PVL,CAFs,COL6A3,SDC1,0.32452098,0.265,0.10331627,0.13406448602902266,0.3718621794784496,0.06595189,0.76767576,0.8719967952829429,1.0
B-cells,Endothelial,FAM3C,LAMP1,0.30631834,0.498,0.08491786,0.003692651693586818,-0.20141544532676547,0.014517423,0.749731,1.0,1.0
B-cells,PVL,MMP7,CD151,0.4124058,0.076,0.14473334,0.11072493342735262,0.33036692418087155,0.022691194,0.7963738,1.0,1.0
B-cells,PVL,S100A9,CD36,0.3846168,0.015,0.10454226,0.14641112743320756,0.6385026348642219,0.03415074,0.76872605,0.5453015617845162,1.0
Endothelial,Plasmablasts,S100A8,CD69,0.30735013,0.406,0.08840257,0.03184008010000261,-0.6288502920935307,0.009236041,0.753485,1.0,1.0
Endothelial,Plasmablasts,MYL9,CD69,0.32999814,0.968,0.10585088,-0.027464250258620676,-0.9347722765106542,0.01362332,0.76983,1.0,1.0
Endothelial,Plasmablasts,MIF,CD74_CXCR4,0.38822192,0.861,0.11948092,0.032111486000535025,-0.3140670635977918,0.017068738,0.7803855,1.0,1.0
Endothelial,Plasmablasts,FN1,PLAUR,0.49411732,1.0,0.12972316,-0.31237205860522477,-1.7542480371104627,0.004231866,0.787352,1.0,1.0
Endothelial,T-cells,LGALS9,CD47,0.40583658,0.012,0.16310474,0.15205304417705043,0.6182311001557586,0.03564243,0.8058916,0.49545763184730884,1.0
Endothelial,Endothelial,SERPING1,SELP,0.4090978,0.975,0.16306354,0.18087968894928372,0.06879473779723144,0.09340504,0.80587184,1.0,1.0
B-cells,CAFs,FN1,SDC1,0.31538644,0.999,0.0982041,-0.0780405883186373,-0.950059458794961,0.019489732,0.7631197,1.0,1.0
CAFs,Cancer Epithelial,MXRA5,CD69,0.338547,0.0,0.091985986,0.271208178431611,0.511377105746833,0.06339056,0.7571567,0.1476141898869341,1.0
Plasmablasts,Myeloid,ANXA1,FPR1,0.30378532,0.998,0.09016424,0.19792112050613195,-0.4434131532809096,0.056604177,0.755313,1.0,1.0
Plasmablasts,Myeloid,CD99,CD81,0.31938255,1.0,0.088356026,-0.17639312929719583,-1.1227722331644803,0.008851047,0.75343615,1.0,1.0
Plasmablasts,Myeloid,COL1A1,CD44,0.4328639,0.999,0.12884468,0.06343696733981474,-1.3607288586603858,0.013511399,0.7867826,1.0,1.0
Cancer Epithelial,CAFs,COL4A2,SDC1,0.33725828,0.805,0.11044475,0.08565318013394059,-0.17785897322426736,0.045939595,0.7735723,1.0,1.0
CAFs,Cancer Epithelial,FBN1,ITGB6,0.3150044,0.0,0.08641668,0.5680304650459518,1.0252940565972737,0.42774147,0.7513689,0.017688151342452645,1.0
Plasmablasts,Myeloid,HLA-A,APLP2,0.3916394,1.0,0.14106308,-0.16189801125317363,-1.0228886708543916,0.008299161,0.7942832,1.0,1.0
Cancer Epithelial,CAFs,APP,LRP10,0.41482693,0.0,0.16337202,0.25789873946536923,0.4499737389534048,0.08768599,0.8060196,0.1797714354619226,1.0
CAFs,PVL,COL4A2,ITGA1_ITGB1,0.42575628,0.177,0.16972454,0.1310471566257179,0.3143111503964605,0.079634406,0.8089844,0.7595909174861029,1.0
CAFs,PVL,COL4A1,ITGA1_ITGB1,0.29396507,0.112,0.0858226,0.12066540715011019,0.29833170102431994,0.07205335,0.75072396,0.6571919406942353,1.0
CAFs,Cancer Epithelial,THBS1,SDC1,0.3542313,0.0,0.09421578,0.2307738594715389,0.5230551985625413,0.10504879,0.75935197,0.2375126791758164,1.0
CAFs,PVL,COL16A1,ITGA1_ITGB1,0.3194838,0.0,0.10206852,0.4012121667829561,1.4138526741445199,0.36778954,0.7665905,0.03533999144173793,1.0
B-cells,B-cells,MDK,NCL,0.43132713,0.944,0.13894533,-0.11396448964737049,-0.6767575503414752,0.010715228,0.7930446,1.0,1.0
CAFs,Endothelial,CALM1,INSR,0.6920992,0.0,0.46636274,0.27929721917048256,0.758328285907302,0.063528664,0.8753177,0.13395081389502064,1.0
CAFs,Endothelial,PTN,PTPRB,0.37331218,0.0,0.13756019,0.5162294310662208,1.3323039899450562,0.33905286,0.79222125,0.017688151342452645,1.0
CAFs,Endothelial,PLAU,PLAUR,0.3396217,0.879,0.10969546,0.04680441945274774,0.034789552733092144,0.030291334,0.7729756,1.0,1.0
T-cells,Myeloid,ANXA1,FPR1,0.37720418,0.962,0.1280084,0.25142127277458526,0.37247229397173287,0.08036235,0.7862359,1.0,1.0
CAFs,Endothelial,CALR,SCARF1,0.33128193,0.0,0.10310255,0.28707861319949723,0.7218984255360607,0.11425618,0.76749104,0.12582473029659513,1.0
T-cells,Myeloid,HLA-DMA,CD4,0.388435,0.003,0.13755256,0.3530383824922821,0.6290742905224324,0.09639711,0.79221666,0.33666251321920176,1.0
T-cells,Myeloid,HLA-DPA1,CD4,0.2974208,0.101,0.087861925,0.2819075904555475,0.3615985935015863,0.065809414,0.7529149,0.6425950023982532,1.0
Plasmablasts,Endothelial,YBX1,NOTCH1,0.42550766,0.999,0.16460739,0.01933036922694034,-0.373409833818782,0.0393291,0.80660784,1.0,1.0
B-cells,CAFs,LRPAP1,LRP1,0.40005207,0.024,0.13547781,0.25177650789860867,0.5444927102066348,0.07244667,0.790963,0.48280328462264754,1.0
Plasmablasts,Endothelial,SPP1,S1PR1,0.36402005,0.102,0.12716897,0.31312706115850353,-0.7226940995981772,0.065811835,0.78568256,1.0,1.0
Cancer Epithelial,CAFs,LGALS9,LRP1,0.36189517,0.0,0.09298777,0.26103345730794264,0.6614346579007893,0.08109708,0.7581512,0.16471190899151136,1.0
CAFs,Cancer Epithelial,MYL9,CD69,0.457354,0.208,0.13668612,0.021200125293628806,-0.48297770269785884,0.017591905,0.79169613,1.0,1.0
Plasmablasts,Plasmablasts,HMGB1,CXCR4,0.42697015,1.0,0.1358704,-0.128673351784806,-0.991955983157595,0.010595036,0.7912021,1.0,1.0
Plasmablasts,Plasmablasts,MIF,CD74_CXCR4,0.35492802,0.919,0.10539849,0.005075911162897184,-0.6813537412721613,0.015056959,0.76945037,1.0,1.0
Plasmablasts,Plasmablasts,S100A8,CD69,0.41169798,0.038,0.1687934,0.140045123507119,-0.5754633556892885,0.017635038,0.80855894,1.0,1.0
CAFs,Cancer Epithelial,PLAU,PLAUR,0.336895,0.769,0.10743354,0.04451073171757064,-0.19757058436373087,0.02966673,0.77114224,1.0,1.0
CAFs,Cancer Epithelial,PLAU,ST14,0.3344378,0.0,0.105395176,0.5654056827112365,0.9896244928216149,0.29073054,0.76944757,0.017688151342452645,1.0
Cancer Epithelial,B-cells,LGALS3BP,ITGB1,0.30897996,0.999,0.09460762,-0.34616442385917073,-1.455862078957113,0.0044736792,0.75973094,1.0,1.0
Cancer Epithelial,CAFs,AGRN,LRP1,0.41145268,0.0,0.1481731,0.5488856348367317,1.1630335205076394,0.3769159,0.7982716,0.017688151342452645,1.0
CAFs,Cancer Epithelial,COL4A2,SDC1,0.35530674,0.795,0.09459739,0.031198824232822164,-0.3515367119693206,0.039347872,0.7597211,1.0,1.0
CAFs,Plasmablasts,THBS1,CD47,0.3568251,0.406,0.096970655,0.025263967036221247,-0.08968851715073312,0.02016733,0.7619754,1.0,1.0
B-cells,CAFs,HLA-A,APLP2,0.34575,0.993,0.11720632,-0.23371893404011151,-0.7117528741144832,0.006895597,0.778734,1.0,1.0
Plasmablasts,Endothelial,FAM3C,LAMP1,0.33452523,0.266,0.10752439,0.036661395194347086,-0.19328418377971684,0.018382197,0.7712168,1.0,1.0
Cancer Epithelial,CAFs,TFPI,LRP1,0.36807728,0.051,0.09987194,0.17504200835797395,0.19164274589617214,0.056655332,0.7646385,0.5503246790667568,1.0
Plasmablasts,Endothelial,FN1,PLAUR,0.3548027,1.0,0.11772537,-0.38001383408497347,-2.153250170056024,0.0038404705,0.7791145,1.0,1.0
Plasmablasts,Endothelial,HLA-A,APLP2,0.41184133,1.0,0.15240246,-0.1397017782076362,-0.8447452918490543,0.008966291,0.8005281,1.0,1.0
CAFs,Cancer Epithelial,CXCL10,SDC4,0.3739463,0.007,0.11768872,0.19773921414354936,0.5348432452652966,0.041216157,0.77908766,0.3934132321026922,1.0
Plasmablasts,Endothelial,LMAN1,MCFD2,0.41712594,0.0,0.14152686,0.24898950984676166,0.12814544809310635,0.043680493,0.79455125,0.430515488232116,1.0
Cancer Epithelial,CAFs,LRPAP1,LRP1,0.40662873,0.0,0.14280131,0.2597843297999362,0.6742012355174833,0.07636291,0.795282,0.1696222386311644,1.0
Plasmablasts,Endothelial,MMP7,CD151,0.43063086,0.004,0.17947406,0.14544055594447125,-0.06615553268967256,0.028137822,0.81326264,0.7936273248413556,1.0
Plasmablasts,Endothelial,S100A9,CD36,0.54725504,0.0,0.1272483,0.29323798711010773,0.4901682657249205,0.0415681,0.785735,0.36330725431801714,1.0
Cancer Epithelial,Cancer Epithelial,APP,TSPAN12,0.39591485,0.0,0.14415161,0.4022191923878574,0.3412286334491197,0.12960793,0.79604703,0.2418017388993809,1.0
CAFs,CAFs,CCL5,SDC1,0.3058089,0.0,0.09284401,0.20598113670673382,0.6196624855973353,0.051127806,0.7580093,0.29416152936582357,1.0
